element,omitted_id,omitted_excel_row,baseline_n,eligible_n,k,baseline_retention,loo_retention,delta_percentage_points,active_fractions,omitted_in_magnetic8,original_XLF_rank,entering_id,replacement_for_id,selected_ids,baseline_selected_ids,cutoff_XLF,cutoff_tie,cutoff_tied_ids,all_case_invariants_passed,F1_selected_sum,F1_oracle_sum,F1_ratio,F1_removed_concentration,F1_removed_fullfile_share,F2_selected_sum,F2_oracle_sum,F2_ratio,F2_removed_concentration,F2_removed_fullfile_share,F3_selected_sum,F3_oracle_sum,F3_ratio,F3_removed_concentration,F3_removed_fullfile_share,F4_selected_sum,F4_oracle_sum,F4_ratio,F4_removed_concentration,F4_removed_fullfile_share
Cd,1,4,32,31,8,0.20129504091503228,0.20129504091503228,0.0,F3,False,16,,,12;8;31;19;24;26;29;16,12;8;31;19;24;26;29;16,10.8,False,,True,7.202575812377532,20.473262432170024,0.3518040095583393,0.0541546943660694,0.001971223576380955,9.852549643361973,24.5641071053348,0.4010953706199323,0.029538924199674216,0.0009528010717006791,1.4318883993105789,7.113381396787547,0.20129504091503228,0.027692741437194576,0.0034657890279146887,4.530668820400357,15.431626936185294,0.29359631613284326,0.023613639997061835,0.0013042071270611174
Cd,2,5,32,31,8,0.20129504091503228,0.20129504091503228,0.0,F3,False,12,,,12;8;31;19;24;26;29;16,12;8;31;19;24;26;29;16,10.8,False,,True,7.202575812377532,20.473262432170024,0.3518040095583393,0.6617852846371289,0.024088895170573436,9.852549643361973,24.5641071053348,0.4010953706199323,0.5046112795358106,0.0162766309525678,1.4318883993105789,7.113381396787547,0.20129504091503228,0.16544632115928223,0.020705860627165805,4.530668820400357,15.431626936185294,0.29359631613284326,0.17091937955592582,0.009440064005271493
Cd,3,6,32,31,8,0.20129504091503228,0.20431892092451912,0.30238800094868346,F3,False,9,,,12;8;31;19;24;26;29;16,12;8;31;19;24;26;29;16,10.8,False,,True,7.202575812377532,19.924905726426765,0.3614860673004151,1.8138439159178705,0.06602367408378698,9.852549643361973,23.49069328153069,0.4194235361758538,2.2470006719579585,0.07247876171391852,1.4318883993105789,7.008104745421775,0.20431892092451912,0.2707229725250552,0.03388139487416663,4.530668820400357,15.431626936185294,0.29359631613284326,0.3995409177455081,0.02206708125223676
Cd,4,7,32,31,8,0.20129504091503228,0.21276140746084216,1.1466366545809876,F3,False,27,,,12;8;31;19;24;26;29;16,12;8;31;19;24;26;29;16,10.8,False,,True,7.202575812377532,19.294058034331616,0.3733053875737989,2.4446916080130197,0.08898644505535787,9.852549643361973,20.29950241729642,0.48535916993546585,5.438191536192228,0.17541311554787983,1.4318883993105789,6.730019397780643,0.21276140746084216,0.5488083201661881,0.0686842022763982,4.530668820400357,15.431626936185294,0.29359631613284326,0.49087723940758576,0.027111686052091858
Cd,5,8,32,31,8,0.20129504091503228,0.2419917124619411,4.069667154690881,F3,False,10,,,12;8;31;19;24;26;29;16,12;8;31;19;24;26;29;16,10.8,False,,True,7.202575812377532,18.764442744543505,0.38384171117855137,2.9743068978011302,0.10826437022625988,9.852549643361973,23.193407330068403,0.424799577877845,2.544286623420244,0.08206795227617826,1.4318883993105789,5.917096849074024,0.2419917124619411,1.3617308688728067,0.1704227049898826,4.530668820400357,14.194882438186825,0.31917621298588783,1.7276217374060543,0.09541843540729178
Cd,6,9,32,31,8,0.20129504091503228,0.22238464195324137,2.108960103820909,F3,False,13,,,12;8;31;19;24;26;29;16,12;8;31;19;24;26;29;16,10.8,False,,True,7.202575812377532,15.578485922754433,0.46234119593465883,6.160263719590202,0.22423276916116797,9.852549643361973,21.444176815592446,0.4594510541527529,4.293517137896202,0.13849074877269402,1.4318883993105789,6.43879175618453,0.22238464195324137,0.8400359617623003,0.10513178790667548,4.530668820400357,10.320671945275306,0.4389897135015951,5.601832230317573,0.3093953122131915
Cd,7,10,32,31,8,0.20129504091503228,0.2365130367282951,3.521799581326282,F3,False,21,,,12;8;31;19;24;26;29;16,12;8;31;19;24;26;29;16,10.8,False,,True,7.202575812377532,20.473262432170024,0.3518040095583393,1.265487210174613,0.04606356389793832,9.852549643361973,24.5641071053348,0.4010953706199323,1.102198537894018,0.035552274721769465,1.4318883993105789,6.054162675842366,0.2365130367282951,1.2246650421044647,0.1532687067267226,4.530668820400357,12.870012047898188,0.35203298983238046,3.0524921276946917,0.1685924740418133
Cd,8,11,32,31,8,0.20129504091503228,0.12857369842301788,-7.272134249201439,F3,True,2,3,8,12;31;19;24;26;29;16;3,12;8;31;19;24;26;29;16,10.6,False,,True,6.279033142661753,19.001363056710986,0.33045172201181094,2.7373865856336503,0.09964050279362074,8.64522914773461,22.283372785903328,0.3879677116564538,3.4543211675853214,0.11142182728881964,0.822737112167675,6.398953458278871,0.12857369842301788,0.8798742596679593,0.11011761193877306,2.8140634934088955,13.80635793085591,0.203823738852933,2.116146244736969,0.1168770682805776
Cd,9,12,32,31,8,0.20129504091503228,0.20129504091503228,0.0,F3,False,22,,,12;8;31;19;24;26;29;16,12;8;31;19;24;26;29;16,10.8,False,,True,7.202575812377532,20.473262432170024,0.3518040095583393,0.38564205440657806,0.014037318806595063,9.852549643361973,24.5641071053348,0.4010953706199323,0.32136837867214846,0.010365988061708414,1.4318883993105789,7.113381396787547,0.20129504091503228,0.11997752803760209,0.01501537149047143,4.530668820400357,15.431626936185294,0.29359631613284326,0.11804424085595353,0.0065197123464239195
Cd,10,13,32,31,8,0.20129504091503228,0.2585879682779876,5.7292927362955295,F3,False,15,,,12;8;31;19;24;26;29;16,12;8;31;19;24;26;29;16,10.8,False,,True,7.202575812377532,20.30132769430705,0.35478348612624466,1.4374219480375832,0.05232196518413812,9.852549643361973,23.88563105890176,0.41248856348260887,1.8520628945868864,0.05973973523514135,1.4318883993105789,5.537335742439758,0.2585879682779876,1.7414919755070721,0.21795038944058148,4.530668820400357,15.431626936185294,0.29359631613284326,0.3263676227625982,0.01802564025291895
Cd,11,14,32,31,8,0.20129504091503228,0.20129504091503228,0.0,F3,False,11,,,12;8;31;19;24;26;29;16,12;8;31;19;24;26;29;16,10.8,False,,True,7.202575812377532,20.473262432170024,0.3518040095583393,0.04484260888015825,0.0016322649197034645,9.852549643361973,24.5641071053348,0.4010953706199323,0.03119485835141443,0.0010062145211471973,1.4318883993105789,7.113381396787547,0.20129504091503228,0.02827034038096933,0.003538076420855171,4.530668820400357,15.431626936185294,0.29359631613284326,0.03069219238745799,0.0016951633065395402
Cd,12,15,32,31,8,0.20129504091503228,0.2234949539954044,2.219991308037211,F3,True,1,3,12,8;31;19;24;26;29;16;3,12;8;31;19;24;26;29;16,10.6,False,,True,8.132768625126188,20.473262432170024,0.39723852766850754,0.883651103169214,0.0321647810638105,8.67775242645191,22.315896064620627,0.3888596900309785,3.421797888868022,0.11037276353119625,1.5898048480267983,7.113381396787547,0.2234949539954044,0.11280652380883584,0.014117909322215051,4.190284482451889,15.182578919898903,0.2759929327263323,0.7399252556939756,0.040866879993456166
Cd,13,16,32,31,8,0.20129504091503228,0.20129504091503228,0.0,F3,False,23,,,12;8;31;19;24;26;29;16,12;8;31;19;24;26;29;16,10.8,False,,True,7.202575812377532,20.473262432170024,0.3518040095583393,0.05477911626783168,0.001993952449450427,9.852549643361973,24.5641071053348,0.4010953706199323,0.03722170720762923,0.001200615238328455,1.4318883993105789,7.113381396787547,0.20129504091503228,0.009832149073713383,0.0012305085236064483,4.530668820400357,15.431626936185294,0.29359631613284326,0.0331670274508257,0.0018318511500209575
Cd,14,17,32,31,8,0.20129504091503228,0.20129504091503228,0.0,F3,False,19,,,12;8;31;19;24;26;29;16,12;8;31;19;24;26;29;16,10.8,False,,True,7.202575812377532,20.473262432170024,0.3518040095583393,0.05196093696722434,0.001891371102720371,9.852549643361973,24.5641071053348,0.4010953706199323,0.056291015047826375,0.0018157106569669707,1.4318883993105789,7.113381396787547,0.20129504091503228,0.0017948370229640264,0.0002246266038771046,4.530668820400357,15.431626936185294,0.29359631613284326,0.024953210961985266,0.0013781930944881918
Cd,15,18,32,31,8,0.20129504091503228,0.20129504091503228,0.0,F3,False,17,,,12;8;31;19;24;26;29;16,12;8;31;19;24;26;29;16,10.8,False,,True,7.202575812377532,20.473262432170024,0.3518040095583393,0.06196123909112352,0.002255380752268198,9.852549643361973,24.5641071053348,0.4010953706199323,0.0559890714678827,0.0018059712309601616,1.4318883993105789,7.113381396787547,0.20129504091503228,0.009704772387766333,0.001214567136164955,4.530668820400357,15.431626936185294,0.29359631613284326,0.007344917053227457,0.0004056677907211217
Cd,16,19,32,31,8,0.20129504091503228,0.23633029387444132,3.503525295940904,F3,True,8,3,16,12;8;31;19;24;26;29;3,12;8;31;19;24;26;29;16,10.6,False,,True,9.00318658620811,20.473262432170024,0.4397533913335294,0.013233142087291816,0.00048168458851856354,12.038347033166207,24.5641071053348,0.4900787552156429,0.061203282153724656,0.0019741596692377525,1.681107515943785,7.113381396787547,0.23633029387444132,0.0215038558918492,0.0026912405179116733,4.89115001827873,15.431626936185294,0.3169562119733193,0.039059719867134336,0.0021573109879741478
Cd,17,20,32,31,8,0.20129504091503228,0.20129504091503228,0.0,F3,False,25,,,12;8;31;19;24;26;29;16,12;8;31;19;24;26;29;16,10.8,False,,True,7.202575812377532,20.473262432170024,0.3518040095583393,0.057485255597107134,0.002092455556323869,9.852549643361973,24.5641071053348,0.4010953706199323,0.022290201149898686,0.0007189878480503841,1.4318883993105789,7.113381396787547,0.20129504091503228,0.02463653811304591,0.0030833004984950497,4.530668820400357,15.431626936185294,0.29359631613284326,0.030588005139948277,0.0016894089310697713
Cd,18,21,32,31,8,0.20129504091503228,0.20129504091503228,0.0,F3,False,14,,,12;8;31;19;24;26;29;16,12;8;31;19;24;26;29;16,10.8,False,,True,7.202575812377532,20.473262432170024,0.3518040095583393,0.04980733024295714,0.0018129801082032286,9.852549643361973,24.5641071053348,0.4010953706199323,0.044524734611128346,0.001436180091323004,1.4318883993105789,7.113381396787547,0.20129504091503228,0.0005731415974694137,7.172954921981977e-05,4.530668820400357,15.431626936185294,0.29359631613284326,0.04009479354844512,0.002214479237865604
Cd,19,22,32,31,8,0.20129504091503228,0.23925519998508235,3.796015907005007,F3,True,4,3,19,12;8;31;24;26;29;16;3,12;8;31;19;24;26;29;16,10.6,False,,True,8.977176067757513,20.473262432170024,0.4384829285268921,0.039243660537889254,0.0014284639546271144,12.037162957541746,24.5641071053348,0.49003055172836024,0.06238735777818293,0.002012352953337481,1.701913488658569,7.113381396787547,0.23925519998508235,0.0006978831770652806,8.734114906335984e-05,4.897538639639003,15.431626936185294,0.3173702072951795,0.032671098506862534,0.001804460452808959
Cd,20,23,32,31,8,0.20129504091503228,0.20129504091503228,0.0,F3,False,29,,,12;8;31;19;24;26;29;16,12;8;31;19;24;26;29;16,10.8,False,,True,7.202575812377532,20.473262432170024,0.3518040095583393,0.06385888617203181,0.0023244548502633043,9.852549643361973,24.5641071053348,0.4010953706199323,0.060956209527848554,0.001966190148711841,1.4318883993105789,7.113381396787547,0.20129504091503228,0.0006652254481062645,8.325398423861811e-05,4.530668820400357,15.431626936185294,0.29359631613284326,0.009519678852013361,0.0005257822600697587
Cd,21,24,32,31,8,0.20129504091503228,0.20129504091503228,0.0,F3,False,31,,,12;8;31;19;24;26;29;16,12;8;31;19;24;26;29;16,10.8,False,,True,7.202575812377532,20.473262432170024,0.3518040095583393,0.05013838748481978,0.0018250305471897363,9.852549643361973,24.5641071053348,0.4010953706199323,0.05720013220099157,0.0018450349408163746,1.4318883993105789,7.113381396787547,0.20129504091503228,0.026834629921452836,0.003358395056728055,4.530668820400357,15.431626936185294,0.29359631613284326,0.0008268503927358117,4.566785024898784e-05
Cd,22,25,32,31,8,0.20129504091503228,0.20129504091503228,0.0,F3,False,28,,,12;8;31;19;24;26;29;16,12;8;31;19;24;26;29;16,10.8,False,,True,7.202575812377532,20.473262432170024,0.3518040095583393,0.06597159384694934,0.002401357124896171,9.852549643361973,24.5641071053348,0.4010953706199323,0.017643565796277152,0.0005691069954233378,1.4318883993105789,7.113381396787547,0.20129504091503228,0.00383555778179938,0.0004800259340968941,4.530668820400357,15.431626936185294,0.29359631613284326,0.04754928257497415,0.0026261988083429956
Cd,23,26,32,31,8,0.20129504091503228,0.20129504091503228,0.0,F3,False,18,,,12;8;31;19;24;26;29;16,12;8;31;19;24;26;29;16,10.8,False,,True,7.202575812377532,20.473262432170024,0.3518040095583393,0.04187149423733657,0.0015241167471282293,9.852549643361973,24.5641071053348,0.4010953706199323,0.047024908912701065,0.0015168251662036679,1.4318883993105789,7.113381396787547,0.20129504091503228,0.00047023201844089845,5.885025770318763e-05,4.530668820400357,15.431626936185294,0.29359631613284326,0.04563336483152147,0.002520380578871184
Cd,24,27,32,31,8,0.20129504091503228,0.23851305135331607,3.7218010438283793,F3,True,5,3,24,12;8;31;19;26;29;16;3,12;8;31;19;24;26;29;16,10.6,False,,True,8.294673007060048,20.473262432170024,0.4051466166929249,0.721746721235355,0.026271483381617826,11.602347018468908,24.5641071053348,0.47232927981938033,0.49720329685102244,0.01603768068499901,1.6966343023877115,7.113381396787547,0.23851305135331607,0.005977069447922622,0.0007480394008182708,4.512029915902138,15.431626936185294,0.29238847819227504,0.4181798222437265,0.023096528304457964
Cd,25,28,32,31,8,0.20129504091503228,0.20129504091503228,0.0,F3,False,20,,,12;8;31;19;24;26;29;16,12;8;31;19;24;26;29;16,10.8,False,,True,7.202575812377532,20.473262432170024,0.3518040095583393,0.9374081246443066,0.03412152940055513,9.852549643361973,24.5641071053348,0.4010953706199323,0.9793816227627085,0.03159071919696218,1.4318883993105789,7.113381396787547,0.20129504091503228,0.012672766990812108,0.0015860162089653157,4.530668820400357,15.431626936185294,0.29359631613284326,0.12389144373526366,0.00684265974756654
Cd,26,29,32,31,8,0.20129504091503228,0.23914899115683902,3.7853950241806738,F3,True,6,3,26,12;8;31;19;24;29;16;3,12;8;31;19;24;26;29;16,10.6,False,,True,8.934552662025514,20.473262432170024,0.43640102263264513,0.08186706626988906,0.0029799501788243653,12.033276975958593,24.5641071053348,0.4898723541774992,0.06627333936133878,0.0021376983244827453,1.7011579847555682,7.113381396787547,0.23914899115683902,0.0014533870800659068,0.00018189362027697014,4.784456429098268,15.431626936185294,0.3100422560034352,0.1457533090475967,0.008050114445560695
Cd,27,30,32,31,8,0.20129504091503228,0.20129504091503228,0.0,F3,False,32,,,12;8;31;19;24;26;29;16,12;8;31;19;24;26;29;16,10.8,False,,True,7.202575812377532,20.473262432170024,0.3518040095583393,0.04037402526186648,0.0014696090782382143,9.852549643361973,24.5641071053348,0.4010953706199323,0.06751066519197346,0.002177609235574242,1.4318883993105789,7.113381396787547,0.20129504091503228,0.025812901396931025,0.003230524166161798,4.530668820400357,15.431626936185294,0.29359631613284326,0.0013024081492290394,7.193342452829571e-05
Cd,28,31,32,31,8,0.20129504091503228,0.20129504091503228,0.0,F3,False,30,,,12;8;31;19;24;26;29;16,12;8;31;19;24;26;29;16,10.8,False,,True,7.202575812377532,20.473262432170024,0.3518040095583393,0.07436549118993342,0.0027068938569172964,9.852549643361973,24.5641071053348,0.4010953706199323,0.12856406951480012,0.004146934478312964,1.4318883993105789,7.113381396787547,0.20129504091503228,0.0008715168451340958,0.00010907166870274892,4.530668820400357,15.431626936185294,0.29359631613284326,0.06696657582421316,0.0036986371214130787
Cd,29,32,32,31,8,0.20129504091503228,0.21636516614665396,1.5070125231621683,F3,True,7,3,29,12;8;31;19;24;26;16;3,12;8;31;19;24;26;29;16,10.6,False,,True,7.541380942306339,20.263710856355573,0.37216189057203397,1.475038785989064,0.05369121301587033,11.12311618938351,24.5641071053348,0.452819886417439,0.9764341259364224,0.03149564538466164,1.539087947780455,7.113381396787547,0.21636516614665396,0.16352342405517906,0.020465207107891664,4.398758609966532,15.391053047413548,0.2857997173043166,0.5314511281793319,0.029352626242392068
Cd,30,33,32,31,8,0.20129504091503228,0.20129504091503228,0.0,F3,False,24,,,12;8;31;19;24;26;29;16,12;8;31;19;24;26;29;16,10.8,False,,True,7.202575812377532,20.308440671157133,0.3546592241622431,1.4303089711875026,0.05206305378542629,9.852549643361973,24.5641071053348,0.4010953706199323,1.1735868481538483,0.03785496042767669,1.4318883993105789,7.113381396787547,0.20129504091503228,0.10825087219049419,0.013547762540985081,4.530668820400357,14.76782820556094,0.30679316940417134,1.1546759700319382,0.06377401492312247
Cd,31,34,32,31,8,0.20129504091503228,0.2071101700493808,0.5815129134348507,F3,True,3,3,31,12;8;19;24;26;29;16;3,12;8;31;19;24;26;29;16,10.6,False,,True,7.766010980840224,20.473262432170024,0.37932454617674144,1.250408747455179,0.04551470988710759,10.786621130491994,24.42476476866071,0.44162640797803104,1.3129291848279379,0.042349556331674226,1.4565593756539326,7.0327757217651286,0.2071101700493808,0.24605199618170168,0.030793784378374572,4.422727496021105,15.41502193346812,0.2869102304952781,0.5074822421247598,0.02802879848758686
Cd,32,35,32,31,8,0.20129504091503228,0.20129504091503228,0.0,F3,False,26,,,12;8;31;19;24;26;29;16,12;8;31;19;24;26;29;16,10.8,False,,True,7.202575812377532,20.473262432170024,0.3518040095583393,0.047322584403479695,0.0017225356945207602,9.852549643361973,24.5641071053348,0.4010953706199323,0.03748932011184755,0.0012092473015754624,1.4318883993105789,7.113381396787547,0.20129504091503228,0.0036280550952775483,0.0004540566548963788,4.530668820400357,15.431626936185294,0.29359631613284326,0.0465600403893952,0.002571561882016427
Co,1,4,32,31,8,0.4951752493199969,0.4951752493199969,0.0,F3,False,16,,,12;8;31;19;24;26;29;16,12;8;31;19;24;26;29;16,10.8,False,,True,92.44210579937327,180.36458505108746,0.5125291407578126,16.270840751952235,0.03494500393116245,206.77899581166963,331.93145850265466,0.6229569102743417,34.698057989102956,0.04201196476452792,78.39153537660357,158.3106899713896,0.4951752493199969,8.42947171486682,0.023770272797685114,261.03796891799493,351.47759328322877,0.7426873687155485,30.457528154573875,0.03102727689226364
Co,2,5,32,31,8,0.4951752493199969,0.4951752493199969,0.0,F3,False,12,,,12;8;31;19;24;26;29;16,12;8;31;19;24;26;29;16,10.8,False,,True,92.44210579937327,177.0216882051256,0.5222077968901476,21.468266065996026,0.04610755236980976,206.77899581166963,327.5784804876256,0.6312349807101593,40.08870091915585,0.04853888626851116,78.39153537660357,158.3106899713896,0.4951752493199969,8.981621517406502,0.025327280386714505,261.03796891799493,351.47759328322877,0.7426873687155485,36.927533669089264,0.037618312500095626
Co,3,6,32,31,8,0.4951752493199969,0.4951752493199969,0.0,F3,False,9,,,12;8;31;19;24;26;29;16,12;8;31;19;24;26;29;16,10.8,False,,True,92.44210579937327,172.6220508105854,0.5355173650486176,25.86790346053625,0.055556685846790695,206.77899581166963,325.86614900316124,0.6345519362603805,41.80103240362016,0.05061215532619442,78.39153537660357,158.3106899713896,0.4951752493199969,10.497120244855287,0.029600836238674728,261.03796891799493,351.47759328322877,0.7426873687155485,34.453396433910264,0.035097893223923
Co,4,7,32,31,8,0.4951752493199969,0.4951752493199969,0.0,F3,False,27,,,12;8;31;19;24;26;29;16,12;8;31;19;24;26;29;16,10.8,False,,True,92.44210579937327,173.112471453983,0.5340002659712841,25.377482817138624,0.054503405836696744,206.77899581166963,323.73641283257507,0.6387264070866454,43.93076857420636,0.05319081263850013,78.39153537660357,158.3106899713896,0.4951752493199969,13.648394120141779,0.03848711549905442,261.03796891799493,351.47759328322877,0.7426873687155485,37.031304634796456,0.037724024640294083
Co,5,8,32,31,8,0.4951752493199969,0.4951752493199969,0.0,F3,False,10,,,12;8;31;19;24;26;29;16,12;8;31;19;24;26;29;16,10.8,False,,True,92.44210579937327,178.90670276569753,0.5167056592644194,19.583251505424077,0.04205909278289003,206.77899581166963,331.93145850265466,0.6229569102743417,28.20706868212459,0.03415275794271257,78.39153537660357,158.3106899713896,0.4951752493199969,16.70864577985724,0.0471167211542594,261.03796891799493,349.8278643967485,0.7461897564052967,38.86057554392445,0.03958751450462024
Co,6,9,32,31,8,0.4951752493199969,0.49641572715942317,0.12404778394262683,F3,False,13,,,12;8;31;19;24;26;29;16,12;8;31;19;24;26;29;16,10.8,False,,True,92.44210579937327,174.6661390017038,0.5292502961805982,23.823815269417818,0.051166582657703435,206.77899581166963,331.93145850265466,0.6229569102743417,35.735722904126725,0.04326835617009466,78.39153537660357,157.91509230614736,0.49641572715942317,17.61391415171991,0.049669488027697085,261.03796891799493,342.84981997957055,0.7613770044667063,45.83861996110241,0.04669609256123385
Co,7,10,32,31,8,0.4951752493199969,0.5082663344879862,1.3091085167989291,F3,False,21,,,12;8;31;19;24;26;29;16,12;8;31;19;24;26;29;16,10.8,False,,True,92.44210579937327,176.80787599997944,0.5228392981734818,21.682078271142167,0.0465667584098213,206.77899581166963,331.93145850265466,0.6229569102743417,30.56817592324961,0.03701155638758716,78.39153537660357,154.23318456764028,0.5082663344879862,21.295821890227025,0.060052102065758985,261.03796891799493,346.81868842768426,0.7526640796129542,41.86975151298872,0.042652981128696296
Co,8,11,32,31,8,0.4951752493199969,0.47791475768778097,-1.7260491632215935,F3,True,2,3,8,12;31;19;24;26;29;16;3,12;8;31;19;24;26;29;16,10.6,False,,True,96.8252880669562,177.00523307816832,0.5470193529487155,21.4847211929533,0.04614289316657472,209.03899878570556,328.12615197719714,0.6370689977805626,39.54102942958427,0.04787577263461143,75.65901503706208,158.3106899713896,0.47791475768778097,13.229640584396778,0.037306272129938124,250.2320686158109,343.42914320457874,0.728627938447114,45.25929673609425,0.04610593232166273
Co,9,12,32,31,8,0.4951752493199969,0.4951752493199969,0.0,F3,False,22,,,12;8;31;19;24;26;29;16,12;8;31;19;24;26;29;16,10.8,False,,True,92.44210579937327,180.36458505108746,0.5125291407578126,16.899235605194693,0.03629461216294636,206.77899581166963,331.93145850265466,0.6229569102743417,31.012882923818832,0.037550001935298234,78.39153537660357,158.3106899713896,0.4951752493199969,14.14354424141086,0.039883389649617705,261.03796891799493,351.47759328322877,0.7426873687155485,36.773215027668236,0.03746110712240679
Co,10,13,32,31,8,0.4951752493199969,0.5028090936113105,0.7633844291313641,F3,False,15,,,12;8;31;19;24;26;29;16,12;8;31;19;24;26;29;16,10.8,False,,True,92.44210579937327,180.36458505108746,0.5125291407578126,15.936278519559217,0.03422646217266175,206.77899581166963,324.6392294039715,0.6369501190330881,43.02795200280989,0.05209769388245182,78.39153537660357,155.90715516613756,0.5028090936113105,19.621851291729726,0.05533167128106257,261.03796891799493,347.21957896330605,0.7517950735882358,41.46886097736693,0.0422445914002489
Co,11,14,32,31,8,0.4951752493199969,0.5079749828204705,1.2799733500473587,F3,False,11,,,12;8;31;19;24;26;29;16,12;8;31;19;24;26;29;16,10.8,False,,True,92.44210579937327,180.36458505108746,0.5125291407578126,17.551512123122745,0.03769551122100308,206.77899581166963,323.0108024606084,0.6401612399228865,44.65637894617304,0.05406937239505521,78.39153537660357,154.3216458049645,0.5079749828204705,21.20736065290279,0.0598026501648161,261.03796891799493,345.3712777560205,0.7558184068288363,43.317162184652496,0.044127467549873095
Co,12,15,32,31,8,0.4951752493199969,0.45090775313705445,-4.426749618294245,F3,True,1,3,12,8;31;19;24;26;29;16;3,12;8;31;19;24;26;29;16,10.6,False,,True,100.18464003987535,180.36458505108746,0.5554562721473204,18.125369220034166,0.03892798831381029,206.2147073877401,325.3018605792317,0.6339180077868436,42.36532082754973,0.05129538853165523,71.14798314827087,157.7883339846793,0.45090775313705445,17.74067247318798,0.05002693390124555,267.10628939480443,351.47759328322877,0.7599525389362843,28.385075957100764,0.02891605670884498
Co,13,16,32,31,8,0.4951752493199969,0.5038502516738254,0.8675002353828454,F3,False,23,,,12;8;31;19;24;26;29;16,12;8;31;19;24;26;29;16,10.8,False,,True,92.44210579937327,177.41288780264242,0.5210563163945997,21.07706646847919,0.045267370127140175,206.77899581166963,331.93145850265466,0.6229569102743417,32.81316029751874,0.039729754750686644,78.39153537660357,155.58498803202235,0.5038502516738254,19.944018425844934,0.05624015059310068,261.03796891799493,344.17922808787273,0.7584361507468692,44.50921185280027,0.04534181609894922
Co,14,17,32,31,8,0.4951752493199969,0.4951752493199969,0.0,F3,False,19,,,12;8;31;19;24;26;29;16,12;8;31;19;24;26;29;16,10.8,False,,True,92.44210579937327,180.36458505108746,0.5125291407578126,17.887481828353646,0.038417075819232996,206.77899581166963,331.14690600722605,0.6244328183671976,36.52027539955537,0.044218282295764924,78.39153537660357,158.3106899713896,0.4951752493199969,17.218316486477676,0.04855394191294465,261.03796891799493,351.47759328322877,0.7426873687155485,22.516260020778496,0.022937456733106137
Co,15,18,32,31,8,0.4951752493199969,0.5072447124631687,1.206946314317181,F3,False,17,,,12;8;31;19;24;26;29;16,12;8;31;19;24;26;29;16,10.8,False,,True,92.44210579937327,180.36458505108746,0.5125291407578126,15.126140569965402,0.03248652296085778,206.77899581166963,331.93145850265466,0.6229569102743417,27.908794572753067,0.0337916114665316,78.39153537660357,154.54381968012257,0.5072447124631687,20.9851867777447,0.059176141909059995,261.03796891799493,351.47759328322877,0.7426873687155485,37.210846657444215,0.03790692523623927
Co,16,19,32,31,8,0.4951752493199969,0.44328251717818723,-5.189273214180967,F3,True,8,3,16,12;8;31;19;24;26;29;3,12;8;31;19;24;26;29;16,10.6,False,,True,109.33721016658042,180.36458505108746,0.6062011017052552,8.972799093329105,0.019270946373947825,215.99459992898937,331.93145850265466,0.6507204857995161,32.58542828630043,0.03945401974459311,68.9867913134263,155.62714214983473,0.44328251717818723,19.90186430803255,0.05612128016873246,245.13725083760593,338.33432542637377,0.7245414739656713,50.354114514299226,0.05129605547012494
Co,17,20,32,31,8,0.4951752493199969,0.4951752493199969,0.0,F3,False,25,,,12;8;31;19;24;26;29;16,12;8;31;19;24;26;29;16,10.8,False,,True,92.44210579937327,180.36458505108746,0.5125291407578126,10.3257606659421,0.02217671185923783,206.77899581166963,331.93145850265466,0.6229569102743417,20.2913203784211,0.0245684711528149,78.39153537660357,158.3106899713896,0.4951752493199969,6.4620571465453756,0.018222359170706477,261.03796891799493,351.47759328322877,0.7426873687155485,26.945559045028837,0.02744961171057467
Co,18,21,32,31,8,0.4951752493199969,0.4951752493199969,0.0,F3,False,14,,,12;8;31;19;24;26;29;16,12;8;31;19;24;26;29;16,10.8,False,,True,92.44210579937327,180.36458505108746,0.5125291407578126,10.019714040592307,0.021519413278973356,206.77899581166963,331.93145850265466,0.6229569102743417,13.978119587492973,0.01692452839200798,78.39153537660357,158.3106899713896,0.4951752493199969,8.416207459238489,0.023732868914570167,261.03796891799493,351.47759328322877,0.7426873687155485,31.654989249673118,0.032247138096258884
Co,19,22,32,31,8,0.4951752493199969,0.5217070629514823,2.653181363148538,F3,True,4,3,19,12;8;31;24;26;29;16;3,12;8;31;19;24;26;29;16,10.6,False,,True,108.80868853371463,180.36458505108746,0.6032708056456596,9.501320726194882,0.020406056158362804,230.17747017718605,331.93145850265466,0.6934487957710257,18.402558038103773,0.022281581871723168,82.59180509879634,158.3106899713896,0.5217070629514823,6.29685052266251,0.017756492904051315,266.9524137895154,351.47759328322877,0.7595147425924217,28.538951562389766,0.029072810762819305
Co,20,23,32,31,8,0.4951752493199969,0.4951752493199969,0.0,F3,False,29,,,12;8;31;19;24;26;29;16,12;8;31;19;24;26;29;16,10.8,False,,True,92.44210579937327,180.36458505108746,0.5125291407578126,11.325838786525066,0.02432458696833741,206.77899581166963,331.93145850265466,0.6229569102743417,11.325838786525066,0.013713180725493278,78.39153537660357,158.3106899713896,0.4951752493199969,7.336947769470919,0.02068946381006351,261.03796891799493,351.47759328322877,0.7426873687155485,20.622772108783128,0.02100854860111737
Co,21,24,32,31,8,0.4951752493199969,0.4951752493199969,0.0,F3,False,31,,,12;8;31;19;24;26;29;16,12;8;31;19;24;26;29;16,10.8,False,,True,92.44210579937327,180.36458505108746,0.5125291407578126,10.8100456583036,0.0232168142866336,206.77899581166963,331.93145850265466,0.6229569102743417,10.727526225797465,0.012988751530425457,78.39153537660357,158.3106899713896,0.4951752493199969,4.273637978212432,0.012051234527721761,261.03796891799493,351.47759328322877,0.7426873687155485,11.480164765002021,0.01169491657776028
Co,22,25,32,31,8,0.4951752493199969,0.4951752493199969,0.0,F3,False,28,,,12;8;31;19;24;26;29;16,12;8;31;19;24;26;29;16,10.8,False,,True,92.44210579937327,180.36458505108746,0.5125291407578126,13.010442449946895,0.027942622602646176,206.77899581166963,331.93145850265466,0.6229569102743417,12.359920327449549,0.01496523342753821,78.39153537660357,158.3106899713896,0.4951752493199969,6.417180636966286,0.018095811872016154,261.03796891799493,351.47759328322877,0.7426873687155485,23.1207243537756,0.023553228378665043
Co,23,26,32,31,8,0.4951752493199969,0.4951752493199969,0.0,F3,False,18,,,12;8;31;19;24;26;29;16,12;8;31;19;24;26;29;16,10.8,False,,True,92.44210579937327,180.36458505108746,0.5125291407578126,7.981875403471961,0.01714273230281047,206.77899581166963,331.93145850265466,0.6229569102743417,7.981875403471961,0.009664352636416395,78.39153537660357,158.3106899713896,0.4951752493199969,4.670927979195009,0.013171552861134386,261.03796891799493,351.47759328322877,0.7426873687155485,11.81470018266973,0.01203570992716038
Co,24,27,32,31,8,0.4951752493199969,0.5292096099468089,3.4034360626811977,F3,True,5,3,24,12;8;31;19;26;29;16;3,12;8;31;19;24;26;29;16,10.6,False,,True,106.67528006096863,180.36458505108746,0.5914424942721064,11.634729198940875,0.024987993170925538,231.80924738798765,331.93145850265466,0.698364802280811,16.77078082730217,0.020305846898161065,83.77953849016927,158.3106899713896,0.5292096099468089,5.109117131289575,0.014407202737496624,269.3071400540461,351.47759328322877,0.7662142486477999,26.184225297859076,0.02667403619896463
Co,25,28,32,31,8,0.4951752493199969,0.4951752493199969,0.0,F3,False,20,,,12;8;31;19;24;26;29;16,12;8;31;19;24;26;29;16,10.8,False,,True,92.44210579937327,180.36458505108746,0.5125291407578126,15.739045307954584,0.033802862958585936,206.77899581166963,331.93145850265466,0.6229569102743417,20.089675718283488,0.024324322377707167,78.39153537660357,158.3106899713896,0.4951752493199969,8.446133704991105,0.023817257954525738,261.03796891799493,351.47759328322877,0.7426873687155485,18.581494150980433,0.018929085813152828
Co,26,29,32,31,8,0.4951752493199969,0.529327536103145,3.415228678314808,F3,True,6,3,26,12;8;31;19;24;29;16;3,12;8;31;19;24;26;29;16,10.6,False,,True,108.409630776553,180.36458505108746,0.6010582994762883,9.900378483356517,0.021263115428093598,226.64881005595575,331.93145850265466,0.6828181067210991,21.931218159334062,0.02655403840879158,83.79820746134452,158.3106899713896,0.529327536103145,5.090448160114336,0.014354558093478792,272.4570874273878,351.47759328322877,0.7751762633922317,23.03427792451737,0.02346516485350534
Co,27,30,32,31,8,0.4951752493199969,0.4951752493199969,0.0,F3,False,32,,,12;8;31;19;24;26;29;16,12;8;31;19;24;26;29;16,10.8,False,,True,92.44210579937327,180.36458505108746,0.5125291407578126,7.8004488508829715,0.01675308116614878,206.77899581166963,331.93145850265466,0.6229569102743417,9.126525155533079,0.011050279914145303,78.39153537660357,158.3106899713896,0.4951752493199969,5.78247514815919,0.016306005449328472,261.03796891799493,351.47759328322877,0.7426873687155485,6.970654973123409,0.007101050383140015
Co,28,31,32,31,8,0.4951752493199969,0.4951752493199969,0.0,F3,False,30,,,12;8;31;19;24;26;29;16,12;8;31;19;24;26;29;16,10.8,False,,True,92.44210579937327,180.36458505108746,0.5125291407578126,10.855210718411925,0.023313815617240764,206.77899581166963,331.93145850265466,0.6229569102743417,15.369258739929755,0.018608901882682414,78.39153537660357,158.3106899713896,0.4951752493199969,7.530733806795779,0.021235921183361324,261.03796891799493,351.47759328322877,0.7426873687155485,18.990546121485007,0.01934578964702142
Co,29,32,32,31,8,0.4951752493199969,0.5273189762712208,3.2143726951223917,F3,True,7,3,29,12;8;31;19;24;26;16;3,12;8;31;19;24;26;29;16,10.6,False,,True,111.91883427367361,180.36458505108746,0.6205144665288538,6.391174986235905,0.013726373358547171,227.27611159450348,331.93145850265466,0.6847079593472332,21.30391662078634,0.02579450973019874,83.48023096850379,158.3106899713896,0.5273189762712208,5.4084246529550475,0.015251220213448227,265.0840000808468,351.47759328322877,0.754198859747045,30.407365271058378,0.030976175645023526
Co,30,33,32,31,8,0.4951752493199969,0.4951752493199969,0.0,F3,False,24,,,12;8;31;19;24;26;29;16,12;8;31;19;24;26;29;16,10.8,False,,True,92.44210579937327,180.36458505108746,0.5125291407578126,7.637470943529394,0.016403052320068404,206.77899581166963,331.93145850265466,0.6229569102743417,12.815417345922206,0.015516743390903613,78.39153537660357,158.3106899713896,0.4951752493199969,4.995195352896592,0.014085954640154686,261.03796891799493,351.47759328322877,0.7426873687155485,29.445362080232538,0.029996176899836056
Co,31,34,32,31,8,0.4951752493199969,0.5260171507845972,3.0841901464600308,F3,True,3,3,31,12;8;19;24;26;29;16;3,12;8;31;19;24;26;29;16,10.6,False,,True,111.87839636158101,180.36458505108746,0.6202902655745415,6.431612898328506,0.013813222158715928,234.70128459258095,331.93145850265466,0.7070775564669893,13.87874362270888,0.016804205245039307,83.27413807749406,158.3106899713896,0.5260171507845972,5.614517543964788,0.015832381691494958,266.6167036972291,351.47759328322877,0.7585596032074319,28.87466165467606,0.029414800760695414
Co,32,35,32,31,8,0.4951752493199969,0.4951752493199969,0.0,F3,False,26,,,12;8;31;19;24;26;29;16,12;8;31;19;24;26;29;16,10.8,False,,True,92.44210579937327,180.36458505108746,0.5125291407578126,9.113477403451922,0.01957308221162304,206.77899581166963,331.93145850265466,0.6229569102743417,14.095511717338974,0.017066665281175435,78.39153537660357,158.3106899713896,0.4951752493199969,1.60412250354258,0.0045234660960856155,261.03796891799493,351.47759328322877,0.7426873687155485,29.73796333490476,0.03029425165172216
Cr,1,4,32,31,8,0.0559666594993579,0.0559666594993579,0.0,F2,False,16,,,12;8;31;19;24;26;29;16,12;8;31;19;24;26;29;16,10.8,False,,True,3.318875119887992,45.27788727026515,0.07330013213906209,0.6470267844813883,0.01319461740731797,4.796623561764472,85.70501803523763,0.0559666594993579,0.3169286265360984,0.003510555976745177,61.5272685889447,162.40927274260366,0.37884086019187435,2.528437939644608,0.011882425902597343,328.3372536225773,597.9038578482523,0.5491472405015141,49.02036675927116,0.042322378919540916
Cr,2,5,32,31,8,0.0559666594993579,0.0559666594993579,0.0,F2,False,12,,,12;8;31;19;24;26;29;16,12;8;31;19;24;26;29;16,10.8,False,,True,3.318875119887992,45.3956528177103,0.07310997670228883,0.5292612370362386,0.010793060965496822,4.796623561764472,85.70501803523763,0.0559666594993579,1.0342786515118707,0.011456500920630403,61.5272685889447,162.40927274260366,0.37884086019187435,4.131283756721718,0.019415019982159318,328.3372536225773,560.8734485805373,0.5854034532273468,87.44825998532866,0.07549960638051811
Cr,3,6,32,31,8,0.0559666594993579,0.059420685090683684,0.34540255913257867,F2,False,9,,,12;8;31;19;24;26;29;16,12;8;31;19;24;26;29;16,10.8,False,,True,3.318875119887992,45.3956528177103,0.07310997670228883,0.3382770722874179,0.006898379871673634,4.796623561764472,80.72312788794342,0.059420685090683684,6.170171321304059,0.06834577250496013,61.5272685889447,162.40927274260366,0.37884086019187435,2.6405080822435134,0.012409100947471961,328.3372536225773,593.9941025417011,0.5527618072597388,54.32760602416501,0.046904453800549875
Cr,4,7,32,31,8,0.0559666594993579,0.06325548473007865,0.7288825230720754,F2,False,27,,,12;8;31;19;24;26;29;16,12;8;31;19;24;26;29;16,10.8,False,,True,3.318875119887992,44.63841066868641,0.07435020804215514,1.286503386060125,0.026235266266277292,4.796623561764472,75.8293700891304,0.06325548473007865,11.063929120117075,0.1225529638121473,61.5272685889447,162.40927274260366,0.37884086019187435,2.0417132421026114,0.009595057063985552,328.3372536225773,597.9038578482523,0.5491472405015141,28.843405915468008,0.024902334176308286
Cr,5,8,32,31,8,0.0559666594993579,0.06418632711828959,0.8219667618931691,F2,False,10,,,12;8;31;19;24;26;29;16,12;8;31;19;24;26;29;16,10.8,False,,True,3.318875119887992,39.784056778353005,0.0834222396770214,6.140857276393535,0.12522860607679848,4.796623561764472,74.72967806562181,0.06418632711828959,12.163621143625653,0.13473403577115922,61.5272685889447,161.40202138726778,0.38120506831396034,8.85700568710606,0.041623609638887844,328.3372536225773,597.9038578482523,0.5491472405015141,40.948889626720344,0.03535376288853951
Cr,6,9,32,31,8,0.0559666594993579,0.07843149272413077,2.2464833224772875,F2,False,13,,,12;8;31;19;24;26;29;16,12;8;31;19;24;26;29;16,10.8,False,,True,3.318875119887992,31.378229161585935,0.1057699943102923,14.546684893160604,0.2966460528583996,4.796623561764472,61.156856705963335,0.07843149272413077,25.736442503284138,0.28507750479198796,61.5272685889447,154.91307378049015,0.3971728601559353,15.345953293883714,0.07211850054145413,328.3372536225773,597.9038578482523,0.5491472405015141,50.417850717613774,0.04352891509070838
Cr,7,10,32,31,8,0.0559666594993579,0.06760745126034734,1.1640791760989442,F2,False,21,,,12;8;31;19;24;26;29;16,12;8;31;19;24;26;29;16,10.8,False,,True,3.318875119887992,45.3956528177103,0.07310997670228883,0.4061619480695,0.008282735179940852,4.796623561764472,70.94814953596327,0.06760745126034734,15.945149673284206,0.17662128251853745,61.5272685889447,135.97695527681282,0.4524830583512595,34.282071797561045,0.1611090276470452,328.3372536225773,571.6355043559148,0.5743821913100523,76.68620420995124,0.06620804386089225
Cr,8,11,32,31,8,0.0559666594993579,0.07047183669531128,1.450517719595338,F1,True,2,3,8,12;31;19;24;26;29;16;3,12;8;31;19;24;26;29;16,10.6,False,,True,3.1991150320467274,45.3956528177103,0.07047183669531128,0.45803716012868256,0.009340610359857905,7.8180434327070945,83.74454775888604,0.09335584992609301,3.148751450361435,0.03487809966605317,30.88097562451018,136.97222602769583,0.22545428748647217,33.28680104667803,0.15643174023375314,276.68688226029167,542.3437311794155,0.5101688585181774,105.97797738645056,0.09149748181407906
Cr,9,12,32,31,8,0.0559666594993579,0.0559666594993579,0.0,F2,False,22,,,12;8;31;19;24;26;29;16,12;8;31;19;24;26;29;16,10.8,False,,True,3.318875119887992,45.3956528177103,0.07310997670228883,0.3065085978993245,0.006250535183913062,4.796623561764472,85.70501803523763,0.0559666594993579,0.2998933044194829,0.0033218590687823617,61.5272685889447,139.2645462201579,0.44180137916565376,30.99448085421594,0.14565895265416676,328.3372536225773,582.714216447027,0.5634618898171769,65.60749211883913,0.05664309194278227
Cr,10,13,32,31,8,0.0559666594993579,0.0559666594993579,0.0,F2,False,15,,,12;8;31;19;24;26;29;16,12;8;31;19;24;26;29;16,10.8,False,,True,3.318875119887992,36.973439816763,0.0897637638352297,8.95147423798354,0.18254464982670812,4.796623561764472,85.70501803523763,0.0559666594993579,0.28346028074334023,0.003139833702021411,61.5272685889447,162.40927274260366,0.37884086019187435,7.849754331770185,0.036890019224265456,328.3372536225773,596.7749884539085,0.5501860164636176,51.54672011195753,0.04450353934214879
Cr,11,14,32,31,8,0.0559666594993579,0.0559666594993579,0.0,F2,False,11,,,12;8;31;19;24;26;29;16,12;8;31;19;24;26;29;16,10.8,False,,True,3.318875119887992,37.37861179022079,0.0887907538812422,8.546302264525751,0.17428210289330945,4.796623561764472,85.70501803523763,0.0559666594993579,0.2087676054606754,0.0023124776487089484,61.5272685889447,161.09491982687035,0.38193177447847776,9.164107247503516,0.043066837285008236,328.3372536225773,597.9038578482523,0.5491472405015141,44.996796260213884,0.038848576365046926
Cr,12,15,32,31,8,0.0559666594993579,0.07533469292207476,1.9368033422716862,F1,True,1,3,12,8;31;19;24;26;29;16;3,12;8;31;19;24;26;29;16,10.6,False,,True,3.4198675650193233,45.3956528177103,0.07533469292207476,0.23728462715608675,0.0048388721256294705,10.734631506858259,85.70501803523763,0.12525091007442193,0.2321633762102719,0.002571627993482872,57.28117009562016,162.40927274260366,0.352696426308139,6.8866065755680435,0.03236369422855152,356.2812537990332,597.9038578482523,0.5958838517637683,26.383605847709042,0.022778633408314375
Cr,13,16,32,31,8,0.0559666594993579,0.0559666594993579,0.0,F2,False,23,,,12;8;31;19;24;26;29;16,12;8;31;19;24;26;29;16,10.8,False,,True,3.318875119887992,45.3956528177103,0.07310997670228883,0.22063482244724938,0.004499337799835281,4.796623561764472,85.70501803523763,0.0559666594993579,0.21587291980450302,0.002391181816297092,61.5272685889447,162.40927274260366,0.37884086019187435,3.447492751719786,0.01620153555274118,328.3372536225773,597.9038578482523,0.5491472405015141,36.423283269306154,0.0314465210672012
Cr,14,17,32,31,8,0.0559666594993579,0.0559666594993579,0.0,F2,False,19,,,12;8;31;19;24;26;29;16,12;8;31;19;24;26;29;16,10.8,False,,True,3.318875119887992,45.3956528177103,0.07310997670228883,0.0716293626901146,0.0014607154734461614,4.796623561764472,85.70501803523763,0.0559666594993579,0.07008340522198264,0.0007763000766504195,61.5272685889447,162.40927274260366,0.37884086019187435,0.5591212843077291,0.0026275975087944933,328.3372536225773,597.9038578482523,0.5491472405015141,1.8377524628086062,0.0015866477799576088
Cr,15,18,32,31,8,0.0559666594993579,0.0559666594993579,0.0,F2,False,17,,,12;8;31;19;24;26;29;16,12;8;31;19;24;26;29;16,10.8,False,,True,3.318875119887992,45.3956528177103,0.07310997670228883,0.14349933129124998,0.0029263375489341575,4.796623561764472,85.70501803523763,0.0559666594993579,0.006395597588432065,7.08427748680188e-05,61.5272685889447,162.40927274260366,0.37884086019187435,0.05102370134888816,0.00023978652631657547,328.3372536225773,597.9038578482523,0.5491472405015141,0.851269921959982,0.0007349550927867036
Cr,16,19,32,31,8,0.0559666594993579,0.035960443198038324,-2.0006216301319575,F1,True,8,3,16,12;8;31;19;24;26;29;3,12;8;31;19;24;26;29;16,10.6,False,,True,1.5766650225530525,43.84442688512418,0.035960443198038324,2.0804871696223572,0.04242673237399878,10.930295826687015,85.70501803523763,0.12753390731675737,0.036499056381515106,0.000404292859014087,63.8765893463798,162.40927274260366,0.3933062950636778,0.2911873248084109,0.001368438495784405,377.97076047028185,597.9038578482523,0.6321597619900466,4.694099176460442,0.004052712314611364
Cr,17,20,32,31,8,0.0559666594993579,0.0559666594993579,0.0,F2,False,25,,,12;8;31;19;24;26;29;16,12;8;31;19;24;26;29;16,10.8,False,,True,3.318875119887992,45.3956528177103,0.07310997670228883,0.000929698207659724,1.8959048448313767e-05,4.796623561764472,85.70501803523763,0.0559666594993579,0.000909632778717428,1.0075823136809855e-05,61.5272685889447,162.40927274260366,0.37884086019187435,0.0072569968007971265,3.4104347751156685e-05,328.3372536225773,597.9038578482523,0.5491472405015141,0.5169979483071018,0.00044635698415577724
Cr,18,21,32,31,8,0.0559666594993579,0.0559666594993579,0.0,F2,False,14,,,12;8;31;19;24;26;29;16,12;8;31;19;24;26;29;16,10.8,False,,True,3.318875119887992,45.3956528177103,0.07310997670228883,0.0025913589699311664,5.284478323516275e-05,4.796623561764472,85.70501803523763,0.0559666594993579,0.0025354303590693424,2.808446273198438e-05,61.5272685889447,162.40927274260366,0.37884086019187435,0.020227514261692912,9.505945771486106e-05,328.3372536225773,597.9038578482523,0.5491472405015141,1.5748163812823595,0.0013596384528217918
Cr,19,22,32,31,8,0.0559666594993579,0.08012731030217594,2.416065080281805,F1,True,4,3,19,12;8;31;24;26;29;16;3,12;8;31;19;24;26;29;16,10.6,False,,True,3.637431559694521,45.3956528177103,0.08012731030217594,0.019720632480889375,0.0004021567682460415,10.947499875749099,85.70501803523763,0.12773464292660242,0.01929500731943133,0.0002137269959072517,64.01384223779421,162.40927274260366,0.39415140008198507,0.1539344333939926,0.0007234168060773204,363.57576820403483,597.9038578482523,0.6080839978395158,19.089091442707414,0.016480818375664903
Cr,20,23,32,31,8,0.0559666594993579,0.0559666594993579,0.0,F2,False,29,,,12;8;31;19;24;26;29;16,12;8;31;19;24;26;29;16,10.8,False,,True,3.318875119887992,45.3956528177103,0.07310997670228883,0.06603875645573268,0.0013467079669458519,4.796623561764472,85.70501803523763,0.0559666594993579,0.0646134595538104,0.0007157105657950904,61.5272685889447,162.40927274260366,0.37884086019187435,0.5154823795285608,0.002422515926850721,328.3372536225773,597.9038578482523,0.5491472405015141,20.801180705228955,0.017958973177491427
Cr,21,24,32,31,8,0.0559666594993579,0.0559666594993579,0.0,F2,False,31,,,12;8;31;19;24;26;29;16,12;8;31;19;24;26;29;16,10.8,False,,True,3.318875119887992,45.3956528177103,0.07310997670228883,0.0009658702680018284,1.969669410456127e-05,4.796623561764472,85.70501803523763,0.0559666594993579,0.0367254306701115,0.0004068003624242373,61.5272685889447,162.40927274260366,0.37884086019187435,0.007539347055985493,3.543125632710013e-05,328.3372536225773,597.9038578482523,0.5491472405015141,0.48086362810017724,0.0004151599431522386
Cr,22,25,32,31,8,0.0559666594993579,0.05785276696015532,0.1886107460797426,F2,False,28,,,12;8;31;19;24;26;29;16,12;8;31;19;24;26;29;16,10.8,False,,True,3.318875119887992,45.3956528177103,0.07310997670228883,0.02246453901512422,0.00045811240685177226,4.796623561764472,82.91087555186476,0.05785276696015532,3.982423657382709,0.04411252251069175,61.5272685889447,162.40927274260366,0.37884086019187435,0.43182907128246234,0.0020293861524726653,328.3372536225773,597.9038578482523,0.5491472405015141,8.9796456322792,0.00775269525988694
Cr,23,26,32,31,8,0.0559666594993579,0.06041181191024074,0.4445152410882842,F2,False,18,,,12;8;31;19;24;26;29;16,12;8;31;19;24;26;29;16,10.8,False,,True,3.318875119887992,45.3956528177103,0.07310997670228883,0.029537323048111092,0.0006023455074870885,4.796623561764472,79.39877004336911,0.06041181191024074,7.494529165878361,0.08301542351576943,61.5272685889447,162.40927274260366,0.37884086019187435,5.880322883996869,0.0276346513619636,328.3372536225773,597.9038578482523,0.5491472405015141,12.815644873651998,0.011064555699971187
Cr,24,27,32,31,8,0.0559666594993579,0.0802193899473953,2.4252730448037405,F1,True,5,3,24,12;8;31;19;26;29;16;3,12;8;31;19;24;26;29;16,10.6,False,,True,3.641611575300477,45.3956528177103,0.0802193899473953,0.015540616874933032,0.0003169150008261352,9.778513709058691,85.70501803523763,0.1140949962234213,1.1882811740098382,0.013162356531396743,60.9297104720114,162.40927274260366,0.3751615252201554,3.238066199176809,0.015217332834687475,365.1674193594474,597.9038578482523,0.6107460498308521,17.497440287294868,0.01510664539899384
Cr,25,28,32,31,8,0.0559666594993579,0.0559666594993579,0.0,F2,False,20,,,12;8;31;19;24;26;29;16,12;8;31;19;24;26;29;16,10.8,False,,True,3.318875119887992,45.3956528177103,0.07310997670228883,0.0357738575423712,0.0007295252295217185,4.796623561764472,85.70501803523763,0.0559666594993579,0.03500175989757182,0.00038770760075541747,61.5272685889447,156.416343092646,0.39335575408831713,13.84268398172785,0.06505386749934307,328.3372536225773,597.9038578482523,0.5491472405015141,20.90189010167809,0.01804592196060049
Cr,26,29,32,31,8,0.0559666594993579,0.0796169542011565,2.36502947017986,F1,True,6,3,26,12;8;31;19;24;29;16;3,12;8;31;19;24;26;29;16,10.6,False,,True,3.6142636113192417,45.3956528177103,0.0796169542011565,0.04288858085616833,0.0008746135849593117,10.924831955036595,85.70501803523763,0.1274701552544432,0.041962928031934486,0.0004648150891710512,47.5316078372607,153.62285824044636,0.30940452730586165,16.63616883392751,0.07818188470151974,338.3659381532471,597.9038578482523,0.5659203126251181,44.29892149349516,0.038246056998749646
Cr,27,30,32,31,8,0.0559666594993579,0.0559666594993579,0.0,F2,False,32,,,12;8;31;19;24;26;29;16,12;8;31;19;24;26;29;16,10.8,False,,True,3.318875119887992,45.3956528177103,0.07310997670228883,0.07118540195196646,0.0014516619192128067,4.796623561764472,85.70501803523763,0.0559666594993579,0.06964902637026933,0.0007714885476613201,61.5272685889447,162.40927274260366,0.37884086019187435,0.5556558353804576,0.002611311587968876,328.3372536225773,597.9038578482523,0.5491472405015141,22.36819690490812,0.019311877240848676
Cr,28,31,32,31,8,0.0559666594993579,0.0559666594993579,0.0,F2,False,30,,,12;8;31;19;24;26;29;16,12;8;31;19;24;26;29;16,10.8,False,,True,3.318875119887992,42.72859724926354,0.07767339284570583,3.1963168054830002,0.06518150155828997,4.796623561764472,85.70501803523763,0.0559666594993579,0.12647714793646977,0.001400962457897395,61.5272685889447,162.40927274260366,0.37884086019187435,4.794475208224501,0.022531696550786285,328.3372536225773,568.3605164820331,0.5776918770763286,79.96119208383307,0.0690355477519992
Cr,29,32,32,31,8,0.0559666594993579,0.0784594349840347,2.24927754846768,F1,True,7,3,29,12;8;31;19;24;26;16;3,12;8;31;19;24;26;29;16,10.6,False,,True,3.5617172708089524,45.3956528177103,0.0784594349840347,0.09543492136645773,0.0019461748801283302,10.873419708206384,85.70501803523763,0.12687028084791693,0.09337517486214568,0.0010342984216182662,63.42283501879536,162.40927274260366,0.39051240084863764,0.7449416523928534,0.0035008626660461696,306.3164537190152,571.9733026381389,0.5355432715236492,76.34840592772709,0.06591640126733789
Cr,30,33,32,31,8,0.0559666594993579,0.0559666594993579,0.0,F2,False,24,,,12;8;31;19;24;26;29;16,12;8;31;19;24;26;29;16,10.8,False,,True,3.318875119887992,45.3956528177103,0.07310997670228883,0.12743817182552566,0.00259880728380299,4.796623561764472,85.70501803523763,0.0559666594993579,0.12468770768540642,0.00138114118066833,61.5272685889447,162.40927274260366,0.37884086019187435,0.9947511973431321,0.004674845764895917,328.3372536225773,597.9038578482523,0.5491472405015141,48.177809115614565,0.04159494568691122
Cr,31,34,32,31,8,0.0559666594993579,0.07242259063824646,1.6455931138888567,F1,True,3,3,31,12;8;19;24;26;29;16;3,12;8;31;19;24;26;29;16,10.6,False,,True,3.287670780772993,45.3956528177103,0.07242259063824646,0.36948141140241675,0.007534720323020838,10.930499488480631,85.70501803523763,0.12753628362794994,0.03629539458789912,0.0004020369374375872,63.878214148189166,162.40927274260366,0.3933162994296966,0.28956252299904817,0.0013608027192429121,348.6171475860096,597.9038578482523,0.5830655598052495,34.0477120607327,0.02939554039352881
Cr,32,35,32,31,8,0.0559666594993579,0.0559666594993579,0.0,F2,False,26,,,12;8;31;19;24;26;29;16,12;8;31;19;24;26;29;16,10.8,False,,True,3.318875119887992,45.3956528177103,0.07310997670228883,0.030238521617831974,0.0006166448333819839,4.796623561764472,85.70501803523763,0.0559666594993579,0.029585891654857185,0.0003277170948912818,61.5272685889447,162.40927274260366,0.37884086019187435,2.317577993518433,0.01089148693336873,328.3372536225773,597.9038578482523,0.5491472405015141,24.389749360360646,0.02105721116390034
Cu,1,4,32,31,8,0.4493547787760116,0.4534169253168826,0.40621465408710034,F2,False,16,,,12;8;31;19;24;26;29;16,12;8;31;19;24;26;29;16,10.8,False,,True,23.160890040648006,27.466429303797547,0.843243575073872,1.6135203725063514,0.019322333911359527,45.31584092649404,99.94298491355136,0.4534169253168826,9.180374533225791,0.04901085202669545,19.34295855357846,33.2324416649246,0.5820504779218227,1.3353272048328424,0.019491011510933243,203.85010059851,230.59037543015938,0.8840355987028244,20.065516797954846,0.028612051759428016
Cu,2,5,32,31,8,0.4493547787760116,0.47774917998846644,2.8394401212454845,F2,False,12,,,12;8;31;19;24;26;29;16,12;8;31;19;24;26;29;16,10.8,False,,True,23.160890040648006,27.321430037959388,0.8477188056580172,3.198576715376445,0.03830380352719096,45.31584092649404,94.85278640894377,0.47774917998846644,14.270573037833369,0.07618566551528722,19.34295855357846,31.67458161873295,0.61067763376987,4.264768953835259,0.06225040609509591,203.85010059851,230.59037543015938,0.8840355987028244,16.316021839922815,0.02326552892170767
Cu,3,6,32,31,8,0.4493547787760116,0.4622229020959754,1.2868123319963787,F2,False,9,,,12;8;31;19;24;26;29;16,12;8;31;19;24;26;29;16,10.8,False,,True,23.160890040648006,27.466429303797547,0.843243575073872,2.1147915589637547,0.02532518916494895,45.31584092649404,98.03893472393264,0.4622229020959754,11.084424722844503,0.059175919013566385,19.34295855357846,32.29315822952725,0.5989800816660981,3.6461923430409566,0.0532213952296316,203.85010059851,230.59037543015938,0.8840355987028244,17.00875804181745,0.024253323268786688
Cu,4,7,32,31,8,0.4493547787760116,0.4625538799925318,1.3199101216520182,F2,False,27,,,12;8;31;19;24;26;29;16,12;8;31;19;24;26;29;16,10.8,False,,True,23.160890040648006,27.466429303797547,0.843243575073872,2.939965753174408,0.03520686874412174,45.31584092649404,97.96878350090954,0.4625538799925318,11.15457594586761,0.059550432188234116,19.34295855357846,33.2324416649246,0.5820504779218227,2.1617395243929476,0.031553681974791144,203.85010059851,230.59037543015938,0.8840355987028244,14.829533137335618,0.021145897908637284
Cu,5,8,32,31,8,0.4493547787760116,0.4493547787760116,0.0,F2,False,10,,,12;8;31;19;24;26;29;16,12;8;31;19;24;26;29;16,10.8,False,,True,23.160890040648006,27.466429303797547,0.843243575073872,2.5476171152042872,0.030508389864211623,45.31584092649404,100.8464649022515,0.4493547787760116,3.770473330502345,0.020129256143422206,19.34295855357846,33.2324416649246,0.5820504779218227,2.5476171152042872,0.03718611763332812,203.85010059851,230.59037543015938,0.8840355987028244,22.569849547017824,0.03218305862461496
Cu,6,9,32,31,8,0.4493547787760116,0.4493547787760116,0.0,F2,False,13,,,12;8;31;19;24;26;29;16,12;8;31;19;24;26;29;16,10.8,False,,True,23.160890040648006,27.466429303797547,0.843243575073872,3.053577449538281,0.036567398905862906,45.31584092649404,100.8464649022515,0.4493547787760116,4.738309835490436,0.025296201300216144,19.34295855357846,33.2324416649246,0.5820504779218227,0.5264788706100485,0.0076847125484934215,203.85010059851,230.59037543015938,0.8840355987028244,25.075135649415387,0.035755424906318736
Cu,7,10,32,31,8,0.4493547787760116,0.4493547787760116,0.0,F2,False,21,,,12;8;31;19;24;26;29;16,12;8;31;19;24;26;29;16,10.8,False,,True,23.160890040648006,27.466429303797547,0.843243575073872,2.0109719850273993,0.02408192226338682,45.31584092649404,100.8464649022515,0.4493547787760116,6.946994130094651,0.03708760466232895,19.34295855357846,33.2324416649246,0.5820504779218227,1.3711172625186814,0.020013418621195763,203.85010059851,230.11727615323042,0.885853091980675,26.78431868421493,0.03819260277472057
Cu,8,11,32,31,8,0.4493547787760116,0.47257455072268484,2.321977194667324,F2,True,2,3,8,12;31;19;24;26;29;16;3,12;8;31;19;24;26;29;16,10.6,False,,True,20.541176131988372,25.785501285712442,0.7966172890875729,4.7345054676233875,0.05669695723052693,47.24002680980633,99.96312060724493,0.47257455072268484,9.160238839532205,0.04890335450570658,19.180961716139734,32.13116139208853,0.59695824505312,3.80818918047968,0.05558597090204007,188.4810166836978,224.52375288081566,0.8394702754846143,32.377841956629666,0.04616858360787847
Cu,9,12,32,31,8,0.4493547787760116,0.4493547787760116,0.0,F2,False,22,,,12;8;31;19;24;26;29;16,12;8;31;19;24;26;29;16,10.8,False,,True,23.160890040648006,27.466429303797547,0.843243575073872,2.5659840735162707,0.030728339055735555,45.31584092649404,100.8464649022515,0.4493547787760116,3.6886021056796405,0.01969217392302831,19.34295855357846,33.13280549215979,0.5838008060668325,2.806545080408421,0.04096554183140551,203.85010059851,230.59037543015938,0.8840355987028244,21.846146905899154,0.031151108257493954
Cu,10,13,32,31,8,0.4493547787760116,0.4493547787760116,0.0,F2,False,15,,,12;8;31;19;24;26;29;16,12;8;31;19;24;26;29;16,10.8,False,,True,23.160890040648006,26.795706288692102,0.8643507952773014,3.7243004646437265,0.0445994846983528,45.31584092649404,100.8464649022515,0.4493547787760116,3.6079160751236095,0.019261419045883497,19.34295855357846,33.2324416649246,0.5820504779218227,1.0474595056810478,0.015289170480894568,203.85010059851,230.59037543015938,0.8840355987028244,21.89888673210511,0.03122631163512846
Cu,11,14,32,31,8,0.4493547787760116,0.4493547787760116,0.0,F2,False,11,,,12;8;31;19;24;26;29;16,12;8;31;19;24;26;29;16,10.8,False,,True,23.160890040648006,27.466429303797547,0.843243575073872,2.9645161533191295,0.03550086628969777,45.31584092649404,100.8464649022515,0.4493547787760116,4.50167267726238,0.02403287716197341,19.34295855357846,33.2324416649246,0.5820504779218227,2.195937891347503,0.032052856080998164,203.85010059851,228.71014418832607,0.8913032752524277,28.191450649119243,0.040199076518586035
Cu,12,15,32,31,8,0.4493547787760116,0.42650631100215475,-2.284846777385685,F2,True,1,3,12,8;31;19;24;26;29;16;3,12;8;31;19;24;26;29;16,10.6,False,,True,22.436230950175354,27.466429303797547,0.8168601277586995,2.8394506494364036,0.03400317374859851,39.210077933831656,91.93317173127026,0.42650631100215475,17.190187715506877,0.09177248089243116,17.770701054411973,30.720900730360768,0.5784563808980246,5.218449842207443,0.07617074345192087,204.3133029641521,230.59037543015938,0.8860443658284167,16.54555567617536,0.023592828441053582
Cu,13,16,32,31,8,0.4493547787760116,0.4952810048377419,4.59262260617303,F2,False,23,,,12;8;31;19;24;26;29;16,12;8;31;19;24;26;29;16,10.8,False,,True,23.160890040648006,27.466429303797547,0.843243575073872,2.0308924724395423,0.02432047537744299,45.31584092649404,91.49521278600191,0.4952810048377419,17.62814666077523,0.09411059258739841,19.34295855357846,33.2324416649246,0.5820504779218227,1.381006881258889,0.020157771759517586,203.85010059851,230.59037543015938,0.8840355987028244,17.27558372755972,0.02463379840970012
Cu,14,17,32,31,8,0.4493547787760116,0.4493547787760116,0.0,F2,False,19,,,12;8;31;19;24;26;29;16,12;8;31;19;24;26;29;16,10.8,False,,True,23.160890040648006,27.466429303797547,0.843243575073872,1.7178460375430589,0.020571661387921013,45.31584092649404,100.8464649022515,0.4493547787760116,8.276894544525645,0.044187484104721994,19.34295855357846,33.2324416649246,0.5820504779218227,2.7069089076436073,0.0395112093028419,203.85010059851,230.59037543015938,0.8840355987028244,8.825564157728794,0.01258464962700719
Cu,15,18,32,31,8,0.4493547787760116,0.4626642346022868,1.3309455826275185,F2,False,17,,,12;8;31;19;24;26;29;16,12;8;31;19;24;26;29;16,10.8,False,,True,23.160890040648006,27.466429303797547,0.843243575073872,1.0981839175671775,0.013151043341558057,45.31584092649404,97.94541600011124,0.4626642346022868,11.177943446665914,0.05967518321224892,19.34295855357846,33.2324416649246,0.5820504779218227,1.6472758763507658,0.024044348794387528,203.85010059851,230.59037543015938,0.8840355987028244,9.224744907564292,0.013153854018335137
Cu,16,19,32,31,8,0.4493547787760116,0.522890023747294,7.353524497128239,F2,True,8,3,16,12;8;31;19;24;26;29;3,12;8;31;19;24;26;29;16,10.6,False,,True,23.58245611264117,27.466429303797547,0.8585919870327167,1.6932254869705898,0.02027682377238859,52.73161042756893,100.8464649022515,0.522890023747294,3.6686552217696113,0.019585684392326712,21.107789244429874,33.2324416649246,0.6351561362013382,1.8813616521895442,0.027461165687585266,199.28716593632214,230.59037543015938,0.864247545304343,21.57169270400532,0.030759755375370363
Cu,17,20,32,31,8,0.4493547787760116,0.4493547787760116,0.0,F2,False,25,,,12;8;31;19;24;26;29;16,12;8;31;19;24;26;29;16,10.8,False,,True,23.160890040648006,27.466429303797547,0.843243575073872,2.4349613318976657,0.029159307014569615,45.31584092649404,100.8464649022515,0.4493547787760116,3.9568121643337064,0.021124054882698348,19.34295855357846,33.2324416649246,0.5820504779218227,0.9131104994616246,0.01332815447131434,203.85010059851,227.07331852169892,0.8977281079328141,29.82827631574641,0.04253307773900166
Cu,18,21,32,31,8,0.4493547787760116,0.4493547787760116,0.0,F2,False,14,,,12;8;31;19;24;26;29;16,12;8;31;19;24;26;29;16,10.8,False,,True,23.160890040648006,27.466429303797547,0.843243575073872,2.4666175257425382,0.02953839832215764,45.31584092649404,100.8464649022515,0.4493547787760116,2.4666175257425382,0.0131684198856038,19.34295855357846,33.2324416649246,0.5820504779218227,0.7589592386900117,0.011078096217988711,203.85010059851,230.59037543015938,0.8840355987028244,26.311219407285975,0.03751799562977931
Cu,19,22,32,31,8,0.4493547787760116,0.527036458519867,7.768167974385543,F2,True,4,3,19,12;8;31;24;26;29;16;3,12;8;31;19;24;26;29;16,10.6,False,,True,22.137265940155906,27.381591093879976,0.8084725925625184,3.138415659455853,0.037583358944795045,53.149763716330696,100.8464649022515,0.527036458519867,3.2505019330078477,0.017353308263683337,22.42871952885944,33.2324416649246,0.6749043526504397,0.5604313677599738,0.008180297833043183,195.81430167786974,230.59037543015938,0.8491867941694621,25.044556962457715,0.035711821794433905
Cu,20,23,32,31,8,0.4493547787760116,0.4493547787760116,0.0,F2,False,29,,,12;8;31;19;24;26;29;16,12;8;31;19;24;26;29;16,10.8,False,,True,23.160890040648006,27.386194731699668,0.8457140638761015,3.133812021636163,0.03752822916231771,45.31584092649404,100.8464649022515,0.4493547787760116,2.205275126336559,0.01177320298903484,19.34295855357846,33.2324416649246,0.5820504779218227,1.8570737905992079,0.02710664958986788,203.85010059851,230.59037543015938,0.8840355987028244,25.70654394636953,0.0366557698640736
Cu,21,24,32,31,8,0.4493547787760116,0.4493547787760116,0.0,F2,False,31,,,12;8;31;19;24;26;29;16,12;8;31;19;24;26;29;16,10.8,False,,True,23.160890040648006,27.46262676564652,0.8433603325090654,3.0573799876893095,0.03661293530758229,45.31584092649404,100.8464649022515,0.4493547787760116,3.0573799876893095,0.016322296832629157,19.34295855357846,32.76437904689085,0.5903654858190878,3.1749715256773605,0.0463432530468136,203.85010059851,230.59037543015938,0.8840355987028244,14.404963403536172,0.020540490566216155
Cu,22,25,32,31,8,0.4493547787760116,0.4493547787760116,0.0,F2,False,28,,,12;8;31;19;24;26;29;16,12;8;31;19;24;26;29;16,10.8,False,,True,23.160890040648006,27.466429303797547,0.843243575073872,2.9562998157550875,0.03540247347071262,45.31584092649404,100.8464649022515,0.4493547787760116,4.093338206430121,0.021852920314360275,19.34295855357846,33.2324416649246,0.5820504779218227,0.7959268734725237,0.011617691751180978,203.85010059851,229.71273283962392,0.8874131532831915,27.188861997821405,0.03876945381446149
Cu,23,26,32,31,8,0.4493547787760116,0.4493547787760116,0.0,F2,False,18,,,12;8;31;19;24;26;29;16,12;8;31;19;24;26;29;16,10.8,False,,True,23.160890040648006,27.466429303797547,0.843243575073872,2.6936490711892476,0.03225716122362578,45.31584092649404,100.8464649022515,0.4493547787760116,1.8738428321316503,0.010003800328026276,19.34295855357846,33.2324416649246,0.5820504779218227,0.5855758850411408,0.008547318046508717,203.85010059851,230.59037543015938,0.8840355987028244,23.528439060953033,0.03354994157435062
Cu,24,27,32,31,8,0.4493547787760116,0.5225578768850839,7.320309810907233,F2,True,5,3,24,12;8;31;19;26;29;16;3,12;8;31;19;24;26;29;16,10.6,False,,True,22.08771818799487,27.332043341718943,0.8081253901087129,3.1879634116168902,0.03817670640301505,52.69811459068667,100.8464649022515,0.5225578768850839,3.702151058651872,0.019764507108001903,22.26928819077044,33.2324416649246,0.6701068917928683,0.7198627058489752,0.010507426371014678,191.63243278285907,227.67516897997695,0.8416922830952739,29.22642585746839,0.04167488023344619
Cu,25,28,32,31,8,0.4493547787760116,0.4493547787760116,0.0,F2,False,20,,,12;8;31;19;24;26;29;16,12;8;31;19;24;26;29;16,10.8,False,,True,23.160890040648006,27.228531177580052,0.8506110700425391,3.2914755757557743,0.03941629199081407,45.31584092649404,100.8464649022515,0.4493547787760116,2.7850947179471945,0.014868659727075195,19.34295855357846,33.2324416649246,0.5820504779218227,2.405309074590759,0.035108928126772784,203.85010059851,230.10391984221525,0.885904511050017,26.797674995230096,0.03821164795885059
Cu,26,29,32,31,8,0.4493547787760116,0.5264027177494363,7.704793897342466,F2,True,6,3,26,12;8;31;19;24;29;16;3,12;8;31;19;24;26;29;16,10.6,False,,True,22.575049233458245,27.466429303797547,0.8219142351473036,2.7006323661535174,0.032340788030823464,53.08585319996832,100.8464649022515,0.5264027177494363,3.314412449370225,0.0176945044587895,21.39332268025597,33.2324416649246,0.643748145139624,1.5958282163634416,0.023293396571296227,190.66333366639827,226.70606986351612,0.8410155660198394,30.195524973929185,0.04305674915610551
Cu,27,30,32,31,8,0.4493547787760116,0.4493547787760116,0.0,F2,False,32,,,12;8;31;19;24;26;29;16,12;8;31;19;24;26;29;16,10.8,False,,True,23.160890040648006,27.466429303797547,0.843243575073872,2.1813829051070943,0.026122638176261922,45.31584092649404,100.8464649022515,0.4493547787760116,5.089893445249888,0.027173184881939053,19.34295855357846,30.433955621583635,0.6355716225024824,5.505394950984572,0.08035911795514321,203.85010059851,230.59037543015938,0.8840355987028244,8.856414594734803,0.012628640235836507
Cu,28,31,32,31,8,0.4493547787760116,0.4493547787760116,0.0,F2,False,30,,,12;8;31;19;24;26;29;16,12;8;31;19;24;26;29;16,10.8,False,,True,23.160890040648006,27.466429303797547,0.843243575073872,2.1345071202945625,0.02556128823489252,45.31584092649404,100.8464649022515,0.4493547787760116,2.298699975701837,0.01227196602438663,19.34295855357846,33.2324416649246,0.5820504779218227,2.2166035479982,0.03235450091396639,203.85010059851,230.59037543015938,0.8840355987028244,19.630897792493684,0.02799231484434625
Cu,29,32,32,31,8,0.4493547787760116,0.5228658305086046,7.351105173259298,F2,True,7,3,29,12;8;31;19;24;26;16;3,12;8;31;19;24;26;29;16,10.6,False,,True,22.522360331337282,27.466429303797547,0.8199959332982285,2.7533212682744796,0.03297175159196076,52.72917062497257,100.8464649022515,0.5228658305086046,3.6710950243659726,0.019598709656556603,22.23824509618092,33.2324416649246,0.669172771606861,0.7509058004384943,0.010960544761615466,196.08397326452675,230.59037543015938,0.8503562774410598,24.77488537580072,0.0353272885938605
Cu,30,33,32,31,8,0.4493547787760116,0.4493547787760116,0.0,F2,False,24,,,12;8;31;19;24;26;29;16,12;8;31;19;24;26;29;16,10.8,False,,True,23.160890040648006,27.466429303797547,0.843243575073872,2.2188926552442716,0.026571827371162746,45.31584092649404,100.8464649022515,0.4493547787760116,2.711979911965221,0.01447832500554789,19.34295855357846,33.2324416649246,0.5820504779218227,1.7258053985233224,0.025190599552309435,203.85010059851,230.59037543015938,0.8840355987028244,23.67805006773999,0.0337632766164067
Cu,31,34,32,31,8,0.4493547787760116,0.5457966922132563,9.644191343724472,F2,True,3,3,31,12;8;19;24;26;29;16;3,12;8;31;19;24;26;29;16,10.6,False,,True,23.162305868494876,27.466429303797547,0.8432951226496858,2.113375731116883,0.025308234251404372,55.04166696504912,100.8464649022515,0.5457966922132563,1.3585986842894249,0.007253089603085636,18.181221108328508,31.131420784277303,0.5840151413041451,4.807929788290909,0.070178615779095,196.74524154828381,230.59037543015938,0.8532239959333147,24.113617092043633,0.03438436534138517
Cu,32,35,32,31,8,0.4493547787760116,0.4493547787760116,0.0,F2,False,26,,,12;8;31;19;24;26;29;16,12;8;31;19;24;26;29;16,10.8,False,,True,23.160890040648006,27.466429303797547,0.843243575073872,2.1948474126100095,0.026283879220599778,45.31584092649404,100.8464649022515,0.4493547787760116,1.4314222256152234,0.007641869363111889,19.34295855357846,33.2324416649246,0.5820504779218227,1.5898329519166412,0.023205887107008556,203.85010059851,230.59037543015938,0.8840355987028244,21.60302422898495,0.0308044319826786
Fe,1,4,32,31,8,0.13393014092253147,0.13393014092253147,0.0,F3,False,16,,,12;8;31;19;24;26;29;16,12;8;31;19;24;26;29;16,10.8,False,,True,250.2028491118371,436.70525027566106,0.5729329998984481,33.04269918803673,0.031081409066589065,17358.764800258476,50751.67711858024,0.3420333235431823,8105.250893955193,0.10763271072641298,2595.639237221909,19380.545852806135,0.13393014092253147,477.38004879558326,0.01858182133266712,95463.56236000982,151810.1736936685,0.6288350776321606,11392.586649006997,0.029226503174360454
Fe,2,5,32,31,8,0.13393014092253147,0.16065588618755425,2.672574526502278,F3,False,12,,,12;8;31;19;24;26;29;16,12;8;31;19;24;26;29;16,10.8,False,,True,250.2028491118371,436.70525027566106,0.5729329998984481,25.112358718783277,0.02362178372667634,17358.764800258476,51915.06290797656,0.33436855948779687,6941.865104558875,0.09218366815245639,2595.639237221909,16156.515013658982,0.16065588618755425,3942.79166232313,0.153471537836702,95463.56236000982,151810.1736936685,0.6288350776321606,9633.698504668268,0.024714257490598943
Fe,3,6,32,31,8,0.13393014092253147,0.16267302008045803,2.8742879157926557,F3,False,9,,,12;8;31;19;24;26;29;16,12;8;31;19;24;26;29;16,10.8,False,,True,250.2028491118371,436.70525027566106,0.5729329998984481,35.01451209051252,0.03293618258481355,17358.764800258476,51619.180786068275,0.33628516640356115,7237.747226467156,0.09611279943452715,2595.639237221909,15956.175375228826,0.16267302008045803,4143.131300753285,0.1612696755606234,95463.56236000982,151810.1736936685,0.6288350776321606,10633.093853425944,0.027278102930866296
Fe,4,7,32,31,8,0.13393014092253147,0.13568921944005186,0.1759078517520385,F3,False,27,,,12;8;31;19;24;26;29;16,12;8;31;19;24;26;29;16,10.8,False,,True,250.2028491118371,434.3946630618628,0.5759804859209454,41.456330122094776,0.03899563857031696,17358.764800258476,51038.059591008474,0.34011412148820447,7818.868421526957,0.10382972890447191,2595.639237221909,19129.29595979196,0.13568921944005186,970.0107161901525,0.037757266698709706,95463.56236000982,151810.1736936685,0.6288350776321606,12979.58257675485,0.033297777148305834
Fe,5,8,32,31,8,0.13393014092253147,0.156077543664216,2.214740274168453,F3,False,10,,,12;8;31;19;24;26;29;16,12;8;31;19;24;26;29;16,10.8,False,,True,250.2028491118371,436.70525027566106,0.5729329998984481,28.4631715024072,0.02677370488906971,17358.764800258476,55483.11681593719,0.31286571116481104,3373.8111965982434,0.04480212263877139,2595.639237221909,16630.44648374366,0.156077543664216,3468.8601922384482,0.13502395100675296,95463.56236000982,151810.1736936685,0.6288350776321606,11547.168524397794,0.02962306699353505
Fe,6,9,32,31,8,0.13393014092253147,0.13395963294905422,0.0029492026522748294,F3,False,13,,,12;8;31;19;24;26;29;16,12;8;31;19;24;26;29;16,10.8,False,,True,250.2028491118371,423.1302330163101,0.5913140437360161,52.72076016764748,0.04959145449187341,17358.764800258476,55483.11681593719,0.31286571116481104,1591.3062099581757,0.02113156066535943,2595.639237221909,19376.279107968658,0.13395963294905422,723.027568013451,0.028143549612756825,95463.56236000982,143780.9688406629,0.6639513082277383,21008.787429760458,0.053895872063336625
Fe,7,10,32,31,8,0.13393014092253147,0.13402920648392758,0.009906556139610556,F3,False,21,,,12;8;31;19;24;26;29;16,12;8;31;19;24;26;29;16,10.8,False,,True,250.2028491118371,421.7273330865084,0.593281083492194,54.12366009744922,0.05091108356786137,17358.764800258476,55483.11681593719,0.31286571116481104,1405.2821746730565,0.018661276717340542,2595.639237221909,19366.221029840766,0.13402920648392758,733.0856461413434,0.028535056151821545,95463.56236000982,145622.85113420663,0.6555534493142852,19166.905136216727,0.04917071347051203
Fe,8,11,32,31,8,0.13393014092253147,0.34090631306043384,20.697617213790238,F3,True,2,3,8,12;31;19;24;26;29;16;3,12;8;31;19;24;26;29;16,10.6,False,,True,220.65241122861633,411.2860432102243,0.5364937976167411,64.56494997373328,0.06073261781906799,24268.306864359154,55483.11681593719,0.4373998480450945,328.20516236647745,0.004358361235461807,6606.950431778821,19380.545852806135,0.34090631306043384,131.82010619637214,0.0051310432171895485,85472.76647896897,144165.86653595656,0.5928779712751986,20623.8897344668,0.05290845682043526
Fe,9,12,32,31,8,0.13393014092253147,0.13393014092253147,0.0,F3,False,22,,,12;8;31;19;24;26;29;16,12;8;31;19;24;26;29;16,10.8,False,,True,250.2028491118371,436.70525027566106,0.5729329998984481,27.432380492152078,0.025804097749241927,17358.764800258476,55483.11681593719,0.31286571116481104,775.8859855616148,0.010303285232405637,2595.639237221909,19380.545852806135,0.13393014092253147,490.0979022254632,0.019076858527382962,95463.56236000982,148584.44217855652,0.6424869317427566,16205.314091866883,0.0415730578436055
Fe,10,13,32,31,8,0.13393014092253147,0.13393014092253147,0.0,F3,False,15,,,12;8;31;19;24;26;29;16,12;8;31;19;24;26;29;16,10.8,False,,True,250.2028491118371,413.15517462343286,0.6055905008085222,62.69581856052475,0.05897443100380383,17358.764800258476,55483.11681593719,0.31286571116481104,680.6258062930565,0.009038289064723076,2595.639237221909,19380.545852806135,0.13393014092253147,285.8929326359929,0.01112826438372807,95463.56236000982,145166.63164509332,0.6576136766292222,19623.12462533003,0.05034109740153416
Fe,11,14,32,31,8,0.13393014092253147,0.13393014092253147,0.0,F3,False,11,,,12;8;31;19;24;26;29;16,12;8;31;19;24;26;29;16,10.8,False,,True,250.2028491118371,414.8080090829865,0.6031774788171497,61.042984100971125,0.05741970257001594,17358.764800258476,55483.11681593719,0.31286571116481104,1540.3815519229431,0.020455312754115194,2595.639237221909,19380.545852806135,0.13393014092253147,641.9051296867743,0.024985892188950053,95463.56236000982,145674.38362901245,0.6553215464643801,19115.372641410915,0.049038512183005825
Fe,12,15,32,31,8,0.13393014092253147,0.2967664822896469,16.283634136711544,F3,True,1,3,12,8;31;19;24;26;29;16;3,12;8;31;19;24;26;29;16,10.6,False,,True,249.95677177921516,436.70525027566106,0.5723695138115129,35.260589423134455,0.03316765369417155,16477.994517005427,50738.410502815226,0.32476371162811934,8118.517509720206,0.10780888316519821,5638.183066258654,18998.719204265573,0.2967664822896469,1100.5874717165393,0.04283991300433621,93479.84405765428,151810.1736936685,0.6157679803876873,12616.812155781496,0.0323671271399457
Fe,13,16,32,31,8,0.13393014092253147,0.13393014092253147,0.0,F3,False,23,,,12;8;31;19;24;26;29;16,12;8;31;19;24;26;29;16,10.8,False,,True,250.2028491118371,436.70525027566106,0.5729329998984481,33.520191294904244,0.03153055904114653,17358.764800258476,50654.08926767692,0.3426922692959233,8202.838744858514,0.10892861693142918,2595.639237221909,19380.545852806135,0.13393014092253147,718.7608231759795,0.027977468331308205,95463.56236000982,151810.1736936685,0.6288350776321606,10954.030271216685,0.028101432129257472
Fe,14,17,32,31,8,0.13393014092253147,0.1642783090972529,3.034816817472144,F3,False,19,,,12;8;31;19;24;26;29;16,12;8;31;19;24;26;29;16,10.8,False,,True,250.2028491118371,436.70525027566106,0.5729329998984481,22.04154942461055,0.020733246101632002,17358.764800258476,54803.191277664635,0.31674733524748483,4053.7367348708003,0.05383111257799329,2595.639237221909,15800.255380552328,0.1642783090972529,4299.051295429783,0.167338796988255,95463.56236000982,151810.1736936685,0.6288350776321606,10956.231993415986,0.028107080419924855
Fe,15,18,32,31,8,0.13393014092253147,0.13393014092253147,0.0,F3,False,17,,,12;8;31;19;24;26;29;16,12;8;31;19;24;26;29;16,10.8,False,,True,250.2028491118371,422.6330823886963,0.5920096167051238,53.217910795261275,0.05005909613145746,17358.764800258476,55483.11681593719,0.31286571116481104,170.29731454483607,0.002261442839179635,2595.639237221909,19380.545852806135,0.13393014092253147,149.5423293346842,0.00582087343695809,95463.56236000982,144086.24729398615,0.6625445811301539,20703.508976437206,0.05311271175391791
Fe,16,19,32,31,8,0.13393014092253147,0.32422096640567977,19.02908254831483,F3,True,8,3,16,12;8;31;19;24;26;29;3,12;8;31;19;24;26;29;16,10.6,False,,True,246.5280804159989,436.70525027566106,0.5645182425912745,38.68928078635074,0.036392830857113194,19592.219846746146,53852.63583255595,0.3638117158770882,5004.292179979487,0.0664539000266955,6283.579305866394,19380.545852806135,0.32422096640567977,455.1912321088001,0.017718130802873613,90733.38515525626,149426.48521224386,0.6072108637660819,15363.271058179507,0.03941288349907618
Fe,17,20,32,31,8,0.13393014092253147,0.13393014092253147,0.0,F3,False,25,,,12;8;31;19;24;26;29;16,12;8;31;19;24;26;29;16,10.8,False,,True,250.2028491118371,436.70525027566106,0.5729329998984481,15.436049492161194,0.014519823756156127,17358.764800258476,55483.11681593719,0.31286571116481104,2690.8999904829952,0.03573348488019855,2595.639237221909,19380.545852806135,0.13393014092253147,270.988424417941,0.010548112554053048,95463.56236000982,151810.1736936685,0.6288350776321606,7486.956712605187,0.01920701337358952
Fe,18,21,32,31,8,0.13393014092253147,0.13393014092253147,0.0,F3,False,14,,,12;8;31;19;24;26;29;16,12;8;31;19;24;26;29;16,10.8,False,,True,250.2028491118371,436.70525027566106,0.5729329998984481,27.44114420295477,0.025812341279192363,17358.764800258476,55483.11681593719,0.31286571116481104,834.2107837698247,0.011077802420812782,2595.639237221909,19380.545852806135,0.13393014092253147,136.1603440927565,0.005299985185617768,95463.56236000982,151810.1736936685,0.6288350776321606,10034.821973711445,0.02574329827848031
Fe,19,22,32,31,8,0.13393014092253147,0.3377642929443757,20.383415202184423,F3,True,4,3,19,12;8;31;24;26;29;16;3,12;8;31;19;24;26;29;16,10.6,False,,True,262.0824066854138,436.70525027566106,0.6001356899647525,23.13495451693586,0.021761750787543336,24111.140680960318,55483.11681593719,0.434567163213775,485.3713457653144,0.006445430787664975,6546.056366849118,19380.545852806135,0.3377642929443757,192.7141711260757,0.007501319556970366,97013.71683403027,151810.1736936685,0.6390462145823655,9082.939379405498,0.023301341897439654
Fe,20,23,32,31,8,0.13393014092253147,0.13393014092253147,0.0,F3,False,29,,,12;8;31;19;24;26;29;16,12;8;31;19;24;26;29;16,10.8,False,,True,250.2028491118371,436.70525027566106,0.5729329998984481,23.724995314737,0.02231676898681544,17358.764800258476,55483.11681593719,0.31286571116481104,136.6883252792234,0.0018151362822622361,2595.639237221909,19380.545852806135,0.13393014092253147,114.31134106191465,0.0044495217621036975,95463.56236000982,151810.1736936685,0.6288350776321606,10320.587709998845,0.026476400729753314
Fe,21,24,32,31,8,0.13393014092253147,0.13393014092253147,0.0,F3,False,31,,,12;8;31;19;24;26;29;16,12;8;31;19;24;26;29;16,10.8,False,,True,250.2028491118371,436.70525027566106,0.5729329998984481,17.208247976569343,0.016186831216037666,17358.764800258476,55483.11681593719,0.31286571116481104,80.38373369876912,0.0010674461863680418,2595.639237221909,19380.545852806135,0.13393014092253147,82.74102794213479,0.003220660356420391,95463.56236000982,151810.1736936685,0.6288350776321606,8731.842394484962,0.022400638882362493
Fe,22,25,32,31,8,0.13393014092253147,0.13393014092253147,0.0,F3,False,28,,,12;8;31;19;24;26;29;16,12;8;31;19;24;26;29;16,10.8,False,,True,250.2028491118371,428.9681567259784,0.5832667184936638,46.88283645797915,0.044100047936762574,17358.764800258476,55483.11681593719,0.31286571116481104,621.0742071828081,0.008247480720331298,2595.639237221909,19380.545852806135,0.13393014092253147,180.37554447780403,0.00702104360818046,95463.56236000982,151810.1736936685,0.6288350776321606,9615.619552625772,0.024667877808307464
Fe,23,26,32,31,8,0.13393014092253147,0.13393014092253147,0.0,F3,False,18,,,12;8;31;19;24;26;29;16,12;8;31;19;24;26;29;16,10.8,False,,True,250.2028491118371,436.70525027566106,0.5729329998984481,39.145742908296526,0.036822199107414515,17358.764800258476,55483.11681593719,0.31286571116481104,157.67035338063883,0.0020937646172317767,2595.639237221909,19380.545852806135,0.13393014092253147,150.6023720221964,0.005862135160974517,95463.56236000982,151810.1736936685,0.6288350776321606,10527.90768954927,0.02700825870258401
Fe,24,27,32,31,8,0.13393014092253147,0.34084663419499517,20.69164932724637,F3,True,5,3,24,12;8;31;19;26;29;16;3,12;8;31;19;24;26;29;16,10.6,False,,True,262.2118838605532,436.70525027566106,0.6004321763822107,23.00547734179644,0.021639958889660135,24048.42548961558,55483.11681593719,0.43343681591276095,548.0865371100514,0.00727824967710786,6605.793822790743,19380.545852806135,0.34084663419499517,132.97671518444974,0.005176063744592062,96141.90019974028,151810.1736936685,0.6333034068832637,9954.756013695489,0.02553789733603775
Fe,25,28,32,31,8,0.13393014092253147,0.13393014092253147,0.0,F3,False,20,,,12;8;31;19;24;26;29;16,12;8;31;19;24;26;29;16,10.8,False,,True,250.2028491118371,436.70525027566106,0.5729329998984481,20.041293148521568,0.01885171750127955,17358.764800258476,55483.11681593719,0.31286571116481104,413.4709645998558,0.005490638267562707,2595.639237221909,19380.545852806135,0.13393014092253147,340.4633967016699,0.013252397170314949,95463.56236000982,151810.1736936685,0.6288350776321606,9351.44668471275,0.02399016962837338
Fe,26,29,32,31,8,0.13393014092253147,0.3320504532454254,19.812031232289396,F3,True,6,3,26,12;8;31;19;24;29;16;3,12;8;31;19;24;26;29;16,10.6,False,,True,265.27319878760306,436.70525027566106,0.6074422018516034,19.94416241474659,0.018760352081880306,22361.636938936754,55483.11681593719,0.4030349811298544,2234.8750877888774,0.029677756676606198,6435.319034568028,19380.545852806135,0.3320504532454254,303.4515034071659,0.011811724502662865,97717.31175024563,151810.1736936685,0.6436809165861661,8379.344463190137,0.021496341884205215
Fe,27,30,32,31,8,0.13393014092253147,0.13393014092253147,0.0,F3,False,32,,,12;8;31;19;24;26;29;16,12;8;31;19;24;26;29;16,10.8,False,,True,250.2028491118371,436.70525027566106,0.5729329998984481,18.95000727227098,0.017825206242761783,17358.764800258476,55483.11681593719,0.31286571116481104,68.14714153682067,0.0009049518229392259,2595.639237221909,19380.545852806135,0.13393014092253147,39.35770741163972,0.0015319825137888007,95463.56236000982,151810.1736936685,0.6288350776321606,6201.328353853041,0.015908866739664865
Fe,28,31,32,31,8,0.13393014092253147,0.13393014092253147,0.0,F3,False,30,,,12;8;31;19;24;26;29;16,12;8;31;19;24;26;29;16,10.8,False,,True,250.2028491118371,436.70525027566106,0.5729329998984481,30.612755123203616,0.02879569732560173,17358.764800258476,55483.11681593719,0.31286571116481104,135.26566217229507,0.0017962441975319097,2595.639237221909,19380.545852806135,0.13393014092253147,278.12518608057854,0.010825908055652958,95463.56236000982,151810.1736936685,0.6288350776321606,9112.617646256029,0.023377478422623964
Fe,29,32,32,31,8,0.13393014092253147,0.3405117437882667,20.658160286573523,F3,True,7,3,29,12;8;31;19;24;26;16;3,12;8;31;19;24;26;29;16,10.6,False,,True,263.64511593288273,436.70525027566106,0.6037140972462829,21.572245269466922,0.020291798072835664,24188.39524703467,55483.11681593719,0.4359595609467762,408.11677969096144,0.00541953800885208,6599.303463907478,19380.545852806135,0.3405117437882667,139.46707406771637,0.005428698284845738,96329.19180986831,151810.1736936685,0.6345371292720277,9767.464403567463,0.025057420074237426
Fe,30,33,32,31,8,0.13393014092253147,0.13393014092253147,0.0,F3,False,24,,,12;8;31;19;24;26;29;16,12;8;31;19;24;26;29;16,10.8,False,,True,250.2028491118371,436.70525027566106,0.5729329998984481,26.597462622738473,0.02501873745865027,17358.764800258476,55483.11681593719,0.31286571116481104,610.7744598639763,0.008110706456557459,2595.639237221909,19380.545852806135,0.13393014092253147,388.564749406734,0.01512472246769628,95463.56236000982,151810.1736936685,0.6288350776321606,9439.748270778942,0.024216698217970685
Fe,31,34,32,31,8,0.13393014092253147,0.3405136070305717,20.658346610804024,F3,True,3,3,31,12;8;19;24;26;29;16;3,12;8;31;19;24;26;29;16,10.6,False,,True,261.1861718166768,436.70525027566106,0.5980834250373873,24.03118938567283,0.02260478853141627,24365.211828888532,55483.11681593719,0.4391464147502574,231.30019783710097,0.0030715233384483566,6599.339574560405,19380.545852806135,0.3405136070305717,139.43096341478923,0.005427292692587346,96421.57106171234,151810.1736936685,0.6351456474602121,9675.085151723435,0.02482043065467485
Fe,32,35,32,31,8,0.13393014092253147,0.13393014092253147,0.0,F3,False,26,,,12;8;31;19;24;26;29;16,12;8;31;19;24;26;29;16,10.8,False,,True,250.2028491118371,436.70525027566106,0.5729329998984481,16.974001748177255,0.015966488961141122,17358.764800258476,55483.11681593719,0.31286571116481104,299.4698879856987,0.003976774592983277,2595.639237221909,19380.545852806135,0.13393014092253147,69.83589290678641,0.0027183333025231917,95463.56236000982,151810.1736936685,0.6288350776321606,9597.43020106932,0.02462121490747708
Mn,1,4,32,31,8,0.7019320424142698,0.7019320424142698,0.0,F2,False,16,,,12;8;31;19;24;26;29;16,12;8;31;19;24;26;29;16,10.8,False,,True,619.1844599754905,856.8057802423074,0.7226660630141678,85.28647149446198,0.038138133235009836,5956.788707797752,8486.275519364515,0.7019320424142698,772.5447247219239,0.034581230441979374,1032.3593478052567,1390.6815398620504,0.7423405849679017,91.70864555277991,0.02451643774857634,1898.6683636410896,2110.3222545566896,0.8997054168108266,219.13424665871256,0.03331379107588534
Mn,2,5,32,31,8,0.7019320424142698,0.7019320424142698,0.0,F2,False,12,,,12;8;31;19;24;26;29;16,12;8;31;19;24;26;29;16,10.8,False,,True,619.1844599754905,859.5829247194732,0.720331270165194,54.25036507603084,0.024259505816839173,5956.788707797752,8486.275519364515,0.7019320424142698,737.7722840912026,0.03302472019215034,1032.3593478052567,1390.6815398620504,0.7423405849679017,99.84028030558687,0.02669026461091526,1898.6683636410896,2110.3222545566896,0.8997054168108266,234.86792089732265,0.035705696241021045
Mn,3,6,32,31,8,0.7019320424142698,0.7019320424142698,0.0,F2,False,9,,,12;8;31;19;24;26;29;16,12;8;31;19;24;26;29;16,10.8,False,,True,619.1844599754905,859.5829247194732,0.720331270165194,44.461699177036344,0.019882241313956196,5956.788707797752,8486.275519364515,0.7019320424142698,566.7932575761693,0.025371227873255898,1032.3593478052567,1390.6815398620504,0.7423405849679017,84.66404229845743,0.022633206608185998,1898.6683636410896,2110.3222545566896,0.8997054168108266,191.3877885827456,0.029095647533592867
Mn,4,7,32,31,8,0.7019320424142698,0.7019320424142698,0.0,F2,False,27,,,12;8;31;19;24;26;29;16,12;8;31;19;24;26;29;16,10.8,False,,True,619.1844599754905,859.5829247194732,0.720331270165194,71.02037190469781,0.031758664166065244,5956.788707797752,8486.275519364515,0.7019320424142698,541.6506779050676,0.024245776732773183,1032.3593478052567,1390.6815398620504,0.7423405849679017,75.46377369227014,0.020173702259449762,1898.6683636410896,2110.3222545566896,0.8997054168108266,159.62801475569,0.024267381363313564
Mn,5,8,32,31,8,0.7019320424142698,0.7019320424142698,0.0,F2,False,10,,,12;8;31;19;24;26;29;16,12;8;31;19;24;26;29;16,10.8,False,,True,619.1844599754905,859.5829247194732,0.720331270165194,68.26979208169392,0.030528668623688235,5956.788707797752,8486.275519364515,0.7019320424142698,817.3495129426697,0.03658681621168791,1032.3593478052567,1384.1341653586692,0.7458520811367607,155.04190613243102,0.041447294496665274,1898.6683636410896,2110.3222545566896,0.8997054168108266,230.0000622649489,0.034965662093285076
Mn,6,9,32,31,8,0.7019320424142698,0.7019320424142698,0.0,F2,False,13,,,12;8;31;19;24;26;29;16,12;8;31;19;24;26;29;16,10.8,False,,True,619.1844599754905,854.8139749885323,0.724349949921908,87.27827674823709,0.0390288223773271,5956.788707797752,8486.275519364515,0.7019320424142698,808.0163901615193,0.03616903992080143,1032.3593478052567,1390.6815398620504,0.7423405849679017,112.91682887387071,0.030186013425088514,1898.6683636410896,2101.873197964086,0.9033220298351848,243.31697748992627,0.03699016049252939
Mn,7,10,32,31,8,0.7019320424142698,0.7019320424142698,0.0,F2,False,21,,,12;8;31;19;24;26;29;16,12;8;31;19;24;26;29;16,10.8,False,,True,619.1844599754905,859.5829247194732,0.720331270165194,75.53345990671272,0.03377681251370026,5956.788707797752,8486.275519364515,0.7019320424142698,770.3479438271638,0.03448289647642213,1032.3593478052567,1360.0271959348083,0.7590725765565808,179.14887555629187,0.04789180157257424,1898.6683636410896,2110.3222545566896,0.8997054168108266,209.75522120866802,0.03188794870253501
Mn,8,11,32,31,8,0.7019320424142698,0.7094557413098013,0.7523698895531505,F1,True,2,3,8,12;31;19;24;26;29;16;3,12;8;31;19;24;26;29;16,10.6,False,,True,609.836041074101,859.5829247194732,0.7094557413098013,53.81011807842603,0.02406263756380029,6078.684842980516,8486.275519364515,0.716295956819902,444.8971223934048,0.019914821006638377,1034.2267327738723,1390.6815398620504,0.7436833690022686,82.79665732984176,0.02213399928634909,1889.536494863696,2110.3222545566896,0.8953781778037622,200.51965736013892,0.03048391601841934
Mn,9,12,32,31,8,0.7019320424142698,0.7019320424142698,0.0,F2,False,22,,,12;8;31;19;24;26;29;16,12;8;31;19;24;26;29;16,10.8,False,,True,619.1844599754905,859.5829247194732,0.720331270165194,77.00753195369604,0.03443598336624871,5956.788707797752,8486.275519364515,0.7019320424142698,802.2408396027262,0.035910510364632595,1032.3593478052567,1379.2108175447327,0.7485145379319602,159.96525394636748,0.042763451217413005,1898.6683636410896,2110.3222545566896,0.8997054168108266,223.39639390136352,0.03396174220603193
Mn,10,13,32,31,8,0.7019320424142698,0.7272222117914934,2.5290169377223615,F1,False,15,,,12;8;31;19;24;26;29;16,12;8;31;19;24;26;29;16,10.8,False,,True,619.1844599754905,851.4377723009112,0.7272222117914934,90.6544794358582,0.0405385819637259,5956.788707797752,7662.41794110447,0.7774032627276832,1641.2070912027164,0.07346495135840923,1032.3593478052567,1327.2812539601616,0.7777999913168689,211.8948175309385,0.056645761933682,1898.6683636410896,2057.123468568372,0.9229724868981456,288.06670688564,0.04379321915872231
Mn,11,14,32,31,8,0.7019320424142698,0.720331270165194,1.8399227750924285,F1,False,11,,,12;8;31;19;24;26;29;16,12;8;31;19;24;26;29;16,10.8,False,,True,619.1844599754905,859.5829247194732,0.720331270165194,69.93242162703721,0.0312721580190126,5956.788707797752,8156.376974074084,0.7303228782499929,1147.2480582331023,0.051353984055942645,1032.3593478052567,1390.6815398620504,0.7423405849679017,131.13442628662267,0.03505611689468251,1898.6683636410896,2098.7168254685216,0.9046805841551431,246.47334998549067,0.03747000668488959
Mn,12,15,32,31,8,0.7019320424142698,0.70984094422741,0.790890181314019,F2,True,1,3,12,8;31;19;24;26;29;16;3,12;8;31;19;24;26;29;16,10.6,False,,True,610.6689448795464,859.5829247194732,0.7104247040258967,52.97721427298058,0.02369018228751315,6023.905827639661,8486.275519364515,0.70984094422741,499.67613773426046,0.02236688066385591,1025.2924159734557,1390.6815398620504,0.7372589529556568,91.73097413025823,0.024522406838801823,1886.9114432945569,2110.3222545566896,0.8941342675130609,203.14470892927793,0.03088298837187909
Mn,13,16,32,31,8,0.7019320424142698,0.7019320424142698,0.0,F2,False,23,,,12;8;31;19;24;26;29;16,12;8;31;19;24;26;29;16,10.8,False,,True,619.1844599754905,856.4623107625467,0.72295587580988,85.62994097422262,0.03829172482523199,5956.788707797752,8486.275519364515,0.7019320424142698,807.356184291776,0.03613948728703131,1032.3593478052567,1390.6815398620504,0.7423405849679017,96.9754940820258,0.02592442238644916,1898.6683636410896,2110.3222545566896,0.8997054168108266,204.72485576088945,0.03112320952498581
Mn,14,17,32,31,8,0.7019320424142698,0.7019320424142698,0.0,F2,False,19,,,12;8;31;19;24;26;29;16,12;8;31;19;24;26;29;16,10.8,False,,True,619.1844599754905,859.5829247194732,0.720331270165194,24.509067640900426,0.010959886964197186,5956.788707797752,8486.275519364515,0.7019320424142698,340.88570479895424,0.015258983376363548,1032.3593478052567,1390.6815398620504,0.7423405849679017,54.223600975443425,0.014495574869798146,1898.6683636410896,2110.3222545566896,0.8997054168108266,115.28637226746697,0.017526361936464743
Mn,15,18,32,31,8,0.7019320424142698,0.7019320424142698,0.0,F2,False,17,,,12;8;31;19;24;26;29;16,12;8;31;19;24;26;29;16,10.8,False,,True,619.1844599754905,859.5829247194732,0.720331270165194,51.109241584321055,0.022854868198055447,5956.788707797752,8486.275519364515,0.7019320424142698,407.79181518174073,0.018253885220986796,1032.3593478052567,1390.6815398620504,0.7423405849679017,89.06659364042918,0.023810139003815404,1898.6683636410896,2110.3222545566896,0.8997054168108266,200.1044686333701,0.030420797128006098
Mn,16,19,32,31,8,0.7019320424142698,0.665755128969183,-3.617691344508678,F2,True,8,3,16,12;8;31;19;24;26;29;3,12;8;31;19;24;26;29;16,10.6,False,,True,568.6640453963395,847.110137980582,0.671298831049257,94.98211375618749,0.04247379972345978,5537.341305666268,8317.384372599532,0.665755128969183,986.2406597076522,0.04414684928031353,968.5288584746643,1390.6815398620504,0.6964418745148068,148.49453162904973,0.039696987331389544,1834.1874707226734,2089.3214939528507,0.8778866613067376,255.86868150116177,0.03889832798096348
Mn,17,20,32,31,8,0.7019320424142698,0.7056655927487427,0.3733550334472979,F2,False,25,,,12;8;31;19;24;26;29;16,12;8;31;19;24;26;29;16,10.8,False,,True,619.1844599754905,859.5829247194732,0.720331270165194,60.48552396377548,0.027047724349454887,5956.788707797752,8441.376154666377,0.7056655927487427,862.248877640808,0.038596635485107555,1032.3593478052567,1390.6815398620504,0.7423405849679017,77.71993635956737,0.020776841377360092,1898.6683636410896,2110.3222545566896,0.8997054168108266,162.13042881049338,0.02464780980057611
Mn,18,21,32,31,8,0.7019320424142698,0.7105841845340624,0.8652142119792594,F2,False,14,,,12;8;31;19;24;26;29;16,12;8;31;19;24;26;29;16,10.8,False,,True,619.1844599754905,859.5829247194732,0.720331270165194,82.50932701729631,0.036896258595022026,5956.788707797752,8382.945803534429,0.7105841845340624,920.6792287727552,0.04121213899272253,1032.3593478052567,1384.6187227225041,0.7455910647917442,154.55734876859597,0.04131775795870344,1898.6683636410896,2072.417900008943,0.9161609555837635,272.77227544506917,0.04146808969400124
Mn,19,22,32,31,8,0.7019320424142698,0.6622271525493103,-3.970488986495946,F2,True,4,3,19,12;8;31;24;26;29;16;3,12;8;31;19;24;26;29;16,10.6,False,,True,597.0318902501509,859.5829247194732,0.6945599698190766,66.61426890237608,0.029788357030535142,5450.467727274707,8230.51079420797,0.6622271525493103,1073.1142380992144,0.048035550008623244,973.5251525098456,1390.6815398620504,0.7000345690979799,143.49823759386845,0.038361329924731964,1833.3304453661142,2088.4644685962917,0.8778365506971448,256.7257068577207,0.03902861689796515
Mn,20,23,32,31,8,0.7019320424142698,0.7019320424142698,0.0,F2,False,29,,,12;8;31;19;24;26;29;16,12;8;31;19;24;26;29;16,10.8,False,,True,619.1844599754905,859.5829247194732,0.720331270165194,66.65093876183224,0.02980475494172952,5956.788707797752,8486.275519364515,0.7019320424142698,475.8877027594821,0.021302044771004582,1032.3593478052567,1390.6815398620504,0.7423405849679017,105.70054758935277,0.028256887661408124,1898.6683636410896,2110.3222545566896,0.8997054168108266,187.51425873857795,0.028506775798926114
Mn,21,24,32,31,8,0.7019320424142698,0.7019320424142698,0.0,F2,False,31,,,12;8;31;19;24;26;29;16,12;8;31;19;24;26;29;16,10.8,False,,True,619.1844599754905,859.5829247194732,0.720331270165194,39.93765146377633,0.01785919203748266,5956.788707797752,8486.275519364515,0.7019320424142698,221.16086502357396,0.009899769674669122,1032.3593478052567,1390.6815398620504,0.7423405849679017,42.87527206181241,0.011461830366382892,1898.6683636410896,2110.3222545566896,0.8997054168108266,116.07775400726696,0.017646671410419437
Mn,22,25,32,31,8,0.7019320424142698,0.7075153004662492,0.5583258051979456,F2,False,28,,,12;8;31;19;24;26;29;16,12;8;31;19;24;26;29;16,10.8,False,,True,619.1844599754905,859.5829247194732,0.720331270165194,52.70087636665234,0.023566610380916984,5956.788707797752,8419.307262856728,0.7075153004662492,884.3177694504561,0.03958449988809504,1032.3593478052567,1334.3913290635792,0.7736556175988673,204.78474242752097,0.0547450282284795,1898.6683636410896,2110.3222545566896,0.8997054168108266,230.69951877009495,0.03507199667235886
Mn,23,26,32,31,8,0.7019320424142698,0.7019320424142698,0.0,F2,False,18,,,12;8;31;19;24;26;29;16,12;8;31;19;24;26;29;16,10.8,False,,True,619.1844599754905,859.5829247194732,0.720331270165194,51.641279829872346,0.023092783369587356,5956.788707797752,8486.275519364515,0.7019320424142698,546.1173227691095,0.02444571606366631,1032.3593478052567,1390.6815398620504,0.7423405849679017,85.80507916021966,0.02293823956360267,1898.6683636410896,2110.3222545566896,0.8997054168108266,164.83308138706445,0.02505867941433765
Mn,24,27,32,31,8,0.7019320424142698,0.6778813767053175,-2.4050665708952312,F2,True,5,3,24,12;8;31;19;26;29;16;3,12;8;31;19;24;26;29;16,10.6,False,,True,603.3577792950207,859.5829247194732,0.7019192237816123,60.28837985750627,0.02695956607464714,5752.68813216745,8486.275519364515,0.6778813767053175,770.8938332064713,0.03450733198910841,952.7942686902791,1374.9469500776652,0.6929680222473017,164.22912141343502,0.04390330930488612,1807.9013454367876,2063.035368666965,0.8763307565613706,282.1548067870473,0.04289446504908852
Mn,25,28,32,31,8,0.7019320424142698,0.7019320424142698,0.0,F2,False,20,,,12;8;31;19;24;26;29;16,12;8;31;19;24;26;29;16,10.8,False,,True,619.1844599754905,859.5829247194732,0.720331270165194,66.69018649954258,0.02982230562032767,5956.788707797752,8486.275519364515,0.7019320424142698,695.4515100520864,0.031130325741322396,1032.3593478052567,1390.6815398620504,0.7423405849679017,118.51076619874122,0.03168143858776521,1898.6683636410896,2110.3222545566896,0.8997054168108266,185.35444541364225,0.02817843109257868
Mn,26,29,32,31,8,0.7019320424142698,0.6769857842230055,-2.494625819126428,F2,True,6,3,26,12;8;31;19;24;29;16;3,12;8;31;19;24;26;29;16,10.6,False,,True,606.4617904399427,859.5829247194732,0.7055302903298862,57.18436871258438,0.02557152423713633,5745.087887609479,8486.275519364515,0.6769857842230055,778.4940777644422,0.034847539876191186,1023.3802043018893,1390.6815398620504,0.7358839352993815,93.64318580182467,0.025033597666291246,1825.1124026192012,2080.2464258493787,0.8773539422734474,264.94374960463364,0.04027796136738411
Mn,27,30,32,31,8,0.7019320424142698,0.7019320424142698,0.0,F2,False,32,,,12;8;31;19;24;26;29;16,12;8;31;19;24;26;29;16,10.8,False,,True,619.1844599754905,859.5829247194732,0.720331270165194,32.3507256621613,0.01446649467299014,5956.788707797752,8486.275519364515,0.7019320424142698,82.86446467278182,0.003709241752096849,1032.3593478052567,1390.6815398620504,0.7423405849679017,29.266440376573893,0.007823786506603198,1898.6683636410896,2110.3222545566896,0.8997054168108266,71.71239658639979,0.010902046730975315
Mn,28,31,32,31,8,0.7019320424142698,0.7019320424142698,0.0,F2,False,30,,,12;8;31;19;24;26;29;16,12;8;31;19;24;26;29;16,10.8,False,,True,619.1844599754905,859.5829247194732,0.720331270165194,45.54958863908978,0.020368720265678934,5956.788707797752,8486.275519364515,0.7019320424142698,534.4580259439282,0.023923813813349137,1032.3593478052567,1390.6815398620504,0.7423405849679017,116.01580178451553,0.03101446068859785,1898.6683636410896,2110.3222545566896,0.8997054168108266,159.7275619407459,0.02428251498197751
Mn,29,32,32,31,8,0.7019320424142698,0.6492762899612918,-5.265575245297793,F1,True,7,3,29,12;8;31;19;24;26;16;3,12;8;31;19;24;26;29;16,10.6,False,,True,515.4725522473582,793.9186448316007,0.6492762899612918,148.1736069051688,0.06625980255764538,5552.36236911611,8332.405436049374,0.6663576816718895,971.2195962578111,0.04347446509332743,970.1162242832047,1390.6815398620504,0.697583304643158,146.90716582050925,0.03927263742637536,1866.2614870753473,2110.3222545566896,0.8843490528736278,223.79466514848775,0.034022289223764365
Mn,30,33,32,31,8,0.7019320424142698,0.7019320424142698,0.0,F2,False,24,,,12;8;31;19;24;26;29;16,12;8;31;19;24;26;29;16,10.8,False,,True,619.1844599754905,759.6686058216935,0.8150718026655206,182.423645915076,0.0815756261364054,5956.788707797752,8486.275519364515,0.7019320424142698,460.94609943578655,0.020633217438198258,1032.3593478052567,1390.6815398620504,0.7423405849679017,119.14254543534494,0.0318503318936436,1898.6683636410896,2110.3222545566896,0.8997054168108266,163.7260679666607,0.024890386167764615
Mn,31,34,32,31,8,0.7019320424142698,0.6750685144728218,-2.6863527941447973,F1,True,3,3,31,12;8;19;24;26;29;16;3,12;8;31;19;24;26;29;16,10.6,False,,True,578.491769662266,856.9378622465084,0.6750685144728218,85.15438949026094,0.03807906922420135,6091.328922739425,8486.275519364515,0.7177859013462207,432.25304263449584,0.019348837158872173,955.9639160172444,1378.1165974046305,0.6936741911515943,161.05947408646958,0.0430559686762235,1878.5397647712136,2110.3222545566896,0.8901672532311109,211.5163874526214,0.03215568925516685
Mn,32,35,32,31,8,0.7019320424142698,0.7019320424142698,0.0,F2,False,26,,,12;8;31;19;24;26;29;16,12;8;31;19;24;26;29;16,10.8,False,,True,619.1844599754905,859.5829247194732,0.720331270165194,51.18453920427354,0.022888539548408048,5956.788707797752,8486.275519364515,0.7019320424142698,537.8760009134198,0.024076811790401473,1032.3593478052567,1390.6815398620504,0.7423405849679017,111.91791324373595,0.0299189736851091,1898.6683636410896,2110.3222545566896,0.8997054168108266,198.52526872293782,0.030180719930190766
Ni,1,4,32,31,8,0.5349066329520056,0.5349066329520056,0.0,F3,False,16,,,12;8;31;19;24;26;29;16,12;8;31;19;24;26;29;16,10.8,False,,True,81.37537981973564,128.36214693295457,0.6339515329409315,9.135797648770337,0.026931873975705917,174.2314953482229,297.59293663282324,0.5854691892878948,23.5607413047235,0.032742118814217284,116.76318034582613,218.2870302083218,0.5349066329520056,14.745497959418792,0.026585767404356673,318.68166039379287,401.3542782156948,0.7940158550459695,39.588456478004794,0.032528443768625626
Ni,2,5,32,31,8,0.5349066329520056,0.5403065916169334,0.5399958664927818,F3,False,12,,,12;8;31;19;24;26;29;16,12;8;31;19;24;26;29;16,10.8,False,,True,81.37537981973564,128.36214693295457,0.6339515329409315,12.308079178374319,0.03628360106679944,174.2314953482229,291.3916392091528,0.597928944773753,32.74828209960311,0.04550994935171007,116.76318034582613,216.10541525395436,0.5403065916169334,25.49530686948966,0.0459674064721559,318.68166039379287,400.4862860902535,0.7957367616877019,47.69380681620049,0.03918832536435025
Ni,3,6,32,31,8,0.5349066329520056,0.550885606526327,1.5978973574321431,F3,False,9,,,12;8;31;19;24;26;29;16,12;8;31;19;24;26;29;16,10.8,False,,True,81.37537981973564,128.36214693295457,0.6339515329409315,11.186913145539906,0.03297845974657736,174.2314953482229,272.6801208392724,0.6389592861113674,51.45980046948357,0.07151315314471675,116.76318034582613,211.9554022877633,0.550885606526327,29.64531983568075,0.05344977700639383,318.68166039379287,401.3542782156948,0.7940158550459695,40.086438771518004,0.03293761832286255
Ni,4,7,32,31,8,0.5349066329520056,0.5382886790867037,0.3382046134698169,F3,False,27,,,12;8;31;19;24;26;29;16,12;8;31;19;24;26;29;16,10.8,False,,True,81.37537981973564,128.36214693295457,0.6339515329409315,8.89556055930837,0.026223667066312413,174.2314953482229,282.1083976660239,0.6176047816715053,42.031523642732054,0.05841077423047858,116.76318034582613,216.9155415713633,0.5382886790867037,24.685180552080734,0.04450676879806336,318.68166039379287,401.3542782156948,0.7940158550459695,41.14196758680122,0.03380490926493756
Ni,5,8,32,31,8,0.5349066329520056,0.5603820620461853,2.547542909417977,F3,False,10,,,12;8;31;19;24;26;29;16,12;8;31;19;24;26;29;16,10.8,False,,True,81.37537981973564,128.1397209112917,0.6350519514247266,13.29487988359042,0.03919264012980834,174.2314953482229,294.8419452689919,0.5909318471944928,29.297976039764077,0.04071509466120783,116.76318034582613,208.36352241446798,0.5603820620461853,33.23719970897605,0.059925847405550625,318.68166039379287,399.4321999999558,0.7978366801520461,48.7478929064982,0.04005443086999404
Ni,6,9,32,31,8,0.5349066329520056,0.5352079616086716,0.030132865666598896,F3,False,13,,,12;8;31;19;24;26;29;16,12;8;31;19;24;26;29;16,10.8,False,,True,81.37537981973564,126.03997782399817,0.6456314990261897,15.394622970883942,0.04538257760242304,174.2314953482229,295.41860979591274,0.5897783334252,28.721311512843176,0.039913709924955784,116.76318034582613,218.164131928964,0.5352079616086716,23.436590194480026,0.04225559132532894,318.68166039379287,394.6435682465143,0.8075176844000361,53.536524659939666,0.04398908133576856
Ni,7,10,32,31,8,0.5349066329520056,0.5497555230618595,1.4848890109853907,F3,False,21,,,12;8;31;19;24;26;29;16,12;8;31;19;24;26;29;16,10.8,False,,True,81.37537981973564,124.4474447421415,0.6538935370537149,16.987156052740616,0.050077285378539275,174.2314953482229,297.59293663282324,0.5854691892878948,18.230118690746025,0.02533420763165985,116.76318034582613,212.3911001303169,0.5497555230618595,29.209621993127154,0.0526642245935429,318.68166039379287,395.76850167055915,0.8052223940223167,52.41159123589483,0.04306476306516813
Ni,8,11,32,31,8,0.5349066329520056,0.5936233705806782,5.871673762867258,F3,True,2,3,8,12;31;19;24;26;29;16;3,12;8;31;19;24;26;29;16,10.6,False,,True,78.5948723944624,127.46718022406897,0.6165890879228985,13.967420570813145,0.041175256396955524,201.45866253822345,297.59293663282324,0.676960497845376,24.232633279483043,0.033675840151053384,129.5802826263103,218.2870302083218,0.5936233705806782,16.82821755519656,0.0303408592224987,311.48080783520857,400.89280157635164,0.7769678243421535,47.28729133010233,0.03885430587212866
Ni,9,12,32,31,8,0.5349066329520056,0.5418198851702205,0.6913252218214927,F3,False,22,,,12;8;31;19;24;26;29;16,12;8;31;19;24;26;29;16,10.8,False,,True,81.37537981973564,124.51532326547517,0.653537072270517,16.919277529406944,0.04987718289090093,174.2314953482229,297.59293663282324,0.5854691892878948,17.999231414262702,0.025013345968542638,116.76318034582613,215.5018365727631,0.5418198851702205,26.098885550680926,0.0470556438767211,318.68166039379287,401.3542782156948,0.7940158550459695,46.43801704879777,0.03815648703398063
Ni,10,13,32,31,8,0.5349066329520056,0.5349066329520056,0.0,F3,False,15,,,12;8;31;19;24;26;29;16,12;8;31;19;24;26;29;16,10.8,False,,True,81.37537981973564,124.42093218654253,0.6540328736464592,17.013668608339586,0.05015544306477715,174.2314953482229,290.32262938353773,0.6001306054515309,33.81729192521819,0.04699554126374544,116.76318034582613,218.2870302083218,0.5349066329520056,19.534212105871376,0.03521970033859302,318.68166039379287,399.44958528750607,0.7978019558198314,48.73050761894794,0.040040145990036816
Ni,11,14,32,31,8,0.5349066329520056,0.5427770787554279,0.7870445803422332,F3,False,11,,,12;8;31;19;24;26;29;16,12;8;31;19;24;26;29;16,10.8,False,,True,81.37537981973564,128.36214693295457,0.6339515329409315,6.945291935424661,0.020474372826604824,174.2314953482229,287.02601752883044,0.6070233522670889,37.11390377992553,0.05157680870500142,116.76318034582613,215.1217966196375,0.5427770787554279,26.478925503806522,0.0477408464942228,318.68166039379287,397.39264562866117,0.8019314496614544,50.78744727779283,0.04173026103822937
Ni,12,15,32,31,8,0.5349066329520056,0.6017871445778696,6.688051162586406,F3,True,1,3,12,8;31;19;24;26;29;16;3,12;8;31;19;24;26;29;16,10.6,False,,True,82.20583720650855,128.36214693295457,0.6404211768867177,10.356455758766996,0.03053031295714267,183.2884486544529,281.7370741455024,0.650565599896143,42.40284716325355,0.05892679869126203,131.36232860744914,218.2870302083218,0.6017871445778696,15.046171574057714,0.027127874480388756,327.89413671464695,401.3542782156948,0.8169693323623447,30.873962450663875,0.025368050205469728
Ni,13,16,32,31,8,0.5349066329520056,0.5349066329520056,0.0,F3,False,23,,,12;8;31;19;24;26;29;16,12;8;31;19;24;26;29;16,10.8,False,,True,81.37537981973564,128.36214693295457,0.6339515329409315,11.21703577856311,0.033067259760280215,174.2314953482229,297.59293663282324,0.5854691892878948,26.54698467593269,0.036892070379989865,116.76318034582613,218.2870302083218,0.5349066329520056,22.621022153435607,0.04078514235837603,318.68166039379287,396.0208765361355,0.8047092445761865,52.159216370318475,0.04285739550518063
Ni,14,17,32,31,8,0.5349066329520056,0.5349066329520056,0.0,F3,False,19,,,12;8;31;19;24;26;29;16,12;8;31;19;24;26;29;16,10.8,False,,True,81.37537981973564,128.36214693295457,0.6339515329409315,5.556390609193207,0.016379961268814785,174.2314953482229,297.59293663282324,0.5854691892878948,23.053109974312246,0.03203666879805789,116.76318034582613,218.2870302083218,0.5349066329520056,12.413213063091208,0.022380715533941355,318.68166039379287,401.3542782156948,0.7940158550459695,15.84162429004021,0.013016506092086908
Ni,15,18,32,31,8,0.5349066329520056,0.5349066329520056,0.0,F3,False,17,,,12;8;31;19;24;26;29;16,12;8;31;19;24;26;29;16,10.8,False,,True,81.37537981973564,128.2676301626337,0.6344186738038099,13.166970632248407,0.038815570062157086,174.2314953482229,297.59293663282324,0.5854691892878948,15.775521417882526,0.021923079156978203,116.76318034582613,218.2870302083218,0.5349066329520056,9.316252805836138,0.016796972937623826,318.68166039379287,401.3542782156948,0.7940158550459695,33.29007669285447,0.0273532863893896
Ni,16,19,32,31,8,0.5349066329520056,0.5856914327064835,5.078479975447792,F3,True,8,3,16,12;8;31;19;24;26;29;3,12;8;31;19;24;26;29;16,10.6,False,,True,79.489839103348,128.36214693295457,0.619262305926269,13.072453861927546,0.03853693935636263,203.5810960759278,297.59293663282324,0.6840925002434136,22.110199741778686,0.030726316187948563,127.84884346395543,218.2870302083218,0.5856914327064835,18.559656717551455,0.03346260112445722,320.5190674952265,401.3542782156948,0.7985938730245052,38.24903167008429,0.031427885463935185
Ni,17,20,32,31,8,0.5349066329520056,0.5349066329520056,0.0,F3,False,25,,,12;8;31;19;24;26;29;16,12;8;31;19;24;26;29;16,10.8,False,,True,81.37537981973564,128.36214693295457,0.6339515329409315,10.909364347543859,0.032160259788881894,174.2314953482229,297.59293663282324,0.5854691892878948,18.947843340470907,0.026331622163454454,116.76318034582613,218.2870302083218,0.5349066329520056,14.92860384400739,0.02691590277662004,318.68166039379287,401.3542782156948,0.7940158550459695,34.73771279086333,0.02854275810919955
Ni,18,21,32,31,8,0.5349066329520056,0.5349066329520056,0.0,F3,False,14,,,12;8;31;19;24;26;29;16,12;8;31;19;24;26;29;16,10.8,False,,True,81.37537981973564,128.36214693295457,0.6339515329409315,5.623338840897551,0.016577321303316035,174.2314953482229,297.59293663282324,0.5854691892878948,17.29176693575997,0.024030189890710284,116.76318034582613,218.2870302083218,0.5349066329520056,13.496013218154124,0.02433297738004036,318.68166039379287,401.3542782156948,0.7940158550459695,36.129952052766775,0.029686712195120042
Ni,19,22,32,31,8,0.5349066329520056,0.5860386017409542,5.113196878894866,F3,True,4,3,19,12;8;31;24;26;29;16;3,12;8;31;19;24;26;29;16,10.6,False,,True,85.47680784759487,128.36214693295457,0.6659035384648144,7.085485117680667,0.020887655307448752,203.81871132399658,297.59293663282324,0.6848909575279087,21.872584493709883,0.030396104732217384,127.92462596147034,218.2870302083218,0.5860386017409542,18.483874220036522,0.033325967159446475,311.9422844745517,401.3542782156948,0.7772242664544575,46.825814690759195,0.038475126731316554
Ni,20,23,32,31,8,0.5349066329520056,0.5349066329520056,0.0,F3,False,29,,,12;8;31;19;24;26;29;16,12;8;31;19;24;26;29;16,10.8,False,,True,81.37537981973564,128.36214693295457,0.6339515329409315,12.413050640606222,0.03659305168080857,174.2314953482229,297.59293663282324,0.5854691892878948,16.06394788784334,0.02232390244290465,116.76318034582613,218.2870302083218,0.5349066329520056,11.682871191158798,0.021063927237859773,318.68166039379287,401.3542782156948,0.7940158550459695,31.835823995907717,0.026158378042703063
Ni,21,24,32,31,8,0.5349066329520056,0.5349066329520056,0.0,F3,False,31,,,12;8;31;19;24;26;29;16,12;8;31;19;24;26;29;16,10.8,False,,True,81.37537981973564,128.36214693295457,0.6339515329409315,10.529393171387749,0.03104012378937073,174.2314953482229,297.59293663282324,0.5854691892878948,14.715778408204562,0.020450365243326607,116.76318034582613,218.2870302083218,0.5349066329520056,8.372770473633631,0.015095897673628842,318.68166039379287,401.3542782156948,0.7940158550459695,20.551345708009823,0.01688631870767685
Ni,22,25,32,31,8,0.5349066329520056,0.5349066329520056,0.0,F3,False,28,,,12;8;31;19;24;26;29;16,12;8;31;19;24;26;29;16,10.8,False,,True,81.37537981973564,128.36214693295457,0.6339515329409315,6.696555485595036,0.019741110228469496,174.2314953482229,297.59293663282324,0.5854691892878948,14.509203552122575,0.020163290299699505,116.76318034582613,218.2870302083218,0.5349066329520056,8.184678926838377,0.014756773275959372,318.68166039379287,401.3542782156948,0.7940158550459695,42.163497501894675,0.034644264505259904
Ni,23,26,32,31,8,0.5349066329520056,0.5349066329520056,0.0,F3,False,18,,,12;8;31;19;24;26;29;16,12;8;31;19;24;26;29;16,10.8,False,,True,81.37537981973564,119.81645010995061,0.6791670070767479,21.618150684931507,0.06372922564815797,174.2314953482229,297.59293663282324,0.5854691892878948,20.134552108514637,0.02798077907998031,116.76318034582613,218.2870302083218,0.5349066329520056,23.313691915122217,0.04203400877325817,318.68166039379287,401.3542782156948,0.7940158550459695,43.024358716089175,0.03535160391906288
Ni,24,27,32,31,8,0.5349066329520056,0.6218592228047367,8.695258985273114,F3,True,5,3,24,12;8;31;19;26;29;16;3,12;8;31;19;24;26;29;16,10.6,False,,True,83.198168570129,128.36214693295457,0.6481518933582859,9.364124395146542,0.027604969790116233,210.34453639232743,297.59293663282324,0.706819653625903,15.346759425379048,0.021327233045007398,135.74380295370108,218.2870302083218,0.6218592228047367,10.664697227805783,0.01922818481387573,313.2480500222374,401.3542782156948,0.7804776653056938,45.520049143073464,0.03740222505816083
Ni,25,28,32,31,8,0.5349066329520056,0.5349066329520056,0.0,F3,False,20,,,12;8;31;19;24;26;29;16,12;8;31;19;24;26;29;16,10.8,False,,True,81.37537981973564,128.36214693295457,0.6339515329409315,4.860531090838056,0.014328602255225113,174.2314953482229,297.59293663282324,0.5854691892878948,15.526696540177124,0.021577289794733896,116.76318034582613,218.2870302083218,0.5349066329520056,19.307109610828952,0.03481024016798615,318.68166039379287,401.3542782156948,0.7940158550459695,30.1082898126913,0.024738923900348337
Ni,26,29,32,31,8,0.5349066329520056,0.6137084946113343,7.880186165932868,F3,True,6,3,26,12;8;31;19;24;29;16;3,12;8;31;19;24;26;29;16,10.6,False,,True,83.43676961387771,128.36214693295457,0.6500107049273487,9.125523351397831,0.02690158586155723,207.32173582463292,297.59293663282324,0.6966621525712859,18.369559993073562,0.02552798776910833,133.96460470232802,218.2870302083218,0.6137084946113343,12.443895479178861,0.02243603516978919,323.92519182361,401.3542782156948,0.8070804508766865,34.84290734170081,0.028629192775668146
Ni,27,30,32,31,8,0.5349066329520056,0.5349066329520056,0.0,F3,False,32,,,12;8;31;19;24;26;29;16,12;8;31;19;24;26;29;16,10.8,False,,True,81.37537981973564,128.36214693295457,0.6339515329409315,3.18973018799822,0.009403164862264165,174.2314953482229,297.59293663282324,0.5854691892878948,6.432622545796411,0.008939349104404195,116.76318034582613,218.2870302083218,0.5349066329520056,5.528865659196916,0.009968407769603603,318.68166039379287,401.3542782156948,0.7940158550459695,4.997243961197212,0.004106059787408511
Ni,28,31,32,31,8,0.5349066329520056,0.5349066329520056,0.0,F3,False,30,,,12;8;31;19;24;26;29;16,12;8;31;19;24;26;29;16,10.8,False,,True,81.37537981973564,128.36214693295457,0.6339515329409315,8.126530907085021,0.023956606162216326,174.2314953482229,297.59293663282324,0.5854691892878948,17.01153803216464,0.023640758678083004,116.76318034582613,218.2870302083218,0.5349066329520056,13.110803196763829,0.023638453257579777,318.68166039379287,401.3542782156948,0.7940158550459695,24.59630021211067,0.02020991570637258
Ni,29,32,32,31,8,0.5349066329520056,0.6031102019814268,6.820356902942127,F3,True,7,3,29,12;8;31;19;24;26;16;3,12;8;31;19;24;26;29;16,10.6,False,,True,81.70087210253243,128.36214693295457,0.6364872671162628,10.86142086274312,0.03201892479655274,207.74633960969612,297.59293663282324,0.6980889464658839,17.944956208010375,0.024937920275063988,131.65113487886677,218.2870302083218,0.6031102019814268,14.757365302640112,0.02660716393009341,324.53101166318584,401.3542782156948,0.8085898899744061,34.23708750212506,0.02813141189864642
Ni,30,33,32,31,8,0.5349066329520056,0.5349066329520056,0.0,F3,False,24,,,12;8;31;19;24;26;29;16,12;8;31;19;24;26;29;16,10.8,False,,True,81.37537981973564,128.36214693295457,0.6339515329409315,7.717801068809811,0.0227516910669241,174.2314953482229,297.59293663282324,0.5854691892878948,10.178549235676707,0.014145024730782696,116.76318034582613,218.2870302083218,0.5349066329520056,9.507436099258463,0.017141671677843594,318.68166039379287,401.3542782156948,0.7940158550459695,29.08156924479059,0.023895303682985095
Ni,31,34,32,31,8,0.5349066329520056,0.6249991022460052,9.00924692939996,F3,True,3,3,31,12;8;19;24;26;29;16;3,12;8;31;19;24;26;29;16,10.6,False,,True,85.01979706401575,128.36214693295457,0.6623432148452832,7.542495901259794,0.022234900211734507,213.73934077417175,297.59293663282324,0.7182271971659331,11.951955043534749,0.016609508463095057,136.42919791214774,218.2870302083218,0.6249991022460052,9.979302269359113,0.017992434688954204,317.922582900027,401.3542782156948,0.7921245646450288,40.845516265283806,0.033561325629706124
Ni,32,35,32,31,8,0.5349066329520056,0.5349066329520056,0.0,F3,False,26,,,12;8;31;19;24;26;29;16,12;8;31;19;24;26;29;16,10.8,False,,True,81.37537981973564,128.36214693295457,0.6339515329409315,8.137317228226319,0.023988403696794825,174.2314953482229,297.59293663282324,0.5854691892878948,14.185323276232365,0.019713197225902514,116.76318034582613,218.2870302083218,0.5349066329520056,13.525540798268072,0.024386214875246243,318.68166039379287,401.3542782156948,0.7940158550459695,30.67988522533977,0.02520858376822094
Pb,1,4,32,31,8,0.04033337761582306,0.32010826581445506,27.9774888198632,F3,False,16,,,12;8;31;19;24;26;29;16,12;8;31;19;24;26;29;16,10.8,False,,True,618.9125842494283,1444.9857460154171,0.42831743216574597,806.0582265529264,0.21598891443540416,571.8321834060428,1352.7128782659433,0.4227299026967795,3197.3642986599402,0.5995823414437,220.23880670367421,688.013494882171,0.32010826581445506,4809.480751765793,0.813052152668978,720.4258663316209,1811.4808451162905,0.3976999636920655,1827.0653135199661,0.33540652717423103
Pb,2,5,32,31,8,0.04033337761582306,0.041129766940308635,0.07963893244855719,F3,False,12,,,12;8;31;19;24;26;29;16,12;8;31;19;24;26;29;16,10.8,False,,True,618.9125842494283,2118.586543200446,0.292134671692225,65.3168668517327,0.017502109278083593,571.8321834060428,4438.105405180057,0.12884601225077105,111.97177174582747,0.020997387475396697,220.23880670367421,5354.730237672034,0.041129766940308635,142.76400897593004,0.02413453568327862,720.4258663316209,3446.8285537948495,0.2090112273029811,167.95765761874122,0.03083310390567759
Pb,3,6,32,31,8,0.04033337761582306,0.040953897461347095,0.062051984552403266,F3,False,9,,,12;8;31;19;24;26;29;16,12;8;31;19;24;26;29;16,10.8,False,,True,618.9125842494283,2118.586543200446,0.292134671692225,128.51130529225912,0.03443549908479138,571.8321834060428,4434.679270132834,0.12894555582796732,115.39790679304899,0.021639869808290815,220.23880670367421,5377.725207021845,0.040953897461347095,119.76903962611905,0.02024719102064394,720.4258663316209,3446.8285537948495,0.2090112273029811,189.7071649552396,0.034825805572938295
Pb,4,7,32,31,8,0.04033337761582306,0.04059443555349783,0.026105793767476626,F3,False,27,,,12;8;31;19;24;26;29;16,12;8;31;19;24;26;29;16,10.8,False,,True,618.9125842494283,2118.586543200446,0.292134671692225,112.00354660382287,0.03001213019973622,571.8321834060428,4432.5765237402775,0.12900672562411214,117.5006531856056,0.02203418509042485,220.23880670367421,5425.344722762065,0.04059443555349783,72.14952388589818,0.012197018500995966,720.4258663316209,3446.8285537948495,0.2090112273029811,163.53892080803587,0.030021927010572342
Pb,5,8,32,31,8,0.04033337761582306,0.040689944747216544,0.03565671313934815,F3,False,10,,,12;8;31;19;24;26;29;16,12;8;31;19;24;26;29;16,10.8,False,,True,618.9125842494283,2118.586543200446,0.292134671692225,115.04033011396406,0.03082585748657964,571.8321834060428,4438.928642366327,0.12882211665858354,26.8055138129625,0.005026675484652639,220.23880670367421,5412.610119573583,0.040689944747216544,84.88412707438127,0.01434982814307219,720.4258663316209,3446.8285537948495,0.2090112273029811,157.4823936511547,0.028910090052476793
Pb,6,9,32,31,8,0.04033337761582306,0.04083162350301079,0.04982458871877274,F3,False,13,,,12;8;31;19;24;26;29;16,12;8;31;19;24;26;29;16,10.8,False,,True,618.9125842494283,2036.2021005567353,0.30395439827913256,214.84187201160833,0.057568375562023294,571.8321834060428,4438.928642366327,0.12882211665858354,42.06693997430092,0.007888558203309541,220.23880670367421,5393.829287425579,0.04083162350301079,103.66495922238444,0.01752476464765066,720.4258663316209,3378.632565223612,0.21323001315591125,259.913593412645,0.047714066424893405
Pb,7,10,32,31,8,0.04033337761582306,0.04033337761582306,0.0,F3,False,21,,,12;8;31;19;24;26;29;16,12;8;31;19;24;26;29;16,10.8,False,,True,618.9125842494283,2091.470636802142,0.2959221962569579,159.5733357662014,0.042758786437018054,571.8321834060428,4438.928642366327,0.12882211665858354,5.740048049143935,0.0010763964089883342,220.23880670367421,5460.460286799115,0.04033337761582306,32.14426907520603,0.005434051723353236,720.4258663316209,3446.8285537948495,0.2090112273029811,191.71760484140745,0.03519487538961223
Pb,8,11,32,31,8,0.04033337761582306,0.04664827014271572,0.6314892526892657,F3,True,2,3,8,12;31;19;24;26;29;16;3,12;8;31;19;24;26;29;16,10.6,False,,True,578.8702911259284,2082.4903741525845,0.2779702121607571,168.553598415759,0.04516511034406076,613.0665068961578,4438.928642366327,0.13811136791992698,74.16358330293397,0.01390744712614226,252.35997515359855,5409.846375471769,0.04664827014271572,87.6478711761947,0.014817044503295816,717.9819290928951,3446.3950564422917,0.20832838874660725,192.1511021939653,0.03527445538080616
Pb,9,12,32,31,8,0.04033337761582306,0.04033337761582306,0.0,F3,False,22,,,12;8;31;19;24;26;29;16,12;8;31;19;24;26;29;16,10.8,False,,True,618.9125842494283,2044.1646106540861,0.30277042319570846,206.87936191425723,0.05543476553801483,571.8321834060428,4438.928642366327,0.12882211665858354,16.601430277070023,0.003113165566091986,220.23880670367421,5460.460286799115,0.04033337761582306,37.03395984884852,0.006260663537515511,720.4258663316209,3381.862505890789,0.2130263619756059,256.68365274546727,0.04712112474177986
Pb,10,13,32,31,8,0.04033337761582306,0.04033337761582306,0.0,F3,False,15,,,12;8;31;19;24;26;29;16,12;8;31;19;24;26;29;16,10.8,False,,True,618.9125842494283,2118.586543200446,0.292134671692225,115.57219274467965,0.030968373781870468,571.8321834060428,4438.928642366327,0.12882211665858354,66.91021685218294,0.012547267292485769,220.23880670367421,5460.460286799115,0.04033337761582306,23.114438548935926,0.0039075411650306025,720.4258663316209,3435.382409285083,0.209707619269537,203.1637493511737,0.037296120239014345
Pb,11,14,32,31,8,0.04033337761582306,0.04033337761582306,0.0,F3,False,11,,,12;8;31;19;24;26;29;16,12;8;31;19;24;26;29;16,10.8,False,,True,618.9125842494283,2098.947426554052,0.2948680735970259,152.0965460142918,0.040755328561669794,571.8321834060428,4438.928642366327,0.12882211665858354,68.4434457064313,0.012834784403621515,220.23880670367421,5460.460286799115,0.04033337761582306,15.20965460142918,0.0025712219371089857,720.4258663316209,3424.5245903161463,0.2103725195517175,214.0215683201106,0.03928936225729856
Pb,12,15,32,31,8,0.04033337761582306,0.06155838871369915,2.1225011097876085,F3,True,1,3,12,8;31;19;24;26;29;16;3,12;8;31;19;24;26;29;16,10.6,False,,True,675.3694017738837,2118.586543200446,0.31878301310912505,72.05448776780368,0.01930750171699308,444.0461939827544,4306.893280709546,0.1031012762660326,243.18389621633742,0.04560280164381138,336.13713689049706,5460.460286799115,0.06155838871369915,3.8707094392962,0.0006543510213281256,736.7519200955828,3446.8285537948495,0.21374777091377004,173.3811111912776,0.031828723336791716
Pb,13,16,32,31,8,0.04033337761582306,0.04033337761582306,0.0,F3,False,23,,,12;8;31;19;24;26;29;16,12;8;31;19;24;26;29;16,10.8,False,,True,618.9125842494283,2118.586543200446,0.292134671692225,129.66141368508204,0.034743678636920246,571.8321834060428,4406.153007735443,0.12978037358260916,143.92416919044106,0.02698922684215592,220.23880670367421,5460.460286799115,0.04033337761582306,6.718959026360479,0.0011358531995520236,720.4258663316209,3423.3082119190203,0.21044726963914487,215.23794671723624,0.03951266092696881
Pb,14,17,32,31,8,0.04033337761582306,0.04033337761582306,0.0,F3,False,19,,,12;8;31;19;24;26;29;16,12;8;31;19;24;26;29;16,10.8,False,,True,618.9125842494283,1975.3096950600511,0.31332432873550636,275.7342775082924,0.07388491961223857,571.8321834060428,4174.3356485078475,0.13698759073445593,375.74152841803584,0.07046053071929959,220.23880670367421,5460.460286799115,0.04033337761582306,14.28675012996334,0.0024152031263553237,720.4258663316209,3359.9545311019715,0.2144153617743575,278.5916275342851,0.05114291733286213
Pb,15,18,32,31,8,0.04033337761582306,0.04033337761582306,0.0,F3,False,17,,,12;8;31;19;24;26;29;16,12;8;31;19;24;26;29;16,10.8,False,,True,618.9125842494283,2118.586543200446,0.292134671692225,132.45742936789742,0.03549289050795126,571.8321834060428,4416.232758768794,0.1294841587030536,133.84441815709008,0.025099032243974185,220.23880670367421,5460.460286799115,0.04033337761582306,3.487941708328029,0.0005896433857852177,720.4258663316209,3446.8285537948495,0.2090112273029811,98.47620403267767,0.01807793151098015
Pb,16,19,32,31,8,0.04033337761582306,0.06152976594314963,2.1196388327326563,F3,True,8,3,16,12;8;31;19;24;26;29;3,12;8;31;19;24;26;29;16,10.6,False,,True,612.5745645245779,2116.194647551234,0.2894698581878665,134.84932501710958,0.036133815602066875,576.0815556395347,4438.928642366327,0.12977941346956057,111.14853455955698,0.0208430107971075,335.98084338861327,5460.460286799115,0.06152976594314963,4.027002941180035,0.0006807727443193591,794.8981535449669,3446.8285537948495,0.23061725906552827,115.23487774189363,0.021154432666828284
Pb,17,20,32,31,8,0.04033337761582306,0.04033337761582306,0.0,F3,False,25,,,12;8;31;19;24;26;29;16,12;8;31;19;24;26;29;16,10.8,False,,True,618.9125842494283,2118.586543200446,0.292134671692225,71.08528178690122,0.019047796225772372,571.8321834060428,4438.928642366327,0.12882211665858354,34.07046050141419,0.006389026890074646,220.23880670367421,5460.460286799115,0.04033337761582306,7.150590475605449,0.0012088213424933188,720.4258663316209,3446.8285537948495,0.2090112273029811,73.60901960182079,0.013512897131072819
Pb,18,21,32,31,8,0.04033337761582306,0.04033337761582306,0.0,F3,False,14,,,12;8;31;19;24;26;29;16,12;8;31;19;24;26;29;16,10.8,False,,True,618.9125842494283,2118.586543200446,0.292134671692225,46.843050332049934,0.01255192150737033,571.8321834060428,4438.928642366327,0.12882211665858354,43.81004707314023,0.00821543250917054,220.23880670367421,5460.460286799115,0.04033337761582306,9.436010138830206,0.0015951760183602877,720.4258663316209,3446.8285537948495,0.2090112273029811,54.59405866037475,0.01002219432667394
Pb,19,22,32,31,8,0.04033337761582306,0.05850618065655822,1.817280304073516,F3,True,4,3,19,12;8;31;24;26;29;16;3,12;8;31;19;24;26;29;16,10.6,False,,True,701.6553385375653,2118.586543200446,0.3311903121397196,45.768551004122116,0.012264001930650446,657.8912754528596,4438.928642366327,0.14820947315389768,29.33881474623213,0.005501730049372686,319.47067600743077,5460.460286799115,0.05850618065655822,20.537170322362485,0.003471848917202902,859.3768817758788,3446.8285537948495,0.24932394181014078,50.75614951098158,0.009317643827092631
Pb,20,23,32,31,8,0.04033337761582306,0.04033337761582306,0.0,F3,False,29,,,12;8;31;19;24;26;29;16,12;8;31;19;24;26;29;16,10.8,False,,True,618.9125842494283,2118.586543200446,0.292134671692225,48.87263379679321,0.01309576252885659,571.8321834060428,4438.928642366327,0.12882211665858354,21.721170576352538,0.0040732394236483605,220.23880670367421,5460.460286799115,0.04033337761582306,27.422977852645076,0.0046359081835395085,720.4258663316209,3446.8285537948495,0.2090112273029811,48.329604532384394,0.008872186832052122
Pb,21,24,32,31,8,0.04033337761582306,0.04033337761582306,0.0,F3,False,31,,,12;8;31;19;24;26;29;16,12;8;31;19;24;26;29;16,10.8,False,,True,618.9125842494283,2118.586543200446,0.292134671692225,33.38693912845105,0.008946262814677157,571.8321834060428,4438.928642366327,0.12882211665858354,30.00598326734208,0.005626840117122016,220.23880670367421,5460.460286799115,0.04033337761582306,34.65479757636692,0.005858461489720688,720.4258663316209,3446.8285537948495,0.2090112273029811,31.696461197896564,0.005818730121704035
Pb,22,25,32,31,8,0.04033337761582306,0.04033337761582306,0.0,F3,False,28,,,12;8;31;19;24;26;29;16,12;8;31;19;24;26;29;16,10.8,False,,True,618.9125842494283,2118.586543200446,0.292134671692225,27.95806615898527,0.007491558500948985,571.8321834060428,4438.928642366327,0.12882211665858354,7.4939146405527515,0.0014052883772565463,220.23880670367421,5460.460286799115,0.04033337761582306,31.705023479261655,0.005359796393980762,720.4258663316209,3446.8285537948495,0.2090112273029811,20.175924032257413,0.0037038285178504185
Pb,23,26,32,31,8,0.04033337761582306,0.04033337761582306,0.0,F3,False,18,,,12;8;31;19;24;26;29;16,12;8;31;19;24;26;29;16,10.8,False,,True,618.9125842494283,2118.586543200446,0.292134671692225,28.89554794520548,0.007742763273307165,571.8321834060428,4438.928642366327,0.12882211665858354,18.461044520547947,0.003461887750409193,220.23880670367421,5460.460286799115,0.04033337761582306,30.233304794520553,0.005110999464226424,720.4258663316209,3446.8285537948495,0.2090112273029811,33.44392123287671,0.006139522978626742
Pb,24,27,32,31,8,0.04033337761582306,0.057778993830609936,1.7445616214786872,F3,True,5,3,24,12;8;31;19;26;29;16;3,12;8;31;19;24;26;29;16,10.6,False,,True,724.0174251140961,2118.586543200446,0.3417455035942775,23.406464427591185,0.006271925123953032,681.1719464648917,4438.928642366327,0.15345413304543887,6.0581437342000735,0.0011360469642062781,315.49990122325664,5460.460286799115,0.057778993830609936,24.50794510653666,0.004143116181314769,881.4945336342784,3446.8285537948495,0.25574075410968167,28.638497652582156,0.0052573594222716765
Pb,25,28,32,31,8,0.04033337761582306,0.04033337761582306,0.0,F3,False,20,,,12;8;31;19;24;26;29;16,12;8;31;19;24;26;29;16,10.8,False,,True,618.9125842494283,2118.586543200446,0.292134671692225,37.5909067464411,0.010072745210389847,571.8321834060428,4438.928642366327,0.12882211665858354,7.117804827728492,0.0013347587843954404,220.23880670367421,5460.460286799115,0.04033337761582306,16.904786465855167,0.00285778730301118,720.4258663316209,3446.8285537948495,0.2090112273029811,27.35906230658139,0.0050224849692509866
Pb,26,29,32,31,8,0.04033337761582306,0.05495440277570916,1.46210251598861,F3,True,6,3,26,12;8;31;19;24;29;16;3,12;8;31;19;24;26;29;16,10.6,False,,True,679.4897633013611,2118.586543200446,0.320727876556267,67.93412624032618,0.018203422155387325,678.2665596534931,4438.928642366327,0.15279960871187134,8.963530545598594,0.0016808765377109534,299.90784125737855,5457.394241575549,0.05495440277570916,40.10000507241476,0.006778984495195968,864.8436137933096,3446.8285537948495,0.25090995977770464,45.28941749355079,0.008314079484104736
Pb,27,30,32,31,8,0.04033337761582306,0.04033337761582306,0.0,F3,False,32,,,12;8;31;19;24;26;29;16,12;8;31;19;24;26;29;16,10.8,False,,True,618.9125842494283,2118.586543200446,0.292134671692225,52.990168976383195,0.014199084750865863,571.8321834060428,4438.928642366327,0.12882211665858354,34.90821558159839,0.006546126020988105,220.23880670367421,5460.460286799115,0.04033337761582306,34.90821558159839,0.005901302300467853,720.4258663316209,3446.8285537948495,0.2090112273029811,53.492445459571655,0.009819963867129605
Pb,28,31,32,31,8,0.04033337761582306,0.04033337761582306,0.0,F3,False,30,,,12;8;31;19;24;26;29;16,12;8;31;19;24;26;29;16,10.8,False,,True,618.9125842494283,2118.586543200446,0.292134671692225,37.89830204984669,0.010155113922348842,571.8321834060428,4438.928642366327,0.12882211665858354,22.875551687745304,0.004289713514504177,220.23880670367421,5460.460286799115,0.04033337761582306,7.169949036457482,0.0012120939451682625,720.4258663316209,3446.8285537948495,0.2090112273029811,17.754159518847096,0.0032592491045880427
Pb,29,32,32,31,8,0.04033337761582306,0.06070066029509606,2.0367282679273,F3,True,7,3,29,12;8;31;19;24;26;16;3,12;8;31;19;24;26;29;16,10.6,False,,True,677.2786180130013,2118.586543200446,0.3196841876423274,70.14527152868615,0.018795913931737268,634.6211365525771,4438.928642366327,0.1429671859321149,52.60895364651461,0.009865438111478442,331.45354492385593,5460.460286799115,0.06070066029509606,8.554301405937334,0.0014461214279988673,836.5660391957994,3446.8285537948495,0.24270601979166226,73.56699209106108,0.013505181861495217
Pb,30,33,32,31,8,0.04033337761582306,0.04033337761582306,0.0,F3,False,24,,,12;8;31;19;24;26;29;16,12;8;31;19;24;26;29;16,10.8,False,,True,618.9125842494283,2118.586543200446,0.292134671692225,75.02964367173695,0.020104715457636466,571.8321834060428,4438.928642366327,0.12882211665858354,61.789118317901014,0.011586938733354875,220.23880670367421,5460.460286799115,0.04033337761582306,1.6049121641013249,0.00027131354863789127,720.4258663316209,3446.8285537948495,0.2090112273029811,83.8566605742942,0.015394124717668399
Pb,31,34,32,31,8,0.04033337761582306,0.056591208224166606,1.6257830608343542,F3,True,3,3,31,12;8;19;24;26;29;16;3,12;8;31;19;24;26;29;16,10.6,False,,True,711.223129693657,2118.586543200446,0.3357064321853223,36.20075984803038,0.009700245669286584,640.8633635444227,4438.928642366327,0.14437343223494306,46.36672665466906,0.008694871130054883,309.01404509004124,5460.460286799115,0.056591208224166606,30.99380123975204,0.005239562879656573,868.7253128305516,3446.8285537948495,0.25203612517196783,41.40771845630873,0.007601490183666086
Pb,32,35,32,31,8,0.04033337761582306,0.04033337761582306,0.0,F3,False,26,,,12;8;31;19;24;26;29;16,12;8;31;19;24;26;29;16,10.8,False,,True,618.9125842494283,2118.586543200446,0.292134671692225,38.73275056160963,0.010378710211389483,571.8321834060428,4438.928642366327,0.12882211665858354,56.254709149004455,0.010549104536799532,220.23880670367421,5460.460286799115,0.04033337761582306,29.20326431232472,0.0049368691007608805,720.4258663316209,3446.8285537948495,0.2090112273029811,59.021334189119436,0.010834938731020864
Zn,1,4,32,31,8,0.4717649848826632,0.48731800543631204,1.5553020553648822,F4,False,16,,,12;8;31;19;24;26;29;16,12;8;31;19;24;26;29;16,10.8,False,,True,736.8060998685844,950.019195262231,0.775569697478803,15.913524698739336,0.013555802320376354,1054.0057670921854,1600.2407210921615,0.6586545094120766,112.89241639223316,0.042689828071416386,325.502791135576,589.0381165848976,0.5526005566885273,30.610132802869185,0.030114234440423337,1174.8130312559047,2410.7728796190395,0.48731800543631204,225.85076498852075,0.04666085280589132
Zn,2,5,32,31,8,0.4717649848826632,0.4717649848826632,0.0,F4,False,12,,,12;8;31;19;24;26;29;16,12;8;31;19;24;26;29;16,10.8,False,,True,736.8060998685844,950.019195262231,0.775569697478803,11.73176882548277,0.00999360871191515,1054.0057670921854,1605.05517565748,0.6566788376358664,108.0779618269148,0.04086926080729654,325.502791135576,585.4880989841552,0.5559511657031734,34.160150403611595,0.03360674010790497,1174.8130312559047,2490.2505885384917,0.4717649848826632,87.99365684181402,0.0181795225265528
Zn,3,6,32,31,8,0.4717649848826632,0.4717649848826632,0.0,F4,False,9,,,12;8;31;19;24;26;29;16,12;8;31;19;24;26;29;16,10.8,False,,True,736.8060998685844,950.019195262231,0.775569697478803,9.703424089568133,0.008265780289352483,1054.0057670921854,1614.036333014119,0.6530248083845119,99.09680447027552,0.03747307109243412,325.502791135576,589.0381165848976,0.5526005566885273,28.969642934072976,0.028500321269114334,1174.8130312559047,2490.2505885384917,0.4717649848826632,116.57438819007926,0.02408431234913282
Zn,4,7,32,31,8,0.4717649848826632,0.4717649848826632,0.0,F4,False,27,,,12;8;31;19;24;26;29;16,12;8;31;19;24;26;29;16,10.8,False,,True,736.8060998685844,950.019195262231,0.775569697478803,8.923403000650062,0.007601325877946333,1054.0057670921854,1629.5811629831219,0.6467955024484423,83.00840000604707,0.03138930353328236,325.502791135576,589.0381165848976,0.5526005566885273,23.20084780169016,0.02282498329609301,1174.8130312559047,2490.2505885384917,0.4717649848826632,92.40067502696783,0.019090014137510155
Zn,5,8,32,31,8,0.4717649848826632,0.4717649848826632,0.0,F4,False,10,,,12;8;31;19;24;26;29;16,12;8;31;19;24;26;29;16,10.8,False,,True,736.8060998685844,950.019195262231,0.775569697478803,3.058065340123071,0.002604987268269163,1054.0057670921854,1629.5811629831219,0.6467955024484423,38.70506579737857,0.01463617005629642,325.502791135576,589.0381165848976,0.5526005566885273,23.91680952573865,0.023529346107820016,1174.8130312559047,2490.2505885384917,0.4717649848826632,120.17758352227115,0.02482873385700252
Zn,6,9,32,31,8,0.4717649848826632,0.4717649848826632,0.0,F4,False,13,,,12;8;31;19;24;26;29;16,12;8;31;19;24;26;29;16,10.8,False,,True,736.8060998685844,950.019195262231,0.775569697478803,5.608094673589213,0.0047772083324289175,1054.0057670921854,1629.5811629831219,0.6467955024484423,39.9518810630901,0.015107648398518388,325.502791135576,589.0381165848976,0.5526005566885273,11.726016135686537,0.011536049230376166,1174.8130312559047,2490.2505885384917,0.4717649848826632,120.21789975814455,0.0248370632064642
Zn,7,10,32,31,8,0.4717649848826632,0.4717649848826632,0.0,F4,False,21,,,12;8;31;19;24;26;29;16,12;8;31;19;24;26;29;16,10.8,False,,True,736.8060998685844,950.019195262231,0.775569697478803,14.047322409029004,0.011966093578406006,1054.0057670921854,1629.5811629831219,0.6467955024484423,28.86931333326181,0.01091681852618742,325.502791135576,589.0381165848976,0.5526005566885273,16.422972522320677,0.016156912742941065,1174.8130312559047,2490.2505885384917,0.4717649848826632,146.37305606906867,0.030240728316038388
Zn,8,11,32,31,8,0.4717649848826632,0.42998486501622196,-4.178011986644126,F4,True,2,3,8,12;31;19;24;26;29;16;3,12;8;31;19;24;26;29;16,10.6,False,,True,636.771552512144,862.6090628041484,0.7381925138163314,109.73797144600847,0.0934793690350097,1004.7578129499177,1564.7883788718518,0.6421045979867941,148.3447586125432,0.056095993361170736,243.5301602093996,508.70597552751735,0.47872478784402717,110.94227386024936,0.10914495751772897,1014.7646635865098,2360.0008887480863,0.42998486501622196,276.6227558594742,0.057150365173989914
Zn,9,12,32,31,8,0.4717649848826632,0.4717649848826632,0.0,F4,False,22,,,12;8;31;19;24;26;29;16,12;8;31;19;24;26;29;16,10.8,False,,True,736.8060998685844,950.019195262231,0.775569697478803,6.098754363435738,0.005195172667046978,1054.0057670921854,1629.5811629831219,0.6467955024484423,23.932353329620238,0.00904992630715066,325.502791135576,589.0381165848976,0.5526005566885273,11.493259978863877,0.011307063831353248,1174.8130312559047,2490.2505885384917,0.4717649848826632,117.7836410237058,0.02433414443837911
Zn,10,13,32,31,8,0.4717649848826632,0.4717649848826632,0.0,F4,False,15,,,12;8;31;19;24;26;29;16,12;8;31;19;24;26;29;16,10.8,False,,True,736.8060998685844,950.019195262231,0.775569697478803,9.178468780175443,0.007818601519351702,1054.0057670921854,1629.5811629831219,0.6467955024484423,70.94956367075616,0.02682930148579023,325.502791135576,589.0381165848976,0.5526005566885273,9.18654969224209,0.009037723322286478,1174.8130312559047,2490.2505885384917,0.4717649848826632,117.48090267803772,0.024271598582549774
Zn,11,14,32,31,8,0.4717649848826632,0.7465125327779016,27.474754789523843,F3,False,11,,,12;8;31;19;24;26;29;16,12;8;31;19;24;26;29;16,10.8,False,,True,736.8060998685844,873.962151557218,0.843064082987747,98.38488269293879,0.08380833576137593,1054.0057670921854,1326.9616375751064,0.7943001042730057,386.1714999092884,0.14602925036107825,325.502791135576,436.0312477599325,0.7465125327779016,183.61700162783418,0.1806423209555594,1174.8130312559047,1558.3328025481046,0.7538909720278695,1078.290842059456,0.22277529263996154
Zn,12,15,32,31,8,0.4717649848826632,0.4596834799835778,-1.2081504899085438,F4,True,1,3,12,8;31;19;24;26;29;16;3,12;8;31;19;24;26;29;16,10.6,False,,True,258.7170952866923,484.55460557869657,0.5339276364481361,487.7924286714603,0.4155218822747944,616.4044197052709,1176.4349856272047,0.523959612928921,536.69815185719,0.20295031819875767,268.07776471045264,533.2535800285702,0.5027209844443797,86.3946693591964,0.08499503560604718,1144.482625412694,2489.7188505742706,0.4596834799835778,146.9047940332898,0.030350585579001776
Zn,13,16,32,31,8,0.4717649848826632,0.4717649848826632,0.0,F4,False,23,,,12;8;31;19;24;26;29;16,12;8;31;19;24;26;29;16,10.8,False,,True,736.8060998685844,950.019195262231,0.775569697478803,6.566550980640735,0.005593661285314814,1054.0057670921854,1629.5811629831219,0.6467955024484423,51.969560618213826,0.01965208716970323,325.502791135576,589.0381165848976,0.5526005566885273,17.248025524550794,0.016968599503496513,1174.8130312559047,2490.2505885384917,0.4717649848826632,102.29589331841879,0.021134369950088536
Zn,14,17,32,31,8,0.4717649848826632,0.4717649848826632,0.0,F4,False,19,,,12;8;31;19;24;26;29;16,12;8;31;19;24;26;29;16,10.8,False,,True,736.8060998685844,936.6812078081388,0.7866135177332446,35.66582644201813,0.030381634615438198,1054.0057670921854,1588.7617427037444,0.6634133607085007,124.37139478065042,0.047030559092129574,325.502791135576,581.2252195429505,0.5600286776811523,38.42302984481619,0.037800558923080554,1174.8130312559047,2490.2505885384917,0.4717649848826632,60.67741826477533,0.01253597738505817
Zn,15,18,32,31,8,0.4717649848826632,0.5055632065820113,3.379822169934804,F4,False,17,,,12;8;31;19;24;26;29;16,12;8;31;19;24;26;29;16,10.8,False,,True,736.8060998685844,919.0477618114179,0.8017059944919074,53.29927243873899,0.04540253744393075,1054.0057670921854,1629.5811629831219,0.6467955024484423,72.58940363011794,0.027449400586925327,325.502791135576,548.8666310623917,0.5930453277976283,70.78161832537506,0.06963492324747816,1174.8130312559047,2323.7708281789874,0.5055632065820113,312.85281642857296,0.06463550928430173
Zn,16,19,32,31,8,0.4717649848826632,0.47424380561203916,0.24788207293759412,F4,True,8,3,16,12;8;31;19;24;26;29;3,12;8;31;19;24;26;29;16,10.6,False,,True,739.8034428798776,950.019195262231,0.7787247316362611,6.706081078274856,0.005712518826750671,1114.8359964095548,1629.5811629831219,0.6841242533564446,38.2665751529059,0.014470356524956764,333.6084587569676,589.0381165848976,0.5663614108559728,20.86397531268135,0.020525969226320974,1180.9859160361145,2490.2505885384917,0.47424380561203916,110.40150340986918,0.022808992036926885
Zn,17,20,32,31,8,0.4717649848826632,0.4717649848826632,0.0,F4,False,25,,,12;8;31;19;24;26;29;16,12;8;31;19;24;26;29;16,10.8,False,,True,736.8060998685844,921.3517664842268,0.799701185444244,50.99526776593006,0.04343989042002564,1054.0057670921854,1629.5811629831219,0.6467955024484423,59.41805453843815,0.02246870616863222,325.502791135576,589.0381165848976,0.5526005566885273,17.61164758150379,0.01732633071431194,1174.8130312559047,2490.2505885384917,0.4717649848826632,41.08958416149104,0.008489123508224847
Zn,18,21,32,31,8,0.4717649848826632,0.4717649848826632,0.0,F4,False,14,,,12;8;31;19;24;26;29;16,12;8;31;19;24;26;29;16,10.8,False,,True,736.8060998685844,932.9164966785941,0.7897878347009517,39.43053757156285,0.033588572162685154,1054.0057670921854,1629.5811629831219,0.6467955024484423,79.5763160235929,0.030091474327212583,325.502791135576,585.8524128833782,0.5556054459749604,33.79583650438851,0.033248328262985426,1174.8130312559047,2490.2505885384917,0.4717649848826632,106.22595899101721,0.021946322992957006
Zn,19,22,32,31,8,0.4717649848826632,0.4802804054566749,0.8515420574011667,F4,True,4,3,19,12;8;31;24;26;29;16;3,12;8;31;19;24;26;29;16,10.6,False,,True,734.2295023721941,950.019195262231,0.7728575443883814,12.280021585958325,0.010460633219892067,1110.853778195939,1629.5811629831219,0.6816805467746098,42.248793366521795,0.015976216850343696,336.4976111726811,589.0381165848976,0.5712662758118506,17.97482289696786,0.01768362242105797,1196.01856235199,2490.2505885384917,0.4802804054566749,95.36885709399374,0.0197032416664832
Zn,20,23,32,31,8,0.4717649848826632,0.4717649848826632,0.0,F4,False,29,,,12;8;31;19;24;26;29;16,12;8;31;19;24;26;29;16,10.8,False,,True,736.8060998685844,950.019195262231,0.775569697478803,9.677875567496924,0.008244016995466842,1054.0057670921854,1629.5811629831219,0.6467955024484423,14.428832664268139,0.005456206939257446,325.502791135576,589.0381165848976,0.5526005566885273,9.970605001697164,0.009809076571723396,1174.8130312559047,2490.2505885384917,0.4717649848826632,82.74670319165497,0.017095499933306998
Zn,21,24,32,31,8,0.4717649848826632,0.4717649848826632,0.0,F4,False,31,,,12;8;31;19;24;26;29;16,12;8;31;19;24;26;29;16,10.8,False,,True,736.8060998685844,950.019195262231,0.775569697478803,9.433659115827743,0.008035983262847353,1054.0057670921854,1629.5811629831219,0.6467955024484423,18.728587950540366,0.0070821426733494435,325.502791135576,589.0381165848976,0.5526005566885273,21.18785107576916,0.02084459805168442,1174.8130312559047,2490.2505885384917,0.4717649848826632,70.32250710723383,0.01452865635960393
Zn,22,25,32,31,8,0.4717649848826632,0.4717649848826632,0.0,F4,False,28,,,12;8;31;19;24;26;29;16,12;8;31;19;24;26;29;16,10.8,False,,True,736.8060998685844,950.019195262231,0.775569697478803,0.8935018522677918,0.0007611220462800314,1054.0057670921854,1629.5811629831219,0.6467955024484423,23.358691280715135,0.008832998235084518,325.502791135576,589.0381165848976,0.5526005566885273,11.491235573280726,0.011305072222080393,1174.8130312559047,2490.2505885384917,0.4717649848826632,99.2639967021338,0.02050797897132721
Zn,23,26,32,31,8,0.4717649848826632,0.4717649848826632,0.0,F4,False,18,,,12;8;31;19;24;26;29;16,12;8;31;19;24;26;29;16,10.8,False,,True,736.8060998685844,950.019195262231,0.775569697478803,7.295035978948544,0.006214215110904607,1054.0057670921854,1629.5811629831219,0.6467955024484423,13.617400494037286,0.005149367020813159,325.502791135576,589.0381165848976,0.5526005566885273,9.574690081133078,0.009419575656679639,1174.8130312559047,2490.2505885384917,0.4717649848826632,80.0516809947898,0.016538707336023
Zn,24,27,32,31,8,0.4717649848826632,0.4589075528054421,-1.285743207722112,F4,True,5,3,24,12;8;31;19;26;29;16;3,12;8;31;19;24;26;29;16,10.6,False,,True,724.1816849702267,950.019195262231,0.7622811081941696,22.327838987925837,0.019019782059061515,1069.5505970611882,1629.5811629831219,0.6563346590870393,83.55197450127264,0.03159485411397472,332.84796910469703,589.0381165848976,0.5650703404976067,21.624464964951912,0.021274138593160345,1140.91236577944,2486.1485909410167,0.4589075528054421,150.4750536665437,0.03108820255911049
Zn,25,28,32,31,8,0.4717649848826632,0.4717649848826632,0.0,F4,False,20,,,12;8;31;19;24;26;29;16,12;8;31;19;24;26;29;16,10.8,False,,True,736.8060998685844,950.019195262231,0.775569697478803,5.4552179736712265,0.004646981599966317,1054.0057670921854,1629.5811629831219,0.6467955024484423,28.064796081417025,0.010612593457229598,325.502791135576,589.0381165848976,0.5526005566885273,15.767128509656686,0.015511693707763926,1174.8130312559047,2490.2505885384917,0.4717649848826632,103.79156118277317,0.02144337549217155
Zn,26,29,32,31,8,0.4717649848826632,0.47718049528207596,0.5415510399412737,F4,True,6,3,26,12;8;31;19;24;29;16;3,12;8;31;19;24;26;29;16,10.6,False,,True,739.029514232387,950.019195262231,0.7779100863624074,7.480009725765532,0.006371783443111304,1113.5079746256606,1629.5811629831219,0.6833093066609003,39.59459693680019,0.014972542796110431,339.7081047542955,589.0381165848976,0.5767166762039816,14.764329315353468,0.01452514032596729,1188.2990092152786,2490.2505885384917,0.47718049528207596,103.08841023070526,0.021298104241589642
Zn,27,30,32,31,8,0.4717649848826632,0.4717649848826632,0.0,F4,False,32,,,12;8;31;19;24;26;29;16,12;8;31;19;24;26;29;16,10.8,False,,True,736.8060998685844,950.019195262231,0.775569697478803,6.020587506830011,0.005128586886950355,1054.0057670921854,1629.5811629831219,0.6467955024484423,19.56690939719753,0.007399150667066527,325.502791135576,589.0381165848976,0.5526005566885273,28.889114076193124,0.028421097016118408,1174.8130312559047,2490.2505885384917,0.4717649848826632,50.35182063078073,0.010402705038793723
Zn,28,31,32,31,8,0.4717649848826632,0.4717649848826632,0.0,F4,False,30,,,12;8;31;19;24;26;29;16,12;8;31;19;24;26;29;16,10.8,False,,True,736.8060998685844,950.019195262231,0.775569697478803,4.551924937336489,0.003877519015797501,1054.0057670921854,1629.5811629831219,0.6467955024484423,9.908763430665408,0.003746960343073552,325.502791135576,589.0381165848976,0.5526005566885273,10.81806153499488,0.010642803915742098,1174.8130312559047,2490.2505885384917,0.4717649848826632,82.8992758931673,0.017127021510698268
Zn,29,32,32,31,8,0.4717649848826632,0.46122627827456375,-1.0538706608099468,F4,True,7,3,29,12;8;31;19;24;26;16;3,12;8;31;19;24;26;29;16,10.6,False,,True,671.7965157245791,897.6340260165834,0.7484080329550341,74.71300823357345,0.06364364837760964,1039.1743964284342,1599.204962350368,0.6498068858547993,113.92817513402652,0.04308149621019552,332.4577153028995,589.0381165848976,0.5644078132505413,22.01471876674948,0.021658070102189828,1148.5690109226505,2490.2505885384917,0.46122627827456375,142.81840852333323,0.02950633679907003
Zn,30,33,32,31,8,0.4717649848826632,0.4724759530189651,0.07109681363018927,F4,False,24,,,12;8;31;19;24;26;29;16,12;8;31;19;24;26;29;16,10.8,False,,True,736.8060998685844,950.019195262231,0.775569697478803,21.54116614541095,0.018349661407237275,1054.0057670921854,1629.5811629831219,0.6467955024484423,73.4104581424279,0.027759879156592865,325.502791135576,589.0381165848976,0.5526005566885273,28.510010877976807,0.028048135465715388,1174.8130312559047,2486.503331543622,0.4724759530189651,150.12031306393882,0.03101491301748215
Zn,31,34,32,31,8,0.4717649848826632,0.45919942958032844,-1.2565555302334774,F4,True,3,3,31,12;8;19;24;26;29;16;3,12;8;31;19;24;26;29;16,10.6,False,,True,730.7407838185349,950.019195262231,0.769185283268756,15.768740139617673,0.013432468810066626,1101.7298300315358,1629.5811629831219,0.6760815938831191,51.372741530925104,0.019426402353660548,323.5488974102228,588.7247127283405,0.5495758720757495,30.923536659426194,0.030422561009003465,1142.254171007288,2487.490396168865,0.45919942958032844,149.1332484386957,0.03081098509547262
Zn,32,35,32,31,8,0.4717649848826632,0.4717649848826632,0.0,F4,False,26,,,12;8;31;19;24;26;29;16,12;8;31;19;24;26;29;16,10.8,False,,True,736.8060998685844,950.019195262231,0.775569697478803,3.6469402047511954,0.003106615374390092,1054.0057670921854,1629.5811629831219,0.6467955024484423,9.810269150780716,0.0037097151143091443,325.502791135576,589.0381165848976,0.5526005566885273,3.5922121401805533,0.0035340166357916715,1174.8130312559047,2490.2505885384917,0.4717649848826632,99.61629150027578,0.020580763208835635
