case,omitted_ids,eligible_ids,n,k,selected_fraction,magnetic_choice_count,proximity_choice_count,total_oracle,total_m_lo,total_m_hi,total_p_lo,total_p_hi,total_classification,total_M_worst_margin_pp,total_P_worst_margin_pp,F1_oracle,F1_m_lo,F1_m_hi,F1_p_lo,F1_p_hi,F1_classification,F1_M_worst_margin_pp,F1_P_worst_margin_pp,F123_oracle,F123_m_lo,F123_m_hi,F123_p_lo,F123_p_hi,F123_classification,F123_M_worst_margin_pp,F123_P_worst_margin_pp,three_target_pattern,total_nonresidual_reversal
pair_omission,1;2,3;4;5;6;7;8;9;10;11;12;13;14;15;16;17;18;19;20;21;22;23;24;25;26;27;28;29;30;31;32,30,8,0.26666666666666666,1,4,316.9329898533702,0.9202885135251216,0.9202885135251216,0.8365815893185743,0.8584988381627496,M,6.1789675362372005,-8.370692420654734,27.321430037959388,0.847718805658017,0.847718805658017,0.7222079709428331,0.7533090001779353,M,9.44098054800817,-12.551083471518398,136.49448158918156,0.6433936998642809,0.6433936998642809,0.7725216649314057,0.8309833768704674,P,-18.758967700618655,12.912796506712487,True,True
pair_omission,1;3,2;4;5;6;7;8;9;10;11;12;13;14;15;16;17;18;19;20;21;22;23;24;25;26;27;28;29;30;31;32,30,8,0.26666666666666666,1,3,318.14652736675197,0.916778166756478,0.916778166756478,0.8465787147468589,0.8684123624784189,M,4.836580427805915,-7.019945200961919,27.466429303797547,0.8432435750738719,0.8432435750738719,0.7578538687045834,0.7730323629130463,M,7.02112121608256,-8.538970636928855,141.3829916713774,0.6211474837429073,0.6211474837429073,0.8311942954884483,0.8368273575109951,P,-21.567987376808784,21.004681174554097,True,True
pair_omission,1;4,2;3;5;6;7;8;9;10;11;12;13;14;15;16;17;18;19;20;21;22;23;24;25;26;27;28;29;30;31;32,30,8,0.26666666666666666,1,6,318.14652736675197,0.916778166756478,0.916778166756478,0.8465787147468589,0.8760145499948326,M,4.076361676164542,-7.019945200961919,27.466429303797547,0.8432435750738719,0.8432435750738719,0.7414268148068228,0.7730323629130463,M,7.02112121608256,-10.181676026704912,141.97211907279166,0.6185699705989016,0.6185699705989016,0.8277451722481282,0.8881844795029809,P,-26.961450890407924,20.917520164922653,True,True
pair_omission,1;5,2;3;4;6;7;8;9;10;11;12;13;14;15;16;17;18;19;20;21;22;23;24;25;26;27;28;29;30;31;32,30,8,0.26666666666666666,1,3,318.14652736675197,0.916778166756478,0.916778166756478,0.8541809022632728,0.8760145499948326,M,4.076361676164542,-6.2597264493205245,27.466429303797547,0.8432435750738719,0.8432435750738719,0.7420955205242218,0.7730323629130463,M,7.02112121608256,-10.114805454965015,145.52675080651431,0.6034608003959459,0.6034608003959459,0.8129993603352109,0.8664897139788136,P,-26.30289135828677,20.953855993926506,True,True
pair_omission,1;6,2;3;4;5;7;8;9;10;11;12;13;14;15;16;17;18;19;20;21;22;23;24;25;26;27;28;29;30;31;32,30,8,0.26666666666666666,1,6,318.14652736675197,0.916778166756478,0.916778166756478,0.8465787147468589,0.8760145499948326,M,4.076361676164542,-7.019945200961919,27.466429303797547,0.8432435750738719,0.8432435750738719,0.7414268148068228,0.7730323629130463,M,7.02112121608256,-10.181676026704912,145.52675080651431,0.6034608003959459,0.6034608003959459,0.8075266952986846,0.8664897139788136,P,-26.30289135828677,20.406589490273873,True,True
pair_omission,1;7,2;3;4;5;6;8;9;10;11;12;13;14;15;16;17;18;19;20;21;22;23;24;25;26;27;28;29;30;31;32,30,8,0.26666666666666666,1,6,317.86952833848244,0.9175770689433521,0.9175770689433521,0.8473164434702263,0.8767779298015317,M,4.079913914182043,-7.026062547312584,27.466429303797547,0.8432435750738719,0.8432435750738719,0.7414268148068228,0.7730323629130463,M,7.02112121608256,-10.181676026704912,145.52675080651431,0.6034608003959459,0.6034608003959459,0.8075266952986846,0.8664897139788136,P,-26.30289135828677,20.406589490273873,True,True
pair_omission,1;8,2;3;4;5;6;7;9;10;11;12;13;14;15;16;17;18;19;20;21;22;23;24;25;26;27;28;29;30;31;32,30,8,0.26666666666666666,1,4,304.90215495607316,0.9033822059451004,0.9033822059451004,0.830133422632543,0.8529154826889748,M,5.046672325612567,-7.324878331255746,25.785501285712442,0.7966172890875729,0.7966172890875729,0.7056611231679429,0.7386147037456531,M,5.800258534191983,-9.095616591962996,140.52546680859135,0.6188356219900335,0.6188356219900335,0.7790469007283195,0.8358316333832724,P,-21.69960113932389,16.0211278738286,True,True
pair_omission,1;9,2;3;4;5;6;7;8;10;11;12;13;14;15;16;17;18;19;20;21;22;23;24;25;26;27;28;29;30;31;32,30,8,0.26666666666666666,1,3,318.14652736675197,0.916778166756478,0.916778166756478,0.8558413916824021,0.8760145499948326,M,4.076361676164542,-6.093677507407591,27.466429303797547,0.8432435750738719,0.8432435750738719,0.7414268148068228,0.7723636571956473,M,7.087991787822467,-10.181676026704912,145.52675080651431,0.6034608003959459,0.6034608003959459,0.8116564890238516,0.8664897139788136,P,-26.30289135828677,20.81956886279057,True,True
pair_omission,1;10,2;3;4;5;6;7;8;9;11;12;13;14;15;16;17;18;19;20;21;22;23;24;25;26;27;28;29;30;31;32,30,8,0.26666666666666666,1,6,318.14652736675197,0.916778166756478,0.916778166756478,0.8465787147468589,0.8760145499948326,M,4.076361676164542,-7.019945200961919,26.795706288692102,0.8643507952773013,0.8643507952773013,0.7599854608581538,0.7923821270745504,M,7.196866820275094,-10.436533441914753,145.52675080651431,0.6034608003959459,0.6034608003959459,0.8075266952986846,0.8664897139788136,P,-26.30289135828677,20.406589490273873,True,True
pair_omission,1;11,2;3;4;5;6;7;8;9;10;12;13;14;15;16;17;18;19;20;21;22;23;24;25;26;27;28;29;30;31;32,30,8,0.26666666666666666,1,3,317.12935302928986,0.919718680510448,0.919718680510448,0.8492940677567792,0.8585864542010293,M,6.1132226309418725,-7.042461275366884,27.466429303797547,0.8432435750738719,0.8432435750738719,0.7414268148068228,0.7578538687045834,M,8.538970636928855,-10.181676026704912,145.52675080651431,0.6034608003959459,0.6034608003959459,0.8075266952986846,0.8623599202536467,P,-25.889911985770087,20.406589490273873,True,True
pair_omission,1;12,2;3;4;5;6;7;8;9;10;11;13;14;15;16;17;18;19;20;21;22;23;24;25;26;27;28;29;30;31;32,30,8,0.26666666666666666,1,4,313.189286517012,0.9059387569030374,0.9059387569030374,0.8346281698510882,0.8568074061934126,M,4.913135070962483,-7.131058705194915,27.466429303797547,0.8168601277586995,0.8168601277586995,0.7314704213894112,0.7624072637782355,M,5.445286398046401,-8.538970636928834,132.9803120890759,0.5972087799374547,0.5972087799374547,0.7665102680977346,0.8265169032046904,P,-22.930812326723572,16.93014881602799,True,True
pair_omission,1;13,2;3;4;5;6;7;8;9;10;11;12;14;15;16;17;18;19;20;21;22;23;24;25;26;27;28;29;30;31;32,30,8,0.26666666666666666,1,6,316.6673006583047,0.921060651077304,0.921060651077304,0.8505332810789468,0.8801066179685291,M,4.095403310877488,-7.052736999835718,27.466429303797547,0.8432435750738719,0.8432435750738719,0.7414268148068228,0.7730323629130463,M,7.02112121608256,-10.181676026704912,137.18835428175296,0.6401395364825156,0.6401395364825156,0.8566086878991759,0.9191555168278197,P,-27.901598034530405,21.646915141666025,True,True
pair_omission,1;14,2;3;4;5;6;7;8;9;10;11;12;13;15;16;17;18;19;20;21;22;23;24;25;26;27;28;29;30;31;32,30,8,0.26666666666666666,1,4,318.14652736675197,0.916778166756478,0.916778166756478,0.8853248645830799,0.90715851231464,M,0.9619654441838099,-3.1453302173398145,27.466429303797547,0.8432435750738719,0.8432435750738719,0.7723058936485689,0.8032427360373935,M,4.000083903647845,-7.093768142530299,145.52675080651431,0.6034608003959459,0.6034608003959459,0.7866403445010605,0.8414735694560225,P,-23.80127690600766,18.31795441051146,True,True
pair_omission,1;15,2;3;4;5;6;7;8;9;10;11;12;13;14;16;17;18;19;20;21;22;23;24;25;26;27;28;29;30;31;32,30,8,0.26666666666666666,1,4,318.14652736675197,0.916778166756478,0.916778166756478,0.8802299339103384,0.9020635816418985,M,1.471458511457957,-3.6548232846139617,27.466429303797547,0.8432435750738719,0.8432435750738719,0.7948666026916701,0.8258034450804945,M,1.7440129993377407,-4.837697238220184,144.30499705564276,0.6085699824161874,0.6085699824161874,0.7848339416410821,0.8401314103826628,P,-23.15614279664754,17.62639592248947,True,True
pair_omission,1;16,2;3;4;5;6;7;8;9;10;11;12;13;14;15;17;18;19;20;21;22;23;24;25;26;27;28;29;30;31;32,30,8,0.26666666666666666,1,6,318.14652736675197,0.9326175085950971,0.9326175085950971,0.8465787147468589,0.8760145499948326,M,5.660295860026443,-8.60387938482382,27.466429303797547,0.8585919870327166,0.8585919870327166,0.7414268148068228,0.7730323629130463,M,8.555962411967021,-11.716517222589374,145.52675080651431,0.6694429391484704,0.6694429391484704,0.8075266952986846,0.8664897139788136,P,-19.704677483034317,13.808375615021419,True,True
pair_omission,1;17,2;3;4;5;6;7;8;9;10;11;12;13;14;15;16;18;19;20;21;22;23;24;25;26;27;28;29;30;31;32,30,8,0.26666666666666666,1,6,317.8497700888987,0.9176341075774698,0.9176341075774698,0.847369114547389,0.8768324322702976,M,4.080167530717215,-7.026499303008082,27.466429303797547,0.8432435750738719,0.8432435750738719,0.7414268148068228,0.7730323629130463,M,7.02112121608256,-10.181676026704912,145.52675080651431,0.6034608003959459,0.6034608003959459,0.8075266952986846,0.8664897139788136,P,-26.30289135828677,20.406589490273873,True,True
pair_omission,1;18,2;3;4;5;6;7;8;9;10;11;12;13;14;15;16;17;19;20;21;22;23;24;25;26;27;28;29;30;31;32,30,8,0.26666666666666666,1,6,318.14652736675197,0.916778166756478,0.916778166756478,0.8465787147468589,0.8760145499948326,M,4.076361676164542,-7.019945200961919,27.466429303797547,0.8432435750738719,0.8432435750738719,0.7414268148068228,0.7730323629130463,M,7.02112121608256,-10.181676026704912,145.52675080651431,0.6034608003959459,0.6034608003959459,0.8075266952986846,0.8664897139788136,P,-26.30289135828677,20.406589490273873,True,True
pair_omission,1;19,2;3;4;5;6;7;8;9;10;11;12;13;14;15;16;17;18;20;21;22;23;24;25;26;27;28;29;30;31;32,30,8,0.26666666666666666,1,6,318.14652736675197,0.9226253490576092,0.9226253490576092,0.8465787147468589,0.8760145499948326,M,4.661079906277655,-7.604663431075032,27.381591093879976,0.8084725925625184,0.8084725925625184,0.7437240269570384,0.7754275006409102,M,3.3045091921608205,-6.474856560547993,145.52675080651431,0.671462453767448,0.671462453767448,0.8075266952986846,0.8664897139788136,P,-19.502726021136564,13.606424153123664,True,True
pair_omission,1;20,2;3;4;5;6;7;8;9;10;11;12;13;14;15;16;17;18;19;21;22;23;24;25;26;27;28;29;30;31;32,30,8,0.26666666666666666,1,6,318.14652736675197,0.916778166756478,0.916778166756478,0.8465787147468589,0.8760145499948326,M,4.076361676164542,-7.019945200961919,27.386194731699668,0.8457140638761014,0.8457140638761014,0.7435990064461038,0.7752971507546499,M,7.041691312145149,-10.21150574299976,145.52675080651431,0.6034608003959459,0.6034608003959459,0.8075266952986846,0.8664897139788136,P,-26.30289135828677,20.406589490273873,True,True
pair_omission,1;21,2;3;4;5;6;7;8;9;10;11;12;13;14;15;16;17;18;19;20;22;23;24;25;26;27;28;29;30;31;32,30,8,0.26666666666666666,1,6,318.14652736675197,0.916778166756478,0.916778166756478,0.8465787147468589,0.8760145499948326,M,4.076361676164542,-7.019945200961919,27.46262676564652,0.8433603325090652,0.8433603325090652,0.7415294744603788,0.7731393987431233,M,7.022093376594185,-10.183085804868641,145.52675080651431,0.6034608003959459,0.6034608003959459,0.8075266952986846,0.8664897139788136,P,-26.30289135828677,20.406589490273873,True,True
pair_omission,1;22,2;3;4;5;6;7;8;9;10;11;12;13;14;15;16;17;18;19;20;21;23;24;25;26;27;28;29;30;31;32,30,8,0.26666666666666666,1,6,318.14652736675197,0.916778166756478,0.916778166756478,0.8465787147468589,0.8760145499948326,M,4.076361676164542,-7.019945200961919,27.466429303797547,0.8432435750738719,0.8432435750738719,0.7414268148068228,0.7730323629130463,M,7.02112121608256,-10.181676026704912,145.52675080651431,0.6034608003959459,0.6034608003959459,0.8075266952986846,0.8664897139788136,P,-26.30289135828677,20.406589490273873,True,True
pair_omission,1;23,2;3;4;5;6;7;8;9;10;11;12;13;14;15;16;17;18;19;20;21;22;24;25;26;27;28;29;30;31;32,30,8,0.26666666666666666,1,6,318.14652736675197,0.916778166756478,0.916778166756478,0.8465787147468589,0.8760145499948326,M,4.076361676164542,-7.019945200961919,27.466429303797547,0.8432435750738719,0.8432435750738719,0.7414268148068228,0.7730323629130463,M,7.02112121608256,-10.181676026704912,145.52675080651431,0.6034608003959459,0.6034608003959459,0.8075266952986846,0.8664897139788136,P,-26.30289135828677,20.406589490273873,True,True
pair_omission,1;24,2;3;4;5;6;7;8;9;10;11;12;13;14;15;16;17;18;19;20;21;22;23;25;26;27;28;29;30;31;32,30,8,0.26666666666666666,1,6,318.14652736675197,0.9074043842053906,0.9074043842053906,0.8465787147468589,0.8760145499948326,M,3.1389834210557965,-6.0825669458531735,27.332043341718943,0.8081253901087129,0.8081253901087129,0.7450722559680625,0.7768332019688442,M,3.129218813986867,-6.305313414065039,145.52675080651431,0.666922888277029,0.666922888277029,0.8075266952986846,0.8664897139788136,P,-19.956682570178465,14.060380702165565,True,True
pair_omission,1;25,2;3;4;5;6;7;8;9;10;11;12;13;14;15;16;17;18;19;20;21;22;23;24;26;27;28;29;30;31;32,30,8,0.26666666666666666,1,6,318.14652736675197,0.916778166756478,0.916778166756478,0.8465787147468589,0.8760145499948326,M,4.076361676164542,-7.019945200961919,27.228531177580052,0.850611070042539,0.850611070042539,0.7479047275821981,0.7797864162052753,M,7.082465383726366,-10.270634246034094,145.52675080651431,0.6034608003959459,0.6034608003959459,0.8075266952986846,0.8664897139788136,P,-26.30289135828677,20.406589490273873,True,True
pair_omission,1;26,2;3;4;5;6;7;8;9;10;11;12;13;14;15;16;17;18;19;20;21;22;23;24;25;27;28;29;30;31;32,30,8,0.26666666666666666,1,6,317.1765323945217,0.9071212066288745,0.9071212066288745,0.8491677369885177,0.87869359343692,M,2.8427613191954526,-5.795346964035685,27.466429303797547,0.8219142351473033,0.8219142351473033,0.7414268148068228,0.7730323629130463,M,4.8881872234257,-8.04874203404805,145.52675080651431,0.6669167323245014,0.6669167323245014,0.8075266952986846,0.8664897139788136,P,-19.957298165431215,14.060996297418315,True,True
pair_omission,1;27,2;3;4;5;6;7;8;9;10;11;12;13;14;15;16;17;18;19;20;21;22;23;24;25;26;28;29;30;31;32,30,8,0.26666666666666666,1,6,318.14652736675197,0.916778166756478,0.916778166756478,0.8465787147468589,0.8760145499948326,M,4.076361676164542,-7.019945200961919,27.466429303797547,0.8432435750738719,0.8432435750738719,0.7414268148068228,0.7730323629130463,M,7.02112121608256,-10.181676026704912,145.45172899488506,0.6037720563899845,0.6037720563899845,0.807943205408526,0.8669366363258356,P,-26.316457993585107,20.41711490185415,True,True
pair_omission,1;28,2;3;4;5;6;7;8;9;10;11;12;13;14;15;16;17;18;19;20;21;22;23;24;25;26;27;29;30;31;32,30,8,0.26666666666666666,1,6,318.14652736675197,0.916778166756478,0.916778166756478,0.8465787147468589,0.8760145499948326,M,4.076361676164542,-7.019945200961919,27.466429303797547,0.8432435750738719,0.8432435750738719,0.7414268148068228,0.7730323629130463,M,7.02112121608256,-10.181676026704912,145.52675080651431,0.6034608003959459,0.6034608003959459,0.8075266952986846,0.8664897139788136,P,-26.30289135828677,20.406589490273873,True,True
pair_omission,1;29,2;3;4;5;6;7;8;9;10;11;12;13;14;15;16;17;18;19;20;21;22;23;24;25;26;27;28;30;31;32,30,8,0.26666666666666666,1,6,318.14652736675197,0.922762702289667,0.922762702289667,0.8465787147468589,0.8760145499948326,M,4.674815229483431,-7.6183987542808085,27.466429303797547,0.8199959332982284,0.8199959332982284,0.7414268148068228,0.7730323629130463,M,4.696357038518206,-7.856911849140557,145.52675080651431,0.6699096593045543,0.6699096593045543,0.8075266952986846,0.8664897139788136,P,-19.65800546742593,13.761703599413034,True,True
pair_omission,1;30,2;3;4;5;6;7;8;9;10;11;12;13;14;15;16;17;18;19;20;21;22;23;24;25;26;27;28;29;31;32,30,8,0.26666666666666666,1,6,318.14652736675197,0.916778166756478,0.916778166756478,0.8465787147468589,0.8760145499948326,M,4.076361676164542,-7.019945200961919,27.466429303797547,0.8432435750738719,0.8432435750738719,0.7414268148068228,0.7730323629130463,M,7.02112121608256,-10.181676026704912,145.52675080651431,0.6034608003959459,0.6034608003959459,0.8075266952986846,0.8664897139788136,P,-26.30289135828677,20.406589490273873,True,True
pair_omission,1;31,2;3;4;5;6;7;8;9;10;11;12;13;14;15;16;17;18;19;20;21;22;23;24;25;26;27;28;29;30;32,30,8,0.26666666666666666,1,4,318.14652736675197,0.9213692757118872,0.9213692757118872,0.851169823702268,0.8730034714338281,M,4.836580427805915,-7.019945200961919,27.466429303797547,0.8432951226496858,0.8432951226496858,0.7579054162803973,0.7888422586692218,M,5.445286398046401,-8.538970636928845,145.52675080651431,0.6623194251758003,0.6623194251758003,0.8170247601601034,0.8718579851150654,P,-20.953855993926506,15.470533498430306,True,True
pair_omission,1;32,2;3;4;5;6;7;8;9;10;11;12;13;14;15;16;17;18;19;20;21;22;23;24;25;26;27;28;29;30;31,30,8,0.26666666666666666,1,6,318.14652736675197,0.916778166756478,0.916778166756478,0.8465787147468589,0.8760145499948326,M,4.076361676164542,-7.019945200961919,27.466429303797547,0.8432435750738719,0.8432435750738719,0.7414268148068228,0.7730323629130463,M,7.02112121608256,-10.181676026704912,145.52675080651431,0.6034608003959459,0.6034608003959459,0.8075266952986846,0.8664897139788136,P,-26.30289135828677,20.406589490273873,True,True
pair_omission,2;3,1;4;5;6;7;8;9;10;11;12;13;14;15;16;17;18;19;20;21;22;23;24;25;26;27;28;29;30;31;32,30,8,0.26666666666666666,1,1,316.9329898533702,0.9202885135251216,0.9202885135251216,0.849200694405211,0.849200694405211,M,7.108781911991069,-7.108781911991069,27.321430037959388,0.847718805658017,0.847718805658017,0.7533090001779353,0.7533090001779353,M,9.44098054800817,-9.44098054800817,131.77829507489733,0.666419985710146,0.666419985710146,0.8001692851716825,0.8001692851716825,P,-13.374929946153646,13.374929946153646,True,True
pair_omission,2;4,1;3;5;6;7;8;9;10;11;12;13;14;15;16;17;18;19;20;21;22;23;24;25;26;27;28;29;30;31;32,30,8,0.26666666666666666,1,4,316.9329898533702,0.9202885135251216,0.9202885135251216,0.8365815893185743,0.8584988381627496,M,6.1789675362372005,-8.370692420654734,27.321430037959388,0.847718805658017,0.847718805658017,0.7222079709428331,0.7533090001779353,M,9.44098054800817,-12.551083471518398,132.36742247631156,0.6634539517186464,0.6634539517186464,0.7966079734618542,0.8568924521852073,P,-19.343850046656087,13.315402174320779,True,True
pair_omission,2;5,1;3;4;6;7;8;9;10;11;12;13;14;15;16;17;18;19;20;21;22;23;24;25;26;27;28;29;30;31;32,30,8,0.26666666666666666,1,1,316.9329898533702,0.9202885135251216,0.9202885135251216,0.856831990723896,0.856831990723896,M,6.34565228012256,-6.34565228012256,27.321430037959388,0.847718805658017,0.847718805658017,0.7374670198848401,0.7374670198848401,M,11.025178577317696,-11.025178577317696,136.49448158918156,0.6433936998642809,0.6433936998642809,0.8309833768704674,0.8309833768704674,P,-18.758967700618655,18.758967700618655,True,True
pair_omission,2;6,1;3;4;5;7;8;9;10;11;12;13;14;15;16;17;18;19;20;21;22;23;24;25;26;27;28;29;30;31;32,30,8,0.26666666666666666,1,4,316.9329898533702,0.9202885135251216,0.9202885135251216,0.8365815893185743,0.8584988381627496,M,6.1789675362372005,-8.370692420654734,27.23236874174023,0.8504912025940771,0.8504912025940771,0.7245698946756514,0.7557726373534475,M,9.47185652406296,-12.592130791842571,136.49448158918156,0.6433936998642809,0.6433936998642809,0.7725216649314057,0.8309833768704674,P,-18.758967700618655,12.912796506712487,True,True
pair_omission,2;7,1;3;4;5;6;8;9;10;11;12;13;14;15;16;17;18;19;20;21;22;23;24;25;26;27;28;29;30;31;32,30,8,0.26666666666666666,1,4,315.09914215503835,0.9256445070730155,0.9256445070730155,0.8414504163536026,0.8634952215474136,M,6.214928552560184,-8.419409071941287,27.321430037959388,0.847718805658017,0.847718805658017,0.7222079709428331,0.7533090001779353,M,9.44098054800817,-12.551083471518398,136.49448158918156,0.6433936998642809,0.6433936998642809,0.7725216649314057,0.8309833768704674,P,-18.758967700618655,12.912796506712487,True,True
pair_omission,2;8,1;3;4;5;6;7;9;10;11;12;13;14;15;16;17;18;19;20;21;22;23;24;25;26;27;28;29;30;31;32,30,8,0.26666666666666666,1,1,302.1317687726291,0.9116657359819665,0.9116657359819665,0.8370953750187538,0.8370953750187538,M,7.4570360963212785,-7.4570360963212785,25.551440723655126,0.8039145954291208,0.8039145954291208,0.7029648711760601,0.7029648711760601,M,10.09497242530607,-10.09497242530607,130.92077021211125,0.6642350523682584,0.6642350523682584,0.7988604034256008,0.7988604034256008,P,-13.462535105734242,13.462535105734242,True,True
pair_omission,2;9,1;3;4;5;6;7;8;10;11;12;13;14;15;16;17;18;19;20;21;22;23;24;25;26;27;28;29;30;31;32,30,8,0.26666666666666666,1,1,316.9329898533702,0.9202885135251216,0.9202885135251216,0.8584988381627496,0.8584988381627496,M,6.1789675362372005,-6.1789675362372005,27.321430037959388,0.847718805658017,0.847718805658017,0.7367947652376102,0.7367947652376102,M,11.092404042040682,-11.092404042040682,136.49448158918156,0.6433936998642809,0.6433936998642809,0.8295516435401663,0.8295516435401663,P,-18.615794367588546,18.615794367588546,True,True
pair_omission,2;10,1;3;4;5;6;7;8;9;11;12;13;14;15;16;17;18;19;20;21;22;23;24;25;26;27;28;29;30;31;32,30,8,0.26666666666666666,1,4,316.9329898533702,0.9202885135251216,0.9202885135251216,0.8365815893185743,0.8584988381627496,M,6.1789675362372005,-8.370692420654734,26.561645726634787,0.8719674330052274,0.8719674330052274,0.7428664155092293,0.7748570761445118,M,9.711035686071556,-12.91010174959981,136.49448158918156,0.6433936998642809,0.6433936998642809,0.7725216649314057,0.8309833768704674,P,-18.758967700618655,12.912796506712487,True,True
pair_omission,2;11,1;3;4;5;6;7;8;9;10;12;13;14;15;16;17;18;19;20;21;22;23;24;25;26;27;28;29;30;31;32,30,8,0.26666666666666666,1,1,314.35896684584577,0.927823987480715,0.927823987480715,0.8434316571890205,0.8434316571890205,M,8.439233029169458,-8.439233029169458,27.321430037959388,0.847718805658017,0.847718805658017,0.7222079709428331,0.7222079709428331,M,12.551083471518398,-12.551083471518398,136.49448158918156,0.6433936998642809,0.6433936998642809,0.8251485683731162,0.8251485683731162,P,-18.175486850883537,18.175486850883537,True,True
pair_omission,2;12,1;3;4;5;6;7;8;9;10;11;13;14;15;16;17;18;19;20;21;22;23;24;25;26;27;28;29;30;31;32,30,8,0.26666666666666666,1,1,310.41890033356793,0.9140239611624228,0.9140239611624228,0.8414443758613388,0.8414443758613388,M,7.257958530108399,-7.257958530108399,27.321430037959388,0.8211953371036319,0.8211953371036319,0.7267855316235502,0.7267855316235502,M,9.44098054800817,-9.44098054800817,123.37561549259581,0.643701023264075,0.643701023264075,0.7865595174659612,0.7865595174659612,P,-14.285849420188622,14.285849420188622,True,True
pair_omission,2;13,1;3;4;5;6;7;8;9;10;11;12;14;15;16;17;18;19;20;21;22;23;24;25;26;27;28;29;30;31;32,30,8,0.26666666666666666,1,4,313.89691447486064,0.9291897329006391,0.9291897329006391,0.844673178143822,0.8668024151169402,M,6.238731778369888,-8.451655475681708,27.321430037959388,0.847718805658017,0.847718805658017,0.7222079709428331,0.7533090001779353,M,9.44098054800817,-12.551083471518398,127.58365768527287,0.6883302384805168,0.6883302384805168,0.826476886493867,0.8890217390926446,P,-20.06915006121278,13.81466480133502,True,True
pair_omission,2;14,1;3;4;5;6;7;8;9;10;11;12;13;15;16;17;18;19;20;21;22;23;24;25;26;27;28;29;30;31;32,30,8,0.26666666666666666,1,1,316.9329898533702,0.9202885135251216,0.9202885135251216,0.8880952033830509,0.8880952033830509,M,3.219331014207072,-3.219331014207072,27.321430037959388,0.847718805658017,0.847718805658017,0.7678377243651098,0.7678377243651098,M,7.988108129290728,-7.988108129290728,135.92205421003425,0.6461033128959092,0.6461033128959092,0.8062613822552891,0.8062613822552891,P,-16.01580693593799,16.01580693593799,True,True
pair_omission,2;15,1;3;4;5;6;7;8;9;10;11;12;13;14;16;17;18;19;20;21;22;23;24;25;26;27;28;29;30;31;32,30,8,0.26666666666666666,1,1,316.9329898533702,0.9202885135251216,0.9202885135251216,0.8829807642031569,0.8829807642031569,M,3.730774932196479,-3.730774932196479,27.321430037959388,0.847718805658017,0.847718805658017,0.7905181667546533,0.7905181667546533,M,5.72006389033638,-5.72006389033638,134.7003004591627,0.6519635755923568,0.6519635755923568,0.8045041413129052,0.8045041413129052,P,-15.25405657205483,15.25405657205483,True,True
pair_omission,2;16,1;3;4;5;6;7;8;9;10;11;12;13;14;15;17;18;19;20;21;22;23;24;25;26;27;28;29;30;31;32,30,8,0.26666666666666666,1,4,316.9329898533702,0.9361885042583772,0.9361885042583772,0.8365815893185743,0.8584988381627496,M,7.768966609562755,-9.960691493980288,27.321430037959388,0.8631486741314994,0.8631486741314994,0.7222079709428331,0.7533090001779353,M,10.983967395356409,-14.094070318866637,136.49448158918156,0.7137420842980186,0.7137420842980186,0.7725216649314057,0.8309833768704674,P,-11.724129257244886,5.877958063338717,True,True
pair_omission,2;17,1;3;4;5;6;7;8;9;10;11;12;13;14;15;16;18;19;20;21;22;23;24;25;26;27;28;29;30;31;32,30,8,0.26666666666666666,1,4,315.0793839054546,0.9257025531278538,0.9257025531278538,0.8415031826981745,0.8635493702952315,M,6.215318283262228,-8.419937042967929,27.321430037959388,0.847718805658017,0.847718805658017,0.7222079709428331,0.7533090001779353,M,9.44098054800817,-12.551083471518398,136.49448158918156,0.6433936998642809,0.6433936998642809,0.7725216649314057,0.8309833768704674,P,-18.758967700618655,12.912796506712487,True,True
pair_omission,2;18,1;3;4;5;6;7;8;9;10;11;12;13;14;15;16;17;19;20;21;22;23;24;25;26;27;28;29;30;31;32,30,8,0.26666666666666666,1,4,316.9329898533702,0.9202885135251216,0.9202885135251216,0.8365815893185743,0.8584988381627496,M,6.1789675362372005,-8.370692420654734,27.321430037959388,0.847718805658017,0.847718805658017,0.7222079709428331,0.7533090001779353,M,9.44098054800817,-12.551083471518398,136.49448158918156,0.6433936998642809,0.6433936998642809,0.7725216649314057,0.8309833768704674,P,-18.758967700618655,12.912796506712487,True,True
pair_omission,2;19,1;3;4;5;6;7;8;9;10;11;12;13;14;15;16;17;18;20;21;22;23;24;25;26;27;28;29;30;31;32,30,8,0.26666666666666666,1,4,316.9329898533702,0.9261580847074902,0.9261580847074902,0.8365815893185743,0.8584988381627496,M,6.765924654474054,-8.957649538891587,27.14753053182266,0.8154430810642735,0.8154430810642735,0.7268342337009778,0.7581344874518418,M,5.730859361243179,-8.860884736329577,136.49448158918156,0.7158952365521194,0.7158952365521194,0.7725216649314057,0.8309833768704674,P,-11.508814031834802,5.662642837928633,True,True
pair_omission,2;20,1;3;4;5;6;7;8;9;10;11;12;13;14;15;16;17;18;19;21;22;23;24;25;26;27;28;29;30;31;32,30,8,0.26666666666666666,1,4,316.9329898533702,0.9202885135251216,0.9202885135251216,0.8365815893185743,0.8584988381627496,M,6.1789675362372005,-8.370692420654734,27.152134169642352,0.8530044045872169,0.8530044045872169,0.7267109991314221,0.7580059459317888,M,9.499845865542811,-12.629340545579481,136.49448158918156,0.6433936998642809,0.6433936998642809,0.7725216649314057,0.8309833768704674,P,-18.758967700618655,12.912796506712487,True,True
pair_omission,2;21,1;3;4;5;6;7;8;9;10;11;12;13;14;15;16;17;18;19;20;22;23;24;25;26;27;28;29;30;31;32,30,8,0.26666666666666666,1,4,316.9329898533702,0.9202885135251216,0.9202885135251216,0.8365815893185743,0.8584988381627496,M,6.1789675362372005,-8.370692420654734,27.228566203589203,0.8506099758420255,0.8506099758420255,0.7246710826944031,0.7558781829141483,M,9.473179292787714,-12.59388931476224,136.49448158918156,0.6433936998642809,0.6433936998642809,0.7725216649314057,0.8309833768704674,P,-18.758967700618655,12.912796506712487,True,True
pair_omission,2;22,1;3;4;5;6;7;8;9;10;11;12;13;14;15;16;17;18;19;20;21;23;24;25;26;27;28;29;30;31;32,30,8,0.26666666666666666,1,4,316.9329898533702,0.9202885135251216,0.9202885135251216,0.8365815893185743,0.8584988381627496,M,6.1789675362372005,-8.370692420654734,27.321430037959388,0.847718805658017,0.847718805658017,0.7222079709428331,0.7533090001779353,M,9.44098054800817,-12.551083471518398,136.49448158918156,0.6433936998642809,0.6433936998642809,0.7725216649314057,0.8309833768704674,P,-18.758967700618655,12.912796506712487,True,True
pair_omission,2;23,1;3;4;5;6;7;8;9;10;11;12;13;14;15;16;17;18;19;20;21;22;24;25;26;27;28;29;30;31;32,30,8,0.26666666666666666,1,4,316.9329898533702,0.9202885135251216,0.9202885135251216,0.8365815893185743,0.8584988381627496,M,6.1789675362372005,-8.370692420654734,27.321430037959388,0.847718805658017,0.847718805658017,0.7222079709428331,0.7533090001779353,M,9.44098054800817,-12.551083471518398,136.49448158918156,0.6433936998642809,0.6433936998642809,0.7725216649314057,0.8309833768704674,P,-18.758967700618655,12.912796506712487,True,True
pair_omission,2;24,1;3;4;5;6;7;8;9;10;11;12;13;14;15;16;17;18;19;20;21;22;23;25;26;27;28;29;30;31;32,30,8,0.26666666666666666,1,4,315.3761411833079,0.9153753757945675,0.9153753757945675,0.8407113593444313,0.862736802294814,M,5.263857349975353,-7.466401645013621,27.09798277966162,0.8151056249313435,0.8151056249313435,0.7281632257062648,0.7595207109207412,M,5.558491401060229,-8.694239922507874,136.49448158918156,0.711055273733092,0.711055273733092,0.7725216649314057,0.8309833768704674,P,-11.992810313737545,6.146639119831376,True,True
pair_omission,2;25,1;3;4;5;6;7;8;9;10;11;12;13;14;15;16;17;18;19;20;21;22;23;24;26;27;28;29;30;31;32,30,8,0.26666666666666666,1,4,316.9329898533702,0.9202885135251216,0.9202885135251216,0.8365815893185743,0.8584988381627496,M,6.1789675362372005,-8.370692420654734,26.994470615522737,0.8579864510226662,0.8579864510226662,0.7309554179449177,0.7624331456046983,M,9.555330541796792,-12.703103307774855,136.49448158918156,0.6433936998642809,0.6433936998642809,0.7725216649314057,0.8309833768704674,P,-18.758967700618655,12.912796506712487,True,True
pair_omission,2;26,1;3;4;5;6;7;8;9;10;11;12;13;14;15;16;17;18;19;20;21;22;23;24;25;27;28;29;30;31;32,30,8,0.26666666666666666,1,4,314.40614621107767,0.9151142948297221,0.9151142948297221,0.8433050929641088,0.8653984880495896,M,4.971580678013243,-7.180920186561323,27.321430037959388,0.8262762674608649,0.8262762674608649,0.7222079709428331,0.7533090001779353,M,7.296726728292957,-10.406829651803184,136.49448158918156,0.7110487104218209,0.7110487104218209,0.7725216649314057,0.8309833768704674,P,-11.993466644864647,6.147295450958479,True,True
pair_omission,2;27,1;3;4;5;6;7;8;9;10;11;12;13;14;15;16;17;18;19;20;21;22;23;24;25;26;28;29;30;31;32,30,8,0.26666666666666666,1,4,316.9329898533702,0.9202885135251216,0.9202885135251216,0.8365815893185743,0.8584988381627496,M,6.1789675362372005,-8.370692420654734,27.321430037959388,0.847718805658017,0.847718805658017,0.7222079709428331,0.7533090001779353,M,9.44098054800817,-12.551083471518398,135.847032398405,0.6464601248201547,0.6464601248201547,0.7762035158926422,0.8349438573123639,P,-18.848373249220916,12.974339107248756,True,True
pair_omission,2;28,1;3;4;5;6;7;8;9;10;11;12;13;14;15;16;17;18;19;20;21;22;23;24;25;26;27;29;30;31;32,30,8,0.26666666666666666,1,4,316.9329898533702,0.9202885135251216,0.9202885135251216,0.8365815893185743,0.8584988381627496,M,6.1789675362372005,-8.370692420654734,27.321430037959388,0.847718805658017,0.847718805658017,0.7222079709428331,0.7533090001779353,M,9.44098054800817,-12.551083471518398,136.49448158918156,0.6433936998642809,0.6433936998642809,0.7725216649314057,0.8309833768704674,P,-18.758967700618655,12.912796506712487,True,True
pair_omission,2;29,1;3;4;5;6;7;8;9;10;11;12;13;14;15;16;17;18;19;20;21;22;23;24;25;26;27;28;30;31;32,30,8,0.26666666666666666,1,4,316.9329898533702,0.9262959638655481,0.9262959638655481,0.8365815893185743,0.8584988381627496,M,6.77971257027985,-8.971437454697384,27.321430037959388,0.8243477848723709,0.8243477848723709,0.7222079709428331,0.7533090001779353,M,7.103878469443559,-10.213981392953785,136.49448158918156,0.7142396887949918,0.7142396887949918,0.7725216649314057,0.8309833768704674,P,-11.674368807547564,5.828197613641395,True,True
pair_omission,2;30,1;3;4;5;6;7;8;9;10;11;12;13;14;15;16;17;18;19;20;21;22;23;24;25;26;27;28;29;31;32,30,8,0.26666666666666666,1,4,316.9329898533702,0.9202885135251216,0.9202885135251216,0.8365815893185743,0.8584988381627496,M,6.1789675362372005,-8.370692420654734,27.321430037959388,0.847718805658017,0.847718805658017,0.7222079709428331,0.7533090001779353,M,9.44098054800817,-12.551083471518398,136.49448158918156,0.6433936998642809,0.6433936998642809,0.7725216649314057,0.8309833768704674,P,-18.758967700618655,12.912796506712487,True,True
pair_omission,2;31,1;3;4;5;6;7;8;9;10;11;12;13;14;15;16;17;18;19;20;21;22;23;24;25;26;27;28;29;30;32,30,8,0.26666666666666666,1,1,316.9329898533702,0.9248972018525867,0.9248972018525867,0.8538093827326759,0.8538093827326759,M,7.1087819119910804,-7.1087819119910804,27.321430037959388,0.8477706268051863,0.8477706268051863,0.7533608213251045,0.7533608213251045,M,9.440980548008183,-9.440980548008183,136.49448158918156,0.7061471849973451,0.7061471849973451,0.8352751500644698,0.8352751500644698,P,-12.912796506712477,12.912796506712477,True,True
pair_omission,2;32,1;3;4;5;6;7;8;9;10;11;12;13;14;15;16;17;18;19;20;21;22;23;24;25;26;27;28;29;30;31,30,8,0.26666666666666666,1,4,316.9329898533702,0.9202885135251216,0.9202885135251216,0.8365815893185743,0.8584988381627496,M,6.1789675362372005,-8.370692420654734,27.321430037959388,0.847718805658017,0.847718805658017,0.7222079709428331,0.7533090001779353,M,9.44098054800817,-12.551083471518398,136.49448158918156,0.6433936998642809,0.6433936998642809,0.7725216649314057,0.8309833768704674,P,-18.758967700618655,12.912796506712487,True,True
pair_omission,3;4,1;2;5;6;7;8;9;10;11;12;13;14;15;16;17;18;19;20;21;22;23;24;25;26;27;28;29;30;31;32,30,8,0.26666666666666666,1,3,318.14652736675197,0.916778166756478,0.916778166756478,0.8465787147468589,0.8684123624784189,M,4.836580427805915,-7.019945200961919,27.466429303797547,0.8432435750738719,0.8432435750738719,0.7578538687045834,0.7730323629130463,M,7.02112121608256,-8.538970636928855,137.25593255850742,0.6398243622969522,0.6398243622969522,0.8561869346248214,0.8619893735152395,P,-22.216501121828735,21.636257232786924,True,True
pair_omission,3;5,1;2;4;6;7;8;9;10;11;12;13;14;15;16;17;18;19;20;21;22;23;24;25;26;27;28;29;30;31;32,30,8,0.26666666666666666,1,1,318.14652736675197,0.916778166756478,0.916778166756478,0.8667518730592896,0.8667518730592896,M,5.002629369718847,-5.002629369718847,27.466429303797547,0.8432435750738719,0.8432435750738719,0.7730323629130463,0.7730323629130463,M,7.02112121608256,-7.02112121608256,141.3829916713774,0.6211474837429073,0.6211474837429073,0.8368273575109951,0.8368273575109951,P,-21.567987376808784,21.567987376808784,True,True
pair_omission,3;6,1;2;4;5;7;8;9;10;11;12;13;14;15;16;17;18;19;20;21;22;23;24;25;26;27;28;29;30;31;32,30,8,0.26666666666666666,1,3,318.14652736675197,0.916778166756478,0.916778166756478,0.8465787147468589,0.8684123624784189,M,4.836580427805915,-7.019945200961919,27.466429303797547,0.8432435750738719,0.8432435750738719,0.7578538687045834,0.7730323629130463,M,7.02112121608256,-8.538970636928855,141.3829916713774,0.6211474837429073,0.6211474837429073,0.8311942954884483,0.8368273575109951,P,-21.567987376808784,21.004681174554097,True,True
pair_omission,3;7,1;2;4;5;6;8;9;10;11;12;13;14;15;16;17;18;19;20;21;22;23;24;25;26;27;28;29;30;31;32,30,8,0.26666666666666666,1,3,317.86952833848244,0.9175770689433521,0.9175770689433521,0.8473164434702263,0.8691691175590368,M,4.840795138431531,-7.026062547312584,27.466429303797547,0.8432435750738719,0.8432435750738719,0.7578538687045834,0.7730323629130463,M,7.02112121608256,-8.538970636928855,141.3829916713774,0.6211474837429073,0.6211474837429073,0.8311942954884483,0.8368273575109951,P,-21.567987376808784,21.004681174554097,True,True
pair_omission,3;8,1;2;4;5;6;7;9;10;11;12;13;14;15;16;17;18;19;20;21;22;23;24;25;26;27;28;29;30;31;32,30,8,0.26666666666666666,1,1,304.90215495607316,0.8954497937944341,0.8954497937944341,0.8432504526022321,0.8432504526022321,M,5.219934119220204,-5.219934119220204,25.785501285712442,0.8134029063786494,0.8134029063786494,0.7386147037456531,0.7386147037456531,M,7.478820263299635,-7.478820263299635,135.80928029430711,0.581568972479909,0.581568972479909,0.8061005047180304,0.8061005047180304,P,-22.453153223812137,22.453153223812137,True,True
pair_omission,3;9,1;2;4;5;6;7;8;10;11;12;13;14;15;16;17;18;19;20;21;22;23;24;25;26;27;28;29;30;31;32,30,8,0.26666666666666666,1,1,318.14652736675197,0.916778166756478,0.916778166756478,0.8684123624784189,0.8684123624784189,M,4.836580427805915,-4.836580427805915,27.466429303797547,0.8432435750738719,0.8432435750738719,0.7723636571956473,0.7723636571956473,M,7.087991787822467,-7.087991787822467,141.3829916713774,0.6211474837429073,0.6211474837429073,0.8354451283164988,0.8354451283164988,P,-21.429764457359145,21.429764457359145,True,True
pair_omission,3;10,1;2;4;5;6;7;8;9;11;12;13;14;15;16;17;18;19;20;21;22;23;24;25;26;27;28;29;30;31;32,30,8,0.26666666666666666,1,3,318.14652736675197,0.916778166756478,0.916778166756478,0.8465787147468589,0.8684123624784189,M,4.836580427805915,-7.019945200961919,26.795706288692102,0.8643507952773013,0.8643507952773013,0.7768237001525932,0.7923821270745504,M,7.196866820275094,-8.752709512470814,141.3829916713774,0.6211474837429073,0.6211474837429073,0.8311942954884483,0.8368273575109951,P,-21.567987376808784,21.004681174554097,True,True
pair_omission,3;11,1;2;4;5;6;7;8;9;10;12;13;14;15;16;17;18;19;20;21;22;23;24;25;26;27;28;29;30;31;32,30,8,0.26666666666666666,1,1,317.12935302928986,0.919718680510448,0.919718680510448,0.8492940677567792,0.8492940677567792,M,7.042461275366884,-7.042461275366884,27.466429303797547,0.8432435750738719,0.8432435750738719,0.7578538687045834,0.7578538687045834,M,8.538970636928855,-8.538970636928855,141.3829916713774,0.6211474837429073,0.6211474837429073,0.8311942954884483,0.8311942954884483,P,-21.004681174554097,21.004681174554097,True,True
pair_omission,3;12,1;2;4;5;6;7;8;9;10;11;13;14;15;16;17;18;19;20;21;22;23;24;25;26;27;28;29;30;31;32,30,8,0.26666666666666666,1,1,313.189286517012,0.8982162400007662,0.8982162400007662,0.847398117216974,0.847398117216974,M,5.081812278379216,-5.081812278379216,27.466429303797547,0.8326184759390614,0.8326184759390614,0.7624072637782355,0.7624072637782355,M,7.021121216082582,-7.021121216082582,128.26412557479168,0.5569547100901968,0.5569547100901968,0.7946943404037122,0.7946943404037122,P,-23.773963031351542,23.773963031351542,True,True
pair_omission,3;13,1;2;4;5;6;7;8;9;10;11;12;14;15;16;17;18;19;20;21;22;23;24;25;26;27;28;29;30;31;32,30,8,0.26666666666666666,1,3,316.6673006583047,0.921060651077304,0.921060651077304,0.8505332810789468,0.8724689188637905,M,4.859173221351343,-7.052736999835718,27.466429303797547,0.8432435750738719,0.8432435750738719,0.7578538687045834,0.7730323629130463,M,7.02112121608256,-8.538970636928855,132.47216776746873,0.6629293609422342,0.6629293609422342,0.887105103938658,0.8931170774304489,P,-23.018771648821467,22.417574299642386,True,True
pair_omission,3;14,1;2;4;5;6;7;8;9;10;11;12;13;15;16;17;18;19;20;21;22;23;24;25;26;27;28;29;30;31;32,30,8,0.26666666666666666,1,1,318.14652736675197,0.916778166756478,0.916778166756478,0.8978958353790968,0.8978958353790968,M,1.8882331377381267,-1.8882331377381267,27.466429303797547,0.8432435750738719,0.8432435750738719,0.8032427360373935,0.8032427360373935,M,4.000083903647845,-4.000083903647845,140.81056429223008,0.6236725913438185,0.6236725913438185,0.8129873917057602,0.8129873917057602,P,-18.93148003619417,18.93148003619417,True,True
pair_omission,3;15,1;2;4;5;6;7;8;9;10;11;12;13;14;16;17;18;19;20;21;22;23;24;25;26;27;28;29;30;31;32,30,8,0.26666666666666666,1,1,318.14652736675197,0.916778166756478,0.916778166756478,0.8928009047063553,0.8928009047063553,M,2.397726205012274,-2.397726205012274,27.466429303797547,0.8432435750738719,0.8432435750738719,0.8258034450804945,0.8258034450804945,M,1.7440129993377407,-1.7440129993377407,139.58881054135853,0.6291312977031246,0.6291312977031246,0.8113505602523103,0.8113505602523103,P,-18.221926254918575,18.221926254918575,True,True
pair_omission,3;16,1;2;4;5;6;7;8;9;10;11;12;13;14;15;17;18;19;20;21;22;23;24;25;26;27;28;29;30;31;32,30,8,0.26666666666666666,1,3,318.14652736675197,0.9250153210786833,0.9250153210786833,0.8465787147468589,0.8684123624784189,M,5.660295860026443,-7.843660633182448,27.466429303797547,0.8743503352130783,0.8743503352130783,0.7578538687045834,0.7730323629130463,M,10.131797230003192,-11.649646650849487,141.3829916713774,0.6326231582975407,0.6326231582975407,0.8311942954884483,0.8368273575109951,P,-20.420419921345445,19.85711371909076,True,True
pair_omission,3;17,1;2;4;5;6;7;8;9;10;11;12;13;14;15;16;18;19;20;21;22;23;24;25;26;27;28;29;30;31;32,30,8,0.26666666666666666,1,3,317.8497700888987,0.9176341075774698,0.9176341075774698,0.847369114547389,0.8692231470470884,M,4.841096053038141,-7.026499303008082,27.466429303797547,0.8432435750738719,0.8432435750738719,0.7578538687045834,0.7730323629130463,M,7.02112121608256,-8.538970636928855,141.3829916713774,0.6211474837429073,0.6211474837429073,0.8311942954884483,0.8368273575109951,P,-21.567987376808784,21.004681174554097,True,True
pair_omission,3;18,1;2;4;5;6;7;8;9;10;11;12;13;14;15;16;17;19;20;21;22;23;24;25;26;27;28;29;30;31;32,30,8,0.26666666666666666,1,3,318.14652736675197,0.916778166756478,0.916778166756478,0.8465787147468589,0.8684123624784189,M,4.836580427805915,-7.019945200961919,27.466429303797547,0.8432435750738719,0.8432435750738719,0.7578538687045834,0.7730323629130463,M,7.02112121608256,-8.538970636928855,141.3829916713774,0.6211474837429073,0.6211474837429073,0.8311942954884483,0.8368273575109951,P,-21.567987376808784,21.004681174554097,True,True
pair_omission,3;19,1;2;4;5;6;7;8;9;10;11;12;13;14;15;16;17;18;20;21;22;23;24;25;26;27;28;29;30;31;32,30,8,0.26666666666666666,1,3,318.14652736675197,0.9150231615411956,0.9150231615411956,0.8465787147468589,0.8684123624784189,M,4.661079906277665,-6.8444446794336695,27.381591093879976,0.8242797658840597,0.8242797658840597,0.7602019778915026,0.7754275006409102,M,4.885226524314956,-6.4077787992557145,141.3829916713774,0.6347018623710065,0.6347018623710065,0.8311942954884483,0.8368273575109951,P,-20.212549513998866,19.64924331174418,True,True
pair_omission,3;20,1;2;4;5;6;7;8;9;10;11;12;13;14;15;16;17;18;19;21;22;23;24;25;26;27;28;29;30;31;32,30,8,0.26666666666666666,1,3,318.14652736675197,0.916778166756478,0.916778166756478,0.8465787147468589,0.8684123624784189,M,4.836580427805915,-7.019945200961919,27.386194731699668,0.8457140638761014,0.8457140638761014,0.7600741874258935,0.7752971507546499,M,7.041691312145149,-8.563987645020788,141.3829916713774,0.6211474837429073,0.6211474837429073,0.8311942954884483,0.8368273575109951,P,-21.567987376808784,21.004681174554097,True,True
pair_omission,3;21,1;2;4;5;6;7;8;9;10;11;12;13;14;15;16;17;18;19;20;22;23;24;25;26;27;28;29;30;31;32,30,8,0.26666666666666666,1,3,318.14652736675197,0.916778166756478,0.916778166756478,0.8465787147468589,0.8684123624784189,M,4.836580427805915,-7.019945200961919,27.46262676564652,0.8433603325090652,0.8433603325090652,0.7579588028856159,0.7731393987431233,M,7.022093376594185,-8.540152962344926,141.3829916713774,0.6211474837429073,0.6211474837429073,0.8311942954884483,0.8368273575109951,P,-21.567987376808784,21.004681174554097,True,True
pair_omission,3;22,1;2;4;5;6;7;8;9;10;11;12;13;14;15;16;17;18;19;20;21;23;24;25;26;27;28;29;30;31;32,30,8,0.26666666666666666,1,3,318.14652736675197,0.916778166756478,0.916778166756478,0.8465787147468589,0.8684123624784189,M,4.836580427805915,-7.019945200961919,27.466429303797547,0.8432435750738719,0.8432435750738719,0.7578538687045834,0.7730323629130463,M,7.02112121608256,-8.538970636928855,141.3829916713774,0.6211474837429073,0.6211474837429073,0.8311942954884483,0.8368273575109951,P,-21.567987376808784,21.004681174554097,True,True
pair_omission,3;23,1;2;4;5;6;7;8;9;10;11;12;13;14;15;16;17;18;19;20;21;22;24;25;26;27;28;29;30;31;32,30,8,0.26666666666666666,1,3,318.14652736675197,0.916778166756478,0.916778166756478,0.8465787147468589,0.8684123624784189,M,4.836580427805915,-7.019945200961919,27.466429303797547,0.8432435750738719,0.8432435750738719,0.7578538687045834,0.7730323629130463,M,7.02112121608256,-8.538970636928855,141.3829916713774,0.6211474837429073,0.6211474837429073,0.8311942954884483,0.8368273575109951,P,-21.567987376808784,21.004681174554097,True,True
pair_omission,3;24,1;2;4;5;6;7;8;9;10;11;12;13;14;15;16;17;18;19;20;21;22;23;25;26;27;28;29;30;31;32,30,8,0.26666666666666666,1,3,318.14652736675197,0.8998021966889769,0.8998021966889769,0.8465787147468589,0.8684123624784189,M,3.1389834210557965,-5.322348194211801,27.332043341718943,0.8239612188035943,0.8239612188035943,0.7615800782670205,0.7768332019688442,M,4.71280168347501,-6.238114053657384,141.3829916713774,0.6300292478783835,0.6300292478783835,0.8311942954884483,0.8368273575109951,P,-20.679810963261158,20.11650476100647,True,True
pair_omission,3;25,1;2;4;5;6;7;8;9;10;11;12;13;14;15;16;17;18;19;20;21;22;23;24;26;27;28;29;30;31;32,30,8,0.26666666666666666,1,3,318.14652736675197,0.916778166756478,0.916778166756478,0.8465787147468589,0.8684123624784189,M,4.836580427805915,-7.019945200961919,27.228531177580052,0.850611070042539,0.850611070042539,0.7644753061275448,0.7797864162052753,M,7.082465383726366,-8.613576391499421,141.3829916713774,0.6211474837429073,0.6211474837429073,0.8311942954884483,0.8368273575109951,P,-21.567987376808784,21.004681174554097,True,True
pair_omission,3;26,1;2;4;5;6;7;8;9;10;11;12;13;14;15;16;17;18;19;20;21;22;23;24;25;27;28;29;30;31;32,30,8,0.26666666666666666,1,3,317.1765323945217,0.8994957699659578,0.8994957699659578,0.8491677369885177,0.8710681567740035,M,2.8427613191954304,-5.032803297744016,27.466429303797547,0.8376725833276651,0.8376725833276651,0.7578538687045834,0.7730323629130463,M,6.464022041461881,-7.981871462308177,141.3829916713774,0.630022911502566,0.630022911502566,0.8311942954884483,0.8368273575109951,P,-20.680444600842918,20.11713839858823,True,True
pair_omission,3;27,1;2;4;5;6;7;8;9;10;11;12;13;14;15;16;17;18;19;20;21;22;23;24;25;26;28;29;30;31;32,30,8,0.26666666666666666,1,3,318.14652736675197,0.916778166756478,0.916778166756478,0.8465787147468589,0.8684123624784189,M,4.836580427805915,-7.019945200961919,27.466429303797547,0.8432435750738719,0.8432435750738719,0.7578538687045834,0.7730323629130463,M,7.02112121608256,-8.538970636928855,140.73554248060083,0.6240050521198344,0.6240050521198344,0.8350181772492784,0.8406771539866429,P,-21.66721018668085,21.101312512944403,True,True
pair_omission,3;28,1;2;4;5;6;7;8;9;10;11;12;13;14;15;16;17;18;19;20;21;22;23;24;25;26;27;29;30;31;32,30,8,0.26666666666666666,1,3,318.14652736675197,0.916778166756478,0.916778166756478,0.8465787147468589,0.8684123624784189,M,4.836580427805915,-7.019945200961919,27.466429303797547,0.8432435750738719,0.8432435750738719,0.7578538687045834,0.7730323629130463,M,7.02112121608256,-8.538970636928855,141.3829916713774,0.6211474837429073,0.6211474837429073,0.8311942954884483,0.8368273575109951,P,-21.567987376808784,21.004681174554097,True,True
pair_omission,3;29,1;2;4;5;6;7;8;9;10;11;12;13;14;15;16;17;18;19;20;21;22;23;24;25;26;27;28;30;31;32,30,8,0.26666666666666666,1,3,318.14652736675197,0.9151605147732531,0.9151605147732531,0.8465787147468589,0.8684123624784189,M,4.6748152294834195,-6.858180002639425,27.466429303797547,0.8357542814785902,0.8357542814785902,0.7578538687045834,0.7730323629130463,M,6.272191856554388,-7.790041277400683,141.3829916713774,0.633103557439247,0.633103557439247,0.8311942954884483,0.8368273575109951,P,-20.37238000717482,19.80907380492013,True,True
pair_omission,3;30,1;2;4;5;6;7;8;9;10;11;12;13;14;15;16;17;18;19;20;21;22;23;24;25;26;27;28;29;31;32,30,8,0.26666666666666666,1,3,318.14652736675197,0.916778166756478,0.916778166756478,0.8465787147468589,0.8684123624784189,M,4.836580427805915,-7.019945200961919,27.466429303797547,0.8432435750738719,0.8432435750738719,0.7578538687045834,0.7730323629130463,M,7.02112121608256,-8.538970636928855,141.3829916713774,0.6211474837429073,0.6211474837429073,0.8311942954884483,0.8368273575109951,P,-21.567987376808784,21.004681174554097,True,True
pair_omission,3;31,1;2;4;5;6;7;8;9;10;11;12;13;14;15;16;17;18;19;20;21;22;23;24;25;26;27;28;29;30;32,30,8,0.26666666666666666,1,1,318.14652736675197,0.9137670881954733,0.9137670881954733,0.8637407944982848,0.8637407944982848,M,5.002629369718847,-5.002629369718847,27.466429303797547,0.8590534708300476,0.8590534708300476,0.7888422586692218,0.7888422586692218,M,7.021121216082582,-7.021121216082582,141.3829916713774,0.6252908630156795,0.6252908630156795,0.8409707367837673,0.8409707367837673,P,-21.567987376808784,21.567987376808784,True,True
pair_omission,3;32,1;2;4;5;6;7;8;9;10;11;12;13;14;15;16;17;18;19;20;21;22;23;24;25;26;27;28;29;30;31,30,8,0.26666666666666666,1,3,318.14652736675197,0.916778166756478,0.916778166756478,0.8465787147468589,0.8684123624784189,M,4.836580427805915,-7.019945200961919,27.466429303797547,0.8432435750738719,0.8432435750738719,0.7578538687045834,0.7730323629130463,M,7.02112121608256,-8.538970636928855,141.3829916713774,0.6211474837429073,0.6211474837429073,0.8311942954884483,0.8368273575109951,P,-21.567987376808784,21.004681174554097,True,True
pair_omission,4;5,1;2;3;6;7;8;9;10;11;12;13;14;15;16;17;18;19;20;21;22;23;24;25;26;27;28;29;30;31;32,30,8,0.26666666666666666,1,3,318.14652736675197,0.916778166756478,0.916778166756478,0.8541809022632728,0.8760145499948326,M,4.076361676164542,-6.2597264493205245,27.466429303797547,0.8432435750738719,0.8432435750738719,0.7420955205242218,0.7730323629130463,M,7.02112121608256,-10.114805454965015,141.97211907279166,0.6185699705989016,0.6185699705989016,0.8333548593206284,0.8881844795029809,P,-26.961450890407924,21.478488872172676,True,True
pair_omission,4;6,1;2;3;5;7;8;9;10;11;12;13;14;15;16;17;18;19;20;21;22;23;24;25;26;27;28;29;30;31;32,30,8,0.26666666666666666,1,6,318.14652736675197,0.916778166756478,0.916778166756478,0.8465787147468589,0.8760145499948326,M,4.076361676164542,-7.019945200961919,27.466429303797547,0.8432435750738719,0.8432435750738719,0.7414268148068228,0.7730323629130463,M,7.02112121608256,-10.181676026704912,141.97211907279166,0.6185699705989016,0.6185699705989016,0.8277451722481282,0.8881844795029809,P,-26.961450890407924,20.917520164922653,True,True
pair_omission,4;7,1;2;3;5;6;8;9;10;11;12;13;14;15;16;17;18;19;20;21;22;23;24;25;26;27;28;29;30;31;32,30,8,0.26666666666666666,1,6,317.86952833848244,0.9175770689433521,0.9175770689433521,0.8473164434702263,0.8767779298015317,M,4.079913914182043,-7.026062547312584,27.466429303797547,0.8432435750738719,0.8432435750738719,0.7414268148068228,0.7730323629130463,M,7.02112121608256,-10.181676026704912,141.97211907279166,0.6185699705989016,0.6185699705989016,0.8277451722481282,0.8881844795029809,P,-26.961450890407924,20.917520164922653,True,True
pair_omission,4;8,1;2;3;5;6;7;9;10;11;12;13;14;15;16;17;18;19;20;21;22;23;24;25;26;27;28;29;30;31;32,30,8,0.26666666666666666,1,4,304.90215495607316,0.9033822059451004,0.9033822059451004,0.830133422632543,0.8529154826889748,M,5.046672325612567,-7.324878331255746,25.785501285712442,0.7966172890875729,0.7966172890875729,0.7056611231679429,0.7386147037456531,M,5.800258534191983,-9.095616591962996,136.39840769572135,0.6375599695557321,0.6375599695557321,0.8026188226101084,0.861121712773896,P,-22.35617432181639,16.50588530543763,True,True
pair_omission,4;9,1;2;3;5;6;7;8;10;11;12;13;14;15;16;17;18;19;20;21;22;23;24;25;26;27;28;29;30;31;32,30,8,0.26666666666666666,1,3,318.14652736675197,0.916778166756478,0.916778166756478,0.8558413916824021,0.8760145499948326,M,4.076361676164542,-6.093677507407591,27.466429303797547,0.8432435750738719,0.8432435750738719,0.7414268148068228,0.7723636571956473,M,7.087991787822467,-10.181676026704912,141.97211907279166,0.6185699705989016,0.6185699705989016,0.8319783658233859,0.8881844795029809,P,-26.961450890407924,21.34083952244843,True,True
pair_omission,4;10,1;2;3;5;6;7;8;9;11;12;13;14;15;16;17;18;19;20;21;22;23;24;25;26;27;28;29;30;31;32,30,8,0.26666666666666666,1,6,318.14652736675197,0.916778166756478,0.916778166756478,0.8465787147468589,0.8760145499948326,M,4.076361676164542,-7.019945200961919,26.795706288692102,0.8643507952773013,0.8643507952773013,0.7599854608581538,0.7923821270745504,M,7.196866820275094,-10.436533441914753,141.97211907279166,0.6185699705989016,0.6185699705989016,0.8277451722481282,0.8881844795029809,P,-26.961450890407924,20.917520164922653,True,True
pair_omission,4;11,1;2;3;5;6;7;8;9;10;12;13;14;15;16;17;18;19;20;21;22;23;24;25;26;27;28;29;30;31;32,30,8,0.26666666666666666,1,3,317.12935302928986,0.919718680510448,0.919718680510448,0.8492940677567792,0.8585864542010293,M,6.1132226309418725,-7.042461275366884,27.466429303797547,0.8432435750738719,0.8432435750738719,0.7414268148068228,0.7578538687045834,M,8.538970636928855,-10.181676026704912,141.97211907279166,0.6185699705989016,0.6185699705989016,0.8277451722481282,0.883951285927723,P,-26.538131532882137,20.917520164922653,True,True
pair_omission,4;12,1;2;3;5;6;7;8;9;10;11;13;14;15;16;17;18;19;20;21;22;23;24;25;26;27;28;29;30;31;32,30,8,0.26666666666666666,1,4,313.189286517012,0.9059387569030374,0.9059387569030374,0.8346281698510882,0.8568074061934126,M,4.913135070962483,-7.131058705194915,27.466429303797547,0.8168601277586995,0.8168601277586995,0.7314704213894112,0.7624072637782355,M,5.445286398046401,-8.538970636928834,128.8532529762059,0.6163368646431003,0.6163368646431003,0.7910609341771182,0.8529895303097423,P,-23.6652665666642,17.472406953401787,True,True
pair_omission,4;13,1;2;3;5;6;7;8;9;10;11;12;14;15;16;17;18;19;20;21;22;23;24;25;26;27;28;29;30;31;32,30,8,0.26666666666666666,1,6,316.6673006583047,0.921060651077304,0.921060651077304,0.8505332810789468,0.8801066179685291,M,4.095403310877488,-7.052736999835718,27.466429303797547,0.8432435750738719,0.8432435750738719,0.7414268148068228,0.7730323629130463,M,7.02112121608256,-10.181676026704912,133.06129516888296,0.6599942485849,0.6599942485849,0.8831774559776084,0.9476642514456087,P,-28.767000286070875,22.318320739270845,True,True
pair_omission,4;14,1;2;3;5;6;7;8;9;10;11;12;13;15;16;17;18;19;20;21;22;23;24;25;26;27;28;29;30;31;32,30,8,0.26666666666666666,1,4,318.14652736675197,0.916778166756478,0.916778166756478,0.8853248645830799,0.90715851231464,M,0.9619654441838099,-3.1453302173398145,27.466429303797547,0.8432435750738719,0.8432435750738719,0.7723058936485689,0.8032427360373935,M,4.000083903647845,-7.093768142530299,141.39969169364434,0.6210741230680337,0.6210741230680337,0.8096001626126738,0.866033815107667,P,-24.49596920396333,18.85260395446401,True,True
pair_omission,4;15,1;2;3;5;6;7;8;9;10;11;12;13;14;16;17;18;19;20;21;22;23;24;25;26;27;28;29;30;31;32,30,8,0.26666666666666666,1,4,318.14652736675197,0.916778166756478,0.916778166756478,0.8802299339103384,0.9020635816418985,M,1.471458511457957,-3.6548232846139617,27.466429303797547,0.8432435750738719,0.8432435750738719,0.7948666026916701,0.8258034450804945,M,1.7440129993377407,-4.837697238220184,140.1779379427728,0.626487240499804,0.626487240499804,0.8079406880983016,0.864866201349866,P,-23.837896085006204,18.145344759849756,True,True
pair_omission,4;16,1;2;3;5;6;7;8;9;10;11;12;13;14;15;17;18;19;20;21;22;23;24;25;26;27;28;29;30;31;32,30,8,0.26666666666666666,1,6,318.14652736675197,0.9326175085950971,0.9326175085950971,0.8465787147468589,0.8760145499948326,M,5.660295860026443,-8.60387938482382,27.466429303797547,0.8585919870327166,0.8585919870327166,0.7414268148068228,0.7730323629130463,M,8.555962411967021,-11.716517222589374,141.97211907279166,0.6862041393823954,0.6862041393823954,0.8277451722481282,0.8881844795029809,P,-20.198034012058542,14.154103286573271,True,True
pair_omission,4;17,1;2;3;5;6;7;8;9;10;11;12;13;14;15;16;18;19;20;21;22;23;24;25;26;27;28;29;30;31;32,30,8,0.26666666666666666,1,6,317.8497700888987,0.9176341075774698,0.9176341075774698,0.847369114547389,0.8768324322702976,M,4.080167530717215,-7.026499303008082,27.466429303797547,0.8432435750738719,0.8432435750738719,0.7414268148068228,0.7730323629130463,M,7.02112121608256,-10.181676026704912,141.97211907279166,0.6185699705989016,0.6185699705989016,0.8277451722481282,0.8881844795029809,P,-26.961450890407924,20.917520164922653,True,True
pair_omission,4;18,1;2;3;5;6;7;8;9;10;11;12;13;14;15;16;17;19;20;21;22;23;24;25;26;27;28;29;30;31;32,30,8,0.26666666666666666,1,6,318.14652736675197,0.916778166756478,0.916778166756478,0.8465787147468589,0.8760145499948326,M,4.076361676164542,-7.019945200961919,27.466429303797547,0.8432435750738719,0.8432435750738719,0.7414268148068228,0.7730323629130463,M,7.02112121608256,-10.181676026704912,141.97211907279166,0.6185699705989016,0.6185699705989016,0.8277451722481282,0.8881844795029809,P,-26.961450890407924,20.917520164922653,True,True
pair_omission,4;19,1;2;3;5;6;7;8;9;10;11;12;13;14;15;16;17;18;20;21;22;23;24;25;26;27;28;29;30;31;32,30,8,0.26666666666666666,1,6,318.14652736675197,0.9226253490576092,0.9226253490576092,0.8465787147468589,0.8760145499948326,M,4.661079906277655,-7.604663431075032,27.381591093879976,0.8084725925625184,0.8084725925625184,0.7437240269570384,0.7754275006409102,M,3.3045091921608205,-6.474856560547993,141.97211907279166,0.6882742176669591,0.6882742176669591,0.8277451722481282,0.8881844795029809,P,-19.99102618360218,13.947095458116909,True,True
pair_omission,4;20,1;2;3;5;6;7;8;9;10;11;12;13;14;15;16;17;18;19;21;22;23;24;25;26;27;28;29;30;31;32,30,8,0.26666666666666666,1,6,318.14652736675197,0.916778166756478,0.916778166756478,0.8465787147468589,0.8760145499948326,M,4.076361676164542,-7.019945200961919,27.386194731699668,0.8457140638761014,0.8457140638761014,0.7435990064461038,0.7752971507546499,M,7.041691312145149,-10.21150574299976,141.97211907279166,0.6185699705989016,0.6185699705989016,0.8277451722481282,0.8881844795029809,P,-26.961450890407924,20.917520164922653,True,True
pair_omission,4;21,1;2;3;5;6;7;8;9;10;11;12;13;14;15;16;17;18;19;20;22;23;24;25;26;27;28;29;30;31;32,30,8,0.26666666666666666,1,6,318.14652736675197,0.916778166756478,0.916778166756478,0.8465787147468589,0.8760145499948326,M,4.076361676164542,-7.019945200961919,27.46262676564652,0.8433603325090652,0.8433603325090652,0.7415294744603788,0.7731393987431233,M,7.022093376594185,-10.183085804868641,141.97211907279166,0.6185699705989016,0.6185699705989016,0.8277451722481282,0.8881844795029809,P,-26.961450890407924,20.917520164922653,True,True
pair_omission,4;22,1;2;3;5;6;7;8;9;10;11;12;13;14;15;16;17;18;19;20;21;23;24;25;26;27;28;29;30;31;32,30,8,0.26666666666666666,1,6,318.14652736675197,0.916778166756478,0.916778166756478,0.8465787147468589,0.8760145499948326,M,4.076361676164542,-7.019945200961919,27.466429303797547,0.8432435750738719,0.8432435750738719,0.7414268148068228,0.7730323629130463,M,7.02112121608256,-10.181676026704912,141.97211907279166,0.6185699705989016,0.6185699705989016,0.8277451722481282,0.8881844795029809,P,-26.961450890407924,20.917520164922653,True,True
pair_omission,4;23,1;2;3;5;6;7;8;9;10;11;12;13;14;15;16;17;18;19;20;21;22;24;25;26;27;28;29;30;31;32,30,8,0.26666666666666666,1,6,318.14652736675197,0.916778166756478,0.916778166756478,0.8465787147468589,0.8760145499948326,M,4.076361676164542,-7.019945200961919,27.466429303797547,0.8432435750738719,0.8432435750738719,0.7414268148068228,0.7730323629130463,M,7.02112121608256,-10.181676026704912,141.97211907279166,0.6185699705989016,0.6185699705989016,0.8277451722481282,0.8881844795029809,P,-26.961450890407924,20.917520164922653,True,True
pair_omission,4;24,1;2;3;5;6;7;8;9;10;11;12;13;14;15;16;17;18;19;20;21;22;23;25;26;27;28;29;30;31;32,30,8,0.26666666666666666,1,6,318.14652736675197,0.9074043842053906,0.9074043842053906,0.8465787147468589,0.8760145499948326,M,3.1389834210557965,-6.0825669458531735,27.332043341718943,0.8081253901087129,0.8081253901087129,0.7450722559680625,0.7768332019688442,M,3.129218813986867,-6.305313414065039,141.97211907279166,0.6836209926520155,0.6836209926520155,0.8277451722481282,0.8881844795029809,P,-20.456348685096536,14.412417959611268,True,True
pair_omission,4;25,1;2;3;5;6;7;8;9;10;11;12;13;14;15;16;17;18;19;20;21;22;23;24;26;27;28;29;30;31;32,30,8,0.26666666666666666,1,6,318.14652736675197,0.916778166756478,0.916778166756478,0.8465787147468589,0.8760145499948326,M,4.076361676164542,-7.019945200961919,27.228531177580052,0.850611070042539,0.850611070042539,0.7479047275821981,0.7797864162052753,M,7.082465383726366,-10.270634246034094,141.97211907279166,0.6185699705989016,0.6185699705989016,0.8277451722481282,0.8881844795029809,P,-26.961450890407924,20.917520164922653,True,True
pair_omission,4;26,1;2;3;5;6;7;8;9;10;11;12;13;14;15;16;17;18;19;20;21;22;23;24;25;27;28;29;30;31;32,30,8,0.26666666666666666,1,6,317.1765323945217,0.9071212066288745,0.9071212066288745,0.8491677369885177,0.87869359343692,M,2.8427613191954526,-5.795346964035685,27.466429303797547,0.8219142351473033,0.8219142351473033,0.7414268148068228,0.7730323629130463,M,4.8881872234257,-8.04874203404805,141.97211907279166,0.6836146825696184,0.6836146825696184,0.8277451722481282,0.8881844795029809,P,-20.45697969333624,14.413048967850973,True,True
pair_omission,4;27,1;2;3;5;6;7;8;9;10;11;12;13;14;15;16;17;18;19;20;21;22;23;24;25;26;28;29;30;31;32,30,8,0.26666666666666666,1,6,318.14652736675197,0.916778166756478,0.916778166756478,0.8465787147468589,0.8760145499948326,M,4.076361676164542,-7.019945200961919,27.466429303797547,0.8432435750738719,0.8432435750738719,0.7414268148068228,0.7730323629130463,M,7.02112121608256,-10.181676026704912,141.3246698820151,0.6214038185550814,0.6214038185550814,0.8315373123068219,0.8922535095102301,P,-27.084969095514865,21.01334937517405,True,True
pair_omission,4;28,1;2;3;5;6;7;8;9;10;11;12;13;14;15;16;17;18;19;20;21;22;23;24;25;26;27;29;30;31;32,30,8,0.26666666666666666,1,6,318.14652736675197,0.916778166756478,0.916778166756478,0.8465787147468589,0.8760145499948326,M,4.076361676164542,-7.019945200961919,27.466429303797547,0.8432435750738719,0.8432435750738719,0.7414268148068228,0.7730323629130463,M,7.02112121608256,-10.181676026704912,141.97211907279166,0.6185699705989016,0.6185699705989016,0.8277451722481282,0.8881844795029809,P,-26.961450890407924,20.917520164922653,True,True
pair_omission,4;29,1;2;3;5;6;7;8;9;10;11;12;13;14;15;16;17;18;19;20;21;22;23;24;25;26;27;28;30;31;32,30,8,0.26666666666666666,1,6,318.14652736675197,0.922762702289667,0.922762702289667,0.8465787147468589,0.8760145499948326,M,4.674815229483431,-7.6183987542808085,27.466429303797547,0.8199959332982284,0.8199959332982284,0.7414268148068228,0.7730323629130463,M,4.696357038518206,-7.856911849140557,141.97211907279166,0.6866825450601749,0.6866825450601749,0.8277451722481282,0.8881844795029809,P,-20.150193444280596,14.106262718795326,True,True
pair_omission,4;30,1;2;3;5;6;7;8;9;10;11;12;13;14;15;16;17;18;19;20;21;22;23;24;25;26;27;28;29;31;32,30,8,0.26666666666666666,1,6,318.14652736675197,0.916778166756478,0.916778166756478,0.8465787147468589,0.8760145499948326,M,4.076361676164542,-7.019945200961919,27.466429303797547,0.8432435750738719,0.8432435750738719,0.7414268148068228,0.7730323629130463,M,7.02112121608256,-10.181676026704912,141.97211907279166,0.6185699705989016,0.6185699705989016,0.8277451722481282,0.8881844795029809,P,-26.961450890407924,20.917520164922653,True,True
pair_omission,4;31,1;2;3;5;6;7;8;9;10;11;12;13;14;15;16;17;18;19;20;21;22;23;24;25;26;27;28;29;30;32,30,8,0.26666666666666666,1,4,318.14652736675197,0.9213692757118872,0.9213692757118872,0.851169823702268,0.8730034714338281,M,4.836580427805915,-7.019945200961919,27.466429303797547,0.8432951226496858,0.8432951226496858,0.7579054162803973,0.7888422586692218,M,5.445286398046401,-8.538970636928845,141.97211907279166,0.6789022701876704,0.6789022701876704,0.8374810452298022,0.8936871589093971,P,-21.478488872172676,15.85787750421318,True,True
pair_omission,4;32,1;2;3;5;6;7;8;9;10;11;12;13;14;15;16;17;18;19;20;21;22;23;24;25;26;27;28;29;30;31,30,8,0.26666666666666666,1,6,318.14652736675197,0.916778166756478,0.916778166756478,0.8465787147468589,0.8760145499948326,M,4.076361676164542,-7.019945200961919,27.466429303797547,0.8432435750738719,0.8432435750738719,0.7414268148068228,0.7730323629130463,M,7.02112121608256,-10.181676026704912,141.97211907279166,0.6185699705989016,0.6185699705989016,0.8277451722481282,0.8881844795029809,P,-26.961450890407924,20.917520164922653,True,True
pair_omission,5;6,1;2;3;4;7;8;9;10;11;12;13;14;15;16;17;18;19;20;21;22;23;24;25;26;27;28;29;30;31;32,30,8,0.26666666666666666,1,3,318.14652736675197,0.916778166756478,0.916778166756478,0.8541809022632728,0.8760145499948326,M,4.076361676164542,-6.2597264493205245,27.466429303797547,0.8432435750738719,0.8432435750738719,0.7420955205242218,0.7730323629130463,M,7.02112121608256,-10.114805454965015,145.52675080651431,0.6034608003959459,0.6034608003959459,0.8129993603352109,0.8664897139788136,P,-26.30289135828677,20.953855993926506,True,True
pair_omission,5;7,1;2;3;4;6;8;9;10;11;12;13;14;15;16;17;18;19;20;21;22;23;24;25;26;27;28;29;30;31;32,30,8,0.26666666666666666,1,3,317.86952833848244,0.9175770689433521,0.9175770689433521,0.8549252557127213,0.8767779298015317,M,4.079913914182043,-6.265181323063085,27.466429303797547,0.8432435750738719,0.8432435750738719,0.7420955205242218,0.7730323629130463,M,7.02112121608256,-10.114805454965015,145.52675080651431,0.6034608003959459,0.6034608003959459,0.8129993603352109,0.8664897139788136,P,-26.30289135828677,20.953855993926506,True,True
pair_omission,5;8,1;2;3;4;6;7;9;10;11;12;13;14;15;16;17;18;19;20;21;22;23;24;25;26;27;28;29;30;31;32,30,8,0.26666666666666666,1,1,304.90215495607316,0.9033822059451004,0.9033822059451004,0.8511828647528984,0.8511828647528984,M,5.219934119220204,-5.219934119220204,25.785501285712442,0.7966172890875729,0.7966172890875729,0.7218290864545766,0.7218290864545766,M,7.478820263299635,-7.478820263299635,140.52546680859135,0.6188356219900335,0.6188356219900335,0.8358316333832724,0.8358316333832724,P,-21.69960113932389,21.69960113932389,True,True
pair_omission,5;9,1;2;3;4;6;7;8;10;11;12;13;14;15;16;17;18;19;20;21;22;23;24;25;26;27;28;29;30;31;32,30,8,0.26666666666666666,1,1,318.14652736675197,0.916778166756478,0.916778166756478,0.8760145499948326,0.8760145499948326,M,4.076361676164542,-4.076361676164542,27.466429303797547,0.8432435750738719,0.8432435750738719,0.7566053090152856,0.7566053090152856,M,8.663826605858638,-8.663826605858638,145.52675080651431,0.6034608003959459,0.6034608003959459,0.8664897139788136,0.8664897139788136,P,-26.30289135828677,26.30289135828677,True,True
pair_omission,5;10,1;2;3;4;6;7;8;9;11;12;13;14;15;16;17;18;19;20;21;22;23;24;25;26;27;28;29;30;31;32,30,8,0.26666666666666666,1,3,318.14652736675197,0.916778166756478,0.916778166756478,0.8541809022632728,0.8760145499948326,M,4.076361676164542,-6.2597264493205245,26.795706288692102,0.8643507952773013,0.8643507952773013,0.7606709049406534,0.7923821270745504,M,7.196866820275094,-10.367989033664793,145.52675080651431,0.6034608003959459,0.6034608003959459,0.8129993603352109,0.8664897139788136,P,-26.30289135828677,20.953855993926506,True,True
pair_omission,5;11,1;2;3;4;6;7;8;9;10;12;13;14;15;16;17;18;19;20;21;22;23;24;25;26;27;28;29;30;31;32,30,8,0.26666666666666666,1,1,317.12935302928986,0.919718680510448,0.919718680510448,0.8569206388566627,0.8569206388566627,M,6.279804165378533,-6.279804165378533,27.466429303797547,0.8432435750738719,0.8432435750738719,0.7420955205242218,0.7420955205242218,M,10.114805454965015,-10.114805454965015,145.52675080651431,0.6034608003959459,0.6034608003959459,0.8623599202536467,0.8623599202536467,P,-25.889911985770087,25.889911985770087,True,True
pair_omission,5;12,1;2;3;4;6;7;8;9;10;11;13;14;15;16;17;18;19;20;21;22;23;24;25;26;27;28;29;30;31;32,30,8,0.26666666666666666,1,1,313.189286517012,0.9059387569030374,0.9059387569030374,0.8551206341192454,0.8551206341192454,M,5.081812278379195,-5.081812278379195,27.466429303797547,0.8168601277586995,0.8168601277586995,0.7466489155978739,0.7466489155978739,M,7.02112121608256,-7.02112121608256,132.9803120890759,0.5972087799374547,0.5972087799374547,0.8265169032046904,0.8265169032046904,P,-22.930812326723572,22.930812326723572,True,True
pair_omission,5;13,1;2;3;4;6;7;8;9;10;11;12;14;15;16;17;18;19;20;21;22;23;24;25;26;27;28;29;30;31;32,30,8,0.26666666666666666,1,3,316.6673006583047,0.921060651077304,0.921060651077304,0.8581709801836854,0.8801066179685291,M,4.095403310877488,-6.288967089361853,27.466429303797547,0.8432435750738719,0.8432435750738719,0.7420955205242218,0.7730323629130463,M,7.02112121608256,-10.114805454965015,137.18835428175296,0.6401395364825156,0.6401395364825156,0.862413985041107,0.9191555168278197,P,-27.901598034530405,22.227444855859137,True,True
pair_omission,5;14,1;2;3;4;6;7;8;9;10;11;12;13;15;16;17;18;19;20;21;22;23;24;25;26;27;28;29;30;31;32,30,8,0.26666666666666666,1,1,318.14652736675197,0.916778166756478,0.916778166756478,0.9054980228955105,0.9054980228955105,M,1.128014386096754,-1.128014386096754,27.466429303797547,0.8432435750738719,0.8432435750738719,0.7874843878570317,0.7874843878570317,M,5.575918721684026,-5.575918721684026,145.52675080651431,0.6034608003959459,0.6034608003959459,0.8414735694560225,0.8414735694560225,P,-23.80127690600766,23.80127690600766,True,True
pair_omission,5;15,1;2;3;4;6;7;8;9;10;11;12;13;14;16;17;18;19;20;21;22;23;24;25;26;27;28;29;30;31;32,30,8,0.26666666666666666,1,1,318.14652736675197,0.916778166756478,0.916778166756478,0.900403092222769,0.900403092222769,M,1.637507453370901,-1.637507453370901,27.466429303797547,0.8432435750738719,0.8432435750738719,0.8100450969001327,0.8100450969001327,M,3.319847817373922,-3.319847817373922,144.30499705564276,0.6085699824161874,0.6085699824161874,0.8401314103826628,0.8401314103826628,P,-23.15614279664754,23.15614279664754,True,True
pair_omission,5;16,1;2;3;4;6;7;8;9;10;11;12;13;14;15;17;18;19;20;21;22;23;24;25;26;27;28;29;30;31;32,30,8,0.26666666666666666,1,3,318.14652736675197,0.9326175085950971,0.9326175085950971,0.8541809022632728,0.8760145499948326,M,5.660295860026443,-7.8436606331824255,27.466429303797547,0.8585919870327166,0.8585919870327166,0.7420955205242218,0.7730323629130463,M,8.555962411967021,-11.649646650849476,145.52675080651431,0.6694429391484704,0.6694429391484704,0.8129993603352109,0.8664897139788136,P,-19.704677483034317,14.35564211867405,True,True
pair_omission,5;17,1;2;3;4;6;7;8;9;10;11;12;13;14;15;16;18;19;20;21;22;23;24;25;26;27;28;29;30;31;32,30,8,0.26666666666666666,1,3,317.8497700888987,0.9176341075774698,0.9176341075774698,0.8549783997705983,0.8768324322702976,M,4.080167530717215,-6.265570780687146,27.466429303797547,0.8432435750738719,0.8432435750738719,0.7420955205242218,0.7730323629130463,M,7.02112121608256,-10.114805454965015,145.52675080651431,0.6034608003959459,0.6034608003959459,0.8129993603352109,0.8664897139788136,P,-26.30289135828677,20.953855993926506,True,True
pair_omission,5;18,1;2;3;4;6;7;8;9;10;11;12;13;14;15;16;17;19;20;21;22;23;24;25;26;27;28;29;30;31;32,30,8,0.26666666666666666,1,3,318.14652736675197,0.916778166756478,0.916778166756478,0.8541809022632728,0.8760145499948326,M,4.076361676164542,-6.2597264493205245,27.466429303797547,0.8432435750738719,0.8432435750738719,0.7420955205242218,0.7730323629130463,M,7.02112121608256,-10.114805454965015,145.52675080651431,0.6034608003959459,0.6034608003959459,0.8129993603352109,0.8664897139788136,P,-26.30289135828677,20.953855993926506,True,True
pair_omission,5;19,1;2;3;4;6;7;8;9;10;11;12;13;14;15;16;17;18;20;21;22;23;24;25;26;27;28;29;30;31;32,30,8,0.26666666666666666,1,3,318.14652736675197,0.9226253490576092,0.9226253490576092,0.8541809022632728,0.8760145499948326,M,4.661079906277655,-6.844444679433637,27.381591093879976,0.8084725925625184,0.8084725925625184,0.7443948045699613,0.7754275006409102,M,3.3045091921608205,-6.407778799255704,145.52675080651431,0.671462453767448,0.671462453767448,0.8129993603352109,0.8664897139788136,P,-19.502726021136564,14.153690656776297,True,True
pair_omission,5;20,1;2;3;4;6;7;8;9;10;11;12;13;14;15;16;17;18;19;21;22;23;24;25;26;27;28;29;30;31;32,30,8,0.26666666666666666,1,3,318.14652736675197,0.916778166756478,0.916778166756478,0.8541809022632728,0.8760145499948326,M,4.076361676164542,-6.2597264493205245,27.386194731699668,0.8457140638761014,0.8457140638761014,0.7442696713008572,0.7752971507546499,M,7.041691312145149,-10.144439257524418,145.52675080651431,0.6034608003959459,0.6034608003959459,0.8129993603352109,0.8664897139788136,P,-26.30289135828677,20.953855993926506,True,True
pair_omission,5;21,1;2;3;4;6;7;8;9;10;11;12;13;14;15;16;17;18;19;20;22;23;24;25;26;27;28;29;30;31;32,30,8,0.26666666666666666,1,3,318.14652736675197,0.916778166756478,0.916778166756478,0.8541809022632728,0.8760145499948326,M,4.076361676164542,-6.2597264493205245,27.46262676564652,0.8433603325090652,0.8433603325090652,0.7421982727683017,0.7731393987431233,M,7.022093376594185,-10.116205974076342,145.52675080651431,0.6034608003959459,0.6034608003959459,0.8129993603352109,0.8664897139788136,P,-26.30289135828677,20.953855993926506,True,True
pair_omission,5;22,1;2;3;4;6;7;8;9;10;11;12;13;14;15;16;17;18;19;20;21;23;24;25;26;27;28;29;30;31;32,30,8,0.26666666666666666,1,3,318.14652736675197,0.916778166756478,0.916778166756478,0.8541809022632728,0.8760145499948326,M,4.076361676164542,-6.2597264493205245,27.466429303797547,0.8432435750738719,0.8432435750738719,0.7420955205242218,0.7730323629130463,M,7.02112121608256,-10.114805454965015,145.52675080651431,0.6034608003959459,0.6034608003959459,0.8129993603352109,0.8664897139788136,P,-26.30289135828677,20.953855993926506,True,True
pair_omission,5;23,1;2;3;4;6;7;8;9;10;11;12;13;14;15;16;17;18;19;20;21;22;24;25;26;27;28;29;30;31;32,30,8,0.26666666666666666,1,3,318.14652736675197,0.916778166756478,0.916778166756478,0.8541809022632728,0.8760145499948326,M,4.076361676164542,-6.2597264493205245,27.466429303797547,0.8432435750738719,0.8432435750738719,0.7420955205242218,0.7730323629130463,M,7.02112121608256,-10.114805454965015,145.52675080651431,0.6034608003959459,0.6034608003959459,0.8129993603352109,0.8664897139788136,P,-26.30289135828677,20.953855993926506,True,True
pair_omission,5;24,1;2;3;4;6;7;8;9;10;11;12;13;14;15;16;17;18;19;20;21;22;23;25;26;27;28;29;30;31;32,30,8,0.26666666666666666,1,3,318.14652736675197,0.9074043842053906,0.9074043842053906,0.8541809022632728,0.8760145499948326,M,3.1389834210557965,-5.322348194211779,27.332043341718943,0.8081253901087129,0.8081253901087129,0.7457442495721393,0.7768332019688442,M,3.129218813986867,-6.2381140536573625,145.52675080651431,0.666922888277029,0.666922888277029,0.8129993603352109,0.8664897139788136,P,-19.956682570178465,14.607647205818196,True,True
pair_omission,5;25,1;2;3;4;6;7;8;9;10;11;12;13;14;15;16;17;18;19;20;21;22;23;24;26;27;28;29;30;31;32,30,8,0.26666666666666666,1,3,318.14652736675197,0.916778166756478,0.916778166756478,0.8541809022632728,0.8760145499948326,M,4.076361676164542,-6.2597264493205245,27.228531177580052,0.850611070042539,0.850611070042539,0.7485792758416028,0.7797864162052753,M,7.082465383726366,-10.203179420093623,145.52675080651431,0.6034608003959459,0.6034608003959459,0.8129993603352109,0.8664897139788136,P,-26.30289135828677,20.953855993926506,True,True
pair_omission,5;26,1;2;3;4;6;7;8;9;10;11;12;13;14;15;16;17;18;19;20;21;22;23;24;25;27;28;29;30;31;32,30,8,0.26666666666666666,1,3,317.1765323945217,0.9071212066288745,0.9071212066288745,0.8567931736514343,0.87869359343692,M,2.8427613191954526,-5.032803297744026,27.466429303797547,0.8219142351473033,0.8219142351473033,0.7420955205242218,0.7730323629130463,M,4.8881872234257,-7.981871462308154,145.52675080651431,0.6669167323245014,0.6669167323245014,0.8129993603352109,0.8664897139788136,P,-19.957298165431215,14.608262801070948,True,True
pair_omission,5;27,1;2;3;4;6;7;8;9;10;11;12;13;14;15;16;17;18;19;20;21;22;23;24;25;26;28;29;30;31;32,30,8,0.26666666666666666,1,3,318.14652736675197,0.916778166756478,0.916778166756478,0.8541809022632728,0.8760145499948326,M,4.076361676164542,-6.2597264493205245,27.466429303797547,0.8432435750738719,0.8432435750738719,0.7420955205242218,0.7730323629130463,M,7.02112121608256,-10.114805454965015,145.45172899488506,0.6037720563899845,0.6037720563899845,0.8134186931632719,0.8669366363258356,P,-26.316457993585107,20.964663677328733,True,True
pair_omission,5;28,1;2;3;4;6;7;8;9;10;11;12;13;14;15;16;17;18;19;20;21;22;23;24;25;26;27;29;30;31;32,30,8,0.26666666666666666,1,3,318.14652736675197,0.916778166756478,0.916778166756478,0.8541809022632728,0.8760145499948326,M,4.076361676164542,-6.2597264493205245,27.466429303797547,0.8432435750738719,0.8432435750738719,0.7420955205242218,0.7730323629130463,M,7.02112121608256,-10.114805454965015,145.52675080651431,0.6034608003959459,0.6034608003959459,0.8129993603352109,0.8664897139788136,P,-26.30289135828677,20.953855993926506,True,True
pair_omission,5;29,1;2;3;4;6;7;8;9;10;11;12;13;14;15;16;17;18;19;20;21;22;23;24;25;26;27;28;30;31;32,30,8,0.26666666666666666,1,3,318.14652736675197,0.922762702289667,0.922762702289667,0.8541809022632728,0.8760145499948326,M,4.674815229483431,-6.858180002639413,27.466429303797547,0.8199959332982284,0.8199959332982284,0.7420955205242218,0.7730323629130463,M,4.696357038518206,-7.790041277400661,145.52675080651431,0.6699096593045543,0.6699096593045543,0.8129993603352109,0.8664897139788136,P,-19.65800546742593,14.308970103065665,True,True
pair_omission,5;30,1;2;3;4;6;7;8;9;10;11;12;13;14;15;16;17;18;19;20;21;22;23;24;25;26;27;28;29;31;32,30,8,0.26666666666666666,1,3,318.14652736675197,0.916778166756478,0.916778166756478,0.8541809022632728,0.8760145499948326,M,4.076361676164542,-6.2597264493205245,27.466429303797547,0.8432435750738719,0.8432435750738719,0.7420955205242218,0.7730323629130463,M,7.02112121608256,-10.114805454965015,145.52675080651431,0.6034608003959459,0.6034608003959459,0.8129993603352109,0.8664897139788136,P,-26.30289135828677,20.953855993926506,True,True
pair_omission,5;31,1;2;3;4;6;7;8;9;10;11;12;13;14;15;16;17;18;19;20;21;22;23;24;25;26;27;28;29;30;32,30,8,0.26666666666666666,1,1,318.14652736675197,0.9213692757118872,0.9213692757118872,0.8713429820146985,0.8713429820146985,M,5.0026293697188695,-5.0026293697188695,27.466429303797547,0.8432951226496858,0.8432951226496858,0.77308391048886,0.77308391048886,M,7.021121216082571,-7.021121216082571,145.52675080651431,0.6623194251758003,0.6623194251758003,0.8718579851150654,0.8718579851150654,P,-20.953855993926506,20.953855993926506,True,True
pair_omission,5;32,1;2;3;4;6;7;8;9;10;11;12;13;14;15;16;17;18;19;20;21;22;23;24;25;26;27;28;29;30;31,30,8,0.26666666666666666,1,3,318.14652736675197,0.916778166756478,0.916778166756478,0.8541809022632728,0.8760145499948326,M,4.076361676164542,-6.2597264493205245,27.466429303797547,0.8432435750738719,0.8432435750738719,0.7420955205242218,0.7730323629130463,M,7.02112121608256,-10.114805454965015,145.52675080651431,0.6034608003959459,0.6034608003959459,0.8129993603352109,0.8664897139788136,P,-26.30289135828677,20.953855993926506,True,True
pair_omission,6;7,1;2;3;4;5;8;9;10;11;12;13;14;15;16;17;18;19;20;21;22;23;24;25;26;27;28;29;30;31;32,30,8,0.26666666666666666,1,6,317.86952833848244,0.9175770689433521,0.9175770689433521,0.8473164434702263,0.8767779298015317,M,4.079913914182043,-7.026062547312584,27.466429303797547,0.8432435750738719,0.8432435750738719,0.7414268148068228,0.7730323629130463,M,7.02112121608256,-10.181676026704912,145.52675080651431,0.6034608003959459,0.6034608003959459,0.8075266952986846,0.8664897139788136,P,-26.30289135828677,20.406589490273873,True,True
pair_omission,6;8,1;2;3;4;5;7;9;10;11;12;13;14;15;16;17;18;19;20;21;22;23;24;25;26;27;28;29;30;31;32,30,8,0.26666666666666666,1,4,304.90215495607316,0.9033822059451004,0.9033822059451004,0.830133422632543,0.8529154826889748,M,5.046672325612567,-7.324878331255746,25.69643998949329,0.7993782851004734,0.7993782851004734,0.7081068741881814,0.7411746685870478,M,5.820361651342553,-9.127141091229197,140.52546680859135,0.6188356219900335,0.6188356219900335,0.7790469007283195,0.8358316333832724,P,-21.69960113932389,16.0211278738286,True,True
pair_omission,6;9,1;2;3;4;5;7;8;10;11;12;13;14;15;16;17;18;19;20;21;22;23;24;25;26;27;28;29;30;31;32,30,8,0.26666666666666666,1,3,318.14652736675197,0.916778166756478,0.916778166756478,0.8558413916824021,0.8760145499948326,M,4.076361676164542,-6.093677507407591,27.466429303797547,0.8432435750738719,0.8432435750738719,0.7414268148068228,0.7723636571956473,M,7.087991787822467,-10.181676026704912,145.52675080651431,0.6034608003959459,0.6034608003959459,0.8116564890238516,0.8664897139788136,P,-26.30289135828677,20.81956886279057,True,True
pair_omission,6;10,1;2;3;4;5;7;8;9;11;12;13;14;15;16;17;18;19;20;21;22;23;24;25;26;27;28;29;30;31;32,30,8,0.26666666666666666,1,6,318.14652736675197,0.916778166756478,0.916778166756478,0.8465787147468589,0.8760145499948326,M,4.076361676164542,-7.019945200961919,26.706644992472953,0.8672332315487665,0.8672332315487665,0.7625198597042391,0.7950245622946253,M,7.220866925414127,-10.471337184452745,145.52675080651431,0.6034608003959459,0.6034608003959459,0.8075266952986846,0.8664897139788136,P,-26.30289135828677,20.406589490273873,True,True
pair_omission,6;11,1;2;3;4;5;7;8;9;10;12;13;14;15;16;17;18;19;20;21;22;23;24;25;26;27;28;29;30;31;32,30,8,0.26666666666666666,1,3,317.12935302928986,0.919718680510448,0.919718680510448,0.8492940677567792,0.8585864542010293,M,6.1132226309418725,-7.042461275366884,27.466429303797547,0.8432435750738719,0.8432435750738719,0.7414268148068228,0.7578538687045834,M,8.538970636928855,-10.181676026704912,145.52675080651431,0.6034608003959459,0.6034608003959459,0.8075266952986846,0.8623599202536467,P,-25.889911985770087,20.406589490273873,True,True
pair_omission,6;12,1;2;3;4;5;7;8;9;10;11;13;14;15;16;17;18;19;20;21;22;23;24;25;26;27;28;29;30;31;32,30,8,0.26666666666666666,1,4,313.189286517012,0.9059387569030374,0.9059387569030374,0.8346281698510882,0.8568074061934126,M,4.913135070962483,-7.131058705194915,27.466429303797547,0.8168601277586995,0.8168601277586995,0.7314704213894112,0.7624072637782355,M,5.445286398046401,-8.538970636928834,132.9803120890759,0.5972087799374547,0.5972087799374547,0.7665102680977346,0.8265169032046904,P,-22.930812326723572,16.93014881602799,True,True
pair_omission,6;13,1;2;3;4;5;7;8;9;10;11;12;14;15;16;17;18;19;20;21;22;23;24;25;26;27;28;29;30;31;32,30,8,0.26666666666666666,1,6,316.6673006583047,0.921060651077304,0.921060651077304,0.8505332810789468,0.8801066179685291,M,4.095403310877488,-7.052736999835718,27.466429303797547,0.8432435750738719,0.8432435750738719,0.7414268148068228,0.7730323629130463,M,7.02112121608256,-10.181676026704912,137.18835428175296,0.6401395364825156,0.6401395364825156,0.8566086878991759,0.9191555168278197,P,-27.901598034530405,21.646915141666025,True,True
pair_omission,6;14,1;2;3;4;5;7;8;9;10;11;12;13;15;16;17;18;19;20;21;22;23;24;25;26;27;28;29;30;31;32,30,8,0.26666666666666666,1,4,318.14652736675197,0.916778166756478,0.916778166756478,0.8853248645830799,0.90715851231464,M,0.9619654441838099,-3.1453302173398145,27.466429303797547,0.8432435750738719,0.8432435750738719,0.7723058936485689,0.8032427360373935,M,4.000083903647845,-7.093768142530299,145.52675080651431,0.6034608003959459,0.6034608003959459,0.7866403445010605,0.8414735694560225,P,-23.80127690600766,18.31795441051146,True,True
pair_omission,6;15,1;2;3;4;5;7;8;9;10;11;12;13;14;16;17;18;19;20;21;22;23;24;25;26;27;28;29;30;31;32,30,8,0.26666666666666666,1,4,318.14652736675197,0.916778166756478,0.916778166756478,0.8802299339103384,0.9020635816418985,M,1.471458511457957,-3.6548232846139617,27.466429303797547,0.8432435750738719,0.8432435750738719,0.7948666026916701,0.8258034450804945,M,1.7440129993377407,-4.837697238220184,144.30499705564276,0.6085699824161874,0.6085699824161874,0.7848339416410821,0.8401314103826628,P,-23.15614279664754,17.62639592248947,True,True
pair_omission,6;16,1;2;3;4;5;7;8;9;10;11;12;13;14;15;17;18;19;20;21;22;23;24;25;26;27;28;29;30;31;32,30,8,0.26666666666666666,1,6,318.14652736675197,0.9326175085950971,0.9326175085950971,0.8465787147468589,0.8760145499948326,M,5.660295860026443,-8.60387938482382,27.466429303797547,0.8585919870327166,0.8585919870327166,0.7414268148068228,0.7730323629130463,M,8.555962411967021,-11.716517222589374,145.52675080651431,0.6694429391484704,0.6694429391484704,0.8075266952986846,0.8664897139788136,P,-19.704677483034317,13.808375615021419,True,True
pair_omission,6;17,1;2;3;4;5;7;8;9;10;11;12;13;14;15;16;18;19;20;21;22;23;24;25;26;27;28;29;30;31;32,30,8,0.26666666666666666,1,6,317.8497700888987,0.9176341075774698,0.9176341075774698,0.847369114547389,0.8768324322702976,M,4.080167530717215,-7.026499303008082,27.466429303797547,0.8432435750738719,0.8432435750738719,0.7414268148068228,0.7730323629130463,M,7.02112121608256,-10.181676026704912,145.52675080651431,0.6034608003959459,0.6034608003959459,0.8075266952986846,0.8664897139788136,P,-26.30289135828677,20.406589490273873,True,True
pair_omission,6;18,1;2;3;4;5;7;8;9;10;11;12;13;14;15;16;17;19;20;21;22;23;24;25;26;27;28;29;30;31;32,30,8,0.26666666666666666,1,6,318.14652736675197,0.916778166756478,0.916778166756478,0.8465787147468589,0.8760145499948326,M,4.076361676164542,-7.019945200961919,27.466429303797547,0.8432435750738719,0.8432435750738719,0.7414268148068228,0.7730323629130463,M,7.02112121608256,-10.181676026704912,145.52675080651431,0.6034608003959459,0.6034608003959459,0.8075266952986846,0.8664897139788136,P,-26.30289135828677,20.406589490273873,True,True
pair_omission,6;19,1;2;3;4;5;7;8;9;10;11;12;13;14;15;16;17;18;20;21;22;23;24;25;26;27;28;29;30;31;32,30,8,0.26666666666666666,1,6,318.14652736675197,0.9226253490576092,0.9226253490576092,0.8465787147468589,0.8760145499948326,M,4.661079906277655,-7.604663431075032,27.292529797660826,0.8111108095979155,0.8111108095979155,0.7461509557306326,0.7779578845533964,M,3.3152925044519055,-6.495985386728287,145.52675080651431,0.671462453767448,0.671462453767448,0.8075266952986846,0.8664897139788136,P,-19.502726021136564,13.606424153123664,True,True
pair_omission,6;20,1;2;3;4;5;7;8;9;10;11;12;13;14;15;16;17;18;19;21;22;23;24;25;26;27;28;29;30;31;32,30,8,0.26666666666666666,1,6,318.14652736675197,0.916778166756478,0.916778166756478,0.8465787147468589,0.8760145499948326,M,4.076361676164542,-7.019945200961919,27.297133435480518,0.8484733422793665,0.8484733422793665,0.746025118020709,0.7778266826325823,M,7.064665964678429,-10.244822425865753,145.52675080651431,0.6034608003959459,0.6034608003959459,0.8075266952986846,0.8664897139788136,P,-26.30289135828677,20.406589490273873,True,True
pair_omission,6;21,1;2;3;4;5;7;8;9;10;11;12;13;14;15;16;17;18;19;20;22;23;24;25;26;27;28;29;30;31;32,30,8,0.26666666666666666,1,6,318.14652736675197,0.916778166756478,0.916778166756478,0.8465787147468589,0.8760145499948326,M,4.076361676164542,-7.019945200961919,27.37356546942737,0.846104248513612,0.846104248513612,0.7439420785566155,0.7756548473457929,M,7.0449401167819055,-10.216216995699645,145.52675080651431,0.6034608003959459,0.6034608003959459,0.8075266952986846,0.8664897139788136,P,-26.30289135828677,20.406589490273873,True,True
pair_omission,6;22,1;2;3;4;5;7;8;9;10;11;12;13;14;15;16;17;18;19;20;21;23;24;25;26;27;28;29;30;31;32,30,8,0.26666666666666666,1,6,318.14652736675197,0.916778166756478,0.916778166756478,0.8465787147468589,0.8760145499948326,M,4.076361676164542,-7.019945200961919,27.466429303797547,0.8432435750738719,0.8432435750738719,0.7414268148068228,0.7730323629130463,M,7.02112121608256,-10.181676026704912,145.52675080651431,0.6034608003959459,0.6034608003959459,0.8075266952986846,0.8664897139788136,P,-26.30289135828677,20.406589490273873,True,True
pair_omission,6;23,1;2;3;4;5;7;8;9;10;11;12;13;14;15;16;17;18;19;20;21;22;24;25;26;27;28;29;30;31;32,30,8,0.26666666666666666,1,6,318.14652736675197,0.916778166756478,0.916778166756478,0.8465787147468589,0.8760145499948326,M,4.076361676164542,-7.019945200961919,27.466429303797547,0.8432435750738719,0.8432435750738719,0.7414268148068228,0.7730323629130463,M,7.02112121608256,-10.181676026704912,145.52675080651431,0.6034608003959459,0.6034608003959459,0.8075266952986846,0.8664897139788136,P,-26.30289135828677,20.406589490273873,True,True
pair_omission,6;24,1;2;3;4;5;7;8;9;10;11;12;13;14;15;16;17;18;19;20;21;22;23;25;26;27;28;29;30;31;32,30,8,0.26666666666666666,1,6,318.14652736675197,0.9074043842053906,0.9074043842053906,0.8465787147468589,0.8760145499948326,M,3.1389834210557965,-6.0825669458531735,27.242982045499787,0.8107672703048856,0.8107672703048856,0.7475080062388156,0.7793727834213399,M,3.1394486883545736,-6.325926406606996,145.52675080651431,0.666922888277029,0.666922888277029,0.8075266952986846,0.8664897139788136,P,-19.956682570178465,14.060380702165565,True,True
pair_omission,6;25,1;2;3;4;5;7;8;9;10;11;12;13;14;15;16;17;18;19;20;21;22;23;24;26;27;28;29;30;31;32,30,8,0.26666666666666666,1,6,318.14652736675197,0.916778166756478,0.916778166756478,0.8465787147468589,0.8760145499948326,M,4.076361676164542,-7.019945200961919,27.139469881360903,0.8534024482384843,0.8534024482384843,0.7503590630861,0.782345375142385,M,7.105707309609932,-10.304338515238431,145.52675080651431,0.6034608003959459,0.6034608003959459,0.8075266952986846,0.8664897139788136,P,-26.30289135828677,20.406589490273873,True,True
pair_omission,6;26,1;2;3;4;5;7;8;9;10;11;12;13;14;15;16;17;18;19;20;21;22;23;24;25;27;28;29;30;31;32,30,8,0.26666666666666666,1,6,317.1765323945217,0.9071212066288745,0.9071212066288745,0.8491677369885177,0.87869359343692,M,2.8427613191954526,-5.795346964035685,27.466429303797547,0.8219142351473033,0.8219142351473033,0.7414268148068228,0.7730323629130463,M,4.8881872234257,-8.04874203404805,145.52675080651431,0.6669167323245014,0.6669167323245014,0.8075266952986846,0.8664897139788136,P,-19.957298165431215,14.060996297418315,True,True
pair_omission,6;27,1;2;3;4;5;7;8;9;10;11;12;13;14;15;16;17;18;19;20;21;22;23;24;25;26;28;29;30;31;32,30,8,0.26666666666666666,1,6,318.14652736675197,0.916778166756478,0.916778166756478,0.8465787147468589,0.8760145499948326,M,4.076361676164542,-7.019945200961919,27.466429303797547,0.8432435750738719,0.8432435750738719,0.7414268148068228,0.7730323629130463,M,7.02112121608256,-10.181676026704912,145.45172899488506,0.6037720563899845,0.6037720563899845,0.807943205408526,0.8669366363258356,P,-26.316457993585107,20.41711490185415,True,True
pair_omission,6;28,1;2;3;4;5;7;8;9;10;11;12;13;14;15;16;17;18;19;20;21;22;23;24;25;26;27;29;30;31;32,30,8,0.26666666666666666,1,6,318.14652736675197,0.916778166756478,0.916778166756478,0.8465787147468589,0.8760145499948326,M,4.076361676164542,-7.019945200961919,27.466429303797547,0.8432435750738719,0.8432435750738719,0.7414268148068228,0.7730323629130463,M,7.02112121608256,-10.181676026704912,145.52675080651431,0.6034608003959459,0.6034608003959459,0.8075266952986846,0.8664897139788136,P,-26.30289135828677,20.406589490273873,True,True
pair_omission,6;29,1;2;3;4;5;7;8;9;10;11;12;13;14;15;16;17;18;19;20;21;22;23;24;25;26;27;28;30;31;32,30,8,0.26666666666666666,1,6,318.14652736675197,0.922762702289667,0.922762702289667,0.8465787147468589,0.8760145499948326,M,4.674815229483431,-7.6183987542808085,27.466429303797547,0.8199959332982284,0.8199959332982284,0.7414268148068228,0.7730323629130463,M,4.696357038518206,-7.856911849140557,145.52675080651431,0.6699096593045543,0.6699096593045543,0.8075266952986846,0.8664897139788136,P,-19.65800546742593,13.761703599413034,True,True
pair_omission,6;30,1;2;3;4;5;7;8;9;10;11;12;13;14;15;16;17;18;19;20;21;22;23;24;25;26;27;28;29;31;32,30,8,0.26666666666666666,1,6,318.14652736675197,0.916778166756478,0.916778166756478,0.8465787147468589,0.8760145499948326,M,4.076361676164542,-7.019945200961919,27.466429303797547,0.8432435750738719,0.8432435750738719,0.7414268148068228,0.7730323629130463,M,7.02112121608256,-10.181676026704912,145.52675080651431,0.6034608003959459,0.6034608003959459,0.8075266952986846,0.8664897139788136,P,-26.30289135828677,20.406589490273873,True,True
pair_omission,6;31,1;2;3;4;5;7;8;9;10;11;12;13;14;15;16;17;18;19;20;21;22;23;24;25;26;27;28;29;30;32,30,8,0.26666666666666666,1,4,318.14652736675197,0.9213692757118872,0.9213692757118872,0.851169823702268,0.8730034714338281,M,4.836580427805915,-7.019945200961919,27.466429303797547,0.8432951226496858,0.8432951226496858,0.7579054162803973,0.7888422586692218,M,5.445286398046401,-8.538970636928845,145.52675080651431,0.6623194251758003,0.6623194251758003,0.8170247601601034,0.8718579851150654,P,-20.953855993926506,15.470533498430306,True,True
pair_omission,6;32,1;2;3;4;5;7;8;9;10;11;12;13;14;15;16;17;18;19;20;21;22;23;24;25;26;27;28;29;30;31,30,8,0.26666666666666666,1,6,318.14652736675197,0.916778166756478,0.916778166756478,0.8465787147468589,0.8760145499948326,M,4.076361676164542,-7.019945200961919,27.466429303797547,0.8432435750738719,0.8432435750738719,0.7414268148068228,0.7730323629130463,M,7.02112121608256,-10.181676026704912,145.52675080651431,0.6034608003959459,0.6034608003959459,0.8075266952986846,0.8664897139788136,P,-26.30289135828677,20.406589490273873,True,True
pair_omission,7;8,1;2;3;4;5;6;9;10;11;12;13;14;15;16;17;18;19;20;21;22;23;24;25;26;27;28;29;30;31;32,30,8,0.26666666666666666,1,4,303.0683072577413,0.9088485161445286,0.9088485161445286,0.8351565089465744,0.8580764218480489,M,5.077209429647967,-7.36920071979541,25.785501285712442,0.7966172890875729,0.7966172890875729,0.7056611231679429,0.7386147037456531,M,5.800258534191983,-9.095616591962996,140.52546680859135,0.6188356219900335,0.6188356219900335,0.7790469007283195,0.8358316333832724,P,-21.69960113932389,16.0211278738286,True,True
pair_omission,7;9,1;2;3;4;5;6;8;10;11;12;13;14;15;16;17;18;19;20;21;22;23;24;25;26;27;28;29;30;31;32,30,8,0.26666666666666666,1,3,317.86952833848244,0.9175770689433521,0.9175770689433521,0.8565871921216202,0.8767779298015317,M,4.079913914182043,-6.098987682173195,27.466429303797547,0.8432435750738719,0.8432435750738719,0.7414268148068228,0.7723636571956473,M,7.087991787822467,-10.181676026704912,145.52675080651431,0.6034608003959459,0.6034608003959459,0.8116564890238516,0.8664897139788136,P,-26.30289135828677,20.81956886279057,True,True
pair_omission,7;10,1;2;3;4;5;6;8;9;11;12;13;14;15;16;17;18;19;20;21;22;23;24;25;26;27;28;29;30;31;32,30,8,0.26666666666666666,1,6,317.86952833848244,0.9175770689433521,0.9175770689433521,0.8473164434702263,0.8767779298015317,M,4.079913914182043,-7.026062547312584,26.795706288692102,0.8643507952773013,0.8643507952773013,0.7599854608581538,0.7923821270745504,M,7.196866820275094,-10.436533441914753,145.52675080651431,0.6034608003959459,0.6034608003959459,0.8075266952986846,0.8664897139788136,P,-26.30289135828677,20.406589490273873,True,True
pair_omission,7;11,1;2;3;4;5;6;8;9;10;12;13;14;15;16;17;18;19;20;21;22;23;24;25;26;27;28;29;30;31;32,30,8,0.26666666666666666,1,3,315.295505330958,0.9250680240844913,0.9250680240844913,0.8542338018951641,0.8635802354831402,M,6.148778860135106,-7.083422218932722,27.466429303797547,0.8432435750738719,0.8432435750738719,0.7414268148068228,0.7578538687045834,M,8.538970636928855,-10.181676026704912,145.52675080651431,0.6034608003959459,0.6034608003959459,0.8075266952986846,0.8623599202536467,P,-25.889911985770087,20.406589490273873,True,True
pair_omission,7;12,1;2;3;4;5;6;8;9;10;11;13;14;15;16;17;18;19;20;21;22;23;24;25;26;27;28;29;30;31;32,30,8,0.26666666666666666,1,4,311.35543881868017,0.9112746319096846,0.9112746319096846,0.8395440337076875,0.8618539031992879,M,4.942072871039671,-7.173059820199712,27.466429303797547,0.8168601277586995,0.8168601277586995,0.7314704213894112,0.7624072637782355,M,5.445286398046401,-8.538970636928834,132.9803120890759,0.5972087799374547,0.5972087799374547,0.7665102680977346,0.8265169032046904,P,-22.930812326723572,16.93014881602799,True,True
pair_omission,7;13,1;2;3;4;5;6;8;9;10;11;12;14;15;16;17;18;19;20;21;22;23;24;25;26;27;28;29;30;31;32,30,8,0.26666666666666666,1,6,314.8334529599729,0.9264256621303604,0.9264256621303604,0.8554874830076077,0.8852330792148612,M,4.1192582915499205,-7.093817912275268,27.466429303797547,0.8432435750738719,0.8432435750738719,0.7414268148068228,0.7730323629130463,M,7.02112121608256,-10.181676026704912,137.18835428175296,0.6401395364825156,0.6401395364825156,0.8566086878991759,0.9191555168278197,P,-27.901598034530405,21.646915141666025,True,True
pair_omission,7;14,1;2;3;4;5;6;8;9;10;11;12;13;15;16;17;18;19;20;21;22;23;24;25;26;27;28;29;30;31;32,30,8,0.26666666666666666,1,4,317.86952833848244,0.9175770689433521,0.9175770689433521,0.8860963576182074,0.9079490317070179,M,0.9628037236334208,-3.148071132514474,27.466429303797547,0.8432435750738719,0.8432435750738719,0.7723058936485689,0.8032427360373935,M,4.000083903647845,-7.093768142530299,145.52675080651431,0.6034608003959459,0.6034608003959459,0.7866403445010605,0.8414735694560225,P,-23.80127690600766,18.31795441051146,True,True
pair_omission,7;15,1;2;3;4;5;6;8;9;10;11;12;13;14;16;17;18;19;20;21;22;23;24;25;26;27;28;29;30;31;32,30,8,0.26666666666666666,1,4,317.86952833848244,0.9175770689433521,0.9175770689433521,0.8809969871023239,0.9028496611911344,M,1.4727407752217703,-3.6580081841028234,27.466429303797547,0.8432435750738719,0.8432435750738719,0.7948666026916701,0.8258034450804945,M,1.7440129993377407,-4.837697238220184,144.30499705564276,0.6085699824161874,0.6085699824161874,0.7848339416410821,0.8401314103826628,P,-23.15614279664754,17.62639592248947,True,True
pair_omission,7;16,1;2;3;4;5;6;8;9;10;11;12;13;14;15;17;18;19;20;21;22;23;24;25;26;27;28;29;30;31;32,30,8,0.26666666666666666,1,6,317.86952833848244,0.9334302135592323,0.9334302135592323,0.8473164434702263,0.8767779298015317,M,5.665228375770059,-8.6113770089006,27.466429303797547,0.8585919870327166,0.8585919870327166,0.7414268148068228,0.7730323629130463,M,8.555962411967021,-11.716517222589374,145.52675080651431,0.6694429391484704,0.6694429391484704,0.8075266952986846,0.8664897139788136,P,-19.704677483034317,13.808375615021419,True,True
pair_omission,7;17,1;2;3;4;5;6;8;9;10;11;12;13;14;15;16;18;19;20;21;22;23;24;25;26;27;28;29;30;31;32,30,8,0.26666666666666666,1,6,316.01592239056686,0.922959159503214,0.922959159503214,0.8522864170952956,0.8819207111316212,M,4.103844837159287,-7.067274240791843,27.466429303797547,0.8432435750738719,0.8432435750738719,0.7414268148068228,0.7730323629130463,M,7.02112121608256,-10.181676026704912,145.52675080651431,0.6034608003959459,0.6034608003959459,0.8075266952986846,0.8664897139788136,P,-26.30289135828677,20.406589490273873,True,True
pair_omission,7;18,1;2;3;4;5;6;8;9;10;11;12;13;14;15;16;17;19;20;21;22;23;24;25;26;27;28;29;30;31;32,30,8,0.26666666666666666,1,6,317.86952833848244,0.9175770689433521,0.9175770689433521,0.8473164434702263,0.8767779298015317,M,4.079913914182043,-7.026062547312584,27.466429303797547,0.8432435750738719,0.8432435750738719,0.7414268148068228,0.7730323629130463,M,7.02112121608256,-10.181676026704912,145.52675080651431,0.6034608003959459,0.6034608003959459,0.8075266952986846,0.8664897139788136,P,-26.30289135828677,20.406589490273873,True,True
pair_omission,7;19,1;2;3;4;5;6;8;9;10;11;12;13;14;15;16;17;18;20;21;22;23;24;25;26;27;28;29;30;31;32,30,8,0.26666666666666666,1,6,317.86952833848244,0.9234293466174938,0.9234293466174938,0.8473164434702263,0.8767779298015317,M,4.665141681596207,-7.611290314726748,27.381591093879976,0.8084725925625184,0.8084725925625184,0.7437240269570384,0.7754275006409102,M,3.3045091921608205,-6.474856560547993,145.52675080651431,0.671462453767448,0.671462453767448,0.8075266952986846,0.8664897139788136,P,-19.502726021136564,13.606424153123664,True,True
pair_omission,7;20,1;2;3;4;5;6;8;9;10;11;12;13;14;15;16;17;18;19;21;22;23;24;25;26;27;28;29;30;31;32,30,8,0.26666666666666666,1,6,317.86952833848244,0.9175770689433521,0.9175770689433521,0.8473164434702263,0.8767779298015317,M,4.079913914182043,-7.026062547312584,27.386194731699668,0.8457140638761014,0.8457140638761014,0.7435990064461038,0.7752971507546499,M,7.041691312145149,-10.21150574299976,145.52675080651431,0.6034608003959459,0.6034608003959459,0.8075266952986846,0.8664897139788136,P,-26.30289135828677,20.406589490273873,True,True
pair_omission,7;21,1;2;3;4;5;6;8;9;10;11;12;13;14;15;16;17;18;19;20;22;23;24;25;26;27;28;29;30;31;32,30,8,0.26666666666666666,1,6,317.86952833848244,0.9175770689433521,0.9175770689433521,0.8473164434702263,0.8767779298015317,M,4.079913914182043,-7.026062547312584,27.46262676564652,0.8433603325090652,0.8433603325090652,0.7415294744603788,0.7731393987431233,M,7.022093376594185,-10.183085804868641,145.52675080651431,0.6034608003959459,0.6034608003959459,0.8075266952986846,0.8664897139788136,P,-26.30289135828677,20.406589490273873,True,True
pair_omission,7;22,1;2;3;4;5;6;8;9;10;11;12;13;14;15;16;17;18;19;20;21;23;24;25;26;27;28;29;30;31;32,30,8,0.26666666666666666,1,6,317.86952833848244,0.9175770689433521,0.9175770689433521,0.8473164434702263,0.8767779298015317,M,4.079913914182043,-7.026062547312584,27.466429303797547,0.8432435750738719,0.8432435750738719,0.7414268148068228,0.7730323629130463,M,7.02112121608256,-10.181676026704912,145.52675080651431,0.6034608003959459,0.6034608003959459,0.8075266952986846,0.8664897139788136,P,-26.30289135828677,20.406589490273873,True,True
pair_omission,7;23,1;2;3;4;5;6;8;9;10;11;12;13;14;15;16;17;18;19;20;21;22;24;25;26;27;28;29;30;31;32,30,8,0.26666666666666666,1,6,317.86952833848244,0.9175770689433521,0.9175770689433521,0.8473164434702263,0.8767779298015317,M,4.079913914182043,-7.026062547312584,27.466429303797547,0.8432435750738719,0.8432435750738719,0.7414268148068228,0.7730323629130463,M,7.02112121608256,-10.181676026704912,145.52675080651431,0.6034608003959459,0.6034608003959459,0.8075266952986846,0.8664897139788136,P,-26.30289135828677,20.406589490273873,True,True
pair_omission,7;24,1;2;3;4;5;6;8;9;10;11;12;13;14;15;16;17;18;19;20;21;22;23;25;26;27;28;29;30;31;32,30,8,0.26666666666666666,1,6,316.3126796684201,0.9126651326621886,0.9126651326621886,0.8514868215895017,0.8810933134130341,M,3.157181924915453,-6.11783110726869,27.332043341718943,0.8081253901087129,0.8081253901087129,0.7450722559680625,0.7768332019688442,M,3.129218813986867,-6.305313414065039,145.52675080651431,0.666922888277029,0.666922888277029,0.8075266952986846,0.8664897139788136,P,-19.956682570178465,14.060380702165565,True,True
pair_omission,7;25,1;2;3;4;5;6;8;9;10;11;12;13;14;15;16;17;18;19;20;21;22;23;24;26;27;28;29;30;31;32,30,8,0.26666666666666666,1,6,317.86952833848244,0.9175770689433521,0.9175770689433521,0.8473164434702263,0.8767779298015317,M,4.079913914182043,-7.026062547312584,27.228531177580052,0.850611070042539,0.850611070042539,0.7479047275821981,0.7797864162052753,M,7.082465383726366,-10.270634246034094,145.52675080651431,0.6034608003959459,0.6034608003959459,0.8075266952986846,0.8664897139788136,P,-26.30289135828677,20.406589490273873,True,True
pair_omission,7;26,1;2;3;4;5;6;8;9;10;11;12;13;14;15;16;17;18;19;20;21;22;23;24;25;27;28;29;30;31;32,30,8,0.26666666666666666,1,6,315.3426846961899,0.9123964903681723,0.9123964903681723,0.8541059974129644,0.8838035588874128,M,2.8592931480759476,-5.829049295520782,27.466429303797547,0.8219142351473033,0.8219142351473033,0.7414268148068228,0.7730323629130463,M,4.8881872234257,-8.04874203404805,145.52675080651431,0.6669167323245014,0.6669167323245014,0.8075266952986846,0.8664897139788136,P,-19.957298165431215,14.060996297418315,True,True
pair_omission,7;27,1;2;3;4;5;6;8;9;10;11;12;13;14;15;16;17;18;19;20;21;22;23;24;25;26;28;29;30;31;32,30,8,0.26666666666666666,1,6,317.86952833848244,0.9175770689433521,0.9175770689433521,0.8473164434702263,0.8767779298015317,M,4.079913914182043,-7.026062547312584,27.466429303797547,0.8432435750738719,0.8432435750738719,0.7414268148068228,0.7730323629130463,M,7.02112121608256,-10.181676026704912,145.45172899488506,0.6037720563899845,0.6037720563899845,0.807943205408526,0.8669366363258356,P,-26.316457993585107,20.41711490185415,True,True
pair_omission,7;28,1;2;3;4;5;6;8;9;10;11;12;13;14;15;16;17;18;19;20;21;22;23;24;25;26;27;29;30;31;32,30,8,0.26666666666666666,1,6,317.86952833848244,0.9175770689433521,0.9175770689433521,0.8473164434702263,0.8767779298015317,M,4.079913914182043,-7.026062547312584,27.466429303797547,0.8432435750738719,0.8432435750738719,0.7414268148068228,0.7730323629130463,M,7.02112121608256,-10.181676026704912,145.52675080651431,0.6034608003959459,0.6034608003959459,0.8075266952986846,0.8664897139788136,P,-26.30289135828677,20.406589490273873,True,True
pair_omission,7;29,1;2;3;4;5;6;8;9;10;11;12;13;14;15;16;17;18;19;20;21;22;23;24;25;26;27;28;30;31;32,30,8,0.26666666666666666,1,6,317.86952833848244,0.9235668195424079,0.9235668195424079,0.8473164434702263,0.8767779298015317,M,4.678888974087625,-7.625037607218166,27.466429303797547,0.8199959332982284,0.8199959332982284,0.7414268148068228,0.7730323629130463,M,4.696357038518206,-7.856911849140557,145.52675080651431,0.6699096593045543,0.6699096593045543,0.8075266952986846,0.8664897139788136,P,-19.65800546742593,13.761703599413034,True,True
pair_omission,7;30,1;2;3;4;5;6;8;9;10;11;12;13;14;15;16;17;18;19;20;21;22;23;24;25;26;27;28;29;31;32,30,8,0.26666666666666666,1,6,317.86952833848244,0.9175770689433521,0.9175770689433521,0.8473164434702263,0.8767779298015317,M,4.079913914182043,-7.026062547312584,27.466429303797547,0.8432435750738719,0.8432435750738719,0.7414268148068228,0.7730323629130463,M,7.02112121608256,-10.181676026704912,145.52675080651431,0.6034608003959459,0.6034608003959459,0.8075266952986846,0.8664897139788136,P,-26.30289135828677,20.406589490273873,True,True
pair_omission,7;31,1;2;3;4;5;6;8;9;10;11;12;13;14;15;16;17;18;19;20;21;22;23;24;25;26;27;28;29;30;32,30,8,0.26666666666666666,1,4,317.86952833848244,0.9221721786997377,0.9221721786997377,0.8519115532266117,0.8737642273154224,M,4.840795138431531,-7.026062547312595,27.466429303797547,0.8432951226496858,0.8432951226496858,0.7579054162803973,0.7888422586692218,M,5.445286398046401,-8.538970636928845,145.52675080651431,0.6623194251758003,0.6623194251758003,0.8170247601601034,0.8718579851150654,P,-20.953855993926506,15.470533498430306,True,True
pair_omission,7;32,1;2;3;4;5;6;8;9;10;11;12;13;14;15;16;17;18;19;20;21;22;23;24;25;26;27;28;29;30;31,30,8,0.26666666666666666,1,6,317.86952833848244,0.9175770689433521,0.9175770689433521,0.8473164434702263,0.8767779298015317,M,4.079913914182043,-7.026062547312584,27.466429303797547,0.8432435750738719,0.8432435750738719,0.7414268148068228,0.7730323629130463,M,7.02112121608256,-10.181676026704912,145.52675080651431,0.6034608003959459,0.6034608003959459,0.8075266952986846,0.8664897139788136,P,-26.30289135828677,20.406589490273873,True,True
pair_omission,8;9,1;2;3;4;5;6;7;10;11;12;13;14;15;16;17;18;19;20;21;22;23;24;25;26;27;28;29;30;31;32,30,8,0.26666666666666666,1,1,304.90215495607316,0.9033822059451004,0.9033822059451004,0.8529154826889748,0.8529154826889748,M,5.046672325612567,-5.046672325612567,25.785501285712442,0.7966172890875729,0.7966172890875729,0.7211167885586206,0.7211167885586206,M,7.55005005289523,-7.55005005289523,140.52546680859135,0.6188356219900335,0.6188356219900335,0.8344409694478905,0.8344409694478905,P,-21.5605347457857,21.5605347457857,True,True
pair_omission,8;10,1;2;3;4;5;6;7;9;11;12;13;14;15;16;17;18;19;20;21;22;23;24;25;26;27;28;29;30;31;32,30,8,0.26666666666666666,1,4,304.90215495607316,0.9033822059451004,0.9033822059451004,0.830133422632543,0.8529154826889748,M,5.046672325612567,-7.324878331255746,25.025716974387844,0.8208027027961237,0.8208027027961237,0.7270850947985424,0.7610391507492674,M,5.976355204685624,-9.371760799758121,140.52546680859135,0.6188356219900335,0.6188356219900335,0.7790469007283195,0.8358316333832724,P,-21.69960113932389,16.0211278738286,True,True
pair_omission,8;11,1;2;3;4;5;6;7;9;10;12;13;14;15;16;17;18;19;20;21;22;23;24;25;26;27;28;29;30;31;32,30,8,0.26666666666666666,1,1,302.32813194854873,0.9110736059074652,0.9110736059074652,0.837201182140728,0.837201182140728,M,7.387242376673719,-7.387242376673719,25.785501285712442,0.7966172890875729,0.7966172890875729,0.7056611231679429,0.7056611231679429,M,9.095616591962996,-9.095616591962996,140.52546680859135,0.6188356219900335,0.6188356219900335,0.8301641968743947,0.8301641968743947,P,-21.13285748843612,21.13285748843612,True,True
pair_omission,8;12,1;2;3;4;5;6;7;9;10;11;13;14;15;16;17;18;19;20;21;22;23;24;25;26;27;28;29;30;31;32,30,8,0.26666666666666666,1,1,298.3880654362709,0.8883904058919248,0.8883904058919248,0.835051504439819,0.835051504439819,M,5.333890145210574,-5.333890145210574,25.785501285712442,0.7852995516118303,0.7852995516118303,0.710511348978834,0.710511348978834,M,7.478820263299635,-7.478820263299635,127.4066007120056,0.5539727425208971,0.5539727425208971,0.7933125069147828,0.7933125069147828,P,-23.933976439388573,23.933976439388573,True,True
pair_omission,8;13,1;2;3;4;5;6;7;9;10;11;12;14;15;16;17;18;19;20;21;22;23;24;25;26;27;28;29;30;31;32,30,8,0.26666666666666666,1,4,301.8660795775636,0.9124681439103459,0.9124681439103459,0.8384826470596782,0.8614938420083306,M,5.0974301902015355,-7.398549685066769,25.785501285712442,0.7966172890875729,0.7966172890875729,0.7056611231679429,0.7386147037456531,M,5.800258534191983,-9.095616591962996,131.61464290468265,0.6607332036824639,0.6607332036824639,0.831791409941503,0.8924206901479412,P,-23.168748646547733,17.10582062590391,True,True
pair_omission,8;14,1;2;3;4;5;6;7;9;10;11;12;13;15;16;17;18;19;20;21;22;23;24;25;26;27;28;29;30;31;32,30,8,0.26666666666666666,1,1,304.90215495607316,0.9033822059451004,0.9033822059451004,0.8836796618382293,0.8836796618382293,M,1.9702544106871112,-1.9702544106871112,25.785501285712442,0.7966172890875729,0.7966172890875729,0.7540088400481589,0.7540088400481589,M,4.260844903941397,-4.260844903941397,139.95303942944403,0.6213667456773997,0.6213667456773997,0.8118415219060006,0.8118415219060006,P,-19.047477622860086,19.047477622860086,True,True
pair_omission,8;15,1;2;3;4;5;6;7;9;10;11;12;13;14;16;17;18;19;20;21;22;23;24;25;26;27;28;29;30;31;32,30,8,0.26666666666666666,1,1,304.90215495607316,0.9033822059451004,0.9033822059451004,0.8783634170221158,0.8783634170221158,M,2.501878892298459,-2.501878892298459,25.785501285712442,0.7966172890875729,0.7966172890875729,0.7780402565061834,0.7780402565061834,M,1.857703258138954,-1.857703258138954,138.73128567857248,0.626838886647513,0.626838886647513,0.8101844816411087,0.8101844816411087,P,-18.33455949935957,18.33455949935957,True,True
pair_omission,8;16,1;2;3;4;5;6;7;9;10;11;12;13;14;15;17;18;19;20;21;22;23;24;25;26;27;28;29;30;31;32,30,8,0.26666666666666666,1,4,304.90215495607316,0.9119771666575665,0.9119771666575665,0.830133422632543,0.8529154826889748,M,5.906168396859169,-8.184374402502348,25.785501285712442,0.8297518641639593,0.8297518641639593,0.7056611231679429,0.7386147037456531,M,9.113716041830621,-12.409074099601636,140.52546680859135,0.6303813242518955,0.6303813242518955,0.7790469007283195,0.8358316333832724,P,-20.545030913137687,14.866557647642399,True,True
pair_omission,8;17,1;2;3;4;5;6;7;9;10;11;12;13;14;15;16;18;19;20;21;22;23;24;25;26;27;28;29;30;31;32,30,8,0.26666666666666666,1,4,303.0485490081576,0.908907771520852,0.908907771520852,0.835210959729458,0.8581323669702423,M,5.077540455060969,-7.369681179139398,25.785501285712442,0.7966172890875729,0.7966172890875729,0.7056611231679429,0.7386147037456531,M,5.800258534191983,-9.095616591962996,140.52546680859135,0.6188356219900335,0.6188356219900335,0.7790469007283195,0.8358316333832724,P,-21.69960113932389,16.0211278738286,True,True
pair_omission,8;18,1;2;3;4;5;6;7;9;10;11;12;13;14;15;16;17;19;20;21;22;23;24;25;26;27;28;29;30;31;32,30,8,0.26666666666666666,1,4,304.90215495607316,0.9033822059451004,0.9033822059451004,0.830133422632543,0.8529154826889748,M,5.046672325612567,-7.324878331255746,25.785501285712442,0.7966172890875729,0.7966172890875729,0.7056611231679429,0.7386147037456531,M,5.800258534191983,-9.095616591962996,140.52546680859135,0.6188356219900335,0.6188356219900335,0.7790469007283195,0.8358316333832724,P,-21.69960113932389,16.0211278738286,True,True
pair_omission,8;19,1;2;3;4;5;6;7;9;10;11;12;13;14;15;16;17;18;20;21;22;23;24;25;26;27;28;29;30;31;32,30,8,0.26666666666666666,1,4,304.90215495607316,0.901550966625611,0.901550966625611,0.830133422632543,0.8529154826889748,M,4.863548393663619,-7.141754399306799,25.611601779575718,0.7789586047541343,0.7789586047541343,0.7104524720993733,0.7436298032818766,M,3.53288014722577,-6.850613265476091,140.52546680859135,0.6324727131465959,0.6324727131465959,0.7790469007283195,0.8358316333832724,P,-20.335892023667647,14.657418758172359,True,True
pair_omission,8;20,1;2;3;4;5;6;7;9;10;11;12;13;14;15;16;17;18;19;21;22;23;24;25;26;27;28;29;30;31;32,30,8,0.26666666666666666,1,4,304.90215495607316,0.9033822059451004,0.9033822059451004,0.830133422632543,0.8529154826889748,M,5.046672325612567,-7.324878331255746,25.61620541739541,0.8018820819589191,0.8018820819589191,0.7103247925380817,0.7434961612287131,M,5.838592073020599,-9.15572894208374,140.52546680859135,0.6188356219900335,0.6188356219900335,0.7790469007283195,0.8358316333832724,P,-21.69960113932389,16.0211278738286,True,True
pair_omission,8;21,1;2;3;4;5;6;7;9;10;11;12;13;14;15;16;17;18;19;20;22;23;24;25;26;27;28;29;30;31;32,30,8,0.26666666666666666,1,4,304.90215495607316,0.9033822059451004,0.9033822059451004,0.830133422632543,0.8529154826889748,M,5.046672325612567,-7.324878331255746,25.69263745134226,0.7994965939518692,0.7994965939518692,0.7082116747719753,0.7412843632402034,M,5.821223071166582,-9.12849191798939,140.52546680859135,0.6188356219900335,0.6188356219900335,0.7790469007283195,0.8358316333832724,P,-21.69960113932389,16.0211278738286,True,True
pair_omission,8;22,1;2;3;4;5;6;7;9;10;11;12;13;14;15;16;17;18;19;20;21;23;24;25;26;27;28;29;30;31;32,30,8,0.26666666666666666,1,4,304.90215495607316,0.9033822059451004,0.9033822059451004,0.830133422632543,0.8529154826889748,M,5.046672325612567,-7.324878331255746,25.785501285712442,0.7966172890875729,0.7966172890875729,0.7056611231679429,0.7386147037456531,M,5.800258534191983,-9.095616591962996,140.52546680859135,0.6188356219900335,0.6188356219900335,0.7790469007283195,0.8358316333832724,P,-21.69960113932389,16.0211278738286,True,True
pair_omission,8;23,1;2;3;4;5;6;7;9;10;11;12;13;14;15;16;17;18;19;20;21;22;24;25;26;27;28;29;30;31;32,30,8,0.26666666666666666,1,4,304.90215495607316,0.9033822059451004,0.9033822059451004,0.830133422632543,0.8529154826889748,M,5.046672325612567,-7.324878331255746,25.785501285712442,0.7966172890875729,0.7966172890875729,0.7056611231679429,0.7386147037456531,M,5.800258534191983,-9.095616591962996,140.52546680859135,0.6188356219900335,0.6188356219900335,0.7790469007283195,0.8358316333832724,P,-21.69960113932389,16.0211278738286,True,True
pair_omission,8;24,1;2;3;4;5;6;7;9;10;11;12;13;14;15;16;17;18;19;20;21;22;23;25;26;27;28;29;30;31;32,30,8,0.26666666666666666,1,4,303.34530628601084,0.890214319523256,0.890214319523256,0.8343938878127136,0.8572928714514959,M,3.2921448071760118,-5.582043171054241,25.562054027414682,0.778530153102431,0.778530153102431,0.7118295649954303,0.7450712048669391,M,3.345894823549189,-6.670058810700075,140.52546680859135,0.6277715850813613,0.6277715850813613,0.7790469007283195,0.8358316333832724,P,-20.806004830191107,15.127531564695818,True,True
pair_omission,8;25,1;2;3;4;5;6;7;9;10;11;12;13;14;15;16;17;18;19;20;21;22;23;24;26;27;28;29;30;31;32,30,8,0.26666666666666666,1,4,304.90215495607316,0.9033822059451004,0.9033822059451004,0.830133422632543,0.8529154826889748,M,5.046672325612567,-7.324878331255746,25.458541863275794,0.8068481000327528,0.8068481000327528,0.7147238006184455,0.7481005980375117,M,5.874750199524104,-9.212429941430722,140.52546680859135,0.6188356219900335,0.6188356219900335,0.7790469007283195,0.8358316333832724,P,-21.69960113932389,16.0211278738286,True,True
pair_omission,8;26,1;2;3;4;5;6;7;9;10;11;12;13;14;15;16;17;18;19;20;21;22;23;24;25;27;28;29;30;31;32,30,8,0.26666666666666666,1,4,302.3753113137806,0.8898621361468335,0.8898621361468335,0.8370705543451809,0.8600429960282138,M,2.9819140118619747,-5.2791581801652665,25.785501285712442,0.7906831306140274,0.7906831306140274,0.7056611231679429,0.7386147037456531,M,5.206842686837431,-8.502200744608446,140.52546680859135,0.6277652100392441,0.6277652100392441,0.7790469007283195,0.8358316333832724,P,-20.806642334402824,15.128169068907537,True,True
pair_omission,8;27,1;2;3;4;5;6;7;9;10;11;12;13;14;15;16;17;18;19;20;21;22;23;24;25;26;28;29;30;31;32,30,8,0.26666666666666666,1,4,304.90215495607316,0.9033822059451004,0.9033822059451004,0.830133422632543,0.8529154826889748,M,5.046672325612567,-7.324878331255746,25.785501285712442,0.7966172890875729,0.7966172890875729,0.7056611231679429,0.7386147037456531,M,5.800258534191983,-9.095616591962996,139.87801761781478,0.621700007899304,0.621700007899304,0.7826528517851302,0.8397004222314104,P,-21.800041433210637,16.09528438858262,True,True
pair_omission,8;28,1;2;3;4;5;6;7;9;10;11;12;13;14;15;16;17;18;19;20;21;22;23;24;25;26;27;29;30;31;32,30,8,0.26666666666666666,1,4,304.90215495607316,0.9033822059451004,0.9033822059451004,0.830133422632543,0.8529154826889748,M,5.046672325612567,-7.324878331255746,25.785501285712442,0.7966172890875729,0.7966172890875729,0.7056611231679429,0.7386147037456531,M,5.800258534191983,-9.095616591962996,140.52546680859135,0.6188356219900335,0.6188356219900335,0.7790469007283195,0.8358316333832724,P,-21.69960113932389,16.0211278738286,True,True
pair_omission,8;29,1;2;3;4;5;6;7;9;10;11;12;13;14;15;16;17;18;19;20;21;22;23;24;25;26;27;28;30;31;32,30,8,0.26666666666666666,1,4,304.90215495607316,0.90169428622205,0.90169428622205,0.830133422632543,0.8529154826889748,M,4.877880353307518,-7.156086358950697,25.785501285712442,0.7886397768107737,0.7886397768107737,0.7056611231679429,0.7386147037456531,M,5.002507306512061,-8.297865364283075,140.52546680859135,0.6308646549206584,0.6308646549206584,0.7790469007283195,0.8358316333832724,P,-20.4966978462614,14.818224580766115,True,True
pair_omission,8;30,1;2;3;4;5;6;7;9;10;11;12;13;14;15;16;17;18;19;20;21;22;23;24;25;26;27;28;29;31;32,30,8,0.26666666666666666,1,4,304.90215495607316,0.9033822059451004,0.9033822059451004,0.830133422632543,0.8529154826889748,M,5.046672325612567,-7.324878331255746,25.785501285712442,0.7966172890875729,0.7966172890875729,0.7056611231679429,0.7386147037456531,M,5.800258534191983,-9.095616591962996,140.52546680859135,0.6188356219900335,0.6188356219900335,0.7790469007283195,0.8358316333832724,P,-21.69960113932389,16.0211278738286,True,True
pair_omission,8;31,1;2;3;4;5;6;7;9;10;11;12;13;14;15;16;17;18;19;20;21;22;23;24;25;26;27;28;29;30;32,30,8,0.26666666666666666,1,1,304.90215495607316,0.9002403318315831,0.9002403318315831,0.8480409906393811,0.8480409906393811,M,5.219934119220204,-5.219934119220204,25.785501285712442,0.8134578142833353,0.8134578142833353,0.738669611650339,0.738669611650339,M,7.478820263299635,-7.478820263299635,140.52546680859135,0.6230042852972447,0.6230042852972447,0.8400002966904836,0.8400002966904836,P,-21.69960113932389,21.69960113932389,True,True
pair_omission,8;32,1;2;3;4;5;6;7;9;10;11;12;13;14;15;16;17;18;19;20;21;22;23;24;25;26;27;28;29;30;31,30,8,0.26666666666666666,1,4,304.90215495607316,0.9033822059451004,0.9033822059451004,0.830133422632543,0.8529154826889748,M,5.046672325612567,-7.324878331255746,25.785501285712442,0.7966172890875729,0.7966172890875729,0.7056611231679429,0.7386147037456531,M,5.800258534191983,-9.095616591962996,140.52546680859135,0.6188356219900335,0.6188356219900335,0.7790469007283195,0.8358316333832724,P,-21.69960113932389,16.0211278738286,True,True
pair_omission,9;10,1;2;3;4;5;6;7;8;11;12;13;14;15;16;17;18;19;20;21;22;23;24;25;26;27;28;29;30;31;32,30,8,0.26666666666666666,1,3,318.14652736675197,0.916778166756478,0.916778166756478,0.8558413916824021,0.8760145499948326,M,4.076361676164542,-6.093677507407591,26.795706288692102,0.8643507952773013,0.8643507952773013,0.7599854608581538,0.7916966829920506,M,7.265411228525065,-10.436533441914753,145.52675080651431,0.6034608003959459,0.6034608003959459,0.8116564890238516,0.8664897139788136,P,-26.30289135828677,20.81956886279057,True,True
pair_omission,9;11,1;2;3;4;5;6;7;8;10;12;13;14;15;16;17;18;19;20;21;22;23;24;25;26;27;28;29;30;31;32,30,8,0.26666666666666666,1,1,317.12935302928986,0.919718680510448,0.919718680510448,0.8585864542010293,0.8585864542010293,M,6.1132226309418725,-6.1132226309418725,27.466429303797547,0.8432435750738719,0.8432435750738719,0.7414268148068228,0.7414268148068228,M,10.181676026704912,-10.181676026704912,145.52675080651431,0.6034608003959459,0.6034608003959459,0.8610170489422873,0.8610170489422873,P,-25.755624854634142,25.755624854634142,True,True
pair_omission,9;12,1;2;3;4;5;6;7;8;10;11;13;14;15;16;17;18;19;20;21;22;23;24;25;26;27;28;29;30;31;32,30,8,0.26666666666666666,1,1,313.189286517012,0.9059387569030374,0.9059387569030374,0.8568074061934126,0.8568074061934126,M,4.913135070962483,-4.913135070962483,27.466429303797547,0.8168601277586995,0.8168601277586995,0.745980209880475,0.745980209880475,M,7.087991787822457,-7.087991787822457,132.9803120890759,0.5972087799374547,0.5972087799374547,0.8250473345473203,0.8250473345473203,P,-22.78385546098656,22.78385546098656,True,True
pair_omission,9;13,1;2;3;4;5;6;7;8;10;11;12;14;15;16;17;18;19;20;21;22;23;24;25;26;27;28;29;30;31;32,30,8,0.26666666666666666,1,3,316.6673006583047,0.921060651077304,0.921060651077304,0.8598392261355947,0.8801066179685291,M,4.095403310877488,-6.122142494170923,27.466429303797547,0.8432435750738719,0.8432435750738719,0.7414268148068228,0.7723636571956473,M,7.087991787822467,-10.181676026704912,137.18835428175296,0.6401395364825156,0.6401395364825156,0.8609894931466123,0.9191555168278197,P,-27.901598034530405,22.084995666409668,True,True
pair_omission,9;14,1;2;3;4;5;6;7;8;10;11;12;13;15;16;17;18;19;20;21;22;23;24;25;26;27;28;29;30;31;32,30,8,0.26666666666666666,1,1,318.14652736675197,0.916778166756478,0.916778166756478,0.90715851231464,0.90715851231464,M,0.9619654441838099,-0.9619654441838099,27.466429303797547,0.8432435750738719,0.8432435750738719,0.7868156821396327,0.7868156821396327,M,5.642789293423922,-5.642789293423922,145.52675080651431,0.6034608003959459,0.6034608003959459,0.8401306981446631,0.8401306981446631,P,-23.666989774871727,23.666989774871727,True,True
pair_omission,9;15,1;2;3;4;5;6;7;8;10;11;12;13;14;16;17;18;19;20;21;22;23;24;25;26;27;28;29;30;31;32,30,8,0.26666666666666666,1,1,318.14652736675197,0.916778166756478,0.916778166756478,0.9020635816418985,0.9020635816418985,M,1.471458511457957,-1.471458511457957,27.466429303797547,0.8432435750738719,0.8432435750738719,0.8093763911827339,0.8093763911827339,M,3.3867183891138075,-3.3867183891138075,144.30499705564276,0.6085699824161874,0.6085699824161874,0.8387771696932842,0.8387771696932842,P,-23.020718727709678,23.020718727709678,True,True
pair_omission,9;16,1;2;3;4;5;6;7;8;10;11;12;13;14;15;17;18;19;20;21;22;23;24;25;26;27;28;29;30;31;32,30,8,0.26666666666666666,1,3,318.14652736675197,0.9326175085950971,0.9326175085950971,0.8558413916824021,0.8760145499948326,M,5.660295860026443,-7.677611691269492,27.466429303797547,0.8585919870327166,0.8585919870327166,0.7414268148068228,0.7723636571956473,M,8.62283298370693,-11.716517222589374,145.52675080651431,0.6694429391484704,0.6694429391484704,0.8116564890238516,0.8664897139788136,P,-19.704677483034317,14.221354987538115,True,True
pair_omission,9;17,1;2;3;4;5;6;7;8;10;11;12;13;14;15;16;18;19;20;21;22;23;24;25;26;27;28;29;30;31;32,30,8,0.26666666666666666,1,3,317.8497700888987,0.9176341075774698,0.9176341075774698,0.8566404394891656,0.8768324322702976,M,4.080167530717215,-6.099366808830419,27.466429303797547,0.8432435750738719,0.8432435750738719,0.7414268148068228,0.7723636571956473,M,7.087991787822467,-10.181676026704912,145.52675080651431,0.6034608003959459,0.6034608003959459,0.8116564890238516,0.8664897139788136,P,-26.30289135828677,20.81956886279057,True,True
pair_omission,9;18,1;2;3;4;5;6;7;8;10;11;12;13;14;15;16;17;19;20;21;22;23;24;25;26;27;28;29;30;31;32,30,8,0.26666666666666666,1,3,318.14652736675197,0.916778166756478,0.916778166756478,0.8558413916824021,0.8760145499948326,M,4.076361676164542,-6.093677507407591,27.466429303797547,0.8432435750738719,0.8432435750738719,0.7414268148068228,0.7723636571956473,M,7.087991787822467,-10.181676026704912,145.52675080651431,0.6034608003959459,0.6034608003959459,0.8116564890238516,0.8664897139788136,P,-26.30289135828677,20.81956886279057,True,True
pair_omission,9;19,1;2;3;4;5;6;7;8;10;11;12;13;14;15;16;17;18;20;21;22;23;24;25;26;27;28;29;30;31;32,30,8,0.26666666666666666,1,3,318.14652736675197,0.9226253490576092,0.9226253490576092,0.8558413916824021,0.8760145499948326,M,4.661079906277655,-6.678395737520704,27.381591093879976,0.8084725925625184,0.8084725925625184,0.7437240269570384,0.7747567230279871,M,3.3715869534531206,-6.474856560547993,145.52675080651431,0.671462453767448,0.671462453767448,0.8116564890238516,0.8664897139788136,P,-19.502726021136564,14.019403525640362,True,True
pair_omission,9;20,1;2;3;4;5;6;7;8;10;11;12;13;14;15;16;17;18;19;21;22;23;24;25;26;27;28;29;30;31;32,30,8,0.26666666666666666,1,3,318.14652736675197,0.916778166756478,0.916778166756478,0.8558413916824021,0.8760145499948326,M,4.076361676164542,-6.093677507407591,27.386194731699668,0.8457140638761014,0.8457140638761014,0.7435990064461038,0.7746264858998964,M,7.108757797620502,-10.21150574299976,145.52675080651431,0.6034608003959459,0.6034608003959459,0.8116564890238516,0.8664897139788136,P,-26.30289135828677,20.81956886279057,True,True
pair_omission,9;21,1;2;3;4;5;6;7;8;10;11;12;13;14;15;16;17;18;19;20;22;23;24;25;26;27;28;29;30;31;32,30,8,0.26666666666666666,1,3,318.14652736675197,0.916778166756478,0.916778166756478,0.8558413916824021,0.8760145499948326,M,4.076361676164542,-6.093677507407591,27.46262676564652,0.8433603325090652,0.8433603325090652,0.7415294744603788,0.7724706004352002,M,7.088973207386495,-10.183085804868641,145.52675080651431,0.6034608003959459,0.6034608003959459,0.8116564890238516,0.8664897139788136,P,-26.30289135828677,20.81956886279057,True,True
pair_omission,9;22,1;2;3;4;5;6;7;8;10;11;12;13;14;15;16;17;18;19;20;21;23;24;25;26;27;28;29;30;31;32,30,8,0.26666666666666666,1,3,318.14652736675197,0.916778166756478,0.916778166756478,0.8558413916824021,0.8760145499948326,M,4.076361676164542,-6.093677507407591,27.466429303797547,0.8432435750738719,0.8432435750738719,0.7414268148068228,0.7723636571956473,M,7.087991787822467,-10.181676026704912,145.52675080651431,0.6034608003959459,0.6034608003959459,0.8116564890238516,0.8664897139788136,P,-26.30289135828677,20.81956886279057,True,True
pair_omission,9;23,1;2;3;4;5;6;7;8;10;11;12;13;14;15;16;17;18;19;20;21;22;24;25;26;27;28;29;30;31;32,30,8,0.26666666666666666,1,3,318.14652736675197,0.916778166756478,0.916778166756478,0.8558413916824021,0.8760145499948326,M,4.076361676164542,-6.093677507407591,27.466429303797547,0.8432435750738719,0.8432435750738719,0.7414268148068228,0.7723636571956473,M,7.087991787822467,-10.181676026704912,145.52675080651431,0.6034608003959459,0.6034608003959459,0.8116564890238516,0.8664897139788136,P,-26.30289135828677,20.81956886279057,True,True
pair_omission,9;24,1;2;3;4;5;6;7;8;10;11;12;13;14;15;16;17;18;19;20;21;22;23;25;26;27;28;29;30;31;32,30,8,0.26666666666666666,1,3,318.14652736675197,0.9074043842053906,0.9074043842053906,0.8558413916824021,0.8760145499948326,M,3.1389834210557965,-5.156299252298846,27.332043341718943,0.8081253901087129,0.8081253901087129,0.7450722559680625,0.7761612083647673,M,3.1964181743945552,-6.305313414065039,145.52675080651431,0.666922888277029,0.666922888277029,0.8116564890238516,0.8664897139788136,P,-19.956682570178465,14.473360074682262,True,True
pair_omission,9;25,1;2;3;4;5;6;7;8;10;11;12;13;14;15;16;17;18;19;20;21;22;23;24;26;27;28;29;30;31;32,30,8,0.26666666666666666,1,3,318.14652736675197,0.916778166756478,0.916778166756478,0.8558413916824021,0.8760145499948326,M,4.076361676164542,-6.093677507407591,27.228531177580052,0.850611070042539,0.850611070042539,0.7479047275821981,0.7791118679458705,M,7.149920209666849,-10.270634246034094,145.52675080651431,0.6034608003959459,0.6034608003959459,0.8116564890238516,0.8664897139788136,P,-26.30289135828677,20.81956886279057,True,True
pair_omission,9;26,1;2;3;4;5;6;7;8;10;11;12;13;14;15;16;17;18;19;20;21;22;23;24;25;27;28;29;30;31;32,30,8,0.26666666666666666,1,3,317.1765323945217,0.9071212066288745,0.9071212066288745,0.8584587412091504,0.87869359343692,M,2.8427613191954526,-4.866246541972408,27.466429303797547,0.8219142351473033,0.8219142351473033,0.7414268148068228,0.7723636571956473,M,4.955057795165607,-8.04874203404805,145.52675080651431,0.6669167323245014,0.6669167323245014,0.8116564890238516,0.8664897139788136,P,-19.957298165431215,14.473975669935013,True,True
pair_omission,9;27,1;2;3;4;5;6;7;8;10;11;12;13;14;15;16;17;18;19;20;21;22;23;24;25;26;28;29;30;31;32,30,8,0.26666666666666666,1,3,318.14652736675197,0.916778166756478,0.916778166756478,0.8558413916824021,0.8760145499948326,M,4.076361676164542,-6.093677507407591,27.466429303797547,0.8432435750738719,0.8432435750738719,0.7414268148068228,0.7723636571956473,M,7.087991787822467,-10.181676026704912,145.45172899488506,0.6037720563899845,0.6037720563899845,0.8120751292191107,0.8669366363258356,P,-26.316457993585107,20.83030728291262,True,True
pair_omission,9;28,1;2;3;4;5;6;7;8;10;11;12;13;14;15;16;17;18;19;20;21;22;23;24;25;26;27;29;30;31;32,30,8,0.26666666666666666,1,3,318.14652736675197,0.916778166756478,0.916778166756478,0.8558413916824021,0.8760145499948326,M,4.076361676164542,-6.093677507407591,27.466429303797547,0.8432435750738719,0.8432435750738719,0.7414268148068228,0.7723636571956473,M,7.087991787822467,-10.181676026704912,145.52675080651431,0.6034608003959459,0.6034608003959459,0.8116564890238516,0.8664897139788136,P,-26.30289135828677,20.81956886279057,True,True
pair_omission,9;29,1;2;3;4;5;6;7;8;10;11;12;13;14;15;16;17;18;19;20;21;22;23;24;25;26;27;28;30;31;32,30,8,0.26666666666666666,1,3,318.14652736675197,0.922762702289667,0.922762702289667,0.8558413916824021,0.8760145499948326,M,4.674815229483431,-6.692131060726481,27.466429303797547,0.8199959332982284,0.8199959332982284,0.7414268148068228,0.7723636571956473,M,4.763227610258114,-7.856911849140557,145.52675080651431,0.6699096593045543,0.6699096593045543,0.8116564890238516,0.8664897139788136,P,-19.65800546742593,14.17468297192973,True,True
pair_omission,9;30,1;2;3;4;5;6;7;8;10;11;12;13;14;15;16;17;18;19;20;21;22;23;24;25;26;27;28;29;31;32,30,8,0.26666666666666666,1,3,318.14652736675197,0.916778166756478,0.916778166756478,0.8558413916824021,0.8760145499948326,M,4.076361676164542,-6.093677507407591,27.466429303797547,0.8432435750738719,0.8432435750738719,0.7414268148068228,0.7723636571956473,M,7.087991787822467,-10.181676026704912,145.52675080651431,0.6034608003959459,0.6034608003959459,0.8116564890238516,0.8664897139788136,P,-26.30289135828677,20.81956886279057,True,True
pair_omission,9;31,1;2;3;4;5;6;7;8;10;11;12;13;14;15;16;17;18;19;20;21;22;23;24;25;26;27;28;29;30;32,30,8,0.26666666666666666,1,1,318.14652736675197,0.9213692757118872,0.9213692757118872,0.8730034714338281,0.8730034714338281,M,4.836580427805915,-4.836580427805915,27.466429303797547,0.8432951226496858,0.8432951226496858,0.7724152047714611,0.7724152047714611,M,7.087991787822467,-7.087991787822467,145.52675080651431,0.6623194251758003,0.6623194251758003,0.870515113803706,0.870515113803706,P,-20.81956886279057,20.81956886279057,True,True
pair_omission,9;32,1;2;3;4;5;6;7;8;10;11;12;13;14;15;16;17;18;19;20;21;22;23;24;25;26;27;28;29;30;31,30,8,0.26666666666666666,1,3,318.14652736675197,0.916778166756478,0.916778166756478,0.8558413916824021,0.8760145499948326,M,4.076361676164542,-6.093677507407591,27.466429303797547,0.8432435750738719,0.8432435750738719,0.7414268148068228,0.7723636571956473,M,7.087991787822467,-10.181676026704912,145.52675080651431,0.6034608003959459,0.6034608003959459,0.8116564890238516,0.8664897139788136,P,-26.30289135828677,20.81956886279057,True,True
pair_omission,10;11,1;2;3;4;5;6;7;8;9;12;13;14;15;16;17;18;19;20;21;22;23;24;25;26;27;28;29;30;31;32,30,8,0.26666666666666666,1,3,317.12935302928986,0.919718680510448,0.919718680510448,0.8492940677567792,0.8585864542010293,M,6.1132226309418725,-7.042461275366884,26.795706288692102,0.8643507952773013,0.8643507952773013,0.7599854608581538,0.7768237001525932,M,8.752709512470814,-10.436533441914753,145.52675080651431,0.6034608003959459,0.6034608003959459,0.8075266952986846,0.8623599202536467,P,-25.889911985770087,20.406589490273873,True,True
pair_omission,10;12,1;2;3;4;5;6;7;8;9;11;13;14;15;16;17;18;19;20;21;22;23;24;25;26;27;28;29;30;31;32,30,8,0.26666666666666666,1,4,313.189286517012,0.9059387569030374,0.9059387569030374,0.8346281698510882,0.8568074061934126,M,4.913135070962483,-7.131058705194915,26.795706288692102,0.8373069441966355,0.8373069441966355,0.7497798490719275,0.7814910712058244,M,5.581587299081114,-8.752709512470801,132.9803120890759,0.5972087799374547,0.5972087799374547,0.7665102680977346,0.8265169032046904,P,-22.930812326723572,16.93014881602799,True,True
pair_omission,10;13,1;2;3;4;5;6;7;8;9;11;12;14;15;16;17;18;19;20;21;22;23;24;25;26;27;28;29;30;31;32,30,8,0.26666666666666666,1,6,316.6673006583047,0.921060651077304,0.921060651077304,0.8505332810789468,0.8801066179685291,M,4.095403310877488,-7.052736999835718,26.795706288692102,0.8643507952773013,0.8643507952773013,0.7599854608581538,0.7923821270745504,M,7.196866820275094,-10.436533441914753,137.18835428175296,0.6401395364825156,0.6401395364825156,0.8566086878991759,0.9191555168278197,P,-27.901598034530405,21.646915141666025,True,True
pair_omission,10;14,1;2;3;4;5;6;7;8;9;11;12;13;15;16;17;18;19;20;21;22;23;24;25;26;27;28;29;30;31;32,30,8,0.26666666666666666,1,4,318.14652736675197,0.916778166756478,0.916778166756478,0.8853248645830799,0.90715851231464,M,0.9619654441838099,-3.1453302173398145,26.795706288692102,0.8643507952773013,0.8643507952773013,0.7916374735662915,0.8233486957001885,M,4.100209957711276,-7.271332171100974,145.52675080651431,0.6034608003959459,0.6034608003959459,0.7866403445010605,0.8414735694560225,P,-23.80127690600766,18.31795441051146,True,True
pair_omission,10;15,1;2;3;4;5;6;7;8;9;11;12;13;14;16;17;18;19;20;21;22;23;24;25;26;27;28;29;30;31;32,30,8,0.26666666666666666,1,4,318.14652736675197,0.916778166756478,0.916778166756478,0.8802299339103384,0.9020635816418985,M,1.471458511457957,-3.6548232846139617,26.795706288692102,0.8643507952773013,0.8643507952773013,0.8147628994572814,0.8464741215911784,M,1.787667368612289,-4.958789582001987,144.30499705564276,0.6085699824161874,0.6085699824161874,0.7848339416410821,0.8401314103826628,P,-23.15614279664754,17.62639592248947,True,True
pair_omission,10;16,1;2;3;4;5;6;7;8;9;11;12;13;14;15;17;18;19;20;21;22;23;24;25;26;27;28;29;30;31;32,30,8,0.26666666666666666,1,6,318.14652736675197,0.9326175085950971,0.9326175085950971,0.8465787147468589,0.8760145499948326,M,5.660295860026443,-8.60387938482382,26.795706288692102,0.8800833931588906,0.8800833931588906,0.7599854608581538,0.7923821270745504,M,8.770126608434026,-12.009793230073685,145.52675080651431,0.6694429391484704,0.6694429391484704,0.8075266952986846,0.8664897139788136,P,-19.704677483034317,13.808375615021419,True,True
pair_omission,10;17,1;2;3;4;5;6;7;8;9;11;12;13;14;15;16;18;19;20;21;22;23;24;25;26;27;28;29;30;31;32,30,8,0.26666666666666666,1,6,317.8497700888987,0.9176341075774698,0.9176341075774698,0.847369114547389,0.8768324322702976,M,4.080167530717215,-7.026499303008082,26.795706288692102,0.8643507952773013,0.8643507952773013,0.7599854608581538,0.7923821270745504,M,7.196866820275094,-10.436533441914753,145.52675080651431,0.6034608003959459,0.6034608003959459,0.8075266952986846,0.8664897139788136,P,-26.30289135828677,20.406589490273873,True,True
pair_omission,10;18,1;2;3;4;5;6;7;8;9;11;12;13;14;15;16;17;19;20;21;22;23;24;25;26;27;28;29;30;31;32,30,8,0.26666666666666666,1,6,318.14652736675197,0.916778166756478,0.916778166756478,0.8465787147468589,0.8760145499948326,M,4.076361676164542,-7.019945200961919,26.795706288692102,0.8643507952773013,0.8643507952773013,0.7599854608581538,0.7923821270745504,M,7.196866820275094,-10.436533441914753,145.52675080651431,0.6034608003959459,0.6034608003959459,0.8075266952986846,0.8664897139788136,P,-26.30289135828677,20.406589490273873,True,True
pair_omission,10;19,1;2;3;4;5;6;7;8;9;11;12;13;14;15;16;17;18;20;21;22;23;24;25;26;27;28;29;30;31;32,30,8,0.26666666666666666,1,6,318.14652736675197,0.9226253490576092,0.9226253490576092,0.8465787147468589,0.8760145499948326,M,4.661079906277655,-7.604663431075032,26.62180678255538,0.8315463379691387,0.8315463379691387,0.7649498532975476,0.7975581416739848,M,3.3988196295153927,-6.659648467159107,145.52675080651431,0.671462453767448,0.671462453767448,0.8075266952986846,0.8664897139788136,P,-19.502726021136564,13.606424153123664,True,True
pair_omission,10;20,1;2;3;4;5;6;7;8;9;11;12;13;14;15;16;17;18;19;21;22;23;24;25;26;27;28;29;30;31;32,30,8,0.26666666666666666,1,6,318.14652736675197,0.916778166756478,0.916778166756478,0.8465787147468589,0.8760145499948326,M,4.076361676164542,-7.019945200961919,26.626410420375073,0.8698465048418549,0.8698465048418549,0.7648175954370545,0.7974202459243721,M,7.242625891748277,-10.502890940480036,145.52675080651431,0.6034608003959459,0.6034608003959459,0.8075266952986846,0.8664897139788136,P,-26.30289135828677,20.406589490273873,True,True
pair_omission,10;21,1;2;3;4;5;6;7;8;9;11;12;13;14;15;16;17;18;19;20;22;23;24;25;26;27;28;29;30;31;32,30,8,0.26666666666666666,1,6,318.14652736675197,0.916778166756478,0.916778166756478,0.8465787147468589,0.8760145499948326,M,4.076361676164542,-7.019945200961919,26.702842454321924,0.8673567272947511,0.8673567272947511,0.7626284440567253,0.7951377753817451,M,7.221895191300598,-10.472828323802585,145.52675080651431,0.6034608003959459,0.6034608003959459,0.8075266952986846,0.8664897139788136,P,-26.30289135828677,20.406589490273873,True,True
pair_omission,10;22,1;2;3;4;5;6;7;8;9;11;12;13;14;15;16;17;18;19;20;21;23;24;25;26;27;28;29;30;31;32,30,8,0.26666666666666666,1,6,318.14652736675197,0.916778166756478,0.916778166756478,0.8465787147468589,0.8760145499948326,M,4.076361676164542,-7.019945200961919,26.795706288692102,0.8643507952773013,0.8643507952773013,0.7599854608581538,0.7923821270745504,M,7.196866820275094,-10.436533441914753,145.52675080651431,0.6034608003959459,0.6034608003959459,0.8075266952986846,0.8664897139788136,P,-26.30289135828677,20.406589490273873,True,True
pair_omission,10;23,1;2;3;4;5;6;7;8;9;11;12;13;14;15;16;17;18;19;20;21;22;24;25;26;27;28;29;30;31;32,30,8,0.26666666666666666,1,6,318.14652736675197,0.916778166756478,0.916778166756478,0.8465787147468589,0.8760145499948326,M,4.076361676164542,-7.019945200961919,26.795706288692102,0.8643507952773013,0.8643507952773013,0.7599854608581538,0.7923821270745504,M,7.196866820275094,-10.436533441914753,145.52675080651431,0.6034608003959459,0.6034608003959459,0.8075266952986846,0.8664897139788136,P,-26.30289135828677,20.406589490273873,True,True
pair_omission,10;24,1;2;3;4;5;6;7;8;9;11;12;13;14;15;16;17;18;19;20;21;22;23;25;26;27;28;29;30;31;32,30,8,0.26666666666666666,1,6,318.14652736675197,0.9074043842053906,0.9074043842053906,0.8465787147468589,0.8760145499948326,M,3.1389834210557965,-6.0825669458531735,26.572259030394342,0.8312322321835759,0.8312322321835759,0.7663762109776927,0.7990453021405631,M,3.2186930043012763,-6.485602120588318,145.52675080651431,0.666922888277029,0.666922888277029,0.8075266952986846,0.8664897139788136,P,-19.956682570178465,14.060380702165565,True,True
pair_omission,10;25,1;2;3;4;5;6;7;8;9;11;12;13;14;15;16;17;18;19;20;21;22;23;24;26;27;28;29;30;31;32,30,8,0.26666666666666666,1,6,318.14652736675197,0.916778166756478,0.916778166756478,0.8465787147468589,0.8760145499948326,M,4.076361676164542,-7.019945200961919,26.468746866255458,0.8750278265033928,0.8750278265033928,0.769373302624823,0.8021701538340532,M,7.285767266933963,-10.565452387856988,145.52675080651431,0.6034608003959459,0.6034608003959459,0.8075266952986846,0.8664897139788136,P,-26.30289135828677,20.406589490273873,True,True
pair_omission,10;26,1;2;3;4;5;6;7;8;9;11;12;13;14;15;16;17;18;19;20;21;22;23;24;25;27;28;29;30;31;32,30,8,0.26666666666666666,1,6,317.1765323945217,0.9071212066288745,0.9071212066288745,0.8491677369885177,0.87869359343692,M,2.8427613191954526,-5.795346964035685,26.795706288692102,0.8424875608889998,0.8424875608889998,0.7599854608581538,0.7923821270745504,M,5.010543381444943,-8.250210003084602,145.52675080651431,0.6669167323245014,0.6669167323245014,0.8075266952986846,0.8664897139788136,P,-19.957298165431215,14.060996297418315,True,True
pair_omission,10;27,1;2;3;4;5;6;7;8;9;11;12;13;14;15;16;17;18;19;20;21;22;23;24;25;26;28;29;30;31;32,30,8,0.26666666666666666,1,6,318.14652736675197,0.916778166756478,0.916778166756478,0.8465787147468589,0.8760145499948326,M,4.076361676164542,-7.019945200961919,26.795706288692102,0.8643507952773013,0.8643507952773013,0.7599854608581538,0.7923821270745504,M,7.196866820275094,-10.436533441914753,145.45172899488506,0.6037720563899845,0.6037720563899845,0.807943205408526,0.8669366363258356,P,-26.316457993585107,20.41711490185415,True,True
pair_omission,10;28,1;2;3;4;5;6;7;8;9;11;12;13;14;15;16;17;18;19;20;21;22;23;24;25;26;27;29;30;31;32,30,8,0.26666666666666666,1,6,318.14652736675197,0.916778166756478,0.916778166756478,0.8465787147468589,0.8760145499948326,M,4.076361676164542,-7.019945200961919,26.795706288692102,0.8643507952773013,0.8643507952773013,0.7599854608581538,0.7923821270745504,M,7.196866820275094,-10.436533441914753,145.52675080651431,0.6034608003959459,0.6034608003959459,0.8075266952986846,0.8664897139788136,P,-26.30289135828677,20.406589490273873,True,True
pair_omission,10;29,1;2;3;4;5;6;7;8;9;11;12;13;14;15;16;17;18;19;20;21;22;23;24;25;26;27;28;30;31;32,30,8,0.26666666666666666,1,6,318.14652736675197,0.922762702289667,0.922762702289667,0.8465787147468589,0.8760145499948326,M,4.674815229483431,-7.6183987542808085,26.795706288692102,0.8405212420484623,0.8405212420484623,0.7599854608581538,0.7923821270745504,M,4.813911497391199,-8.053578119030858,145.52675080651431,0.6699096593045543,0.6699096593045543,0.8075266952986846,0.8664897139788136,P,-19.65800546742593,13.761703599413034,True,True
pair_omission,10;30,1;2;3;4;5;6;7;8;9;11;12;13;14;15;16;17;18;19;20;21;22;23;24;25;26;27;28;29;31;32,30,8,0.26666666666666666,1,6,318.14652736675197,0.916778166756478,0.916778166756478,0.8465787147468589,0.8760145499948326,M,4.076361676164542,-7.019945200961919,26.795706288692102,0.8643507952773013,0.8643507952773013,0.7599854608581538,0.7923821270745504,M,7.196866820275094,-10.436533441914753,145.52675080651431,0.6034608003959459,0.6034608003959459,0.8075266952986846,0.8664897139788136,P,-26.30289135828677,20.406589490273873,True,True
pair_omission,10;31,1;2;3;4;5;6;7;8;9;11;12;13;14;15;16;17;18;19;20;21;22;23;24;25;26;27;28;29;30;32,30,8,0.26666666666666666,1,4,318.14652736675197,0.9213692757118872,0.9213692757118872,0.851169823702268,0.8730034714338281,M,4.836580427805915,-7.019945200961919,26.795706288692102,0.8644036331398909,0.8644036331398909,0.7768765380151827,0.8085877601490797,M,5.581587299081114,-8.752709512470814,145.52675080651431,0.6623194251758003,0.6623194251758003,0.8170247601601034,0.8718579851150654,P,-20.953855993926506,15.470533498430306,True,True
pair_omission,10;32,1;2;3;4;5;6;7;8;9;11;12;13;14;15;16;17;18;19;20;21;22;23;24;25;26;27;28;29;30;31,30,8,0.26666666666666666,1,6,318.14652736675197,0.916778166756478,0.916778166756478,0.8465787147468589,0.8760145499948326,M,4.076361676164542,-7.019945200961919,26.795706288692102,0.8643507952773013,0.8643507952773013,0.7599854608581538,0.7923821270745504,M,7.196866820275094,-10.436533441914753,145.52675080651431,0.6034608003959459,0.6034608003959459,0.8075266952986846,0.8664897139788136,P,-26.30289135828677,20.406589490273873,True,True
pair_omission,11;12,1;2;3;4;5;6;7;8;9;10;13;14;15;16;17;18;19;20;21;22;23;24;25;26;27;28;29;30;31;32,30,8,0.26666666666666666,1,1,310.6152635094876,0.9134461381480201,0.9134461381480201,0.8415446107485881,0.8415446107485881,M,7.190152739943201,-7.190152739943201,27.466429303797547,0.8168601277586995,0.8168601277586995,0.7314704213894112,0.7314704213894112,M,8.538970636928834,-8.538970636928834,132.9803120890759,0.5972087799374547,0.5972087799374547,0.820527902663884,0.820527902663884,P,-22.331912272642928,22.331912272642928,True,True
pair_omission,11;13,1;2;3;4;5;6;7;8;9;10;12;14;15;16;17;18;19;20;21;22;23;24;25;26;27;28;29;30;31;32,30,8,0.26666666666666666,1,3,314.0932776507803,0.9286088269724735,0.9286088269724735,0.857503478755691,0.8668856868793543,M,6.172314009311918,-7.110534821678249,27.466429303797547,0.8432435750738719,0.8432435750738719,0.7414268148068228,0.7578538687045834,M,8.538970636928855,-10.181676026704912,137.18835428175296,0.6401395364825156,0.6401395364825156,0.8566086878991759,0.9147747115803831,P,-27.46351750978675,21.646915141666025,True,True
pair_omission,11;14,1;2;3;4;5;6;7;8;9;10;12;13;15;16;17;18;19;20;21;22;23;24;25;26;27;28;29;30;31;32,30,8,0.26666666666666666,1,1,317.12935302928986,0.919718680510448,0.919718680510448,0.8881644936617791,0.8881644936617791,M,3.1554186848668953,-3.1554186848668953,27.466429303797547,0.8432435750738719,0.8432435750738719,0.7723058936485689,0.7723058936485689,M,7.093768142530299,-7.093768142530299,145.52675080651431,0.6034608003959459,0.6034608003959459,0.8360009044194961,0.8360009044194961,P,-23.25401040235503,23.25401040235503,True,True
pair_omission,11;15,1;2;3;4;5;6;7;8;9;10;12;13;14;16;17;18;19;20;21;22;23;24;25;26;27;28;29;30;31;32,30,8,0.26666666666666666,1,1,317.12935302928986,0.919718680510448,0.919718680510448,0.883053221289091,0.883053221289091,M,3.6665459221357,-3.6665459221357,27.466429303797547,0.8432435750738719,0.8432435750738719,0.7948666026916701,0.7948666026916701,M,4.837697238220184,-4.837697238220184,144.30499705564276,0.6085699824161874,0.6085699824161874,0.8346124111985181,0.8346124111985181,P,-22.604242878233073,22.604242878233073,True,True
pair_omission,11;16,1;2;3;4;5;6;7;8;9;10;12;13;14;15;17;18;19;20;21;22;23;24;25;26;27;28;29;30;31;32,30,8,0.26666666666666666,1,3,317.12935302928986,0.9356088261358709,0.9356088261358709,0.8492940677567792,0.8585864542010293,M,7.702237193484162,-8.631475837909175,27.466429303797547,0.8585919870327166,0.8585919870327166,0.7414268148068228,0.7578538687045834,M,10.073811832813318,-11.716517222589374,145.52675080651431,0.6694429391484704,0.6694429391484704,0.8075266952986846,0.8623599202536467,P,-19.29169811051763,13.808375615021419,True,True
pair_omission,11;17,1;2;3;4;5;6;7;8;9;10;12;13;14;15;16;18;19;20;21;22;23;24;25;26;27;28;29;30;31;32,30,8,0.26666666666666666,1,3,315.2757470813743,0.9251259978584685,0.9251259978584685,0.8542873365067445,0.863634355833298,M,6.1491642025170545,-7.083866135172401,27.466429303797547,0.8432435750738719,0.8432435750738719,0.7414268148068228,0.7578538687045834,M,8.538970636928855,-10.181676026704912,145.52675080651431,0.6034608003959459,0.6034608003959459,0.8075266952986846,0.8623599202536467,P,-25.889911985770087,20.406589490273873,True,True
pair_omission,11;18,1;2;3;4;5;6;7;8;9;10;12;13;14;15;16;17;19;20;21;22;23;24;25;26;27;28;29;30;31;32,30,8,0.26666666666666666,1,3,317.12935302928986,0.919718680510448,0.919718680510448,0.8492940677567792,0.8585864542010293,M,6.1132226309418725,-7.042461275366884,27.466429303797547,0.8432435750738719,0.8432435750738719,0.7414268148068228,0.7578538687045834,M,8.538970636928855,-10.181676026704912,145.52675080651431,0.6034608003959459,0.6034608003959459,0.8075266952986846,0.8623599202536467,P,-25.889911985770087,20.406589490273873,True,True
pair_omission,11;19,1;2;3;4;5;6;7;8;9;10;12;13;14;15;16;17;18;20;21;22;23;24;25;26;27;28;29;30;31;32,30,8,0.26666666666666666,1,3,317.12935302928986,0.9255846173157788,0.9255846173157788,0.8492940677567792,0.8585864542010293,M,6.699816311474949,-7.629054955899961,27.381591093879976,0.8084725925625184,0.8084725925625184,0.7437240269570384,0.7602019778915026,M,4.827061467101579,-6.474856560547993,145.52675080651431,0.671462453767448,0.671462453767448,0.8075266952986846,0.8623599202536467,P,-19.089746648619876,13.606424153123664,True,True
pair_omission,11;20,1;2;3;4;5;6;7;8;9;10;12;13;14;15;16;17;18;19;21;22;23;24;25;26;27;28;29;30;31;32,30,8,0.26666666666666666,1,3,317.12935302928986,0.919718680510448,0.919718680510448,0.8492940677567792,0.8585864542010293,M,6.1132226309418725,-7.042461275366884,27.386194731699668,0.8457140638761014,0.8457140638761014,0.7435990064461038,0.7600741874258935,M,8.563987645020788,-10.21150574299976,145.52675080651431,0.6034608003959459,0.6034608003959459,0.8075266952986846,0.8623599202536467,P,-25.889911985770087,20.406589490273873,True,True
pair_omission,11;21,1;2;3;4;5;6;7;8;9;10;12;13;14;15;16;17;18;19;20;22;23;24;25;26;27;28;29;30;31;32,30,8,0.26666666666666666,1,3,317.12935302928986,0.919718680510448,0.919718680510448,0.8492940677567792,0.8585864542010293,M,6.1132226309418725,-7.042461275366884,27.46262676564652,0.8433603325090652,0.8433603325090652,0.7415294744603788,0.7579588028856159,M,8.540152962344926,-10.183085804868641,145.52675080651431,0.6034608003959459,0.6034608003959459,0.8075266952986846,0.8623599202536467,P,-25.889911985770087,20.406589490273873,True,True
pair_omission,11;22,1;2;3;4;5;6;7;8;9;10;12;13;14;15;16;17;18;19;20;21;23;24;25;26;27;28;29;30;31;32,30,8,0.26666666666666666,1,3,317.12935302928986,0.919718680510448,0.919718680510448,0.8492940677567792,0.8585864542010293,M,6.1132226309418725,-7.042461275366884,27.466429303797547,0.8432435750738719,0.8432435750738719,0.7414268148068228,0.7578538687045834,M,8.538970636928855,-10.181676026704912,145.52675080651431,0.6034608003959459,0.6034608003959459,0.8075266952986846,0.8623599202536467,P,-25.889911985770087,20.406589490273873,True,True
pair_omission,11;23,1;2;3;4;5;6;7;8;9;10;12;13;14;15;16;17;18;19;20;21;22;24;25;26;27;28;29;30;31;32,30,8,0.26666666666666666,1,3,317.12935302928986,0.919718680510448,0.919718680510448,0.8492940677567792,0.8585864542010293,M,6.1132226309418725,-7.042461275366884,27.466429303797547,0.8432435750738719,0.8432435750738719,0.7414268148068228,0.7578538687045834,M,8.538970636928855,-10.181676026704912,145.52675080651431,0.6034608003959459,0.6034608003959459,0.8075266952986846,0.8623599202536467,P,-25.889911985770087,20.406589490273873,True,True
pair_omission,11;24,1;2;3;4;5;6;7;8;9;10;12;13;14;15;16;17;18;19;20;21;22;23;25;26;27;28;29;30;31;32,30,8,0.26666666666666666,1,3,315.57250435922754,0.9148057887314783,0.9148057887314783,0.8534839839301281,0.8628222135301589,M,5.198357520131946,-6.132180480135019,27.332043341718943,0.8081253901087129,0.8081253901087129,0.7450722559680625,0.7615800782670205,M,4.654531184169242,-6.305313414065039,145.52675080651431,0.666922888277029,0.666922888277029,0.8075266952986846,0.8623599202536467,P,-19.543703197661777,14.060380702165565,True,True
pair_omission,11;25,1;2;3;4;5;6;7;8;9;10;12;13;14;15;16;17;18;19;20;21;22;23;24;26;27;28;29;30;31;32,30,8,0.26666666666666666,1,3,317.12935302928986,0.919718680510448,0.919718680510448,0.8492940677567792,0.8585864542010293,M,6.1132226309418725,-7.042461275366884,27.228531177580052,0.850611070042539,0.850611070042539,0.7479047275821981,0.7644753061275448,M,8.613576391499421,-10.270634246034094,145.52675080651431,0.6034608003959459,0.6034608003959459,0.8075266952986846,0.8623599202536467,P,-25.889911985770087,20.406589490273873,True,True
pair_omission,11;26,1;2;3;4;5;6;7;8;9;10;12;13;14;15;16;17;18;19;20;21;22;23;24;25;27;28;29;30;31;32,30,8,0.26666666666666666,1,3,314.60250938699727,0.9145431145501612,0.9145431145501612,0.8561154797020607,0.865482501303081,M,4.906061324708022,-5.842763484810054,27.466429303797547,0.8219142351473033,0.8219142351473033,0.7414268148068228,0.7578538687045834,M,6.406036644271995,-8.04874203404805,145.52675080651431,0.6669167323245014,0.6669167323245014,0.8075266952986846,0.8623599202536467,P,-19.544318792914527,14.060996297418315,True,True
pair_omission,11;27,1;2;3;4;5;6;7;8;9;10;12;13;14;15;16;17;18;19;20;21;22;23;24;25;26;28;29;30;31;32,30,8,0.26666666666666666,1,3,317.12935302928986,0.919718680510448,0.919718680510448,0.8492940677567792,0.8585864542010293,M,6.1132226309418725,-7.042461275366884,27.466429303797547,0.8432435750738719,0.8432435750738719,0.7414268148068228,0.7578538687045834,M,8.538970636928855,-10.181676026704912,145.45172899488506,0.6037720563899845,0.6037720563899845,0.807943205408526,0.8628047125152509,P,-25.90326561252664,20.41711490185415,True,True
pair_omission,11;28,1;2;3;4;5;6;7;8;9;10;12;13;14;15;16;17;18;19;20;21;22;23;24;25;26;27;29;30;31;32,30,8,0.26666666666666666,1,3,317.12935302928986,0.919718680510448,0.919718680510448,0.8492940677567792,0.8585864542010293,M,6.1132226309418725,-7.042461275366884,27.466429303797547,0.8432435750738719,0.8432435750738719,0.7414268148068228,0.7578538687045834,M,8.538970636928855,-10.181676026704912,145.52675080651431,0.6034608003959459,0.6034608003959459,0.8075266952986846,0.8623599202536467,P,-25.889911985770087,20.406589490273873,True,True
pair_omission,11;29,1;2;3;4;5;6;7;8;9;10;12;13;14;15;16;17;18;19;20;21;22;23;24;25;26;27;28;30;31;32,30,8,0.26666666666666666,1,3,317.12935302928986,0.9257224111005052,0.9257224111005052,0.8492940677567792,0.8585864542010293,M,6.713595689947594,-7.642834334372606,27.466429303797547,0.8199959332982284,0.8199959332982284,0.7414268148068228,0.7578538687045834,M,6.214206459364502,-7.856911849140557,145.52675080651431,0.6699096593045543,0.6699096593045543,0.8075266952986846,0.8623599202536467,P,-19.245026094909246,13.761703599413034,True,True
pair_omission,11;30,1;2;3;4;5;6;7;8;9;10;12;13;14;15;16;17;18;19;20;21;22;23;24;25;26;27;28;29;31;32,30,8,0.26666666666666666,1,3,317.12935302928986,0.919718680510448,0.919718680510448,0.8492940677567792,0.8585864542010293,M,6.1132226309418725,-7.042461275366884,27.466429303797547,0.8432435750738719,0.8432435750738719,0.7414268148068228,0.7578538687045834,M,8.538970636928855,-10.181676026704912,145.52675080651431,0.6034608003959459,0.6034608003959459,0.8075266952986846,0.8623599202536467,P,-25.889911985770087,20.406589490273873,True,True
pair_omission,11;31,1;2;3;4;5;6;7;8;9;10;12;13;14;15;16;17;18;19;20;21;22;23;24;25;26;27;28;29;30;32,30,8,0.26666666666666666,1,1,317.12935302928986,0.9243245151863411,0.9243245151863411,0.8538999024326721,0.8538999024326721,M,7.042461275366896,-7.042461275366896,27.466429303797547,0.8432951226496858,0.8432951226496858,0.7579054162803973,0.7579054162803973,M,8.538970636928845,-8.538970636928845,145.52675080651431,0.6623194251758003,0.6623194251758003,0.8663853200785391,0.8663853200785391,P,-20.406589490273873,20.406589490273873,True,True
pair_omission,11;32,1;2;3;4;5;6;7;8;9;10;12;13;14;15;16;17;18;19;20;21;22;23;24;25;26;27;28;29;30;31,30,8,0.26666666666666666,1,3,317.12935302928986,0.919718680510448,0.919718680510448,0.8492940677567792,0.8585864542010293,M,6.1132226309418725,-7.042461275366884,27.466429303797547,0.8432435750738719,0.8432435750738719,0.7414268148068228,0.7578538687045834,M,8.538970636928855,-10.181676026704912,145.52675080651431,0.6034608003959459,0.6034608003959459,0.8075266952986846,0.8623599202536467,P,-25.889911985770087,20.406589490273873,True,True
pair_omission,12;13,1;2;3;4;5;6;7;8;9;10;11;14;15;16;17;18;19;20;21;22;23;24;25;26;27;28;29;30;31;32,30,8,0.26666666666666666,1,4,310.15321113850246,0.9148069493172781,0.9148069493172781,0.8427983062407574,0.8651946540975034,M,4.961229521977472,-7.200864307652077,27.466429303797547,0.8168601277586995,0.8168601277586995,0.7314704213894112,0.7624072637782355,M,5.445286398046401,-8.538970636928834,124.06948818516722,0.6401010522417345,0.6401010522417345,0.8215619824190106,0.8858783681852596,P,-24.577731594352503,18.146093017727605,True,True
pair_omission,12;14,1;2;3;4;5;6;7;8;9;10;11;13;15;16;17;18;19;20;21;22;23;24;25;26;27;28;29;30;31;32,30,8,0.26666666666666666,1,1,313.189286517012,0.9059387569030374,0.9059387569030374,0.8867575511117729,0.8867575511117729,M,1.9181205791264477,-1.9181205791264477,27.466429303797547,0.8168601277586995,0.8168601277586995,0.7768592887222211,0.7768592887222211,M,4.000083903647845,-4.000083903647845,132.4078847099286,0.5997906402054614,0.5997906402054614,0.8011194653448074,0.8011194653448074,P,-20.132882513934604,20.132882513934604,True,True
pair_omission,12;15,1;2;3;4;5;6;7;8;9;10;11;13;14;16;17;18;19;20;21;22;23;24;25;26;27;28;29;30;31;32,30,8,0.26666666666666666,1,1,313.189286517012,0.9059387569030374,0.9059387569030374,0.8815819765615273,0.8815819765615273,M,2.435678034151012,-2.435678034151012,27.466429303797547,0.8168601277586995,0.8168601277586995,0.7994199977653222,0.7994199977653222,M,1.7440129993377296,-1.7440129993377296,131.18613095905704,0.6053765695948826,0.6053765695948826,0.7992672646783654,0.7992672646783654,P,-19.38906950834828,19.38906950834828,True,True
pair_omission,12;16,1;2;3;4;5;6;7;8;9;10;11;13;14;15;17;18;19;20;21;22;23;24;25;26;27;28;29;30;31;32,30,8,0.26666666666666666,1,4,313.189286517012,0.9143062910295642,0.9143062910295642,0.8346281698510882,0.8568074061934126,M,5.7498884836151625,-7.967812117847595,27.466429303797547,0.847966887897906,0.847966887897906,0.7314704213894112,0.7624072637782355,M,8.555962411967045,-11.649646650849476,132.9803120890759,0.6094095724795446,0.6094095724795446,0.7665102680977346,0.8265169032046904,P,-21.710733072514575,15.710069561818996,True,True
pair_omission,12;17,1;2;3;4;5;6;7;8;9;10;11;13;14;15;16;18;19;20;21;22;23;24;25;26;27;28;29;30;31;32,30,8,0.26666666666666666,1,4,311.33568056909644,0.9113324639949235,0.9113324639949235,0.8395973135647351,0.8619085989042357,M,4.942386509068786,-7.173515043018841,27.466429303797547,0.8168601277586995,0.8168601277586995,0.7314704213894112,0.7624072637782355,M,5.445286398046401,-8.538970636928834,132.9803120890759,0.5972087799374547,0.5972087799374547,0.7665102680977346,0.8265169032046904,P,-22.930812326723572,16.93014881602799,True,True
pair_omission,12;18,1;2;3;4;5;6;7;8;9;10;11;13;14;15;16;17;19;20;21;22;23;24;25;26;27;28;29;30;31;32,30,8,0.26666666666666666,1,4,313.189286517012,0.9059387569030374,0.9059387569030374,0.8346281698510882,0.8568074061934126,M,4.913135070962483,-7.131058705194915,27.466429303797547,0.8168601277586995,0.8168601277586995,0.7314704213894112,0.7624072637782355,M,5.445286398046401,-8.538970636928834,132.9803120890759,0.5972087799374547,0.5972087799374547,0.7665102680977346,0.8265169032046904,P,-22.930812326723572,16.93014881602799,True,True
pair_omission,12;19,1;2;3;4;5;6;7;8;9;10;11;13;14;15;16;17;18;20;21;22;23;24;25;26;27;28;29;30;31;32,30,8,0.26666666666666666,1,4,313.189286517012,0.9041559730123045,0.9041559730123045,0.8346281698510882,0.8568074061934126,M,4.734856681889199,-6.952780316121632,27.381591093879976,0.7978145729744109,0.7978145729744109,0.7337367849818541,0.7647694810528027,M,3.3045091921608205,-6.407778799255681,132.9803120890759,0.6116196244495625,0.6116196244495625,0.7665102680977346,0.8265169032046904,P,-21.489727875512788,15.489064364817207,True,True
pair_omission,12;20,1;2;3;4;5;6;7;8;9;10;11;13;14;15;16;17;18;19;21;22;23;24;25;26;27;28;29;30;31;32,30,8,0.26666666666666666,1,4,313.189286517012,0.9059387569030374,0.9059387569030374,0.8346281698510882,0.8568074061934126,M,4.913135070962483,-7.131058705194915,27.386194731699668,0.8192533197832444,0.8192533197832444,0.7336134433330368,0.7646409227868293,M,5.461239699641518,-8.563987645020765,132.9803120890759,0.5972087799374547,0.5972087799374547,0.7665102680977346,0.8265169032046904,P,-22.930812326723572,16.93014881602799,True,True
pair_omission,12;21,1;2;3;4;5;6;7;8;9;10;11;13;14;15;16;17;18;19;20;22;23;24;25;26;27;28;29;30;31;32,30,8,0.26666666666666666,1,4,313.189286517012,0.9059387569030374,0.9059387569030374,0.8346281698510882,0.8568074061934126,M,4.913135070962483,-7.131058705194915,27.46262676564652,0.8169732320813983,0.8169732320813983,0.7315717024579491,0.7625128284327706,M,5.446040364862769,-8.540152962344916,132.9803120890759,0.5972087799374547,0.5972087799374547,0.7665102680977346,0.8265169032046904,P,-22.930812326723572,16.93014881602799,True,True
pair_omission,12;22,1;2;3;4;5;6;7;8;9;10;11;13;14;15;16;17;18;19;20;21;23;24;25;26;27;28;29;30;31;32,30,8,0.26666666666666666,1,4,313.189286517012,0.9059387569030374,0.9059387569030374,0.8346281698510882,0.8568074061934126,M,4.913135070962483,-7.131058705194915,27.466429303797547,0.8168601277586995,0.8168601277586995,0.7314704213894112,0.7624072637782355,M,5.445286398046401,-8.538970636928834,132.9803120890759,0.5972087799374547,0.5972087799374547,0.7665102680977346,0.8265169032046904,P,-22.930812326723572,16.93014881602799,True,True
pair_omission,12;23,1;2;3;4;5;6;7;8;9;10;11;13;14;15;16;17;18;19;20;21;22;24;25;26;27;28;29;30;31;32,30,8,0.26666666666666666,1,4,313.189286517012,0.9059387569030374,0.9059387569030374,0.8346281698510882,0.8568074061934126,M,4.913135070962483,-7.131058705194915,27.466429303797547,0.8168601277586995,0.8168601277586995,0.7314704213894112,0.7624072637782355,M,5.445286398046401,-8.538970636928834,132.9803120890759,0.5972087799374547,0.5972087799374547,0.7665102680977346,0.8265169032046904,P,-22.930812326723572,16.93014881602799,True,True
pair_omission,12;24,1;2;3;4;5;6;7;8;9;10;11;13;14;15;16;17;18;19;20;21;22;23;25;26;27;28;29;30;31;32,30,8,0.26666666666666666,1,4,311.6324378469497,0.893133811421801,0.893133811421801,0.8387977927735498,0.8610878318129268,M,3.204597960887423,-5.433601864825121,27.332043341718943,0.7974480495753518,0.7974480495753518,0.7350669090387782,0.7661558614354831,M,3.129218813986867,-6.238114053657351,132.9803120890759,0.6066517596166725,0.6066517596166725,0.7665102680977346,0.8265169032046904,P,-21.98651435880179,15.985850848106208,True,True
pair_omission,12;25,1;2;3;4;5;6;7;8;9;10;11;13;14;15;16;17;18;19;20;21;22;23;24;26;27;28;29;30;31;32,30,8,0.26666666666666666,1,4,313.189286517012,0.9059387569030374,0.9059387569030374,0.8346281698510882,0.8568074061934126,M,4.913135070962483,-7.131058705194915,27.228531177580052,0.8239971081748738,0.8239971081748738,0.7378613442598797,0.7690684846235522,M,5.492862355132166,-8.61357639149941,132.9803120890759,0.5972087799374547,0.5972087799374547,0.7665102680977346,0.8265169032046904,P,-22.930812326723572,16.93014881602799,True,True
pair_omission,12;26,1;2;3;4;5;6;7;8;9;10;11;13;14;15;16;17;18;19;20;21;22;23;24;25;27;28;29;30;31;32,30,8,0.26666666666666666,1,4,310.6624428747195,0.8928001384336437,0.8928001384336437,0.8414168079148048,0.8637764441208007,M,2.902369431284302,-5.138333051883892,27.466429303797547,0.8112891360124928,0.8112891360124928,0.7314704213894112,0.7624072637782355,M,4.888187223425722,-7.981871462308154,132.9803120890759,0.6066450228617697,0.6066450228617697,0.7665102680977346,0.8265169032046904,P,-21.98718803429207,15.98652452359649,True,True
pair_omission,12;27,1;2;3;4;5;6;7;8;9;10;11;13;14;15;16;17;18;19;20;21;22;23;24;25;26;28;29;30;31;32,30,8,0.26666666666666666,1,4,313.189286517012,0.9059387569030374,0.9059387569030374,0.8346281698510882,0.8568074061934126,M,4.913135070962483,-7.131058705194915,27.466429303797547,0.8168601277586995,0.8168601277586995,0.7314704213894112,0.7624072637782355,M,5.445286398046401,-8.538970636928834,132.33286289829934,0.6001306719968166,0.6001306719968166,0.7702604813246879,0.8305607037272733,P,-23.043003173045673,17.012980932787137,True,True
pair_omission,12;28,1;2;3;4;5;6;7;8;9;10;11;13;14;15;16;17;18;19;20;21;22;23;24;25;26;27;29;30;31;32,30,8,0.26666666666666666,1,4,313.189286517012,0.9059387569030374,0.9059387569030374,0.8346281698510882,0.8568074061934126,M,4.913135070962483,-7.131058705194915,27.466429303797547,0.8168601277586995,0.8168601277586995,0.7314704213894112,0.7624072637782355,M,5.445286398046401,-8.538970636928834,132.9803120890759,0.5972087799374547,0.5972087799374547,0.7665102680977346,0.8265169032046904,P,-22.930812326723572,16.93014881602799,True,True
pair_omission,12;29,1;2;3;4;5;6;7;8;9;10;11;13;14;15;16;17;18;19;20;21;22;23;24;25;26;27;28;30;31;32,30,8,0.26666666666666666,1,4,313.189286517012,0.904295500306765,0.904295500306765,0.8346281698510882,0.8568074061934126,M,4.748809411335242,-6.966733045567675,27.466429303797547,0.8093708341634178,0.8093708341634178,0.7314704213894112,0.7624072637782355,M,4.6963570385182285,-7.790041277400661,132.9803120890759,0.6099203267918468,0.6099203267918468,0.7665102680977346,0.8265169032046904,P,-21.659657641284358,15.658994130588777,True,True
pair_omission,12;30,1;2;3;4;5;6;7;8;9;10;11;13;14;15;16;17;18;19;20;21;22;23;24;25;26;27;28;29;31;32,30,8,0.26666666666666666,1,4,313.189286517012,0.9059387569030374,0.9059387569030374,0.8346281698510882,0.8568074061934126,M,4.913135070962483,-7.131058705194915,27.466429303797547,0.8168601277586995,0.8168601277586995,0.7314704213894112,0.7624072637782355,M,5.445286398046401,-8.538970636928834,132.9803120890759,0.5972087799374547,0.5972087799374547,0.7665102680977346,0.8265169032046904,P,-22.930812326723572,16.93014881602799,True,True
pair_omission,12;31,1;2;3;4;5;6;7;8;9;10;11;13;14;15;16;17;18;19;20;21;22;23;24;25;26;27;28;29;30;32,30,8,0.26666666666666666,1,1,313.189286517012,0.9028800182135194,0.9028800182135194,0.8520618954297273,0.8520618954297273,M,5.081812278379205,-5.081812278379205,27.466429303797547,0.8326700235148752,0.8326700235148752,0.7624588113540495,0.7624588113540495,M,7.021121216082571,-7.021121216082571,132.9803120890759,0.6016139685553105,0.6016139685553105,0.8309220918225463,0.8309220918225463,P,-22.930812326723583,22.930812326723583,True,True
pair_omission,12;32,1;2;3;4;5;6;7;8;9;10;11;13;14;15;16;17;18;19;20;21;22;23;24;25;26;27;28;29;30;31,30,8,0.26666666666666666,1,4,313.189286517012,0.9059387569030374,0.9059387569030374,0.8346281698510882,0.8568074061934126,M,4.913135070962483,-7.131058705194915,27.466429303797547,0.8168601277586995,0.8168601277586995,0.7314704213894112,0.7624072637782355,M,5.445286398046401,-8.538970636928834,132.9803120890759,0.5972087799374547,0.5972087799374547,0.7665102680977346,0.8265169032046904,P,-22.930812326723572,16.93014881602799,True,True
pair_omission,13;14,1;2;3;4;5;6;7;8;9;10;11;12;15;16;17;18;19;20;21;22;23;24;25;26;27;28;29;30;31;32,30,8,0.26666666666666666,1,4,316.6673006583047,0.921060651077304,0.921060651077304,0.889460423204451,0.9113960609892947,M,0.966459008800924,-3.1600227872852993,27.466429303797547,0.8432435750738719,0.8432435750738719,0.7723058936485689,0.8032427360373935,M,4.000083903647845,-7.093768142530299,136.61592690260565,0.6428217522787639,0.6428217522787639,0.8379492492860507,0.8963589914358595,P,-25.35372391570956,19.512749700728683,True,True
pair_omission,13;15,1;2;3;4;5;6;7;8;9;10;11;12;14;16;17;18;19;20;21;22;23;24;25;26;27;28;29;30;31;32,30,8,0.26666666666666666,1,4,316.6673006583047,0.921060651077304,0.921060651077304,0.884341692924004,0.9062773307088478,M,1.4783320368456199,-3.671895815329995,27.466429303797547,0.8432435750738719,0.8432435750738719,0.7948666026916701,0.8258034450804945,M,1.7440129993377407,-4.837697238220184,135.3941731517341,0.6486223703460441,0.6486223703460441,0.836486955097848,0.8954237680949301,P,-24.6801397748886,18.78645847518039,True,True
pair_omission,13;16,1;2;3;4;5;6;7;8;9;10;11;12;14;15;17;18;19;20;21;22;23;24;25;26;27;28;29;30;31;32,30,8,0.26666666666666666,1,6,316.6673006583047,0.9369739821703967,0.9369739821703967,0.8505332810789468,0.8801066179685291,M,5.686736420186767,-8.644070109144996,27.466429303797547,0.8585919870327166,0.8585919870327166,0.7414268148068228,0.7730323629130463,M,8.555962411967021,-11.716517222589374,137.18835428175296,0.7101321121219819,0.7101321121219819,0.8566086878991759,0.9191555168278197,P,-20.90234047058378,14.647657577719396,True,True
pair_omission,13;17,1;2;3;4;5;6;7;8;9;10;11;12;14;15;16;18;19;20;21;22;23;24;25;26;27;28;29;30;31;32,30,8,0.26666666666666666,1,6,314.81369471038914,0.9264838062002045,0.9264838062002045,0.8555411748751758,0.8852886379672686,M,4.11951682329359,-7.094263132502876,27.466429303797547,0.8432435750738719,0.8432435750738719,0.7414268148068228,0.7730323629130463,M,7.02112121608256,-10.181676026704912,137.18835428175296,0.6401395364825156,0.6401395364825156,0.8566086878991759,0.9191555168278197,P,-27.901598034530405,21.646915141666025,True,True
pair_omission,13;18,1;2;3;4;5;6;7;8;9;10;11;12;14;15;16;17;19;20;21;22;23;24;25;26;27;28;29;30;31;32,30,8,0.26666666666666666,1,6,316.6673006583047,0.921060651077304,0.921060651077304,0.8505332810789468,0.8801066179685291,M,4.095403310877488,-7.052736999835718,27.466429303797547,0.8432435750738719,0.8432435750738719,0.7414268148068228,0.7730323629130463,M,7.02112121608256,-10.181676026704912,137.18835428175296,0.6401395364825156,0.6401395364825156,0.8566086878991759,0.9191555168278197,P,-27.901598034530405,21.646915141666025,True,True
pair_omission,13;19,1;2;3;4;5;6;7;8;9;10;11;12;14;15;16;17;18;20;21;22;23;24;25;26;27;28;29;30;31;32,30,8,0.26666666666666666,1,6,316.6673006583047,0.9269351469286851,0.9269351469286851,0.8505332810789468,0.8801066179685291,M,4.682852896015599,-7.640186584973829,27.381591093879976,0.8084725925625184,0.8084725925625184,0.7437240269570384,0.7754275006409102,M,3.3045091921608205,-6.474856560547993,137.18835428175296,0.712274374140101,0.712274374140101,0.8566086878991759,0.9191555168278197,P,-20.688114268771873,14.43343137590749,True,True
pair_omission,13;20,1;2;3;4;5;6;7;8;9;10;11;12;14;15;16;17;18;19;21;22;23;24;25;26;27;28;29;30;31;32,30,8,0.26666666666666666,1,6,316.6673006583047,0.921060651077304,0.921060651077304,0.8505332810789468,0.8801066179685291,M,4.095403310877488,-7.052736999835718,27.386194731699668,0.8457140638761014,0.8457140638761014,0.7435990064461038,0.7752971507546499,M,7.041691312145149,-10.21150574299976,137.18835428175296,0.6401395364825156,0.6401395364825156,0.8566086878991759,0.9191555168278197,P,-27.901598034530405,21.646915141666025,True,True
pair_omission,13;21,1;2;3;4;5;6;7;8;9;10;11;12;14;15;16;17;18;19;20;22;23;24;25;26;27;28;29;30;31;32,30,8,0.26666666666666666,1,6,316.6673006583047,0.921060651077304,0.921060651077304,0.8505332810789468,0.8801066179685291,M,4.095403310877488,-7.052736999835718,27.46262676564652,0.8433603325090652,0.8433603325090652,0.7415294744603788,0.7731393987431233,M,7.022093376594185,-10.183085804868641,137.18835428175296,0.6401395364825156,0.6401395364825156,0.8566086878991759,0.9191555168278197,P,-27.901598034530405,21.646915141666025,True,True
pair_omission,13;22,1;2;3;4;5;6;7;8;9;10;11;12;14;15;16;17;18;19;20;21;23;24;25;26;27;28;29;30;31;32,30,8,0.26666666666666666,1,6,316.6673006583047,0.921060651077304,0.921060651077304,0.8505332810789468,0.8801066179685291,M,4.095403310877488,-7.052736999835718,27.466429303797547,0.8432435750738719,0.8432435750738719,0.7414268148068228,0.7730323629130463,M,7.02112121608256,-10.181676026704912,137.18835428175296,0.6401395364825156,0.6401395364825156,0.8566086878991759,0.9191555168278197,P,-27.901598034530405,21.646915141666025,True,True
pair_omission,13;23,1;2;3;4;5;6;7;8;9;10;11;12;14;15;16;17;18;19;20;21;22;24;25;26;27;28;29;30;31;32,30,8,0.26666666666666666,1,6,316.6673006583047,0.921060651077304,0.921060651077304,0.8505332810789468,0.8801066179685291,M,4.095403310877488,-7.052736999835718,27.466429303797547,0.8432435750738719,0.8432435750738719,0.7414268148068228,0.7730323629130463,M,7.02112121608256,-10.181676026704912,137.18835428175296,0.6401395364825156,0.6401395364825156,0.8566086878991759,0.9191555168278197,P,-27.901598034530405,21.646915141666025,True,True
pair_omission,13;24,1;2;3;4;5;6;7;8;9;10;11;12;14;15;16;17;18;19;20;21;22;23;25;26;27;28;29;30;31;32,30,8,0.26666666666666666,1,6,315.1104519882424,0.9161471856321755,0.9161471856321755,0.8547354635173158,0.88445491174632,M,3.1692273885855493,-6.1411722114859675,27.332043341718943,0.8081253901087129,0.8081253901087129,0.7450722559680625,0.7768332019688442,M,3.129218813986867,-6.305313414065039,137.18835428175296,0.7074588909356208,0.7074588909356208,0.8566086878991759,0.9191555168278197,P,-21.169662589219897,14.914979696355513,True,True
pair_omission,13;25,1;2;3;4;5;6;7;8;9;10;11;12;14;15;16;17;18;19;20;21;22;23;24;26;27;28;29;30;31;32,30,8,0.26666666666666666,1,6,316.6673006583047,0.921060651077304,0.921060651077304,0.8505332810789468,0.8801066179685291,M,4.095403310877488,-7.052736999835718,27.228531177580052,0.850611070042539,0.850611070042539,0.7479047275821981,0.7797864162052753,M,7.082465383726366,-10.270634246034094,137.18835428175296,0.6401395364825156,0.6401395364825156,0.8566086878991759,0.9191555168278197,P,-27.901598034530405,21.646915141666025,True,True
pair_omission,13;26,1;2;3;4;5;6;7;8;9;10;11;12;14;15;16;17;18;19;20;21;22;23;24;25;27;28;29;30;31;32,30,8,0.26666666666666666,1,6,314.1404570160122,0.9158882670289598,0.9158882670289598,0.8573746941024943,0.8871859092934283,M,2.8702357735531425,-5.851357292646542,27.466429303797547,0.8219142351473033,0.8219142351473033,0.7414268148068228,0.7730323629130463,M,4.8881872234257,-8.04874203404805,137.18835428175296,0.7074523608203341,0.7074523608203341,0.8566086878991759,0.9191555168278197,P,-21.17031560074856,14.915632707884175,True,True
pair_omission,13;27,1;2;3;4;5;6;7;8;9;10;11;12;14;15;16;17;18;19;20;21;22;23;24;25;26;28;29;30;31;32,30,8,0.26666666666666666,1,6,316.6673006583047,0.921060651077304,0.921060651077304,0.8505332810789468,0.8801066179685291,M,4.095403310877488,-7.052736999835718,27.466429303797547,0.8432435750738719,0.8432435750738719,0.7414268148068228,0.7730323629130463,M,7.02112121608256,-10.181676026704912,136.5409050909764,0.6431749479191364,0.6431749479191364,0.8606705520081253,0.9235139652735178,P,-28.03390173543814,21.749560408898883,True,True
pair_omission,13;28,1;2;3;4;5;6;7;8;9;10;11;12;14;15;16;17;18;19;20;21;22;23;24;25;26;27;29;30;31;32,30,8,0.26666666666666666,1,6,316.6673006583047,0.921060651077304,0.921060651077304,0.8505332810789468,0.8801066179685291,M,4.095403310877488,-7.052736999835718,27.466429303797547,0.8432435750738719,0.8432435750738719,0.7414268148068228,0.7730323629130463,M,7.02112121608256,-10.181676026704912,137.18835428175296,0.6401395364825156,0.6401395364825156,0.8566086878991759,0.9191555168278197,P,-27.901598034530405,21.646915141666025,True,True
pair_omission,13;29,1;2;3;4;5;6;7;8;9;10;11;12;14;15;16;17;18;19;20;21;22;23;24;25;26;27;28;30;31;32,30,8,0.26666666666666666,1,6,316.6673006583047,0.9270731417696771,0.9270731417696771,0.8505332810789468,0.8801066179685291,M,4.6966523801148075,-7.653986069073038,27.466429303797547,0.8199959332982284,0.8199959332982284,0.7414268148068228,0.7730323629130463,M,4.696357038518206,-7.856911849140557,137.18835428175296,0.7106271998297279,0.7106271998297279,0.8566086878991759,0.9191555168278197,P,-20.852831699809183,14.598148806944799,True,True
pair_omission,13;30,1;2;3;4;5;6;7;8;9;10;11;12;14;15;16;17;18;19;20;21;22;23;24;25;26;27;28;29;31;32,30,8,0.26666666666666666,1,6,316.6673006583047,0.921060651077304,0.921060651077304,0.8505332810789468,0.8801066179685291,M,4.095403310877488,-7.052736999835718,27.466429303797547,0.8432435750738719,0.8432435750738719,0.7414268148068228,0.7730323629130463,M,7.02112121608256,-10.181676026704912,137.18835428175296,0.6401395364825156,0.6401395364825156,0.8566086878991759,0.9191555168278197,P,-27.901598034530405,21.646915141666025,True,True
pair_omission,13;31,1;2;3;4;5;6;7;8;9;10;11;12;14;15;16;17;18;19;20;21;22;23;24;25;26;27;28;29;30;32,30,8,0.26666666666666666,1,4,316.6673006583047,0.9256732061718443,0.9256732061718443,0.8551458361734872,0.8770814739583309,M,4.859173221351343,-7.052736999835718,27.466429303797547,0.8432951226496858,0.8432951226496858,0.7579054162803973,0.7888422586692218,M,5.445286398046401,-8.538970636928845,137.18835428175296,0.7025756263823949,0.7025756263823949,0.8666840512597789,0.9248500749409863,P,-22.227444855859137,16.410842487738396,True,True
pair_omission,13;32,1;2;3;4;5;6;7;8;9;10;11;12;14;15;16;17;18;19;20;21;22;23;24;25;26;27;28;29;30;31,30,8,0.26666666666666666,1,6,316.6673006583047,0.921060651077304,0.921060651077304,0.8505332810789468,0.8801066179685291,M,4.095403310877488,-7.052736999835718,27.466429303797547,0.8432435750738719,0.8432435750738719,0.7414268148068228,0.7730323629130463,M,7.02112121608256,-10.181676026704912,137.18835428175296,0.6401395364825156,0.6401395364825156,0.8566086878991759,0.9191555168278197,P,-27.901598034530405,21.646915141666025,True,True
pair_omission,14;15,1;2;3;4;5;6;7;8;9;10;11;12;13;16;17;18;19;20;21;22;23;24;25;26;27;28;29;30;31;32,30,8,0.26666666666666666,1,1,318.14652736675197,0.916778166756478,0.916778166756478,0.9315470545425764,0.9315470545425764,P,-1.4768887786098306,1.4768887786098306,27.466429303797547,0.8432435750738719,0.8432435750738719,0.8402554700244801,0.8402554700244801,M,0.29881050493918426,-0.29881050493918426,143.73256967649544,0.6109936649597215,0.6109936649597215,0.8167892568612446,0.8167892568612446,P,-20.57955919015231,20.57955919015231,False,False
pair_omission,14;16,1;2;3;4;5;6;7;8;9;10;11;12;13;15;17;18;19;20;21;22;23;24;25;26;27;28;29;30;31;32,30,8,0.26666666666666666,1,4,318.14652736675197,0.9326175085950971,0.9326175085950971,0.8853248645830799,0.90715851231464,M,2.5458996280457113,-4.729264401201716,27.466429303797547,0.8585919870327166,0.8585919870327166,0.7723058936485689,0.8032427360373935,M,5.534925099532306,-8.628609338414762,145.52675080651431,0.6694429391484704,0.6694429391484704,0.7866403445010605,0.8414735694560225,P,-17.203063030755207,11.719740535259005,True,True
pair_omission,14;17,1;2;3;4;5;6;7;8;9;10;11;12;13;15;16;18;19;20;21;22;23;24;25;26;27;28;29;30;31;32,30,8,0.26666666666666666,1,4,317.8497700888987,0.9176341075774698,0.9176341075774698,0.8861514393411991,0.9080054718408986,M,0.9628635736571134,-3.148266823627066,27.466429303797547,0.8432435750738719,0.8432435750738719,0.7723058936485689,0.8032427360373935,M,4.000083903647845,-7.093768142530299,145.52675080651431,0.6034608003959459,0.6034608003959459,0.7866403445010605,0.8414735694560225,P,-23.80127690600766,18.31795441051146,True,True
pair_omission,14;18,1;2;3;4;5;6;7;8;9;10;11;12;13;15;16;17;19;20;21;22;23;24;25;26;27;28;29;30;31;32,30,8,0.26666666666666666,1,4,318.14652736675197,0.916778166756478,0.916778166756478,0.8853248645830799,0.90715851231464,M,0.9619654441838099,-3.1453302173398145,27.466429303797547,0.8432435750738719,0.8432435750738719,0.7723058936485689,0.8032427360373935,M,4.000083903647845,-7.093768142530299,145.52675080651431,0.6034608003959459,0.6034608003959459,0.7866403445010605,0.8414735694560225,P,-23.80127690600766,18.31795441051146,True,True
pair_omission,14;19,1;2;3;4;5;6;7;8;9;10;11;12;13;15;16;17;18;20;21;22;23;24;25;26;27;28;29;30;31;32,30,8,0.26666666666666666,1,4,318.14652736675197,0.9226253490576092,0.9226253490576092,0.8853248645830799,0.90715851231464,M,1.5466836742969226,-3.730048447452927,27.381591093879976,0.8084725925625184,0.8084725925625184,0.7746987805082584,0.8057314765792072,M,0.2741115983311171,-3.377381205426,145.52675080651431,0.671462453767448,0.671462453767448,0.7866403445010605,0.8414735694560225,P,-17.001111568857453,11.51778907336125,True,True
pair_omission,14;20,1;2;3;4;5;6;7;8;9;10;11;12;13;15;16;17;18;19;21;22;23;24;25;26;27;28;29;30;31;32,30,8,0.26666666666666666,1,4,318.14652736675197,0.916778166756478,0.916778166756478,0.8853248645830799,0.90715851231464,M,0.9619654441838099,-3.1453302173398145,27.386194731699668,0.8457140638761014,0.8457140638761014,0.7745685531203442,0.8055960325741369,M,4.011803130196445,-7.114551075575715,145.52675080651431,0.6034608003959459,0.6034608003959459,0.7866403445010605,0.8414735694560225,P,-23.80127690600766,18.31795441051146,True,True
pair_omission,14;21,1;2;3;4;5;6;7;8;9;10;11;12;13;15;16;17;18;19;20;22;23;24;25;26;27;28;29;30;31;32,30,8,0.26666666666666666,1,4,318.14652736675197,0.916778166756478,0.916778166756478,0.8853248645830799,0.90715851231464,M,0.9619654441838099,-3.1453302173398145,27.46262676564652,0.8433603325090652,0.8433603325090652,0.772412828890049,0.8033539548648706,M,4.000637764419457,-7.094750361901614,145.52675080651431,0.6034608003959459,0.6034608003959459,0.7866403445010605,0.8414735694560225,P,-23.80127690600766,18.31795441051146,True,True
pair_omission,14;22,1;2;3;4;5;6;7;8;9;10;11;12;13;15;16;17;18;19;20;21;23;24;25;26;27;28;29;30;31;32,30,8,0.26666666666666666,1,4,318.14652736675197,0.916778166756478,0.916778166756478,0.8853248645830799,0.90715851231464,M,0.9619654441838099,-3.1453302173398145,27.466429303797547,0.8432435750738719,0.8432435750738719,0.7723058936485689,0.8032427360373935,M,4.000083903647845,-7.093768142530299,145.52675080651431,0.6034608003959459,0.6034608003959459,0.7866403445010605,0.8414735694560225,P,-23.80127690600766,18.31795441051146,True,True
pair_omission,14;23,1;2;3;4;5;6;7;8;9;10;11;12;13;15;16;17;18;19;20;21;22;24;25;26;27;28;29;30;31;32,30,8,0.26666666666666666,1,4,318.14652736675197,0.916778166756478,0.916778166756478,0.8853248645830799,0.90715851231464,M,0.9619654441838099,-3.1453302173398145,27.466429303797547,0.8432435750738719,0.8432435750738719,0.7723058936485689,0.8032427360373935,M,4.000083903647845,-7.093768142530299,145.52675080651431,0.6034608003959459,0.6034608003959459,0.7866403445010605,0.8414735694560225,P,-23.80127690600766,18.31795441051146,True,True
pair_omission,14;24,1;2;3;4;5;6;7;8;9;10;11;12;13;15;16;17;18;19;20;21;22;23;25;26;27;28;29;30;31;32,30,8,0.26666666666666666,1,4,318.14652736675197,0.9074043842053906,0.9074043842053906,0.8853248645830799,0.90715851231464,M,0.024587189075064853,-2.2079519622310695,27.332043341718943,0.8081253901087129,0.8081253901087129,0.776103160806364,0.8071921132030688,M,0.09332769056440426,-3.202222930234888,145.52675080651431,0.666922888277029,0.666922888277029,0.7866403445010605,0.8414735694560225,P,-17.45506811789935,11.971745622403152,True,True
pair_omission,14;25,1;2;3;4;5;6;7;8;9;10;11;12;13;15;16;17;18;19;20;21;22;23;24;26;27;28;29;30;31;32,30,8,0.26666666666666666,1,4,318.14652736675197,0.916778166756478,0.916778166756478,0.8853248645830799,0.90715851231464,M,0.9619654441838099,-3.1453302173398145,27.228531177580052,0.850611070042539,0.850611070042539,0.7790535997134854,0.810260740077158,M,4.035032996538101,-7.155747032905357,145.52675080651431,0.6034608003959459,0.6034608003959459,0.7866403445010605,0.8414735694560225,P,-23.80127690600766,18.31795441051146,True,True
pair_omission,14;26,1;2;3;4;5;6;7;8;9;10;11;12;13;15;16;17;18;19;20;21;22;23;24;25;27;28;29;30;31;32,30,8,0.26666666666666666,1,4,317.1765323945217,0.9071212066288745,0.9071212066288745,0.8880323809965827,0.9099328007820685,overlap,-0.2811594153193986,-1.9088825632291861,27.466429303797547,0.8219142351473033,0.8219142351473033,0.7723058936485689,0.8032427360373935,M,1.867149910990984,-4.960834149873438,145.52675080651431,0.6669167323245014,0.6669167323245014,0.7866403445010605,0.8414735694560225,P,-17.455683713152105,11.972361217655902,False,False
pair_omission,14;27,1;2;3;4;5;6;7;8;9;10;11;12;13;15;16;17;18;19;20;21;22;23;24;25;26;28;29;30;31;32,30,8,0.26666666666666666,1,4,318.14652736675197,0.916778166756478,0.916778166756478,0.8853248645830799,0.90715851231464,M,0.9619654441838099,-3.1453302173398145,27.466429303797547,0.8432435750738719,0.8432435750738719,0.7723058936485689,0.8032427360373935,M,4.000083903647845,-7.093768142530299,144.87930161573775,0.6061575983686336,0.6061575983686336,0.7901557511105584,0.8452340195377683,P,-23.907642116913475,18.399815274192477,True,True
pair_omission,14;28,1;2;3;4;5;6;7;8;9;10;11;12;13;15;16;17;18;19;20;21;22;23;24;25;26;27;29;30;31;32,30,8,0.26666666666666666,1,4,318.14652736675197,0.916778166756478,0.916778166756478,0.8853248645830799,0.90715851231464,M,0.9619654441838099,-3.1453302173398145,27.466429303797547,0.8432435750738719,0.8432435750738719,0.7723058936485689,0.8032427360373935,M,4.000083903647845,-7.093768142530299,145.52675080651431,0.6034608003959459,0.6034608003959459,0.7866403445010605,0.8414735694560225,P,-23.80127690600766,18.31795441051146,True,True
pair_omission,14;29,1;2;3;4;5;6;7;8;9;10;11;12;13;15;16;17;18;19;20;21;22;23;24;25;26;27;28;30;31;32,30,8,0.26666666666666666,1,4,318.14652736675197,0.922762702289667,0.922762702289667,0.8853248645830799,0.90715851231464,M,1.5604189975026994,-3.743783770658704,27.466429303797547,0.8199959332982284,0.8199959332982284,0.7723058936485689,0.8032427360373935,M,1.6753197260834907,-4.769003964965945,145.52675080651431,0.6699096593045543,0.6699096593045543,0.7866403445010605,0.8414735694560225,P,-17.15639101514682,11.67306851965062,True,True
pair_omission,14;30,1;2;3;4;5;6;7;8;9;10;11;12;13;15;16;17;18;19;20;21;22;23;24;25;26;27;28;29;31;32,30,8,0.26666666666666666,1,4,318.14652736675197,0.916778166756478,0.916778166756478,0.8853248645830799,0.90715851231464,M,0.9619654441838099,-3.1453302173398145,27.466429303797547,0.8432435750738719,0.8432435750738719,0.7723058936485689,0.8032427360373935,M,4.000083903647845,-7.093768142530299,145.52675080651431,0.6034608003959459,0.6034608003959459,0.7866403445010605,0.8414735694560225,P,-23.80127690600766,18.31795441051146,True,True
pair_omission,14;31,1;2;3;4;5;6;7;8;9;10;11;12;13;15;16;17;18;19;20;21;22;23;24;25;26;27;28;29;30;32,30,8,0.26666666666666666,1,1,318.14652736675197,0.9213692757118872,0.9213692757118872,0.9024869443345059,0.9024869443345059,M,1.8882331377381267,-1.8882331377381267,27.466429303797547,0.8432951226496858,0.8432951226496858,0.8032942836132073,0.8032942836132073,M,4.000083903647845,-4.000083903647845,145.52675080651431,0.6623194251758003,0.6623194251758003,0.845498969280915,0.845498969280915,P,-18.31795441051146,18.31795441051146,True,True
pair_omission,14;32,1;2;3;4;5;6;7;8;9;10;11;12;13;15;16;17;18;19;20;21;22;23;24;25;26;27;28;29;30;31,30,8,0.26666666666666666,1,4,318.14652736675197,0.916778166756478,0.916778166756478,0.8853248645830799,0.90715851231464,M,0.9619654441838099,-3.1453302173398145,27.466429303797547,0.8432435750738719,0.8432435750738719,0.7723058936485689,0.8032427360373935,M,4.000083903647845,-7.093768142530299,145.52675080651431,0.6034608003959459,0.6034608003959459,0.7866403445010605,0.8414735694560225,P,-23.80127690600766,18.31795441051146,True,True
pair_omission,15;16,1;2;3;4;5;6;7;8;9;10;11;12;13;14;17;18;19;20;21;22;23;24;25;26;27;28;29;30;31;32,30,8,0.26666666666666666,1,4,318.14652736675197,0.9326175085950971,0.9326175085950971,0.8802299339103384,0.9020635816418985,M,3.0553926953198585,-5.238757468475863,27.466429303797547,0.8585919870327166,0.8585919870327166,0.7948666026916701,0.8258034450804945,M,3.278854195222203,-6.372538434104646,144.30499705564276,0.6751107568858128,0.6751107568858128,0.7848339416410821,0.8401314103826628,P,-16.502065349685,10.972318475526933,True,True
pair_omission,15;17,1;2;3;4;5;6;7;8;9;10;11;12;13;14;16;18;19;20;21;22;23;24;25;26;27;28;29;30;31;32,30,8,0.26666666666666666,1,4,317.8497700888987,0.9176341075774698,0.9176341075774698,0.8810517518370877,0.9029057843367871,M,1.4728323240682628,-3.6582355740382044,27.466429303797547,0.8432435750738719,0.8432435750738719,0.7948666026916701,0.8258034450804945,M,1.7440129993377407,-4.837697238220184,144.30499705564276,0.6085699824161874,0.6085699824161874,0.7848339416410821,0.8401314103826628,P,-23.15614279664754,17.62639592248947,True,True
pair_omission,15;18,1;2;3;4;5;6;7;8;9;10;11;12;13;14;16;17;19;20;21;22;23;24;25;26;27;28;29;30;31;32,30,8,0.26666666666666666,1,4,318.14652736675197,0.916778166756478,0.916778166756478,0.8802299339103384,0.9020635816418985,M,1.471458511457957,-3.6548232846139617,27.466429303797547,0.8432435750738719,0.8432435750738719,0.7948666026916701,0.8258034450804945,M,1.7440129993377407,-4.837697238220184,144.30499705564276,0.6085699824161874,0.6085699824161874,0.7848339416410821,0.8401314103826628,P,-23.15614279664754,17.62639592248947,True,True
pair_omission,15;19,1;2;3;4;5;6;7;8;9;10;11;12;13;14;16;17;18;20;21;22;23;24;25;26;27;28;29;30;31;32,30,8,0.26666666666666666,1,4,318.14652736675197,0.9226253490576092,0.9226253490576092,0.8802299339103384,0.9020635816418985,M,2.0561767415710697,-4.239541514727074,27.381591093879976,0.8084725925625184,0.8084725925625184,0.7973293909008875,0.8283620869718363,overlap,-1.9889494409317976,-1.1143201661630853,144.30499705564276,0.6771473696622418,0.6771473696622418,0.7848339416410821,0.8401314103826628,P,-16.298404072042104,10.768657197884036,False,True
pair_omission,15;20,1;2;3;4;5;6;7;8;9;10;11;12;13;14;16;17;18;19;21;22;23;24;25;26;27;28;29;30;31;32,30,8,0.26666666666666666,1,4,318.14652736675197,0.916778166756478,0.916778166756478,0.8802299339103384,0.9020635816418985,M,1.471458511457957,-3.6548232846139617,27.386194731699668,0.8457140638761014,0.8457140638761014,0.7971953592920911,0.8282228387458838,M,1.7491225130217614,-4.851870458401031,144.30499705564276,0.6085699824161874,0.6085699824161874,0.7848339416410821,0.8401314103826628,P,-23.15614279664754,17.62639592248947,True,True
pair_omission,15;21,1;2;3;4;5;6;7;8;9;10;11;12;13;14;16;17;18;19;20;22;23;24;25;26;27;28;29;30;31;32,30,8,0.26666666666666666,1,4,318.14652736675197,0.916778166756478,0.916778166756478,0.8802299339103384,0.9020635816418985,M,1.471458511457957,-3.6548232846139617,27.46262676564652,0.8433603325090652,0.8433603325090652,0.7949766617405551,0.8259177877153767,M,1.7442544793688453,-4.838367076851002,144.30499705564276,0.6085699824161874,0.6085699824161874,0.7848339416410821,0.8401314103826628,P,-23.15614279664754,17.62639592248947,True,True
pair_omission,15;22,1;2;3;4;5;6;7;8;9;10;11;12;13;14;16;17;18;19;20;21;23;24;25;26;27;28;29;30;31;32,30,8,0.26666666666666666,1,4,318.14652736675197,0.916778166756478,0.916778166756478,0.8802299339103384,0.9020635816418985,M,1.471458511457957,-3.6548232846139617,27.466429303797547,0.8432435750738719,0.8432435750738719,0.7948666026916701,0.8258034450804945,M,1.7440129993377407,-4.837697238220184,144.30499705564276,0.6085699824161874,0.6085699824161874,0.7848339416410821,0.8401314103826628,P,-23.15614279664754,17.62639592248947,True,True
pair_omission,15;23,1;2;3;4;5;6;7;8;9;10;11;12;13;14;16;17;18;19;20;21;22;24;25;26;27;28;29;30;31;32,30,8,0.26666666666666666,1,4,318.14652736675197,0.916778166756478,0.916778166756478,0.8802299339103384,0.9020635816418985,M,1.471458511457957,-3.6548232846139617,27.466429303797547,0.8432435750738719,0.8432435750738719,0.7948666026916701,0.8258034450804945,M,1.7440129993377407,-4.837697238220184,144.30499705564276,0.6085699824161874,0.6085699824161874,0.7848339416410821,0.8401314103826628,P,-23.15614279664754,17.62639592248947,True,True
pair_omission,15;24,1;2;3;4;5;6;7;8;9;10;11;12;13;14;16;17;18;19;20;21;22;23;25;26;27;28;29;30;31;32,30,8,0.26666666666666666,1,4,318.14652736675197,0.9074043842053906,0.9074043842053906,0.8802299339103384,0.9020635816418985,M,0.534080256349212,-2.7174450295052166,27.332043341718943,0.8081253901087129,0.8081253901087129,0.7987747961549749,0.8298637485516798,overlap,-2.17383584429669,-0.935059395373794,144.30499705564276,0.6725693700823705,0.6725693700823705,0.7848339416410821,0.8401314103826628,P,-16.75620403002923,11.226457155871161,False,True
pair_omission,15;25,1;2;3;4;5;6;7;8;9;10;11;12;13;14;16;17;18;19;20;21;22;23;24;26;27;28;29;30;31;32,30,8,0.26666666666666666,1,4,318.14652736675197,0.916778166756478,0.916778166756478,0.8802299339103384,0.9020635816418985,M,1.471458511457957,-3.6548232846139617,27.228531177580052,0.850611070042539,0.850611070042539,0.8018114237009251,0.8330185640645976,M,1.7592505977941375,-4.879964634161393,144.30499705564276,0.6085699824161874,0.6085699824161874,0.7848339416410821,0.8401314103826628,P,-23.15614279664754,17.62639592248947,True,True
pair_omission,15;26,1;2;3;4;5;6;7;8;9;10;11;12;13;14;16;17;18;19;20;21;22;23;24;25;27;28;29;30;31;32,30,8,0.26666666666666666,1,4,317.1765323945217,0.9071212066288745,0.9071212066288745,0.8829218689152826,0.9048222887007685,M,0.22989179281059924,-2.419933771359195,27.466429303797547,0.8219142351473033,0.8219142351473033,0.7948666026916701,0.8258034450804945,overlap,-0.38892099331911956,-2.704763245563324,144.30499705564276,0.6725631620106632,0.6725631620106632,0.7848339416410821,0.8401314103826628,P,-16.756824837199957,11.227077963041888,False,True
pair_omission,15;27,1;2;3;4;5;6;7;8;9;10;11;12;13;14;16;17;18;19;20;21;22;23;24;25;26;28;29;30;31;32,30,8,0.26666666666666666,1,4,318.14652736675197,0.916778166756478,0.916778166756478,0.8802299339103384,0.9020635816418985,M,1.471458511457957,-3.6548232846139617,27.466429303797547,0.8432435750738719,0.8432435750738719,0.7948666026916701,0.8258034450804945,M,1.7440129993377407,-4.837697238220184,143.6575478648662,0.6113127421841386,0.6113127421841386,0.7883711042055406,0.8439177927195652,P,-23.26050505354267,17.7058362021402,True,True
pair_omission,15;28,1;2;3;4;5;6;7;8;9;10;11;12;13;14;16;17;18;19;20;21;22;23;24;25;26;27;29;30;31;32,30,8,0.26666666666666666,1,4,318.14652736675197,0.916778166756478,0.916778166756478,0.8802299339103384,0.9020635816418985,M,1.471458511457957,-3.6548232846139617,27.466429303797547,0.8432435750738719,0.8432435750738719,0.7948666026916701,0.8258034450804945,M,1.7440129993377407,-4.837697238220184,144.30499705564276,0.6085699824161874,0.6085699824161874,0.7848339416410821,0.8401314103826628,P,-23.15614279664754,17.62639592248947,True,True
pair_omission,15;29,1;2;3;4;5;6;7;8;9;10;11;12;13;14;16;17;18;19;20;21;22;23;24;25;26;27;28;30;31;32,30,8,0.26666666666666666,1,4,318.14652736675197,0.922762702289667,0.922762702289667,0.8802299339103384,0.9020635816418985,M,2.0699120647768465,-4.253276837932852,27.466429303797547,0.8199959332982284,0.8199959332982284,0.7948666026916701,0.8258034450804945,overlap,-0.5807511782266128,-2.512933060655831,144.30499705564276,0.6755814285135223,0.6755814285135223,0.7848339416410821,0.8401314103826628,P,-16.45499818691405,10.925251312755979,False,True
pair_omission,15;30,1;2;3;4;5;6;7;8;9;10;11;12;13;14;16;17;18;19;20;21;22;23;24;25;26;27;28;29;31;32,30,8,0.26666666666666666,1,4,318.14652736675197,0.916778166756478,0.916778166756478,0.8802299339103384,0.9020635816418985,M,1.471458511457957,-3.6548232846139617,27.466429303797547,0.8432435750738719,0.8432435750738719,0.7948666026916701,0.8258034450804945,M,1.7440129993377407,-4.837697238220184,144.30499705564276,0.6085699824161874,0.6085699824161874,0.7848339416410821,0.8401314103826628,P,-23.15614279664754,17.62639592248947,True,True
pair_omission,15;31,1;2;3;4;5;6;7;8;9;10;11;12;13;14;16;17;18;19;20;21;22;23;24;25;26;27;28;29;30;32,30,8,0.26666666666666666,1,1,318.14652736675197,0.9213692757118872,0.9213692757118872,0.8973920136617645,0.8973920136617645,M,2.397726205012274,-2.397726205012274,27.466429303797547,0.8432951226496858,0.8432951226496858,0.8258549926563085,0.8258549926563085,M,1.7440129993377296,-1.7440129993377296,144.30499705564276,0.6679269319045632,0.6679269319045632,0.8441908911294579,0.8441908911294579,P,-17.62639592248947,17.62639592248947,True,True
pair_omission,15;32,1;2;3;4;5;6;7;8;9;10;11;12;13;14;16;17;18;19;20;21;22;23;24;25;26;27;28;29;30;31,30,8,0.26666666666666666,1,4,318.14652736675197,0.916778166756478,0.916778166756478,0.8802299339103384,0.9020635816418985,M,1.471458511457957,-3.6548232846139617,27.466429303797547,0.8432435750738719,0.8432435750738719,0.7948666026916701,0.8258034450804945,M,1.7440129993377407,-4.837697238220184,144.30499705564276,0.6085699824161874,0.6085699824161874,0.7848339416410821,0.8401314103826628,P,-23.15614279664754,17.62639592248947,True,True
pair_omission,16;17,1;2;3;4;5;6;7;8;9;10;11;12;13;14;15;18;19;20;21;22;23;24;25;26;27;28;29;30;31;32,30,8,0.26666666666666666,1,6,317.8497700888987,0.9334882376601253,0.9334882376601253,0.847369114547389,0.8768324322702976,M,5.665580538982773,-8.61191231127364,27.466429303797547,0.8585919870327166,0.8585919870327166,0.7414268148068228,0.7730323629130463,M,8.555962411967021,-11.716517222589374,145.52675080651431,0.6694429391484704,0.6694429391484704,0.8075266952986846,0.8664897139788136,P,-19.704677483034317,13.808375615021419,True,True
pair_omission,16;18,1;2;3;4;5;6;7;8;9;10;11;12;13;14;15;17;19;20;21;22;23;24;25;26;27;28;29;30;31;32,30,8,0.26666666666666666,1,6,318.14652736675197,0.9326175085950971,0.9326175085950971,0.8465787147468589,0.8760145499948326,M,5.660295860026443,-8.60387938482382,27.466429303797547,0.8585919870327166,0.8585919870327166,0.7414268148068228,0.7730323629130463,M,8.555962411967021,-11.716517222589374,145.52675080651431,0.6694429391484704,0.6694429391484704,0.8075266952986846,0.8664897139788136,P,-19.704677483034317,13.808375615021419,True,True
pair_omission,16;19,1;2;3;4;5;6;7;8;9;10;11;12;13;14;15;17;18;20;21;22;23;24;25;26;27;28;29;30;31;32,30,8,0.26666666666666666,1,6,318.14652736675197,0.9308625033798148,0.9308625033798148,0.8465787147468589,0.8760145499948326,M,5.484795338498216,-8.428378863295594,27.381591093879976,0.8396757328513477,0.8396757328513477,0.7437240269570384,0.7754275006409102,M,6.424823221043752,-9.595170589430923,145.52675080651431,0.6826113675650104,0.6826113675650104,0.8075266952986846,0.8664897139788136,P,-18.38783464138032,12.49153277336742,True,True
pair_omission,16;20,1;2;3;4;5;6;7;8;9;10;11;12;13;14;15;17;18;19;21;22;23;24;25;26;27;28;29;30;31;32,30,8,0.26666666666666666,1,6,318.14652736675197,0.9326175085950971,0.9326175085950971,0.8465787147468589,0.8760145499948326,M,5.660295860026443,-8.60387938482382,27.386194731699668,0.8611074427709502,0.8611074427709502,0.7435990064461038,0.7752971507546499,M,8.581029201630031,-11.750843632484642,145.52675080651431,0.6694429391484704,0.6694429391484704,0.8075266952986846,0.8664897139788136,P,-19.704677483034317,13.808375615021419,True,True
pair_omission,16;21,1;2;3;4;5;6;7;8;9;10;11;12;13;14;15;17;18;19;20;22;23;24;25;26;27;28;29;30;31;32,30,8,0.26666666666666666,1,6,318.14652736675197,0.9326175085950971,0.9326175085950971,0.8465787147468589,0.8760145499948326,M,5.660295860026443,-8.60387938482382,27.46262676564652,0.8587108696441549,0.8587108696441549,0.7415294744603788,0.7731393987431233,M,8.557147090103157,-11.718139518377612,145.52675080651431,0.6694429391484704,0.6694429391484704,0.8075266952986846,0.8664897139788136,P,-19.704677483034317,13.808375615021419,True,True
pair_omission,16;22,1;2;3;4;5;6;7;8;9;10;11;12;13;14;15;17;18;19;20;21;23;24;25;26;27;28;29;30;31;32,30,8,0.26666666666666666,1,6,318.14652736675197,0.9326175085950971,0.9326175085950971,0.8465787147468589,0.8760145499948326,M,5.660295860026443,-8.60387938482382,27.466429303797547,0.8585919870327166,0.8585919870327166,0.7414268148068228,0.7730323629130463,M,8.555962411967021,-11.716517222589374,145.52675080651431,0.6694429391484704,0.6694429391484704,0.8075266952986846,0.8664897139788136,P,-19.704677483034317,13.808375615021419,True,True
pair_omission,16;23,1;2;3;4;5;6;7;8;9;10;11;12;13;14;15;17;18;19;20;21;22;24;25;26;27;28;29;30;31;32,30,8,0.26666666666666666,1,6,318.14652736675197,0.9326175085950971,0.9326175085950971,0.8465787147468589,0.8760145499948326,M,5.660295860026443,-8.60387938482382,27.466429303797547,0.8585919870327166,0.8585919870327166,0.7414268148068228,0.7730323629130463,M,8.555962411967021,-11.716517222589374,145.52675080651431,0.6694429391484704,0.6694429391484704,0.8075266952986846,0.8664897139788136,P,-19.704677483034317,13.808375615021419,True,True
pair_omission,16;24,1;2;3;4;5;6;7;8;9;10;11;12;13;14;15;17;18;19;20;21;22;23;25;26;27;28;29;30;31;32,30,8,0.26666666666666666,1,6,318.14652736675197,0.9156415385275961,0.9156415385275961,0.8465787147468589,0.8760145499948326,M,3.9626988532763474,-6.906282378073724,27.332043341718943,0.8393850957059733,0.8393850957059733,0.7450722559680625,0.7768332019688442,M,6.255189373712911,-9.431283973791082,145.52675080651431,0.6780718020745914,0.6780718020745914,0.8075266952986846,0.8664897139788136,P,-18.84179119042222,12.94548932240932,True,True
pair_omission,16;25,1;2;3;4;5;6;7;8;9;10;11;12;13;14;15;17;18;19;20;21;22;23;24;26;27;28;29;30;31;32,30,8,0.26666666666666666,1,6,318.14652736675197,0.9326175085950971,0.9326175085950971,0.8465787147468589,0.8760145499948326,M,5.660295860026443,-8.60387938482382,27.228531177580052,0.8660935824573212,0.8660935824573212,0.7479047275821981,0.7797864162052753,M,8.630716625204581,-11.81888548751231,145.52675080651431,0.6694429391484704,0.6694429391484704,0.8075266952986846,0.8664897139788136,P,-19.704677483034317,13.808375615021419,True,True
pair_omission,16;26,1;2;3;4;5;6;7;8;9;10;11;12;13;14;15;17;18;19;20;21;22;23;24;25;27;28;29;30;31;32,30,8,0.26666666666666666,1,6,317.1765323945217,0.9153835519644808,0.9153835519644808,0.8491677369885177,0.87869359343692,M,3.668995852756085,-6.621581497596319,27.466429303797547,0.8530209952865097,0.8530209952865097,0.7414268148068228,0.7730323629130463,M,7.998863237346332,-11.159418047968684,145.52675080651431,0.6780656461220639,0.6780656461220639,0.8075266952986846,0.8664897139788136,P,-18.84240678567497,12.94610491766207,True,True
pair_omission,16;27,1;2;3;4;5;6;7;8;9;10;11;12;13;14;15;17;18;19;20;21;22;23;24;25;26;28;29;30;31;32,30,8,0.26666666666666666,1,6,318.14652736675197,0.9326175085950971,0.9326175085950971,0.8465787147468589,0.8760145499948326,M,5.660295860026443,-8.60387938482382,27.466429303797547,0.8585919870327166,0.8585919870327166,0.7414268148068228,0.7730323629130463,M,8.555962411967021,-11.716517222589374,145.45172899488506,0.6697882277361302,0.6697882277361302,0.807943205408526,0.8669366363258356,P,-19.71484085897054,13.815497767239581,True,True
pair_omission,16;28,1;2;3;4;5;6;7;8;9;10;11;12;13;14;15;17;18;19;20;21;22;23;24;25;26;27;29;30;31;32,30,8,0.26666666666666666,1,6,318.14652736675197,0.9326175085950971,0.9326175085950971,0.8465787147468589,0.8760145499948326,M,5.660295860026443,-8.60387938482382,27.466429303797547,0.8585919870327166,0.8585919870327166,0.7414268148068228,0.7730323629130463,M,8.555962411967021,-11.716517222589374,145.52675080651431,0.6694429391484704,0.6694429391484704,0.8075266952986846,0.8664897139788136,P,-19.704677483034317,13.808375615021419,True,True
pair_omission,16;29,1;2;3;4;5;6;7;8;9;10;11;12;13;14;15;17;18;19;20;21;22;23;24;25;26;27;28;30;31;32,30,8,0.26666666666666666,1,6,318.14652736675197,0.9309998566118723,0.9309998566118723,0.8465787147468589,0.8760145499948326,M,5.49853066170397,-8.442114186501348,27.466429303797547,0.8511026934374346,0.8511026934374346,0.7414268148068228,0.7730323629130463,M,7.807033052438827,-10.96758786306118,145.52675080651431,0.6810585731021167,0.6810585731021167,0.8075266952986846,0.8664897139788136,P,-18.543114087669686,12.64681221965679,True,True
pair_omission,16;30,1;2;3;4;5;6;7;8;9;10;11;12;13;14;15;17;18;19;20;21;22;23;24;25;26;27;28;29;31;32,30,8,0.26666666666666666,1,6,318.14652736675197,0.9326175085950971,0.9326175085950971,0.8465787147468589,0.8760145499948326,M,5.660295860026443,-8.60387938482382,27.466429303797547,0.8585919870327166,0.8585919870327166,0.7414268148068228,0.7730323629130463,M,8.555962411967021,-11.716517222589374,145.52675080651431,0.6694429391484704,0.6694429391484704,0.8075266952986846,0.8664897139788136,P,-19.704677483034317,13.808375615021419,True,True
pair_omission,16;31,1;2;3;4;5;6;7;8;9;10;11;12;13;14;15;17;18;19;20;21;22;23;24;25;26;27;28;29;30;32,30,8,0.26666666666666666,1,4,318.14652736675197,0.9296064300340925,0.9296064300340925,0.851169823702268,0.8730034714338281,M,5.660295860026443,-7.843660633182448,27.466429303797547,0.874401882788892,0.874401882788892,0.7579054162803973,0.7888422586692218,M,8.555962411967021,-11.649646650849466,145.52675080651431,0.6734683389733628,0.6734683389733628,0.8170247601601034,0.8718579851150654,P,-19.838964614170262,14.355642118674062,True,True
pair_omission,16;32,1;2;3;4;5;6;7;8;9;10;11;12;13;14;15;17;18;19;20;21;22;23;24;25;26;27;28;29;30;31,30,8,0.26666666666666666,1,6,318.14652736675197,0.9326175085950971,0.9326175085950971,0.8465787147468589,0.8760145499948326,M,5.660295860026443,-8.60387938482382,27.466429303797547,0.8585919870327166,0.8585919870327166,0.7414268148068228,0.7730323629130463,M,8.555962411967021,-11.716517222589374,145.52675080651431,0.6694429391484704,0.6694429391484704,0.8075266952986846,0.8664897139788136,P,-19.704677483034317,13.808375615021419,True,True
pair_omission,17;18,1;2;3;4;5;6;7;8;9;10;11;12;13;14;15;16;19;20;21;22;23;24;25;26;27;28;29;30;31;32,30,8,0.26666666666666666,1,6,317.8497700888987,0.9176341075774698,0.9176341075774698,0.847369114547389,0.8768324322702976,M,4.080167530717215,-7.026499303008082,27.466429303797547,0.8432435750738719,0.8432435750738719,0.7414268148068228,0.7730323629130463,M,7.02112121608256,-10.181676026704912,145.52675080651431,0.6034608003959459,0.6034608003959459,0.8075266952986846,0.8664897139788136,P,-26.30289135828677,20.406589490273873,True,True
pair_omission,17;19,1;2;3;4;5;6;7;8;9;10;11;12;13;14;15;16;18;20;21;22;23;24;25;26;27;28;29;30;31;32,30,8,0.26666666666666666,1,6,317.8497700888987,0.9234867490422252,0.9234867490422252,0.847369114547389,0.8768324322702976,M,4.665431677192755,-7.611763449483622,27.381591093879976,0.8084725925625184,0.8084725925625184,0.7437240269570384,0.7754275006409102,M,3.3045091921608205,-6.474856560547993,145.52675080651431,0.671462453767448,0.671462453767448,0.8075266952986846,0.8664897139788136,P,-19.502726021136564,13.606424153123664,True,True
pair_omission,17;20,1;2;3;4;5;6;7;8;9;10;11;12;13;14;15;16;18;19;21;22;23;24;25;26;27;28;29;30;31;32,30,8,0.26666666666666666,1,6,317.8497700888987,0.9176341075774698,0.9176341075774698,0.847369114547389,0.8768324322702976,M,4.080167530717215,-7.026499303008082,27.386194731699668,0.8457140638761014,0.8457140638761014,0.7435990064461038,0.7752971507546499,M,7.041691312145149,-10.21150574299976,145.52675080651431,0.6034608003959459,0.6034608003959459,0.8075266952986846,0.8664897139788136,P,-26.30289135828677,20.406589490273873,True,True
pair_omission,17;21,1;2;3;4;5;6;7;8;9;10;11;12;13;14;15;16;18;19;20;22;23;24;25;26;27;28;29;30;31;32,30,8,0.26666666666666666,1,6,317.8497700888987,0.9176341075774698,0.9176341075774698,0.847369114547389,0.8768324322702976,M,4.080167530717215,-7.026499303008082,27.46262676564652,0.8433603325090652,0.8433603325090652,0.7415294744603788,0.7731393987431233,M,7.022093376594185,-10.183085804868641,145.52675080651431,0.6034608003959459,0.6034608003959459,0.8075266952986846,0.8664897139788136,P,-26.30289135828677,20.406589490273873,True,True
pair_omission,17;22,1;2;3;4;5;6;7;8;9;10;11;12;13;14;15;16;18;19;20;21;23;24;25;26;27;28;29;30;31;32,30,8,0.26666666666666666,1,6,317.8497700888987,0.9176341075774698,0.9176341075774698,0.847369114547389,0.8768324322702976,M,4.080167530717215,-7.026499303008082,27.466429303797547,0.8432435750738719,0.8432435750738719,0.7414268148068228,0.7730323629130463,M,7.02112121608256,-10.181676026704912,145.52675080651431,0.6034608003959459,0.6034608003959459,0.8075266952986846,0.8664897139788136,P,-26.30289135828677,20.406589490273873,True,True
pair_omission,17;23,1;2;3;4;5;6;7;8;9;10;11;12;13;14;15;16;18;19;20;21;22;24;25;26;27;28;29;30;31;32,30,8,0.26666666666666666,1,6,317.8497700888987,0.9176341075774698,0.9176341075774698,0.847369114547389,0.8768324322702976,M,4.080167530717215,-7.026499303008082,27.466429303797547,0.8432435750738719,0.8432435750738719,0.7414268148068228,0.7730323629130463,M,7.02112121608256,-10.181676026704912,145.52675080651431,0.6034608003959459,0.6034608003959459,0.8075266952986846,0.8664897139788136,P,-26.30289135828677,20.406589490273873,True,True
pair_omission,17;24,1;2;3;4;5;6;7;8;9;10;11;12;13;14;15;16;18;19;20;21;22;23;25;26;27;28;29;30;31;32,30,8,0.26666666666666666,1,6,316.2929214188364,0.9127221452105461,0.9127221452105461,0.8515400124388661,0.8811483537266613,M,3.157379148388473,-6.118213277167994,27.332043341718943,0.8081253901087129,0.8081253901087129,0.7450722559680625,0.7768332019688442,M,3.129218813986867,-6.305313414065039,145.52675080651431,0.666922888277029,0.666922888277029,0.8075266952986846,0.8664897139788136,P,-19.956682570178465,14.060380702165565,True,True
pair_omission,17;25,1;2;3;4;5;6;7;8;9;10;11;12;13;14;15;16;18;19;20;21;22;23;24;26;27;28;29;30;31;32,30,8,0.26666666666666666,1,6,317.8497700888987,0.9176341075774698,0.9176341075774698,0.847369114547389,0.8768324322702976,M,4.080167530717215,-7.026499303008082,27.228531177580052,0.850611070042539,0.850611070042539,0.7479047275821981,0.7797864162052753,M,7.082465383726366,-10.270634246034094,145.52675080651431,0.6034608003959459,0.6034608003959459,0.8075266952986846,0.8664897139788136,P,-26.30289135828677,20.406589490273873,True,True
pair_omission,17;26,1;2;3;4;5;6;7;8;9;10;11;12;13;14;15;16;18;19;20;21;22;23;24;25;27;28;29;30;31;32,30,8,0.26666666666666666,1,6,315.3229264466061,0.9124536614650514,0.9124536614650514,0.8541595160062937,0.8838589383407761,M,2.8594723124275245,-5.829414545875766,27.466429303797547,0.8219142351473033,0.8219142351473033,0.7414268148068228,0.7730323629130463,M,4.8881872234257,-8.04874203404805,145.52675080651431,0.6669167323245014,0.6669167323245014,0.8075266952986846,0.8664897139788136,P,-19.957298165431215,14.060996297418315,True,True
pair_omission,17;27,1;2;3;4;5;6;7;8;9;10;11;12;13;14;15;16;18;19;20;21;22;23;24;25;26;28;29;30;31;32,30,8,0.26666666666666666,1,6,317.8497700888987,0.9176341075774698,0.9176341075774698,0.847369114547389,0.8768324322702976,M,4.080167530717215,-7.026499303008082,27.466429303797547,0.8432435750738719,0.8432435750738719,0.7414268148068228,0.7730323629130463,M,7.02112121608256,-10.181676026704912,145.45172899488506,0.6037720563899845,0.6037720563899845,0.807943205408526,0.8669366363258356,P,-26.316457993585107,20.41711490185415,True,True
pair_omission,17;28,1;2;3;4;5;6;7;8;9;10;11;12;13;14;15;16;18;19;20;21;22;23;24;25;26;27;29;30;31;32,30,8,0.26666666666666666,1,6,317.8497700888987,0.9176341075774698,0.9176341075774698,0.847369114547389,0.8768324322702976,M,4.080167530717215,-7.026499303008082,27.466429303797547,0.8432435750738719,0.8432435750738719,0.7414268148068228,0.7730323629130463,M,7.02112121608256,-10.181676026704912,145.52675080651431,0.6034608003959459,0.6034608003959459,0.8075266952986846,0.8664897139788136,P,-26.30289135828677,20.406589490273873,True,True
pair_omission,17;29,1;2;3;4;5;6;7;8;9;10;11;12;13;14;15;16;18;19;20;21;22;23;24;25;26;27;28;30;31;32,30,8,0.26666666666666666,1,6,317.8497700888987,0.9236242305127624,0.9236242305127624,0.847369114547389,0.8768324322702976,M,4.679179824246482,-7.625511596537349,27.466429303797547,0.8199959332982284,0.8199959332982284,0.7414268148068228,0.7730323629130463,M,4.696357038518206,-7.856911849140557,145.52675080651431,0.6699096593045543,0.6699096593045543,0.8075266952986846,0.8664897139788136,P,-19.65800546742593,13.761703599413034,True,True
pair_omission,17;30,1;2;3;4;5;6;7;8;9;10;11;12;13;14;15;16;18;19;20;21;22;23;24;25;26;27;28;29;31;32,30,8,0.26666666666666666,1,6,317.8497700888987,0.9176341075774698,0.9176341075774698,0.847369114547389,0.8768324322702976,M,4.080167530717215,-7.026499303008082,27.466429303797547,0.8432435750738719,0.8432435750738719,0.7414268148068228,0.7730323629130463,M,7.02112121608256,-10.181676026704912,145.52675080651431,0.6034608003959459,0.6034608003959459,0.8075266952986846,0.8664897139788136,P,-26.30289135828677,20.406589490273873,True,True
pair_omission,17;31,1;2;3;4;5;6;7;8;9;10;11;12;13;14;15;16;18;19;20;21;22;23;24;25;26;27;28;29;30;32,30,8,0.26666666666666666,1,4,317.8497700888987,0.9222295029761114,0.9222295029761114,0.8519645099460306,0.87381854244573,M,4.841096053038141,-7.026499303008082,27.466429303797547,0.8432951226496858,0.8432951226496858,0.7579054162803973,0.7888422586692218,M,5.445286398046401,-8.538970636928845,145.52675080651431,0.6623194251758003,0.6623194251758003,0.8170247601601034,0.8718579851150654,P,-20.953855993926506,15.470533498430306,True,True
pair_omission,17;32,1;2;3;4;5;6;7;8;9;10;11;12;13;14;15;16;18;19;20;21;22;23;24;25;26;27;28;29;30;31,30,8,0.26666666666666666,1,6,317.8497700888987,0.9176341075774698,0.9176341075774698,0.847369114547389,0.8768324322702976,M,4.080167530717215,-7.026499303008082,27.466429303797547,0.8432435750738719,0.8432435750738719,0.7414268148068228,0.7730323629130463,M,7.02112121608256,-10.181676026704912,145.52675080651431,0.6034608003959459,0.6034608003959459,0.8075266952986846,0.8664897139788136,P,-26.30289135828677,20.406589490273873,True,True
pair_omission,18;19,1;2;3;4;5;6;7;8;9;10;11;12;13;14;15;16;17;20;21;22;23;24;25;26;27;28;29;30;31;32,30,8,0.26666666666666666,1,6,318.14652736675197,0.9226253490576092,0.9226253490576092,0.8465787147468589,0.8760145499948326,M,4.661079906277655,-7.604663431075032,27.381591093879976,0.8084725925625184,0.8084725925625184,0.7437240269570384,0.7754275006409102,M,3.3045091921608205,-6.474856560547993,145.52675080651431,0.671462453767448,0.671462453767448,0.8075266952986846,0.8664897139788136,P,-19.502726021136564,13.606424153123664,True,True
pair_omission,18;20,1;2;3;4;5;6;7;8;9;10;11;12;13;14;15;16;17;19;21;22;23;24;25;26;27;28;29;30;31;32,30,8,0.26666666666666666,1,6,318.14652736675197,0.916778166756478,0.916778166756478,0.8465787147468589,0.8760145499948326,M,4.076361676164542,-7.019945200961919,27.386194731699668,0.8457140638761014,0.8457140638761014,0.7435990064461038,0.7752971507546499,M,7.041691312145149,-10.21150574299976,145.52675080651431,0.6034608003959459,0.6034608003959459,0.8075266952986846,0.8664897139788136,P,-26.30289135828677,20.406589490273873,True,True
pair_omission,18;21,1;2;3;4;5;6;7;8;9;10;11;12;13;14;15;16;17;19;20;22;23;24;25;26;27;28;29;30;31;32,30,8,0.26666666666666666,1,6,318.14652736675197,0.916778166756478,0.916778166756478,0.8465787147468589,0.8760145499948326,M,4.076361676164542,-7.019945200961919,27.46262676564652,0.8433603325090652,0.8433603325090652,0.7415294744603788,0.7731393987431233,M,7.022093376594185,-10.183085804868641,145.52675080651431,0.6034608003959459,0.6034608003959459,0.8075266952986846,0.8664897139788136,P,-26.30289135828677,20.406589490273873,True,True
pair_omission,18;22,1;2;3;4;5;6;7;8;9;10;11;12;13;14;15;16;17;19;20;21;23;24;25;26;27;28;29;30;31;32,30,8,0.26666666666666666,1,6,318.14652736675197,0.916778166756478,0.916778166756478,0.8465787147468589,0.8760145499948326,M,4.076361676164542,-7.019945200961919,27.466429303797547,0.8432435750738719,0.8432435750738719,0.7414268148068228,0.7730323629130463,M,7.02112121608256,-10.181676026704912,145.52675080651431,0.6034608003959459,0.6034608003959459,0.8075266952986846,0.8664897139788136,P,-26.30289135828677,20.406589490273873,True,True
pair_omission,18;23,1;2;3;4;5;6;7;8;9;10;11;12;13;14;15;16;17;19;20;21;22;24;25;26;27;28;29;30;31;32,30,8,0.26666666666666666,1,6,318.14652736675197,0.916778166756478,0.916778166756478,0.8465787147468589,0.8760145499948326,M,4.076361676164542,-7.019945200961919,27.466429303797547,0.8432435750738719,0.8432435750738719,0.7414268148068228,0.7730323629130463,M,7.02112121608256,-10.181676026704912,145.52675080651431,0.6034608003959459,0.6034608003959459,0.8075266952986846,0.8664897139788136,P,-26.30289135828677,20.406589490273873,True,True
pair_omission,18;24,1;2;3;4;5;6;7;8;9;10;11;12;13;14;15;16;17;19;20;21;22;23;25;26;27;28;29;30;31;32,30,8,0.26666666666666666,1,6,318.14652736675197,0.9074043842053906,0.9074043842053906,0.8465787147468589,0.8760145499948326,M,3.1389834210557965,-6.0825669458531735,27.332043341718943,0.8081253901087129,0.8081253901087129,0.7450722559680625,0.7768332019688442,M,3.129218813986867,-6.305313414065039,145.52675080651431,0.666922888277029,0.666922888277029,0.8075266952986846,0.8664897139788136,P,-19.956682570178465,14.060380702165565,True,True
pair_omission,18;25,1;2;3;4;5;6;7;8;9;10;11;12;13;14;15;16;17;19;20;21;22;23;24;26;27;28;29;30;31;32,30,8,0.26666666666666666,1,6,318.14652736675197,0.916778166756478,0.916778166756478,0.8465787147468589,0.8760145499948326,M,4.076361676164542,-7.019945200961919,27.228531177580052,0.850611070042539,0.850611070042539,0.7479047275821981,0.7797864162052753,M,7.082465383726366,-10.270634246034094,145.52675080651431,0.6034608003959459,0.6034608003959459,0.8075266952986846,0.8664897139788136,P,-26.30289135828677,20.406589490273873,True,True
pair_omission,18;26,1;2;3;4;5;6;7;8;9;10;11;12;13;14;15;16;17;19;20;21;22;23;24;25;27;28;29;30;31;32,30,8,0.26666666666666666,1,6,317.1765323945217,0.9071212066288745,0.9071212066288745,0.8491677369885177,0.87869359343692,M,2.8427613191954526,-5.795346964035685,27.466429303797547,0.8219142351473033,0.8219142351473033,0.7414268148068228,0.7730323629130463,M,4.8881872234257,-8.04874203404805,145.52675080651431,0.6669167323245014,0.6669167323245014,0.8075266952986846,0.8664897139788136,P,-19.957298165431215,14.060996297418315,True,True
pair_omission,18;27,1;2;3;4;5;6;7;8;9;10;11;12;13;14;15;16;17;19;20;21;22;23;24;25;26;28;29;30;31;32,30,8,0.26666666666666666,1,6,318.14652736675197,0.916778166756478,0.916778166756478,0.8465787147468589,0.8760145499948326,M,4.076361676164542,-7.019945200961919,27.466429303797547,0.8432435750738719,0.8432435750738719,0.7414268148068228,0.7730323629130463,M,7.02112121608256,-10.181676026704912,145.45172899488506,0.6037720563899845,0.6037720563899845,0.807943205408526,0.8669366363258356,P,-26.316457993585107,20.41711490185415,True,True
pair_omission,18;28,1;2;3;4;5;6;7;8;9;10;11;12;13;14;15;16;17;19;20;21;22;23;24;25;26;27;29;30;31;32,30,8,0.26666666666666666,1,6,318.14652736675197,0.916778166756478,0.916778166756478,0.8465787147468589,0.8760145499948326,M,4.076361676164542,-7.019945200961919,27.466429303797547,0.8432435750738719,0.8432435750738719,0.7414268148068228,0.7730323629130463,M,7.02112121608256,-10.181676026704912,145.52675080651431,0.6034608003959459,0.6034608003959459,0.8075266952986846,0.8664897139788136,P,-26.30289135828677,20.406589490273873,True,True
pair_omission,18;29,1;2;3;4;5;6;7;8;9;10;11;12;13;14;15;16;17;19;20;21;22;23;24;25;26;27;28;30;31;32,30,8,0.26666666666666666,1,6,318.14652736675197,0.922762702289667,0.922762702289667,0.8465787147468589,0.8760145499948326,M,4.674815229483431,-7.6183987542808085,27.466429303797547,0.8199959332982284,0.8199959332982284,0.7414268148068228,0.7730323629130463,M,4.696357038518206,-7.856911849140557,145.52675080651431,0.6699096593045543,0.6699096593045543,0.8075266952986846,0.8664897139788136,P,-19.65800546742593,13.761703599413034,True,True
pair_omission,18;30,1;2;3;4;5;6;7;8;9;10;11;12;13;14;15;16;17;19;20;21;22;23;24;25;26;27;28;29;31;32,30,8,0.26666666666666666,1,6,318.14652736675197,0.916778166756478,0.916778166756478,0.8465787147468589,0.8760145499948326,M,4.076361676164542,-7.019945200961919,27.466429303797547,0.8432435750738719,0.8432435750738719,0.7414268148068228,0.7730323629130463,M,7.02112121608256,-10.181676026704912,145.52675080651431,0.6034608003959459,0.6034608003959459,0.8075266952986846,0.8664897139788136,P,-26.30289135828677,20.406589490273873,True,True
pair_omission,18;31,1;2;3;4;5;6;7;8;9;10;11;12;13;14;15;16;17;19;20;21;22;23;24;25;26;27;28;29;30;32,30,8,0.26666666666666666,1,4,318.14652736675197,0.9213692757118872,0.9213692757118872,0.851169823702268,0.8730034714338281,M,4.836580427805915,-7.019945200961919,27.466429303797547,0.8432951226496858,0.8432951226496858,0.7579054162803973,0.7888422586692218,M,5.445286398046401,-8.538970636928845,145.52675080651431,0.6623194251758003,0.6623194251758003,0.8170247601601034,0.8718579851150654,P,-20.953855993926506,15.470533498430306,True,True
pair_omission,18;32,1;2;3;4;5;6;7;8;9;10;11;12;13;14;15;16;17;19;20;21;22;23;24;25;26;27;28;29;30;31,30,8,0.26666666666666666,1,6,318.14652736675197,0.916778166756478,0.916778166756478,0.8465787147468589,0.8760145499948326,M,4.076361676164542,-7.019945200961919,27.466429303797547,0.8432435750738719,0.8432435750738719,0.7414268148068228,0.7730323629130463,M,7.02112121608256,-10.181676026704912,145.52675080651431,0.6034608003959459,0.6034608003959459,0.8075266952986846,0.8664897139788136,P,-26.30289135828677,20.406589490273873,True,True
pair_omission,19;20,1;2;3;4;5;6;7;8;9;10;11;12;13;14;15;16;17;18;21;22;23;24;25;26;27;28;29;30;31;32,30,8,0.26666666666666666,1,6,318.14652736675197,0.9226253490576092,0.9226253490576092,0.8465787147468589,0.8760145499948326,M,4.661079906277655,-7.604663431075032,27.21229522556294,0.8135023435788832,0.8135023435788832,0.7483509576840599,0.7802516682074369,M,3.3250675371446325,-6.515138589482328,145.52675080651431,0.671462453767448,0.671462453767448,0.8075266952986846,0.8664897139788136,P,-19.502726021136564,13.606424153123664,True,True
pair_omission,19;21,1;2;3;4;5;6;7;8;9;10;11;12;13;14;15;16;17;18;20;22;23;24;25;26;27;28;29;30;31;32,30,8,0.26666666666666666,1,6,318.14652736675197,0.9226253490576092,0.9226253490576092,0.8465787147468589,0.8760145499948326,M,4.661079906277655,-7.604663431075032,27.2887272595098,0.8112238335498527,0.8112238335498527,0.7462549278744637,0.7780662888225943,M,3.3157544727258403,-6.496890567538904,145.52675080651431,0.671462453767448,0.671462453767448,0.8075266952986846,0.8664897139788136,P,-19.502726021136564,13.606424153123664,True,True
pair_omission,19;22,1;2;3;4;5;6;7;8;9;10;11;12;13;14;15;16;17;18;20;21;23;24;25;26;27;28;29;30;31;32,30,8,0.26666666666666666,1,6,318.14652736675197,0.9226253490576092,0.9226253490576092,0.8465787147468589,0.8760145499948326,M,4.661079906277655,-7.604663431075032,27.381591093879976,0.8084725925625184,0.8084725925625184,0.7437240269570384,0.7754275006409102,M,3.3045091921608205,-6.474856560547993,145.52675080651431,0.671462453767448,0.671462453767448,0.8075266952986846,0.8664897139788136,P,-19.502726021136564,13.606424153123664,True,True
pair_omission,19;23,1;2;3;4;5;6;7;8;9;10;11;12;13;14;15;16;17;18;20;21;22;24;25;26;27;28;29;30;31;32,30,8,0.26666666666666666,1,6,318.14652736675197,0.9226253490576092,0.9226253490576092,0.8465787147468589,0.8760145499948326,M,4.661079906277655,-7.604663431075032,27.381591093879976,0.8084725925625184,0.8084725925625184,0.7437240269570384,0.7754275006409102,M,3.3045091921608205,-6.474856560547993,145.52675080651431,0.671462453767448,0.671462453767448,0.8075266952986846,0.8664897139788136,P,-19.502726021136564,13.606424153123664,True,True
pair_omission,19;24,1;2;3;4;5;6;7;8;9;10;11;12;13;14;15;16;17;18;20;21;22;23;25;26;27;28;29;30;31;32,30,8,0.26666666666666666,1,6,318.14652736675197,0.9056493789901083,0.9056493789901083,0.8465787147468589,0.8760145499948326,M,2.9634828995275697,-5.907066424324947,27.158143835582216,0.7915459824459116,0.7915459824459116,0.7498431157931462,0.78180743404416,M,0.973854840175159,-4.170286665276535,145.52675080651431,0.680091316693569,0.680091316693569,0.8075266952986846,0.8664897139788136,P,-18.639839728524453,12.743537860511555,True,True
pair_omission,19;25,1;2;3;4;5;6;7;8;9;10;11;12;13;14;15;16;17;18;20;21;22;23;24;26;27;28;29;30;31;32,30,8,0.26666666666666666,1,6,318.14652736675197,0.9226253490576092,0.9226253490576092,0.8465787147468589,0.8760145499948326,M,4.661079906277655,-7.604663431075032,27.05463167144333,0.8182431093128576,0.8182431093128576,0.7527120472435167,0.7847986623270126,M,3.3444446985845033,-6.553106206934089,145.52675080651431,0.671462453767448,0.671462453767448,0.8075266952986846,0.8664897139788136,P,-19.502726021136564,13.606424153123664,True,True
pair_omission,19;26,1;2;3;4;5;6;7;8;9;10;11;12;13;14;15;16;17;18;20;21;22;23;24;25;27;28;29;30;31;32,30,8,0.26666666666666666,1,6,317.1765323945217,0.9053608342250985,0.9053608342250985,0.8491677369885177,0.87869359343692,M,2.6667240788178503,-5.619309723658084,27.381591093879976,0.8028843398410236,0.8028843398410236,0.7437240269570384,0.7754275006409102,M,2.7456839200113436,-5.916031288398516,145.52675080651431,0.6800851607410415,0.6800851607410415,0.8075266952986846,0.8664897139788136,P,-18.640455323777203,12.744153455764307,True,True
pair_omission,19;27,1;2;3;4;5;6;7;8;9;10;11;12;13;14;15;16;17;18;20;21;22;23;24;25;26;28;29;30;31;32,30,8,0.26666666666666666,1,6,318.14652736675197,0.9226253490576092,0.9226253490576092,0.8465787147468589,0.8760145499948326,M,4.661079906277655,-7.604663431075032,27.381591093879976,0.8084725925625184,0.8084725925625184,0.7437240269570384,0.7754275006409102,M,3.3045091921608205,-6.474856560547993,145.45172899488506,0.6718087839903388,0.6718087839903388,0.807943205408526,0.8669366363258356,P,-19.51278523354968,13.613442141818721,True,True
pair_omission,19;28,1;2;3;4;5;6;7;8;9;10;11;12;13;14;15;16;17;18;20;21;22;23;24;25;26;27;29;30;31;32,30,8,0.26666666666666666,1,6,318.14652736675197,0.9226253490576092,0.9226253490576092,0.8465787147468589,0.8760145499948326,M,4.661079906277655,-7.604663431075032,27.381591093879976,0.8084725925625184,0.8084725925625184,0.7437240269570384,0.7754275006409102,M,3.3045091921608205,-6.474856560547993,145.52675080651431,0.671462453767448,0.671462453767448,0.8075266952986846,0.8664897139788136,P,-19.502726021136564,13.606424153123664,True,True
pair_omission,19;29,1;2;3;4;5;6;7;8;9;10;11;12;13;14;15;16;17;18;20;21;22;23;24;25;26;27;28;30;31;32,30,8,0.26666666666666666,1,6,318.14652736675197,0.9210076970743845,0.9210076970743845,0.8465787147468589,0.8760145499948326,M,4.4993147079551825,-7.44289823275256,27.381591093879976,0.8009600943893873,0.8009600943893873,0.7437240269570384,0.7754275006409102,M,2.553259374847716,-5.723606743234888,145.52675080651431,0.6830780877210942,0.6830780877210942,0.8075266952986846,0.8664897139788136,P,-18.341162625771933,12.444860757759034,True,True
pair_omission,19;30,1;2;3;4;5;6;7;8;9;10;11;12;13;14;15;16;17;18;20;21;22;23;24;25;26;27;28;29;31;32,30,8,0.26666666666666666,1,6,318.14652736675197,0.9226253490576092,0.9226253490576092,0.8465787147468589,0.8760145499948326,M,4.661079906277655,-7.604663431075032,27.381591093879976,0.8084725925625184,0.8084725925625184,0.7437240269570384,0.7754275006409102,M,3.3045091921608205,-6.474856560547993,145.52675080651431,0.671462453767448,0.671462453767448,0.8075266952986846,0.8664897139788136,P,-19.502726021136564,13.606424153123664,True,True
pair_omission,19;31,1;2;3;4;5;6;7;8;9;10;11;12;13;14;15;16;17;18;20;21;22;23;24;25;26;27;28;29;30;32,30,8,0.26666666666666666,1,4,318.14652736675197,0.9196142704966047,0.9196142704966047,0.851169823702268,0.8730034714338281,M,4.661079906277665,-6.8444446794336695,27.381591093879976,0.8243314731731656,0.8243314731731656,0.7602536851806085,0.7912863812515574,M,3.3045091921608205,-6.407778799255704,145.52675080651431,0.6754878535923404,0.6754878535923404,0.8170247601601034,0.8718579851150654,P,-19.637013152272498,14.153690656776297,True,True
pair_omission,19;32,1;2;3;4;5;6;7;8;9;10;11;12;13;14;15;16;17;18;20;21;22;23;24;25;26;27;28;29;30;31,30,8,0.26666666666666666,1,6,318.14652736675197,0.9226253490576092,0.9226253490576092,0.8465787147468589,0.8760145499948326,M,4.661079906277655,-7.604663431075032,27.381591093879976,0.8084725925625184,0.8084725925625184,0.7437240269570384,0.7754275006409102,M,3.3045091921608205,-6.474856560547993,145.52675080651431,0.671462453767448,0.671462453767448,0.8075266952986846,0.8664897139788136,P,-19.502726021136564,13.606424153123664,True,True
pair_omission,20;21,1;2;3;4;5;6;7;8;9;10;11;12;13;14;15;16;17;18;19;22;23;24;25;26;27;28;29;30;31;32,30,8,0.26666666666666666,1,6,318.14652736675197,0.916778166756478,0.916778166756478,0.8465787147468589,0.8760145499948326,M,4.076361676164542,-7.019945200961919,27.29333089732949,0.8485915525581443,0.8485915525581443,0.7461290550954314,0.7779350503377452,M,7.06565022203991,-10.246249746271296,145.52675080651431,0.6034608003959459,0.6034608003959459,0.8075266952986846,0.8664897139788136,P,-26.30289135828677,20.406589490273873,True,True
pair_omission,20;22,1;2;3;4;5;6;7;8;9;10;11;12;13;14;15;16;17;18;19;21;23;24;25;26;27;28;29;30;31;32,30,8,0.26666666666666666,1,6,318.14652736675197,0.916778166756478,0.916778166756478,0.8465787147468589,0.8760145499948326,M,4.076361676164542,-7.019945200961919,27.386194731699668,0.8457140638761014,0.8457140638761014,0.7435990064461038,0.7752971507546499,M,7.041691312145149,-10.21150574299976,145.52675080651431,0.6034608003959459,0.6034608003959459,0.8075266952986846,0.8664897139788136,P,-26.30289135828677,20.406589490273873,True,True
pair_omission,20;23,1;2;3;4;5;6;7;8;9;10;11;12;13;14;15;16;17;18;19;21;22;24;25;26;27;28;29;30;31;32,30,8,0.26666666666666666,1,6,318.14652736675197,0.916778166756478,0.916778166756478,0.8465787147468589,0.8760145499948326,M,4.076361676164542,-7.019945200961919,27.386194731699668,0.8457140638761014,0.8457140638761014,0.7435990064461038,0.7752971507546499,M,7.041691312145149,-10.21150574299976,145.52675080651431,0.6034608003959459,0.6034608003959459,0.8075266952986846,0.8664897139788136,P,-26.30289135828677,20.406589490273873,True,True
pair_omission,20;24,1;2;3;4;5;6;7;8;9;10;11;12;13;14;15;16;17;18;19;21;22;23;25;26;27;28;29;30;31;32,30,8,0.26666666666666666,1,6,318.14652736675197,0.9074043842053906,0.9074043842053906,0.8465787147468589,0.8760145499948326,M,3.1389834210557965,-6.0825669458531735,27.162747473401907,0.8131621519370761,0.8131621519370761,0.7497160297489204,0.7816749305750391,M,3.1487221362036966,-6.344612218815571,145.52675080651431,0.666922888277029,0.666922888277029,0.8075266952986846,0.8664897139788136,P,-19.956682570178465,14.060380702165565,True,True
pair_omission,20;25,1;2;3;4;5;6;7;8;9;10;11;12;13;14;15;16;17;18;19;21;22;23;24;26;27;28;29;30;31;32,30,8,0.26666666666666666,1,6,318.14652736675197,0.916778166756478,0.916778166756478,0.8465787147468589,0.8760145499948326,M,4.076361676164542,-7.019945200961919,27.059235309263023,0.8559329107397013,0.8559329107397013,0.7525839869488179,0.7846651430770618,M,7.126776766263953,-10.334892379088345,145.52675080651431,0.6034608003959459,0.6034608003959459,0.8075266952986846,0.8664897139788136,P,-26.30289135828677,20.406589490273873,True,True
pair_omission,20;26,1;2;3;4;5;6;7;8;9;10;11;12;13;14;15;16;17;18;19;21;22;23;24;25;27;28;29;30;31;32,30,8,0.26666666666666666,1,6,317.1765323945217,0.9071212066288745,0.9071212066288745,0.8491677369885177,0.87869359343692,M,2.8427613191954526,-5.795346964035685,27.386194731699668,0.8243222344186248,0.8243222344186248,0.7435990064461038,0.7752971507546499,M,4.9025083663974955,-8.072322797252108,145.52675080651431,0.6669167323245014,0.6669167323245014,0.8075266952986846,0.8664897139788136,P,-19.957298165431215,14.060996297418315,True,True
pair_omission,20;27,1;2;3;4;5;6;7;8;9;10;11;12;13;14;15;16;17;18;19;21;22;23;24;25;26;28;29;30;31;32,30,8,0.26666666666666666,1,6,318.14652736675197,0.916778166756478,0.916778166756478,0.8465787147468589,0.8760145499948326,M,4.076361676164542,-7.019945200961919,27.386194731699668,0.8457140638761014,0.8457140638761014,0.7435990064461038,0.7752971507546499,M,7.041691312145149,-10.21150574299976,145.45172899488506,0.6037720563899845,0.6037720563899845,0.807943205408526,0.8669366363258356,P,-26.316457993585107,20.41711490185415,True,True
pair_omission,20;28,1;2;3;4;5;6;7;8;9;10;11;12;13;14;15;16;17;18;19;21;22;23;24;25;26;27;29;30;31;32,30,8,0.26666666666666666,1,6,318.14652736675197,0.916778166756478,0.916778166756478,0.8465787147468589,0.8760145499948326,M,4.076361676164542,-7.019945200961919,27.386194731699668,0.8457140638761014,0.8457140638761014,0.7435990064461038,0.7752971507546499,M,7.041691312145149,-10.21150574299976,145.52675080651431,0.6034608003959459,0.6034608003959459,0.8075266952986846,0.8664897139788136,P,-26.30289135828677,20.406589490273873,True,True
pair_omission,20;29,1;2;3;4;5;6;7;8;9;10;11;12;13;14;15;16;17;18;19;21;22;23;24;25;26;27;28;30;31;32,30,8,0.26666666666666666,1,6,318.14652736675197,0.922762702289667,0.922762702289667,0.8465787147468589,0.8760145499948326,M,4.674815229483431,-7.6183987542808085,27.386194731699668,0.8223983124339478,0.8223983124339478,0.7435990064461038,0.7752971507546499,M,4.71011616792979,-7.8799305987844015,145.52675080651431,0.6699096593045543,0.6699096593045543,0.8075266952986846,0.8664897139788136,P,-19.65800546742593,13.761703599413034,True,True
pair_omission,20;30,1;2;3;4;5;6;7;8;9;10;11;12;13;14;15;16;17;18;19;21;22;23;24;25;26;27;28;29;31;32,30,8,0.26666666666666666,1,6,318.14652736675197,0.916778166756478,0.916778166756478,0.8465787147468589,0.8760145499948326,M,4.076361676164542,-7.019945200961919,27.386194731699668,0.8457140638761014,0.8457140638761014,0.7435990064461038,0.7752971507546499,M,7.041691312145149,-10.21150574299976,145.52675080651431,0.6034608003959459,0.6034608003959459,0.8075266952986846,0.8664897139788136,P,-26.30289135828677,20.406589490273873,True,True
pair_omission,20;31,1;2;3;4;5;6;7;8;9;10;11;12;13;14;15;16;17;18;19;21;22;23;24;25;26;27;28;29;30;32,30,8,0.26666666666666666,1,4,318.14652736675197,0.9213692757118872,0.9213692757118872,0.851169823702268,0.8730034714338281,M,4.836580427805915,-7.019945200961919,27.386194731699668,0.8457657624731771,0.8457657624731771,0.7601258860229693,0.7911533654767618,M,5.4612396996415296,-8.563987645020788,145.52675080651431,0.6623194251758003,0.6623194251758003,0.8170247601601034,0.8718579851150654,P,-20.953855993926506,15.470533498430306,True,True
pair_omission,20;32,1;2;3;4;5;6;7;8;9;10;11;12;13;14;15;16;17;18;19;21;22;23;24;25;26;27;28;29;30;31,30,8,0.26666666666666666,1,6,318.14652736675197,0.916778166756478,0.916778166756478,0.8465787147468589,0.8760145499948326,M,4.076361676164542,-7.019945200961919,27.386194731699668,0.8457140638761014,0.8457140638761014,0.7435990064461038,0.7752971507546499,M,7.041691312145149,-10.21150574299976,145.52675080651431,0.6034608003959459,0.6034608003959459,0.8075266952986846,0.8664897139788136,P,-26.30289135828677,20.406589490273873,True,True
pair_omission,21;22,1;2;3;4;5;6;7;8;9;10;11;12;13;14;15;16;17;18;19;20;23;24;25;26;27;28;29;30;31;32,30,8,0.26666666666666666,1,6,318.14652736675197,0.916778166756478,0.916778166756478,0.8465787147468589,0.8760145499948326,M,4.076361676164542,-7.019945200961919,27.46262676564652,0.8433603325090652,0.8433603325090652,0.7415294744603788,0.7731393987431233,M,7.022093376594185,-10.183085804868641,145.52675080651431,0.6034608003959459,0.6034608003959459,0.8075266952986846,0.8664897139788136,P,-26.30289135828677,20.406589490273873,True,True
pair_omission,21;23,1;2;3;4;5;6;7;8;9;10;11;12;13;14;15;16;17;18;19;20;22;24;25;26;27;28;29;30;31;32,30,8,0.26666666666666666,1,6,318.14652736675197,0.916778166756478,0.916778166756478,0.8465787147468589,0.8760145499948326,M,4.076361676164542,-7.019945200961919,27.46262676564652,0.8433603325090652,0.8433603325090652,0.7415294744603788,0.7731393987431233,M,7.022093376594185,-10.183085804868641,145.52675080651431,0.6034608003959459,0.6034608003959459,0.8075266952986846,0.8664897139788136,P,-26.30289135828677,20.406589490273873,True,True
pair_omission,21;24,1;2;3;4;5;6;7;8;9;10;11;12;13;14;15;16;17;18;19;20;22;23;25;26;27;28;29;30;31;32,30,8,0.26666666666666666,1,6,318.14652736675197,0.9074043842053906,0.9074043842053906,0.8465787147468589,0.8760145499948326,M,3.1389834210557965,-6.0825669458531735,27.23917950734876,0.8108804518886447,0.8108804518886447,0.7476123569484673,0.7794815823938651,M,3.1398869494779547,-6.326809494017738,145.52675080651431,0.666922888277029,0.666922888277029,0.8075266952986846,0.8664897139788136,P,-19.956682570178465,14.060380702165565,True,True
pair_omission,21;25,1;2;3;4;5;6;7;8;9;10;11;12;13;14;15;16;17;18;19;20;22;23;24;26;27;28;29;30;31;32,30,8,0.26666666666666666,1,6,318.14652736675197,0.916778166756478,0.916778166756478,0.8465787147468589,0.8760145499948326,M,4.076361676164542,-7.019945200961919,27.135667343209875,0.8535220360609087,0.8535220360609087,0.7504642113740808,0.7824550056924147,M,7.106703036849405,-10.30578246868279,145.52675080651431,0.6034608003959459,0.6034608003959459,0.8075266952986846,0.8664897139788136,P,-26.30289135828677,20.406589490273873,True,True
pair_omission,21;26,1;2;3;4;5;6;7;8;9;10;11;12;13;14;15;16;17;18;19;20;22;23;24;25;27;28;29;30;31;32,30,8,0.26666666666666666,1,6,317.1765323945217,0.9071212066288745,0.9071212066288745,0.8491677369885177,0.87869359343692,M,2.8427613191954526,-5.795346964035685,27.46262676564652,0.8220280392732776,0.8220280392732776,0.7415294744603788,0.7731393987431233,M,4.888864053015429,-8.049856481289886,145.52675080651431,0.6669167323245014,0.6669167323245014,0.8075266952986846,0.8664897139788136,P,-19.957298165431215,14.060996297418315,True,True
pair_omission,21;27,1;2;3;4;5;6;7;8;9;10;11;12;13;14;15;16;17;18;19;20;22;23;24;25;26;28;29;30;31;32,30,8,0.26666666666666666,1,6,318.14652736675197,0.916778166756478,0.916778166756478,0.8465787147468589,0.8760145499948326,M,4.076361676164542,-7.019945200961919,27.46262676564652,0.8433603325090652,0.8433603325090652,0.7415294744603788,0.7731393987431233,M,7.022093376594185,-10.183085804868641,145.45172899488506,0.6037720563899845,0.6037720563899845,0.807943205408526,0.8669366363258356,P,-26.316457993585107,20.41711490185415,True,True
pair_omission,21;28,1;2;3;4;5;6;7;8;9;10;11;12;13;14;15;16;17;18;19;20;22;23;24;25;26;27;29;30;31;32,30,8,0.26666666666666666,1,6,318.14652736675197,0.916778166756478,0.916778166756478,0.8465787147468589,0.8760145499948326,M,4.076361676164542,-7.019945200961919,27.46262676564652,0.8433603325090652,0.8433603325090652,0.7415294744603788,0.7731393987431233,M,7.022093376594185,-10.183085804868641,145.52675080651431,0.6034608003959459,0.6034608003959459,0.8075266952986846,0.8664897139788136,P,-26.30289135828677,20.406589490273873,True,True
pair_omission,21;29,1;2;3;4;5;6;7;8;9;10;11;12;13;14;15;16;17;18;19;20;22;23;24;25;26;27;28;30;31;32,30,8,0.26666666666666666,1,6,318.14652736675197,0.922762702289667,0.922762702289667,0.8465787147468589,0.8760145499948326,M,4.674815229483431,-7.6183987542808085,27.46262676564652,0.8201094718117384,0.8201094718117384,0.7415294744603788,0.7731393987431233,M,4.6970073068615115,-7.857999735135968,145.52675080651431,0.6699096593045543,0.6699096593045543,0.8075266952986846,0.8664897139788136,P,-19.65800546742593,13.761703599413034,True,True
pair_omission,21;30,1;2;3;4;5;6;7;8;9;10;11;12;13;14;15;16;17;18;19;20;22;23;24;25;26;27;28;29;31;32,30,8,0.26666666666666666,1,6,318.14652736675197,0.916778166756478,0.916778166756478,0.8465787147468589,0.8760145499948326,M,4.076361676164542,-7.019945200961919,27.46262676564652,0.8433603325090652,0.8433603325090652,0.7415294744603788,0.7731393987431233,M,7.022093376594185,-10.183085804868641,145.52675080651431,0.6034608003959459,0.6034608003959459,0.8075266952986846,0.8664897139788136,P,-26.30289135828677,20.406589490273873,True,True
pair_omission,21;31,1;2;3;4;5;6;7;8;9;10;11;12;13;14;15;16;17;18;19;20;22;23;24;25;26;27;28;29;30;32,30,8,0.26666666666666666,1,4,318.14652736675197,0.9213692757118872,0.9213692757118872,0.851169823702268,0.8730034714338281,M,4.836580427805915,-7.019945200961919,27.46262676564652,0.8434118872222744,0.8434118872222744,0.7580103575988251,0.7889514835736466,M,5.446040364862781,-8.540152962344937,145.52675080651431,0.6623194251758003,0.6623194251758003,0.8170247601601034,0.8718579851150654,P,-20.953855993926506,15.470533498430306,True,True
pair_omission,21;32,1;2;3;4;5;6;7;8;9;10;11;12;13;14;15;16;17;18;19;20;22;23;24;25;26;27;28;29;30;31,30,8,0.26666666666666666,1,6,318.14652736675197,0.916778166756478,0.916778166756478,0.8465787147468589,0.8760145499948326,M,4.076361676164542,-7.019945200961919,27.46262676564652,0.8433603325090652,0.8433603325090652,0.7415294744603788,0.7731393987431233,M,7.022093376594185,-10.183085804868641,145.52675080651431,0.6034608003959459,0.6034608003959459,0.8075266952986846,0.8664897139788136,P,-26.30289135828677,20.406589490273873,True,True
pair_omission,22;23,1;2;3;4;5;6;7;8;9;10;11;12;13;14;15;16;17;18;19;20;21;24;25;26;27;28;29;30;31;32,30,8,0.26666666666666666,1,6,318.14652736675197,0.916778166756478,0.916778166756478,0.8465787147468589,0.8760145499948326,M,4.076361676164542,-7.019945200961919,27.466429303797547,0.8432435750738719,0.8432435750738719,0.7414268148068228,0.7730323629130463,M,7.02112121608256,-10.181676026704912,145.52675080651431,0.6034608003959459,0.6034608003959459,0.8075266952986846,0.8664897139788136,P,-26.30289135828677,20.406589490273873,True,True
pair_omission,22;24,1;2;3;4;5;6;7;8;9;10;11;12;13;14;15;16;17;18;19;20;21;23;25;26;27;28;29;30;31;32,30,8,0.26666666666666666,1,6,318.14652736675197,0.9074043842053906,0.9074043842053906,0.8465787147468589,0.8760145499948326,M,3.1389834210557965,-6.0825669458531735,27.332043341718943,0.8081253901087129,0.8081253901087129,0.7450722559680625,0.7768332019688442,M,3.129218813986867,-6.305313414065039,145.52675080651431,0.666922888277029,0.666922888277029,0.8075266952986846,0.8664897139788136,P,-19.956682570178465,14.060380702165565,True,True
pair_omission,22;25,1;2;3;4;5;6;7;8;9;10;11;12;13;14;15;16;17;18;19;20;21;23;24;26;27;28;29;30;31;32,30,8,0.26666666666666666,1,6,318.14652736675197,0.916778166756478,0.916778166756478,0.8465787147468589,0.8760145499948326,M,4.076361676164542,-7.019945200961919,27.228531177580052,0.850611070042539,0.850611070042539,0.7479047275821981,0.7797864162052753,M,7.082465383726366,-10.270634246034094,145.52675080651431,0.6034608003959459,0.6034608003959459,0.8075266952986846,0.8664897139788136,P,-26.30289135828677,20.406589490273873,True,True
pair_omission,22;26,1;2;3;4;5;6;7;8;9;10;11;12;13;14;15;16;17;18;19;20;21;23;24;25;27;28;29;30;31;32,30,8,0.26666666666666666,1,6,317.1765323945217,0.9071212066288745,0.9071212066288745,0.8491677369885177,0.87869359343692,M,2.8427613191954526,-5.795346964035685,27.466429303797547,0.8219142351473033,0.8219142351473033,0.7414268148068228,0.7730323629130463,M,4.8881872234257,-8.04874203404805,145.52675080651431,0.6669167323245014,0.6669167323245014,0.8075266952986846,0.8664897139788136,P,-19.957298165431215,14.060996297418315,True,True
pair_omission,22;27,1;2;3;4;5;6;7;8;9;10;11;12;13;14;15;16;17;18;19;20;21;23;24;25;26;28;29;30;31;32,30,8,0.26666666666666666,1,6,318.14652736675197,0.916778166756478,0.916778166756478,0.8465787147468589,0.8760145499948326,M,4.076361676164542,-7.019945200961919,27.466429303797547,0.8432435750738719,0.8432435750738719,0.7414268148068228,0.7730323629130463,M,7.02112121608256,-10.181676026704912,145.45172899488506,0.6037720563899845,0.6037720563899845,0.807943205408526,0.8669366363258356,P,-26.316457993585107,20.41711490185415,True,True
pair_omission,22;28,1;2;3;4;5;6;7;8;9;10;11;12;13;14;15;16;17;18;19;20;21;23;24;25;26;27;29;30;31;32,30,8,0.26666666666666666,1,6,318.14652736675197,0.916778166756478,0.916778166756478,0.8465787147468589,0.8760145499948326,M,4.076361676164542,-7.019945200961919,27.466429303797547,0.8432435750738719,0.8432435750738719,0.7414268148068228,0.7730323629130463,M,7.02112121608256,-10.181676026704912,145.52675080651431,0.6034608003959459,0.6034608003959459,0.8075266952986846,0.8664897139788136,P,-26.30289135828677,20.406589490273873,True,True
pair_omission,22;29,1;2;3;4;5;6;7;8;9;10;11;12;13;14;15;16;17;18;19;20;21;23;24;25;26;27;28;30;31;32,30,8,0.26666666666666666,1,6,318.14652736675197,0.922762702289667,0.922762702289667,0.8465787147468589,0.8760145499948326,M,4.674815229483431,-7.6183987542808085,27.466429303797547,0.8199959332982284,0.8199959332982284,0.7414268148068228,0.7730323629130463,M,4.696357038518206,-7.856911849140557,145.52675080651431,0.6699096593045543,0.6699096593045543,0.8075266952986846,0.8664897139788136,P,-19.65800546742593,13.761703599413034,True,True
pair_omission,22;30,1;2;3;4;5;6;7;8;9;10;11;12;13;14;15;16;17;18;19;20;21;23;24;25;26;27;28;29;31;32,30,8,0.26666666666666666,1,6,318.14652736675197,0.916778166756478,0.916778166756478,0.8465787147468589,0.8760145499948326,M,4.076361676164542,-7.019945200961919,27.466429303797547,0.8432435750738719,0.8432435750738719,0.7414268148068228,0.7730323629130463,M,7.02112121608256,-10.181676026704912,145.52675080651431,0.6034608003959459,0.6034608003959459,0.8075266952986846,0.8664897139788136,P,-26.30289135828677,20.406589490273873,True,True
pair_omission,22;31,1;2;3;4;5;6;7;8;9;10;11;12;13;14;15;16;17;18;19;20;21;23;24;25;26;27;28;29;30;32,30,8,0.26666666666666666,1,4,318.14652736675197,0.9213692757118872,0.9213692757118872,0.851169823702268,0.8730034714338281,M,4.836580427805915,-7.019945200961919,27.466429303797547,0.8432951226496858,0.8432951226496858,0.7579054162803973,0.7888422586692218,M,5.445286398046401,-8.538970636928845,145.52675080651431,0.6623194251758003,0.6623194251758003,0.8170247601601034,0.8718579851150654,P,-20.953855993926506,15.470533498430306,True,True
pair_omission,22;32,1;2;3;4;5;6;7;8;9;10;11;12;13;14;15;16;17;18;19;20;21;23;24;25;26;27;28;29;30;31,30,8,0.26666666666666666,1,6,318.14652736675197,0.916778166756478,0.916778166756478,0.8465787147468589,0.8760145499948326,M,4.076361676164542,-7.019945200961919,27.466429303797547,0.8432435750738719,0.8432435750738719,0.7414268148068228,0.7730323629130463,M,7.02112121608256,-10.181676026704912,145.52675080651431,0.6034608003959459,0.6034608003959459,0.8075266952986846,0.8664897139788136,P,-26.30289135828677,20.406589490273873,True,True
pair_omission,23;24,1;2;3;4;5;6;7;8;9;10;11;12;13;14;15;16;17;18;19;20;21;22;25;26;27;28;29;30;31;32,30,8,0.26666666666666666,1,6,318.14652736675197,0.9074043842053906,0.9074043842053906,0.8465787147468589,0.8760145499948326,M,3.1389834210557965,-6.0825669458531735,27.332043341718943,0.8081253901087129,0.8081253901087129,0.7450722559680625,0.7768332019688442,M,3.129218813986867,-6.305313414065039,145.52675080651431,0.666922888277029,0.666922888277029,0.8075266952986846,0.8664897139788136,P,-19.956682570178465,14.060380702165565,True,True
pair_omission,23;25,1;2;3;4;5;6;7;8;9;10;11;12;13;14;15;16;17;18;19;20;21;22;24;26;27;28;29;30;31;32,30,8,0.26666666666666666,1,6,318.14652736675197,0.916778166756478,0.916778166756478,0.8465787147468589,0.8760145499948326,M,4.076361676164542,-7.019945200961919,27.228531177580052,0.850611070042539,0.850611070042539,0.7479047275821981,0.7797864162052753,M,7.082465383726366,-10.270634246034094,145.52675080651431,0.6034608003959459,0.6034608003959459,0.8075266952986846,0.8664897139788136,P,-26.30289135828677,20.406589490273873,True,True
pair_omission,23;26,1;2;3;4;5;6;7;8;9;10;11;12;13;14;15;16;17;18;19;20;21;22;24;25;27;28;29;30;31;32,30,8,0.26666666666666666,1,6,317.1765323945217,0.9071212066288745,0.9071212066288745,0.8491677369885177,0.87869359343692,M,2.8427613191954526,-5.795346964035685,27.466429303797547,0.8219142351473033,0.8219142351473033,0.7414268148068228,0.7730323629130463,M,4.8881872234257,-8.04874203404805,145.52675080651431,0.6669167323245014,0.6669167323245014,0.8075266952986846,0.8664897139788136,P,-19.957298165431215,14.060996297418315,True,True
pair_omission,23;27,1;2;3;4;5;6;7;8;9;10;11;12;13;14;15;16;17;18;19;20;21;22;24;25;26;28;29;30;31;32,30,8,0.26666666666666666,1,6,318.14652736675197,0.916778166756478,0.916778166756478,0.8465787147468589,0.8760145499948326,M,4.076361676164542,-7.019945200961919,27.466429303797547,0.8432435750738719,0.8432435750738719,0.7414268148068228,0.7730323629130463,M,7.02112121608256,-10.181676026704912,145.45172899488506,0.6037720563899845,0.6037720563899845,0.807943205408526,0.8669366363258356,P,-26.316457993585107,20.41711490185415,True,True
pair_omission,23;28,1;2;3;4;5;6;7;8;9;10;11;12;13;14;15;16;17;18;19;20;21;22;24;25;26;27;29;30;31;32,30,8,0.26666666666666666,1,6,318.14652736675197,0.916778166756478,0.916778166756478,0.8465787147468589,0.8760145499948326,M,4.076361676164542,-7.019945200961919,27.466429303797547,0.8432435750738719,0.8432435750738719,0.7414268148068228,0.7730323629130463,M,7.02112121608256,-10.181676026704912,145.52675080651431,0.6034608003959459,0.6034608003959459,0.8075266952986846,0.8664897139788136,P,-26.30289135828677,20.406589490273873,True,True
pair_omission,23;29,1;2;3;4;5;6;7;8;9;10;11;12;13;14;15;16;17;18;19;20;21;22;24;25;26;27;28;30;31;32,30,8,0.26666666666666666,1,6,318.14652736675197,0.922762702289667,0.922762702289667,0.8465787147468589,0.8760145499948326,M,4.674815229483431,-7.6183987542808085,27.466429303797547,0.8199959332982284,0.8199959332982284,0.7414268148068228,0.7730323629130463,M,4.696357038518206,-7.856911849140557,145.52675080651431,0.6699096593045543,0.6699096593045543,0.8075266952986846,0.8664897139788136,P,-19.65800546742593,13.761703599413034,True,True
pair_omission,23;30,1;2;3;4;5;6;7;8;9;10;11;12;13;14;15;16;17;18;19;20;21;22;24;25;26;27;28;29;31;32,30,8,0.26666666666666666,1,6,318.14652736675197,0.916778166756478,0.916778166756478,0.8465787147468589,0.8760145499948326,M,4.076361676164542,-7.019945200961919,27.466429303797547,0.8432435750738719,0.8432435750738719,0.7414268148068228,0.7730323629130463,M,7.02112121608256,-10.181676026704912,145.52675080651431,0.6034608003959459,0.6034608003959459,0.8075266952986846,0.8664897139788136,P,-26.30289135828677,20.406589490273873,True,True
pair_omission,23;31,1;2;3;4;5;6;7;8;9;10;11;12;13;14;15;16;17;18;19;20;21;22;24;25;26;27;28;29;30;32,30,8,0.26666666666666666,1,4,318.14652736675197,0.9213692757118872,0.9213692757118872,0.851169823702268,0.8730034714338281,M,4.836580427805915,-7.019945200961919,27.466429303797547,0.8432951226496858,0.8432951226496858,0.7579054162803973,0.7888422586692218,M,5.445286398046401,-8.538970636928845,145.52675080651431,0.6623194251758003,0.6623194251758003,0.8170247601601034,0.8718579851150654,P,-20.953855993926506,15.470533498430306,True,True
pair_omission,23;32,1;2;3;4;5;6;7;8;9;10;11;12;13;14;15;16;17;18;19;20;21;22;24;25;26;27;28;29;30;31,30,8,0.26666666666666666,1,6,318.14652736675197,0.916778166756478,0.916778166756478,0.8465787147468589,0.8760145499948326,M,4.076361676164542,-7.019945200961919,27.466429303797547,0.8432435750738719,0.8432435750738719,0.7414268148068228,0.7730323629130463,M,7.02112121608256,-10.181676026704912,145.52675080651431,0.6034608003959459,0.6034608003959459,0.8075266952986846,0.8664897139788136,P,-26.30289135828677,20.406589490273873,True,True
pair_omission,24;25,1;2;3;4;5;6;7;8;9;10;11;12;13;14;15;16;17;18;19;20;21;22;23;26;27;28;29;30;31;32,30,8,0.26666666666666666,1,6,318.14652736675197,0.9074043842053906,0.9074043842053906,0.8465787147468589,0.8760145499948326,M,3.1389834210557965,-6.0825669458531735,27.005083919282292,0.8179096296836055,0.8179096296836055,0.7540930905343624,0.7862385767421471,M,3.1671052941458333,-6.381653914924312,145.52675080651431,0.666922888277029,0.666922888277029,0.8075266952986846,0.8664897139788136,P,-19.956682570178465,14.060380702165565,True,True
pair_omission,24;26,1;2;3;4;5;6;7;8;9;10;11;12;13;14;15;16;17;18;19;20;21;22;23;25;27;28;29;30;31;32,30,8,0.26666666666666666,1,6,315.61968372445943,0.8944838595709703,0.8944838595709703,0.853356403697735,0.8830279015389735,M,1.1455958031996838,-4.11274558732353,27.332043341718943,0.8025270069568877,0.8025270069568877,0.7450722559680625,0.7768332019688442,M,2.5693804988043523,-5.745475098882524,145.52675080651431,0.6755455952506225,0.6755455952506225,0.8075266952986846,0.8664897139788136,P,-19.094411872819105,13.198110004806207,True,True
pair_omission,24;27,1;2;3;4;5;6;7;8;9;10;11;12;13;14;15;16;17;18;19;20;21;22;23;25;26;28;29;30;31;32,30,8,0.26666666666666666,1,6,318.14652736675197,0.9074043842053906,0.9074043842053906,0.8465787147468589,0.8760145499948326,M,3.1389834210557965,-6.0825669458531735,27.332043341718943,0.8081253901087129,0.8081253901087129,0.7450722559680625,0.7768332019688442,M,3.129218813986867,-6.305313414065039,145.45172899488506,0.6672668770603958,0.6672668770603958,0.807943205408526,0.8669366363258356,P,-19.966975926543984,14.067632834813026,True,True
pair_omission,24;28,1;2;3;4;5;6;7;8;9;10;11;12;13;14;15;16;17;18;19;20;21;22;23;25;26;27;29;30;31;32,30,8,0.26666666666666666,1,6,318.14652736675197,0.9074043842053906,0.9074043842053906,0.8465787147468589,0.8760145499948326,M,3.1389834210557965,-6.0825669458531735,27.332043341718943,0.8081253901087129,0.8081253901087129,0.7450722559680625,0.7768332019688442,M,3.129218813986867,-6.305313414065039,145.52675080651431,0.666922888277029,0.666922888277029,0.8075266952986846,0.8664897139788136,P,-19.956682570178465,14.060380702165565,True,True
pair_omission,24;29,1;2;3;4;5;6;7;8;9;10;11;12;13;14;15;16;17;18;19;20;21;22;23;25;26;27;28;30;31;32,30,8,0.26666666666666666,1,6,318.14652736675197,0.9057867322221659,0.9057867322221659,0.8465787147468589,0.8760145499948326,M,2.9772182227333244,-5.920801747530701,27.332043341718943,0.8005992732173272,0.8005992732173272,0.7450722559680625,0.7768332019688442,M,2.3766071248482956,-5.552701724926468,145.52675080651431,0.6785385222306752,0.6785385222306752,0.8075266952986846,0.8664897139788136,P,-18.795119174813834,12.898817306800936,True,True
pair_omission,24;30,1;2;3;4;5;6;7;8;9;10;11;12;13;14;15;16;17;18;19;20;21;22;23;25;26;27;28;29;31;32,30,8,0.26666666666666666,1,6,318.14652736675197,0.9074043842053906,0.9074043842053906,0.8465787147468589,0.8760145499948326,M,3.1389834210557965,-6.0825669458531735,27.332043341718943,0.8081253901087129,0.8081253901087129,0.7450722559680625,0.7768332019688442,M,3.129218813986867,-6.305313414065039,145.52675080651431,0.666922888277029,0.666922888277029,0.8075266952986846,0.8664897139788136,P,-19.956682570178465,14.060380702165565,True,True
pair_omission,24;31,1;2;3;4;5;6;7;8;9;10;11;12;13;14;15;16;17;18;19;20;21;22;23;25;26;27;28;29;30;32,30,8,0.26666666666666666,1,4,318.14652736675197,0.904393305644386,0.904393305644386,0.851169823702268,0.8730034714338281,M,3.1389834210557965,-5.322348194211801,27.332043341718943,0.8240130198280974,0.8240130198280974,0.7616318792915239,0.7927208316882288,M,3.129218813986856,-6.238114053657351,145.52675080651431,0.6709482881019213,0.6709482881019213,0.8170247601601034,0.8718579851150654,P,-20.09096970131441,14.607647205818209,True,True
pair_omission,24;32,1;2;3;4;5;6;7;8;9;10;11;12;13;14;15;16;17;18;19;20;21;22;23;25;26;27;28;29;30;31,30,8,0.26666666666666666,1,6,318.14652736675197,0.9074043842053906,0.9074043842053906,0.8465787147468589,0.8760145499948326,M,3.1389834210557965,-6.0825669458531735,27.332043341718943,0.8081253901087129,0.8081253901087129,0.7450722559680625,0.7768332019688442,M,3.129218813986867,-6.305313414065039,145.52675080651431,0.666922888277029,0.666922888277029,0.8075266952986846,0.8664897139788136,P,-19.956682570178465,14.060380702165565,True,True
pair_omission,25;26,1;2;3;4;5;6;7;8;9;10;11;12;13;14;15;16;17;18;19;20;21;22;23;24;27;28;29;30;31;32,30,8,0.26666666666666666,1,6,317.1765323945217,0.9071212066288745,0.9071212066288745,0.8491677369885177,0.87869359343692,M,2.8427613191954526,-5.795346964035685,27.228531177580052,0.8290953737543697,0.8290953737543697,0.7479047275821981,0.7797864162052753,M,4.930895754909437,-8.119064617217164,145.52675080651431,0.6669167323245014,0.6669167323245014,0.8075266952986846,0.8664897139788136,P,-19.957298165431215,14.060996297418315,True,True
pair_omission,25;27,1;2;3;4;5;6;7;8;9;10;11;12;13;14;15;16;17;18;19;20;21;22;23;24;26;28;29;30;31;32,30,8,0.26666666666666666,1,6,318.14652736675197,0.916778166756478,0.916778166756478,0.8465787147468589,0.8760145499948326,M,4.076361676164542,-7.019945200961919,27.228531177580052,0.850611070042539,0.850611070042539,0.7479047275821981,0.7797864162052753,M,7.082465383726366,-10.270634246034094,145.45172899488506,0.6037720563899845,0.6037720563899845,0.807943205408526,0.8669366363258356,P,-26.316457993585107,20.41711490185415,True,True
pair_omission,25;28,1;2;3;4;5;6;7;8;9;10;11;12;13;14;15;16;17;18;19;20;21;22;23;24;26;27;29;30;31;32,30,8,0.26666666666666666,1,6,318.14652736675197,0.916778166756478,0.916778166756478,0.8465787147468589,0.8760145499948326,M,4.076361676164542,-7.019945200961919,27.228531177580052,0.850611070042539,0.850611070042539,0.7479047275821981,0.7797864162052753,M,7.082465383726366,-10.270634246034094,145.52675080651431,0.6034608003959459,0.6034608003959459,0.8075266952986846,0.8664897139788136,P,-26.30289135828677,20.406589490273873,True,True
pair_omission,25;29,1;2;3;4;5;6;7;8;9;10;11;12;13;14;15;16;17;18;19;20;21;22;23;24;26;27;28;30;31;32,30,8,0.26666666666666666,1,6,318.14652736675197,0.922762702289667,0.922762702289667,0.8465787147468589,0.8760145499948326,M,4.674815229483431,-7.6183987542808085,27.228531177580052,0.8271603115294801,0.8271603115294801,0.7479047275821981,0.7797864162052753,M,4.737389532420478,-7.9255583947282044,145.52675080651431,0.6699096593045543,0.6699096593045543,0.8075266952986846,0.8664897139788136,P,-19.65800546742593,13.761703599413034,True,True
pair_omission,25;30,1;2;3;4;5;6;7;8;9;10;11;12;13;14;15;16;17;18;19;20;21;22;23;24;26;27;28;29;31;32,30,8,0.26666666666666666,1,6,318.14652736675197,0.916778166756478,0.916778166756478,0.8465787147468589,0.8760145499948326,M,4.076361676164542,-7.019945200961919,27.228531177580052,0.850611070042539,0.850611070042539,0.7479047275821981,0.7797864162052753,M,7.082465383726366,-10.270634246034094,145.52675080651431,0.6034608003959459,0.6034608003959459,0.8075266952986846,0.8664897139788136,P,-26.30289135828677,20.406589490273873,True,True
pair_omission,25;31,1;2;3;4;5;6;7;8;9;10;11;12;13;14;15;16;17;18;19;20;21;22;23;24;26;27;28;29;30;32,30,8,0.26666666666666666,1,4,318.14652736675197,0.9213692757118872,0.9213692757118872,0.851169823702268,0.8730034714338281,M,4.836580427805915,-7.019945200961919,27.228531177580052,0.8506630679941597,0.8506630679941597,0.7645273040791655,0.795734444442838,M,5.492862355132166,-8.613576391499421,145.52675080651431,0.6623194251758003,0.6623194251758003,0.8170247601601034,0.8718579851150654,P,-20.953855993926506,15.470533498430306,True,True
pair_omission,25;32,1;2;3;4;5;6;7;8;9;10;11;12;13;14;15;16;17;18;19;20;21;22;23;24;26;27;28;29;30;31,30,8,0.26666666666666666,1,6,318.14652736675197,0.916778166756478,0.916778166756478,0.8465787147468589,0.8760145499948326,M,4.076361676164542,-7.019945200961919,27.228531177580052,0.850611070042539,0.850611070042539,0.7479047275821981,0.7797864162052753,M,7.082465383726366,-10.270634246034094,145.52675080651431,0.6034608003959459,0.6034608003959459,0.8075266952986846,0.8664897139788136,P,-26.30289135828677,20.406589490273873,True,True
pair_omission,26;27,1;2;3;4;5;6;7;8;9;10;11;12;13;14;15;16;17;18;19;20;21;22;23;24;25;28;29;30;31;32,30,8,0.26666666666666666,1,6,317.1765323945217,0.9071212066288745,0.9071212066288745,0.8491677369885177,0.87869359343692,M,2.8427613191954526,-5.795346964035685,27.466429303797547,0.8219142351473033,0.8219142351473033,0.7414268148068228,0.7730323629130463,M,4.8881872234257,-8.04874203404805,145.45172899488506,0.6672607179327207,0.6672607179327207,0.807943205408526,0.8669366363258356,P,-19.967591839311496,14.068248747580537,True,True
pair_omission,26;28,1;2;3;4;5;6;7;8;9;10;11;12;13;14;15;16;17;18;19;20;21;22;23;24;25;27;29;30;31;32,30,8,0.26666666666666666,1,6,317.1765323945217,0.9071212066288745,0.9071212066288745,0.8491677369885177,0.87869359343692,M,2.8427613191954526,-5.795346964035685,27.466429303797547,0.8219142351473033,0.8219142351473033,0.7414268148068228,0.7730323629130463,M,4.8881872234257,-8.04874203404805,145.52675080651431,0.6669167323245014,0.6669167323245014,0.8075266952986846,0.8664897139788136,P,-19.957298165431215,14.060996297418315,True,True
pair_omission,26;29,1;2;3;4;5;6;7;8;9;10;11;12;13;14;15;16;17;18;19;20;21;22;23;24;25;27;28;30;31;32,30,8,0.26666666666666666,1,6,317.1765323945217,0.9054986075132792,0.9054986075132792,0.8491677369885177,0.87869359343692,M,2.6805014076359157,-5.633087052476149,27.466429303797547,0.8144249415520215,0.8144249415520215,0.7414268148068228,0.7730323629130463,M,4.139257863897516,-7.299812674519868,145.52675080651431,0.6785323662781477,0.6785323662781477,0.8075266952986846,0.8664897139788136,P,-18.795734770066584,12.899432902053686,True,True
pair_omission,26;30,1;2;3;4;5;6;7;8;9;10;11;12;13;14;15;16;17;18;19;20;21;22;23;24;25;27;28;29;31;32,30,8,0.26666666666666666,1,6,317.1765323945217,0.9071212066288745,0.9071212066288745,0.8491677369885177,0.87869359343692,M,2.8427613191954526,-5.795346964035685,27.466429303797547,0.8219142351473033,0.8219142351473033,0.7414268148068228,0.7730323629130463,M,4.8881872234257,-8.04874203404805,145.52675080651431,0.6669167323245014,0.6669167323245014,0.8075266952986846,0.8664897139788136,P,-19.957298165431215,14.060996297418315,True,True
pair_omission,26;31,1;2;3;4;5;6;7;8;9;10;11;12;13;14;15;16;17;18;19;20;21;22;23;24;25;27;28;29;30;32,30,8,0.26666666666666666,1,4,317.1765323945217,0.904100919533294,0.904100919533294,0.8537728865558538,0.8756733063413397,M,2.8427613191954304,-5.032803297744016,27.466429303797547,0.8377241309034789,0.8377241309034789,0.7579054162803973,0.7888422586692218,M,4.88818722342571,-7.981871462308154,145.52675080651431,0.6709421321493939,0.6709421321493939,0.8170247601601034,0.8718579851150654,P,-20.09158529656715,14.608262801070948,True,True
pair_omission,26;32,1;2;3;4;5;6;7;8;9;10;11;12;13;14;15;16;17;18;19;20;21;22;23;24;25;27;28;29;30;31,30,8,0.26666666666666666,1,6,317.1765323945217,0.9071212066288745,0.9071212066288745,0.8491677369885177,0.87869359343692,M,2.8427613191954526,-5.795346964035685,27.466429303797547,0.8219142351473033,0.8219142351473033,0.7414268148068228,0.7730323629130463,M,4.8881872234257,-8.04874203404805,145.52675080651431,0.6669167323245014,0.6669167323245014,0.8075266952986846,0.8664897139788136,P,-19.957298165431215,14.060996297418315,True,True
pair_omission,27;28,1;2;3;4;5;6;7;8;9;10;11;12;13;14;15;16;17;18;19;20;21;22;23;24;25;26;29;30;31;32,30,8,0.26666666666666666,1,6,318.14652736675197,0.916778166756478,0.916778166756478,0.8465787147468589,0.8760145499948326,M,4.076361676164542,-7.019945200961919,27.466429303797547,0.8432435750738719,0.8432435750738719,0.7414268148068228,0.7730323629130463,M,7.02112121608256,-10.181676026704912,145.45172899488506,0.6037720563899845,0.6037720563899845,0.807943205408526,0.8669366363258356,P,-26.316457993585107,20.41711490185415,True,True
pair_omission,27;29,1;2;3;4;5;6;7;8;9;10;11;12;13;14;15;16;17;18;19;20;21;22;23;24;25;26;28;30;31;32,30,8,0.26666666666666666,1,6,318.14652736675197,0.922762702289667,0.922762702289667,0.8465787147468589,0.8760145499948326,M,4.674815229483431,-7.6183987542808085,27.466429303797547,0.8199959332982284,0.8199959332982284,0.7414268148068228,0.7730323629130463,M,4.696357038518206,-7.856911849140557,145.45172899488506,0.6702551886194429,0.6702551886194429,0.807943205408526,0.8669366363258356,P,-19.668144770639273,13.768801678908316,True,True
pair_omission,27;30,1;2;3;4;5;6;7;8;9;10;11;12;13;14;15;16;17;18;19;20;21;22;23;24;25;26;28;29;31;32,30,8,0.26666666666666666,1,6,318.14652736675197,0.916778166756478,0.916778166756478,0.8465787147468589,0.8760145499948326,M,4.076361676164542,-7.019945200961919,27.466429303797547,0.8432435750738719,0.8432435750738719,0.7414268148068228,0.7730323629130463,M,7.02112121608256,-10.181676026704912,145.45172899488506,0.6037720563899845,0.6037720563899845,0.807943205408526,0.8669366363258356,P,-26.316457993585107,20.41711490185415,True,True
pair_omission,27;31,1;2;3;4;5;6;7;8;9;10;11;12;13;14;15;16;17;18;19;20;21;22;23;24;25;26;28;29;30;32,30,8,0.26666666666666666,1,4,318.14652736675197,0.9213692757118872,0.9213692757118872,0.851169823702268,0.8730034714338281,M,4.836580427805915,-7.019945200961919,27.466429303797547,0.8432951226496858,0.8432951226496858,0.7579054162803973,0.7888422586692218,M,5.445286398046401,-8.538970636928845,145.45172899488506,0.6626610395622178,0.6626610395622178,0.8174461692287802,0.8723076763355051,P,-20.964663677328733,15.478512966656243,True,True
pair_omission,27;32,1;2;3;4;5;6;7;8;9;10;11;12;13;14;15;16;17;18;19;20;21;22;23;24;25;26;28;29;30;31,30,8,0.26666666666666666,1,6,318.14652736675197,0.916778166756478,0.916778166756478,0.8465787147468589,0.8760145499948326,M,4.076361676164542,-7.019945200961919,27.466429303797547,0.8432435750738719,0.8432435750738719,0.7414268148068228,0.7730323629130463,M,7.02112121608256,-10.181676026704912,145.45172899488506,0.6037720563899845,0.6037720563899845,0.807943205408526,0.8669366363258356,P,-26.316457993585107,20.41711490185415,True,True
pair_omission,28;29,1;2;3;4;5;6;7;8;9;10;11;12;13;14;15;16;17;18;19;20;21;22;23;24;25;26;27;30;31;32,30,8,0.26666666666666666,1,6,318.14652736675197,0.922762702289667,0.922762702289667,0.8465787147468589,0.8760145499948326,M,4.674815229483431,-7.6183987542808085,27.466429303797547,0.8199959332982284,0.8199959332982284,0.7414268148068228,0.7730323629130463,M,4.696357038518206,-7.856911849140557,145.52675080651431,0.6699096593045543,0.6699096593045543,0.8075266952986846,0.8664897139788136,P,-19.65800546742593,13.761703599413034,True,True
pair_omission,28;30,1;2;3;4;5;6;7;8;9;10;11;12;13;14;15;16;17;18;19;20;21;22;23;24;25;26;27;29;31;32,30,8,0.26666666666666666,1,6,318.14652736675197,0.916778166756478,0.916778166756478,0.8465787147468589,0.8760145499948326,M,4.076361676164542,-7.019945200961919,27.466429303797547,0.8432435750738719,0.8432435750738719,0.7414268148068228,0.7730323629130463,M,7.02112121608256,-10.181676026704912,145.52675080651431,0.6034608003959459,0.6034608003959459,0.8075266952986846,0.8664897139788136,P,-26.30289135828677,20.406589490273873,True,True
pair_omission,28;31,1;2;3;4;5;6;7;8;9;10;11;12;13;14;15;16;17;18;19;20;21;22;23;24;25;26;27;29;30;32,30,8,0.26666666666666666,1,4,318.14652736675197,0.9213692757118872,0.9213692757118872,0.851169823702268,0.8730034714338281,M,4.836580427805915,-7.019945200961919,27.466429303797547,0.8432951226496858,0.8432951226496858,0.7579054162803973,0.7888422586692218,M,5.445286398046401,-8.538970636928845,145.52675080651431,0.6623194251758003,0.6623194251758003,0.8170247601601034,0.8718579851150654,P,-20.953855993926506,15.470533498430306,True,True
pair_omission,28;32,1;2;3;4;5;6;7;8;9;10;11;12;13;14;15;16;17;18;19;20;21;22;23;24;25;26;27;29;30;31,30,8,0.26666666666666666,1,6,318.14652736675197,0.916778166756478,0.916778166756478,0.8465787147468589,0.8760145499948326,M,4.076361676164542,-7.019945200961919,27.466429303797547,0.8432435750738719,0.8432435750738719,0.7414268148068228,0.7730323629130463,M,7.02112121608256,-10.181676026704912,145.52675080651431,0.6034608003959459,0.6034608003959459,0.8075266952986846,0.8664897139788136,P,-26.30289135828677,20.406589490273873,True,True
pair_omission,29;30,1;2;3;4;5;6;7;8;9;10;11;12;13;14;15;16;17;18;19;20;21;22;23;24;25;26;27;28;31;32,30,8,0.26666666666666666,1,6,318.14652736675197,0.922762702289667,0.922762702289667,0.8465787147468589,0.8760145499948326,M,4.674815229483431,-7.6183987542808085,27.466429303797547,0.8199959332982284,0.8199959332982284,0.7414268148068228,0.7730323629130463,M,4.696357038518206,-7.856911849140557,145.52675080651431,0.6699096593045543,0.6699096593045543,0.8075266952986846,0.8664897139788136,P,-19.65800546742593,13.761703599413034,True,True
pair_omission,29;31,1;2;3;4;5;6;7;8;9;10;11;12;13;14;15;16;17;18;19;20;21;22;23;24;25;26;27;28;30;32,30,8,0.26666666666666666,1,4,318.14652736675197,0.9197516237286623,0.9197516237286623,0.851169823702268,0.8730034714338281,M,4.6748152294834195,-6.858180002639425,27.466429303797547,0.8358058290544039,0.8358058290544039,0.7579054162803973,0.7888422586692218,M,4.696357038518217,-7.790041277400661,145.52675080651431,0.6739350591294466,0.6739350591294466,0.8170247601601034,0.8718579851150654,P,-19.79229259856188,14.308970103065677,True,True
pair_omission,29;32,1;2;3;4;5;6;7;8;9;10;11;12;13;14;15;16;17;18;19;20;21;22;23;24;25;26;27;28;30;31,30,8,0.26666666666666666,1,6,318.14652736675197,0.922762702289667,0.922762702289667,0.8465787147468589,0.8760145499948326,M,4.674815229483431,-7.6183987542808085,27.466429303797547,0.8199959332982284,0.8199959332982284,0.7414268148068228,0.7730323629130463,M,4.696357038518206,-7.856911849140557,145.52675080651431,0.6699096593045543,0.6699096593045543,0.8075266952986846,0.8664897139788136,P,-19.65800546742593,13.761703599413034,True,True
pair_omission,30;31,1;2;3;4;5;6;7;8;9;10;11;12;13;14;15;16;17;18;19;20;21;22;23;24;25;26;27;28;29;32,30,8,0.26666666666666666,1,4,318.14652736675197,0.9213692757118872,0.9213692757118872,0.851169823702268,0.8730034714338281,M,4.836580427805915,-7.019945200961919,27.466429303797547,0.8432951226496858,0.8432951226496858,0.7579054162803973,0.7888422586692218,M,5.445286398046401,-8.538970636928845,145.52675080651431,0.6623194251758003,0.6623194251758003,0.8170247601601034,0.8718579851150654,P,-20.953855993926506,15.470533498430306,True,True
pair_omission,30;32,1;2;3;4;5;6;7;8;9;10;11;12;13;14;15;16;17;18;19;20;21;22;23;24;25;26;27;28;29;31,30,8,0.26666666666666666,1,6,318.14652736675197,0.916778166756478,0.916778166756478,0.8465787147468589,0.8760145499948326,M,4.076361676164542,-7.019945200961919,27.466429303797547,0.8432435750738719,0.8432435750738719,0.7414268148068228,0.7730323629130463,M,7.02112121608256,-10.181676026704912,145.52675080651431,0.6034608003959459,0.6034608003959459,0.8075266952986846,0.8664897139788136,P,-26.30289135828677,20.406589490273873,True,True
pair_omission,31;32,1;2;3;4;5;6;7;8;9;10;11;12;13;14;15;16;17;18;19;20;21;22;23;24;25;26;27;28;29;30,30,8,0.26666666666666666,1,4,318.14652736675197,0.9213692757118872,0.9213692757118872,0.851169823702268,0.8730034714338281,M,4.836580427805915,-7.019945200961919,27.466429303797547,0.8432951226496858,0.8432951226496858,0.7579054162803973,0.7888422586692218,M,5.445286398046401,-8.538970636928845,145.52675080651431,0.6623194251758003,0.6623194251758003,0.8170247601601034,0.8718579851150654,P,-20.953855993926506,15.470533498430306,True,True
