case,omitted_ids,eligible_ids,n,k,selected_fraction,magnetic_choice_count,proximity_choice_count,total_oracle,total_m_lo,total_m_hi,total_p_lo,total_p_hi,total_classification,total_M_worst_margin_pp,total_P_worst_margin_pp,F1_oracle,F1_m_lo,F1_m_hi,F1_p_lo,F1_p_hi,F1_classification,F1_M_worst_margin_pp,F1_P_worst_margin_pp,F123_oracle,F123_m_lo,F123_m_hi,F123_p_lo,F123_p_hi,F123_classification,F123_M_worst_margin_pp,F123_P_worst_margin_pp,three_target_pattern,total_nonresidual_reversal
single_omission,1,2;3;4;5;6;7;8;9;10;11;12;13;14;15;16;17;18;19;20;21;22;23;24;25;26;27;28;29;30;31;32,31,1,0.03225806451612903,1,5,50.080775444264944,0.8345246956057693,0.8345246956057693,0.4298498467021304,1.0,overlap,-16.547530439423074,-40.467484890363885,4.7345054676233875,0.5997354251365439,0.5997354251365439,0.2319532472983795,1.0,overlap,-40.02645748634561,-36.77821778381644,25.248088207150722,1.0,1.0,0.5030737133639674,1.0,overlap,0.0,-49.69262866360326,False,False
single_omission,1,2;3;4;5;6;7;8;9;10;11;12;13;14;15;16;17;18;19;20;21;22;23;24;25;26;27;28;29;30;31;32,31,2,0.06451612903225806,1,10,91.87441932759103,1.0,1.0,0.48626551462919215,1.0,overlap,0.0,-51.37344853708079,8.458805932267115,0.895393058749349,0.895393058749349,0.33291104887134926,0.9378489406806406,overlap,-4.245588193129157,-56.248200987799976,46.98200691419579,0.9142015106597794,0.9142015106597794,0.5667074371455023,1.0,overlap,-8.57984893402206,-34.749407351427706,False,False
single_omission,1,2;3;4;5;6;7;8;9;10;11;12;13;14;15;16;17;18;19;20;21;22;23;24;25;26;27;28;29;30;31;32,31,3,0.0967741935483871,1,10,130.19004906962442,0.9545118195390997,0.9545118195390997,0.6354195496025693,0.9979592204092079,overlap,-4.344740087010823,-31.90922699365304,11.750281508022889,0.8244340224157465,0.8244340224157465,0.4813059670685486,0.916789340330352,overlap,-9.235531791460549,-34.312805534719786,68.02205292866945,0.7531517161383814,0.7531517161383814,0.6516708083541006,0.9509407260857325,overlap,-19.778900994735118,-10.148090778428076,False,False
single_omission,1,2;3;4;5;6;7;8;9;10;11;12;13;14;15;16;17;18;19;20;21;22;23;24;25;26;27;28;29;30;31;32,31,4,0.12903225806451613,1,5,168.2399896165923,0.9288032346062525,0.9288032346062525,0.7401269252907918,0.9098461570970676,M,1.895707750918485,-18.867630931546064,14.948858223399332,0.8579750584266351,0.8579750584266351,0.5922898717484588,0.8355406602511088,M,2.2434398175526282,-26.56851866781763,85.72498641630473,0.6786851452640312,0.6786851452640312,0.7706260179985477,0.9169828649569054,P,-23.829771969287417,9.194087273451645,True,True
single_omission,1,2;3;4;5;6;7;8;9;10;11;12;13;14;15;16;17;18;19;20;21;22;23;24;25;26;27;28;29;30;31;32,31,5,0.16129032258064516,1,1,206.09356698764054,0.936944575233537,0.936944575233537,0.8471866648832321,0.8471866648832321,M,8.97579103503049,-8.97579103503049,18.136821635016226,0.8829392074040259,0.8829392074040259,0.7492251432473391,0.7492251432473391,M,13.371406415668673,-13.371406415668673,102.57039504115394,0.6414156054330086,0.6414156054330086,0.8902178167052125,0.8902178167052125,P,-24.88022112722039,24.88022112722039,True,True
single_omission,1,2;3;4;5;6;7;8;9;10;11;12;13;14;15;16;17;18;19;20;21;22;23;24;25;26;27;28;29;30;31;32,31,6,0.1935483870967742,1,1,243.89996499345688,0.9467186581663112,0.9467186581663112,0.84868090477767,0.84868090477767,M,9.803775338864117,-9.803775338864117,21.275237294472078,0.8796302963100422,0.8796302963100422,0.7380382320221252,0.7380382320221252,M,14.159206428791704,-14.159206428791704,118.82667626458891,0.617715881434494,0.617715881434494,0.8381106033300945,0.8381106033300945,P,-22.03947218956005,22.03947218956005,True,True
single_omission,1,2;3;4;5;6;7;8;9;10;11;12;13;14;15;16;17;18;19;20;21;22;23;24;25;26;27;28;29;30;31;32,31,7,0.22580645161290322,1,4,281.0331253048963,0.9353162719487995,0.9353162719487995,0.8465212806258738,0.871238292892697,M,6.407797905610247,-8.879499132292567,24.409049316108238,0.8794961358659011,0.8794961358659011,0.7299231464073994,0.7647350140615247,M,11.476112180437648,-14.957298945850173,132.75007950517275,0.6069785228011935,0.6069785228011935,0.8169908846834948,0.8771015911605283,P,-27.012306835933487,21.00123618823013,True,True
single_omission,1,2;3;4;5;6;7;8;9;10;11;12;13;14;15;16;17;18;19;20;21;22;23;24;25;26;27;28;29;30;31;32,31,8,0.25806451612903225,1,6,318.14652736675197,0.916778166756478,0.916778166756478,0.8465787147468589,0.8760145499948326,M,4.076361676164542,-7.019945200961919,27.466429303797547,0.8432435750738719,0.8432435750738719,0.7414268148068228,0.7730323629130463,M,7.02112121608256,-10.181676026704912,145.52675080651431,0.6034608003959459,0.6034608003959459,0.8075266952986846,0.8664897139788136,P,-26.30289135828677,20.406589490273873,True,True
single_omission,1,2;3;4;5;6;7;8;9;10;11;12;13;14;15;16;17;18;19;20;21;22;23;24;25;26;27;28;29;30;31;32,31,9,0.2903225806451613,1,4,354.9829304003381,0.9170129854378688,0.9170129854378688,0.8540980958269174,0.8736660767371853,M,4.334690870068347,-6.291488961095137,30.520006753335828,0.8281676280051653,0.8281676280051653,0.7513213038146326,0.7791628636551297,M,4.900476435003565,-7.684632419053273,158.22840029622662,0.6614811117954893,0.6614811117954893,0.8037676083444649,0.8541991430689465,P,-19.27180312734572,14.228649654897563,True,True
single_omission,1,2;3;4;5;6;7;8;9;10;11;12;13;14;15;16;17;18;19;20;21;22;23;24;25;26;27;28;29;30;31;32,31,10,0.3225806451612903,1,1,390.2624847638619,0.9146652005503764,0.9146652005503764,0.8738831827081543,0.8738831827081543,M,4.078201784222202,-4.078201784222202,33.48452290665496,0.8309301223248499,0.8309301223248499,0.7733378042104421,0.7733378042104421,M,5.759231811440779,-5.759231811440779,168.55748367386735,0.6735435486575321,0.6735435486575321,0.8544519552853709,0.8544519552853709,P,-18.09084066278388,18.09084066278388,True,True
single_omission,1,2;3;4;5;6;7;8;9;10;11;12;13;14;15;16;17;18;19;20;21;22;23;24;25;26;27;28;29;30;31;32,31,11,0.3548387096774194,1,1,425.296911657341,0.928323438151304,0.928323438151304,0.8649556086890842,0.8649556086890842,M,6.336782946221986,-6.336782946221986,36.44082272241005,0.844871563484256,0.844871563484256,0.7708304240618162,0.7708304240618162,M,7.404113942243972,-7.404113942243972,178.21961039579634,0.6912422945758802,0.6912422945758802,0.837395917103744,0.837395917103744,P,-14.61536225278638,14.61536225278638,True,True
single_omission,1,2;3;4;5;6;7;8;9;10;11;12;13;14;15;16;17;18;19;20;21;22;23;24;25;26;27;28;29;30;31;32,31,12,0.3870967741935484,1,1,459.15107832400776,0.9427464123396547,0.9427464123396547,0.8780171113421681,0.8780171113421681,M,6.472930099748664,-6.472930099748664,39.38078847558445,0.8630195813520268,0.8630195813520268,0.7968649593567299,0.7968649593567299,M,6.6154621995296985,-6.6154621995296985,187.50934189685233,0.7729046972773124,0.7729046972773124,0.8411434431267725,0.8411434431267725,P,-6.82387458494601,6.82387458494601,True,True
single_omission,1,2;3;4;5;6;7;8;9;10;11;12;13;14;15;16;17;18;19;20;21;22;23;24;25;26;27;28;29;30;31;32,31,13,0.41935483870967744,2,1,492.5445801290619,0.9438058284744374,0.9466280869332125,0.883357016769038,0.883357016769038,M,6.04488117053994,-6.327107016417455,42.22023912502085,0.8634012943723742,0.8773036297442243,0.8084864601365567,0.8084864601365567,M,5.491483423581755,-6.881716960766759,196.57047315645667,0.7662343331988999,0.7795942840770433,0.8388725575452285,0.8388725575452285,P,-7.263822434632861,5.927827346818515,True,True
single_omission,1,2;3;4;5;6;7;8;9;10;11;12;13;14;15;16;17;18;19;20;21;22;23;24;25;26;27;28;29;30;31;32,31,14,0.45161290322580644,1,1,525.4472850140033,0.9482586769880799,0.9482586769880799,0.8889314497814941,0.8889314497814941,M,5.932722720658578,-5.932722720658578,44.97356039329534,0.8784402705346426,0.8784402705346426,0.8287737730748922,0.8287737730748922,M,4.9666497459750385,-4.9666497459750385,205.43618071736756,0.7736583255504028,0.7736583255504028,0.8364978550262167,0.8364978550262167,P,-6.283952947581383,6.283952947581383,True,True
single_omission,1,2;3;4;5;6;7;8;9;10;11;12;13;14;15;16;17;18;19;20;21;22;23;24;25;26;27;28;29;30;31;32,31,15,0.4838709677419355,1,5,557.8408063097443,0.9474719384340571,0.9474719384340571,0.8915898120092645,0.9050844060639042,M,4.238753237015292,-5.588212642479262,47.67419275944886,0.9067985113364707,0.9067985113364707,0.8240072258592023,0.8599455056799287,M,4.685300565654204,-8.279128547726843,213.9180600856613,0.7821550343141506,0.7821550343141506,0.8389048667471659,0.8793236329039594,P,-9.716859858980886,5.674983243301535,True,True
single_omission,1,2;3;4;5;6;7;8;9;10;11;12;13;14;15;16;17;18;19;20;21;22;23;24;25;26;27;28;29;30;31;32,31,16,0.5161290322580645,1,10,589.8442200072053,0.935309085902918,0.935309085902918,0.8959162030664921,0.9188975640251233,M,1.64115218777946,-3.9392882836425835,50.36784183063811,0.8801066182279531,0.8801066182279531,0.8335578845747803,0.8772496419559962,M,0.28569762719569125,-4.654873365317281,222.29773613110967,0.8153051579454971,0.8153051579454971,0.841519027492614,0.8926419700419165,P,-7.73368120964194,2.621386954711691,True,True
single_omission,1,2;3;4;5;6;7;8;9;10;11;12;13;14;15;16;17;18;19;20;21;22;23;24;25;26;27;28;29;30;31;32,31,17,0.5483870967741935,1,10,621.8381259298867,0.9333106814920694,0.9333106814920694,0.9090587621623174,0.930857719743243,M,0.24529617488263655,-2.4251919329752014,52.93382590415438,0.888330272921046,0.888330272921046,0.8486912984801359,0.8902650840036755,overlap,-0.1934811082629495,-3.9638974440910135,230.61610228674846,0.808241735106167,0.808241735106167,0.8475013185561943,0.8967802469587743,P,-8.85385118526073,3.9259583450027224,False,True
single_omission,1,2;3;4;5;6;7;8;9;10;11;12;13;14;15;16;17;18;19;20;21;22;23;24;25;26;27;28;29;30;31;32,31,18,0.5806451612903226,1,5,653.7883333987664,0.9206272856045286,0.9206272856045286,0.9214003497942355,0.9329145277685179,P,-1.2287242163989354,0.07730641897069068,55.48144301935866,0.8785021332759682,0.8785021332759682,0.8671807767319187,0.8980618855563327,overlap,-1.955975228036455,-1.1321356544049421,238.89600649044564,0.8333969708000863,0.8333969708000863,0.8613644789168126,0.89755723146357,P,-6.416026066348368,2.7967508116726214,False,False
single_omission,1,2;3;4;5;6;7;8;9;10;11;12;13;14;15;16;17;18;19;20;21;22;23;24;25;26;27;28;29;30;31;32,31,19,0.6129032258064516,1,1,685.223890506695,0.9298784556813597,0.9298784556813597,0.9343036720704864,0.9343036720704864,P,-0.44252163891266294,0.44252163891266294,57.9480605451012,0.8979082498368463,0.8979082498368463,0.8945379850294407,0.8945379850294407,M,0.3370264807405543,-0.3370264807405543,246.74157138610337,0.8412732655773293,0.8412732655773293,0.8998597768591913,0.8998597768591913,P,-5.858651128186199,5.858651128186199,False,False
single_omission,1,2;3;4;5;6;7;8;9;10;11;12;13;14;15;16;17;18;19;20;21;22;23;24;25;26;27;28;29;30;31;32,31,20,0.6451612903225806,2,1,716.3097048674657,0.9326722878750516,0.9413363110680649,0.936106157110309,0.936106157110309,overlap,-0.34338692352573474,-0.5230153957755945,60.38302187699887,0.8950034617446815,0.9041949872966727,0.8952124668708248,0.8952124668708248,overlap,-0.020900512614330236,-0.8982520425847906,254.35244441799063,0.8517245402102774,0.8567095605859918,0.8991047593759337,0.8991047593759337,P,-4.738021916565627,4.239519878994191,False,False
single_omission,1,2;3;4;5;6;7;8;9;10;11;12;13;14;15;16;17;18;19;20;21;22;23;24;25;26;27;28;29;30;31;32,31,21,0.6774193548387096,1,1,747.2169830329691,0.9437628283892777,0.9437628283892777,0.9357702619866263,0.9357702619866263,M,0.7992566402651446,-0.7992566402651446,62.601914532243136,0.9042694318059332,0.9042694318059332,0.9065103434429892,0.9065103434429892,P,-0.22409116370559756,0.22409116370559756,261.9624215941084,0.8664116813768932,0.8664116813768932,0.8926568921621972,0.8926568921621972,P,-2.6245210785304063,2.6245210785304063,False,True
single_omission,1,2;3;4;5;6;7;8;9;10;11;12;13;14;15;16;17;18;19;20;21;22;23;24;25;26;27;28;29;30;31;32,31,22,0.7096774193548387,2,4,777.551711066442,0.9459568166242766,0.9562209593108312,0.9363214776288261,0.9470194481021926,overlap,-0.10626314779160762,-1.989948168200506,64.79676194485315,0.9049817984173583,0.9078831807883591,0.9019356334429471,0.9214284952908812,overlap,-1.644669687352296,-0.5947547345411919,269.26730558980137,0.8676284690594662,0.9210451585355078,0.8895797983679443,0.8975769467806188,overlap,-2.994847772115261,-3.1465360167563516,False,False
single_omission,1,2;3;4;5;6;7;8;9;10;11;12;13;14;15;16;17;18;19;20;21;22;23;24;25;26;27;28;29;30;31;32,31,23,0.7419354838709677,1,6,807.8302738439955,0.9579313825674299,0.9579313825674299,0.9408433990959714,0.9548924373778842,M,0.30389451895457276,-1.7087983471458568,66.97814484996024,0.9086364357814106,0.9086364357814106,0.9089154379843468,0.9282460797262124,P,-1.9609643944801802,0.027900220293619604,276.5105479507311,0.9209920851789594,0.9209920851789594,0.8924722749403253,0.9004828635296638,M,2.0509221649295584,-2.8519810238634036,False,False
single_omission,1,2;3;4;5;6;7;8;9;10;11;12;13;14;15;16;17;18;19;20;21;22;23;24;25;26;27;28;29;30;31;32,31,24,0.7741935483870968,1,4,836.6452089089306,0.9693226265793617,0.9693226265793617,0.950314660459662,0.9602570173367807,M,0.9065609242581041,-1.9007966119699793,69.11265197025482,0.9158054616520487,0.9158054616520487,0.916533884630641,0.9348094722803251,P,-1.900401062827639,0.07284229785923246,283.70670888930306,0.9233793277304159,0.9233793277304159,0.895582916473844,0.9031730457799607,M,2.020628195045515,-2.779641125657184,False,False
single_omission,1,2;3;4;5;6;7;8;9;10;11;12;13;14;15;16;17;18;19;20;21;22;23;24;25;26;27;28;29;30;31;32,31,25,0.8064516129032258,1,1,865.3267157582455,0.9681872094976828,0.9681872094976828,0.9617285041427459,0.9617285041427459,M,0.6458705354936867,-0.6458705354936867,71.22744352921858,0.9194292018828696,0.9194292018828696,0.9308264331567769,0.9308264331567769,P,-1.139723127390735,1.139723127390735,290.882030982382,0.9185339218603643,0.9185339218603643,0.9004627951109155,0.9004627951109155,M,1.8071126749448774,-1.8071126749448774,False,False
single_omission,1,2;3;4;5;6;7;8;9;10;11;12;13;14;15;16;17;18;19;20;21;22;23;24;25;26;27;28;29;30;31;32,31,26,0.8387096774193549,2,1,892.1458425773725,0.9739260456388731,0.9783520176540551,0.9757653470289738,0.9757653470289738,overlap,-0.18393013901006894,-0.2586670625081333,73.34081926033545,0.9330214469857837,0.9332441614679154,0.9316950691955671,0.9316950691955671,M,0.1326377790216604,-0.15490922723483402,297.8313799426056,0.9234439220797135,0.9516837815914884,0.95009630192406,0.95009630192406,overlap,-2.665237984434654,-0.15874796674283376,False,False
single_omission,1,2;3;4;5;6;7;8;9;10;11;12;13;14;15;16;17;18;19;20;21;22;23;24;25;26;27;28;29;30;31;32,31,27,0.8709677419354839,1,1,918.4265510138608,0.9842033622505522,0.9842033622505522,0.9736431199647043,0.9736431199647043,M,1.0560242285847843,-1.0560242285847843,75.37171173277498,0.9471040989256818,0.9471040989256818,0.9471545493939492,0.9471545493939492,P,-0.0050450468267349,0.0050450468267349,304.4880579083385,0.9566446081236313,0.9566446081236313,0.959834767212595,0.959834767212595,P,-0.31901590889636955,0.31901590889636955,False,True
single_omission,1,2;3;4;5;6;7;8;9;10;11;12;13;14;15;16;17;18;19;20;21;22;23;24;25;26;27;28;29;30;31;32,31,28,0.9032258064516129,1,1,942.1212459184529,0.9943743530161828,0.9943743530161828,0.984079704697317,0.984079704697317,M,1.029464831886584,-1.029464831886584,77.38268371780238,0.9629889474826878,0.9629889474826878,0.9630380868762619,0.9630380868762619,P,-0.004913939357409358,0.004913939357409358,311.1378685523331,0.9593271984648032,0.9593271984648032,0.9624491757089646,0.9624491757089646,P,-0.31219772441614113,0.31219772441614113,False,True
single_omission,1,2;3;4;5;6;7;8;9;10;11;12;13;14;15;16;17;18;19;20;21;22;23;24;25;26;27;28;29;30;31;32,31,29,0.9354838709677419,1,2,965.2693940666012,0.9977545322886291,0.9977545322886291,0.9828919151487301,0.9877067601743575,M,1.0047772114271547,-1.4862617139899004,79.10052975534543,0.9690602136821561,0.9690602136821561,0.9691082859031993,0.9697008961544522,P,-0.06406824722960947,0.004807222104319386,316.83006284250814,0.9630804213496995,0.9630804213496995,0.9661463089005917,0.9854843117478547,P,-2.2403890398155157,0.306588755089221,False,True
single_omission,1,2;3;4;5;6;7;8;9;10;11;12;13;14;15;16;17;18;19;20;21;22;23;24;25;26;27;28;29;30;31;32,31,30,0.967741935483871,1,1,986.9024799626774,0.9998927226845764,0.9998927226845764,0.9879762302775226,0.9879762302775226,M,1.1916492407053836,-1.1916492407053836,80.79375524231602,0.9865930357576373,0.9865930357576373,0.9757977144878774,0.9757977144878774,M,1.0795321269759905,-1.0795321269759905,322.04616543265,0.976327606625163,0.976327606625163,0.9901712899980526,0.9901712899980526,P,-1.3843683372889548,1.3843683372889548,True,True
single_omission,2,1;3;4;5;6;7;8;9;10;11;12;13;14;15;16;17;18;19;20;21;22;23;24;25;26;27;28;29;30;31;32,31,1,0.03225806451612903,1,4,50.080775444264944,0.8345246956057693,0.8345246956057693,0.4298498467021304,1.0,overlap,-16.547530439423074,-40.467484890363885,4.7345054676233875,0.5997354251365439,0.5997354251365439,0.2319532472983795,1.0,overlap,-40.02645748634561,-36.77821778381644,25.248088207150722,1.0,1.0,0.5030737133639674,1.0,overlap,0.0,-49.69262866360326,False,False
single_omission,2,1;3;4;5;6;7;8;9;10;11;12;13;14;15;16;17;18;19;20;21;22;23;24;25;26;27;28;29;30;31;32,31,2,0.06451612903225806,1,6,91.87441932759103,1.0,1.0,0.48626551462919215,1.0,overlap,0.0,-51.37344853708079,8.458805932267115,0.895393058749349,0.895393058749349,0.33291104887134926,0.895393058749349,overlap,0.0,-56.248200987799976,46.28813422162438,0.9279056591293888,0.9279056591293888,0.5752025476511379,0.9279056591293888,overlap,0.0,-35.2703111478251,False,False
single_omission,2,1;3;4;5;6;7;8;9;10;11;12;13;14;15;16;17;18;19;20;21;22;23;24;25;26;27;28;29;30;31;32,31,3,0.0967741935483871,1,4,130.19004906962442,0.9545118195390997,0.9545118195390997,0.6641752291887724,0.883497381694865,M,7.101443784423466,-29.033659035032734,11.750281508022889,0.8244340224157465,0.8244340224157465,0.4813059670685486,0.7907727272966668,M,3.366129511907967,-34.312805534719786,63.99106770925966,0.8005949538340016,0.8005949538340016,0.6927214657416487,0.888786934979364,overlap,-8.819198114536242,-10.787348809235286,False,False
single_omission,2,1;3;4;5;6;7;8;9;10;11;12;13;14;15;16;17;18;19;20;21;22;23;24;25;26;27;28;29;30;31;32,31,4,0.12903225806451613,1,1,168.04362644067265,0.9298885643912301,0.9298885643912301,0.8125853030872837,0.8125853030872837,M,11.73032613039464,-11.73032613039464,14.938244919639779,0.8585846313692524,0.8585846313692524,0.6955292357343792,0.6955292357343792,M,16.305539563487326,-16.305539563487326,80.83647633410888,0.7197279928214506,0.7197279928214506,0.8607014751300409,0.8607014751300409,P,-14.09734823085903,14.09734823085903,True,True
single_omission,2,1;3;4;5;6;7;8;9;10;11;12;13;14;15;16;17;18;19;20;21;22;23;24;25;26;27;28;29;30;31;32,31,5,0.16129032258064516,1,1,205.85002444648904,0.9380530806290747,0.9380530806290747,0.820710625967587,0.820710625967587,M,11.734245466148764,-11.734245466148764,18.07666057909563,0.885877723331716,0.885877723331716,0.6916853778704103,0.6916853778704103,M,19.41923454613057,-19.41923454613057,97.09275755754385,0.6776020548786328,0.6776020548786328,0.8018721538796193,0.8018721538796193,P,-12.427009900098652,12.427009900098652,True,True
single_omission,2,1;3;4;5;6;7;8;9;10;11;12;13;14;15;16;17;18;19;20;21;22;23;24;25;26;27;28;29;30;31;32,31,6,0.1935483870967742,1,4,242.98318475792843,0.9502906458957402,0.9502906458957402,0.8224872876842297,0.8510748593405361,M,9.921578655520413,-12.780335821151045,21.21047260073179,0.882316185861755,0.882316185861755,0.6891950800637189,0.7292566388205973,M,15.305954704115765,-19.31211057980361,111.01616079812769,0.6611751346741738,0.6611751346741738,0.7811627205104437,0.853041454260286,P,-19.186631958611223,11.998758583626989,True,True
single_omission,2,1;3;4;5;6;7;8;9;10;11;12;13;14;15;16;17;18;19;20;21;22;23;24;25;26;27;28;29;30;31;32,31,7,0.22580645161290322,1,6,280.0965868197841,0.9384436206051234,0.9384436206051234,0.8257370799065263,0.8591716492835113,M,7.927197132161212,-11.27065406985971,24.267852588421107,0.8846132749265279,0.8846132749265279,0.7073460832560534,0.7431173386444082,M,14.149593628211965,-17.726719167047445,123.79283209946925,0.6508975180004481,0.6508975180004481,0.7737347617375117,0.8430497324085783,P,-19.215221440813014,12.28372437370635,True,True
single_omission,2,1;3;4;5;6;7;8;9;10;11;12;13;14;15;16;17;18;19;20;21;22;23;24;25;26;27;28;29;30;31;32,31,8,0.25806451612903225,1,4,316.9329898533702,0.9202885135251216,0.9202885135251216,0.8365815893185743,0.8584988381627496,M,6.1789675362372005,-8.370692420654734,27.321430037959388,0.847718805658017,0.847718805658017,0.7222079709428331,0.7533090001779353,M,9.44098054800817,-12.551083471518398,136.49448158918156,0.6433936998642809,0.6433936998642809,0.7725216649314057,0.8309833768704674,P,-18.758967700618655,12.912796506712487,True,True
single_omission,2,1;3;4;5;6;7;8;9;10;11;12;13;14;15;16;17;18;19;20;21;22;23;24;25;26;27;28;29;30;31;32,31,9,0.2903225806451613,1,1,352.212544216894,0.9242259031678274,0.9242259031678274,0.8602586327631857,0.8602586327631857,M,6.396727040464167,-6.396727040464167,30.285946191278512,0.8345680019365033,0.8345680019365033,0.7493994264186544,0.7493994264186544,M,8.516857551784884,-8.516857551784884,148.62370369974653,0.7042288379316456,0.7042288379316456,0.8228186335816728,0.8228186335816728,P,-11.858979565002725,11.858979565002725,True,True
single_omission,2,1;3;4;5;6;7;8;9;10;11;12;13;14;15;16;17;18;19;20;21;22;23;24;25;26;27;28;29;30;31;32,31,10,0.3225806451612903,1,1,387.2469711103731,0.9217877492244745,0.9217877492244745,0.8516864769878132,0.8516864769878132,M,7.01012722366613,-7.01012722366613,33.2422460070336,0.8369861262963104,0.8369861262963104,0.7487796736608514,0.7487796736608514,M,8.8206452635459,-8.8206452635459,158.95278707738726,0.7142423092663822,0.7142423092663822,0.8021655847036978,0.8021655847036978,P,-8.79232754373156,8.79232754373156,True,True
single_omission,2,1;3;4;5;6;7;8;9;10;11;12;13;14;15;16;17;18;19;20;21;22;23;24;25;26;27;28;29;30;31;32,31,11,0.3548387096774194,1,1,421.10113777703987,0.9375730812532633,0.9375730812532633,0.8669949571735052,0.8669949571735052,M,7.057812407975817,-7.057812407975817,36.18221176020801,0.8509102503787396,0.8509102503787396,0.7789074332832912,0.7789074332832912,M,7.200281709544843,-7.200281709544843,168.6149137993163,0.7306170590285541,0.7306170590285541,0.8065024124518448,0.8065024124518448,P,-7.588535342329072,7.588535342329072,True,True
single_omission,2,1;3;4;5;6;7;8;9;10;11;12;13;14;15;16;17;18;19;20;21;22;23;24;25;26;27;28;29;30;31;32,31,12,0.3870967741935484,2,1,454.494639582094,0.9391012957926002,0.9421598315519466,0.8735917562123018,0.8735917562123018,M,6.550953958029837,-6.856807533964481,39.021662409644414,0.8522043998222563,0.8672462993096208,0.7927882373684991,0.7927882373684991,M,5.941616245375714,-7.44580619411217,177.90464530037224,0.7244618402233203,0.7392235225899031,0.8047212966579456,0.8047212966579456,P,-8.025945643462528,6.549777406804247,True,True
single_omission,2,1;3;4;5;6;7;8;9;10;11;12;13;14;15;16;17;18;19;20;21;22;23;24;25;26;27;28;29;30;31;32,31,13,0.41935483870967744,1,1,487.3973444670354,0.9442193561202614,0.9442193561202614,0.8802605947174944,0.8802605947174944,M,6.395876140276702,-6.395876140276702,41.77498367791889,0.8691328313458423,0.8691328313458423,0.8156635292330998,0.8156635292330998,M,5.346930211274248,-5.346930211274248,186.96577655997658,0.7338428208555596,0.7338428208555596,0.8028902859644821,0.8028902859644821,P,-6.904746510892245,6.904746510892245,True,True
single_omission,2,1;3;4;5;6;7;8;9;10;11;12;13;14;15;16;17;18;19;20;21;22;23;24;25;26;27;28;29;30;31;32,31,14,0.45161290322580644,1,5,519.7908657627763,0.9436267580908079,0.9436267580908079,0.8836539257145337,0.8981363564844859,M,4.549040160632201,-5.997283237627416,44.47561604407241,0.9000956899256964,0.9000956899256964,0.8113502591994614,0.8498731315508758,M,5.022255837482059,-8.874543072623508,195.8314841208875,0.7434104356263921,0.7434104356263921,0.8054015608979699,0.8495533176296909,P,-10.61428820032988,6.19911252715778,True,True
single_omission,2,1;3;4;5;6;7;8;9;10;11;12;13;14;15;16;17;18;19;20;21;22;23;24;25;26;27;28;29;30;31;32,31,15,0.4838709677419355,1,10,551.9856046712961,0.9469147456566686,0.9469147456566686,0.8884308744512184,0.9129884404722021,M,3.3926305184466488,-5.848387120545018,47.169265115261666,0.8829018340396302,0.8829018340396302,0.8222713429346635,0.8689258651050265,M,1.3975968934603733,-6.0630491104966655,204.31336348918123,0.7719142220405373,0.7719142220405373,0.8092170438208792,0.8648400055253522,P,-9.292578348481495,3.7302821780341944,True,True
single_omission,2,1;3;4;5;6;7;8;9;10;11;12;13;14;15;16;17;18;19;20;21;22;23;24;25;26;27;28;29;30;31;32,31,16,0.5161290322580645,1,10,583.9890183687572,0.9346604806478537,0.9346604806478537,0.9028208406194181,0.9260326177299056,M,0.8627862917948037,-3.1839640028435534,49.735249188777935,0.8594309930144644,0.8594309930144644,0.8389603230168726,0.8832078046516133,overlap,-2.3776811637148954,-2.047066999759173,212.69303953462958,0.8069647913554587,0.8069647913554587,0.8167335068479344,0.8701650362385354,P,-6.320024488307663,0.976871549247571,False,True
single_omission,2,1;3;4;5;6;7;8;9;10;11;12;13;14;15;16;17;18;19;20;21;22;23;24;25;26;27;28;29;30;31;32,31,17,0.5483870967741935,1,5,615.9829242914386,0.9326767687785902,0.9326767687785902,0.9161793879062722,0.9284002384061819,M,0.42765303724082715,-1.6497380872318002,52.28286630398221,0.869073692424198,0.869073692424198,0.8590551228622625,0.8918254853296669,overlap,-2.2751792905468915,-1.0018569561935475,221.01140569026836,0.7999083192427621,0.7999083192427621,0.8327290388661102,0.8718505675506272,P,-7.194224830786511,3.2820719623348094,False,True
single_omission,2,1;3;4;5;6;7;8;9;10;11;12;13;14;15;16;17;18;19;20;21;22;23;24;25;26;27;28;29;30;31;32,31,18,0.5806451612903226,1,1,647.9331317603182,0.9199100152187504,0.9199100152187504,0.9293509268586232,0.9293509268586232,P,-0.9440911639872818,0.9440911639872818,54.74948382972475,0.8612959686254386,0.8612959686254386,0.8883766786235094,0.8883766786235094,P,-2.7080709998070884,2.7080709998070884,229.2913098939656,0.8264181997849104,0.8264181997849104,0.8735564237256404,0.8735564237256404,P,-4.713822394072997,4.713822394072997,False,False
single_omission,2,1;3;4;5;6;7;8;9;10;11;12;13;14;15;16;17;18;19;20;21;22;23;24;25;26;27;28;29;30;31;32,31,19,0.6129032258064516,1,1,679.3686888682471,0.9292741066910214,0.9292741066910214,0.9309996102867157,0.9309996102867157,P,-0.17255035956943443,0.17255035956943443,57.18444516162242,0.882180200228248,0.882180200228248,0.8893512407527535,0.8893512407527535,P,-0.7171040524505568,0.7171040524505568,237.13687478962333,0.8348443956378382,0.8348443956378382,0.8727262464417405,0.8727262464417405,P,-3.7881850803902273,3.7881850803902273,False,False
single_omission,2,1;3;4;5;6;7;8;9;10;11;12;13;14;15;16;17;18;19;20;21;22;23;24;25;26;27;28;29;30;31;32,31,20,0.6451612903225806,2,1,710.4545032290176,0.932117407402685,0.9408528350312596,0.9306345282092165,0.9306345282092165,M,0.1482879193468456,-1.0218306822043055,59.40333781686669,0.8830809714661199,0.8924240843093731,0.9014763866051818,0.9014763866051818,P,-1.8395415139061955,0.9052302295808667,244.74774782151053,0.8459057295504856,0.8510863783177262,0.8666418559696877,0.8666418559696877,P,-2.0736126419202083,1.5555477651961525,False,True
single_omission,2,1;3;4;5;6;7;8;9;10;11;12;13;14;15;16;17;18;19;20;21;22;23;24;25;26;27;28;29;30;31;32,31,21,0.6774193548387096,1,4,741.3617813945211,0.9433186727993614,0.9433186727993614,0.9307040689279918,0.9419242659428116,M,0.13944068565497902,-1.261460387136959,61.5981852294767,0.8932721172901421,0.8932721172901421,0.8968434964212312,0.9173485539010752,P,-2.407643661093306,0.35713791310890697,252.35772499762828,0.8613273303065191,0.8613273303065191,0.8630638777103298,0.8715968861827388,P,-1.0269555876219694,0.17365474038106843,False,True
single_omission,2,1;3;4;5;6;7;8;9;10;11;12;13;14;15;16;17;18;19;20;21;22;23;24;25;26;27;28;29;30;31;32,31,22,0.7096774193548387,2,6,771.6965094279939,0.9455467671657365,0.9558887884280538,0.9355903925549821,0.9502972602210479,overlap,-0.4750493055311389,-2.0298395873071695,63.7795681345838,0.8945628746373899,0.8975105299493233,0.904347502394398,0.9246475853284392,P,-3.0084710691049232,0.683697244507464,259.66260899332127,0.8627321599696653,0.918124686851003,0.8666788026971113,0.8752091500152452,overlap,-1.2476990045579894,-5.1445884153891726,False,False
single_omission,2,1;3;4;5;6;7;8;9;10;11;12;13;14;15;16;17;18;19;20;21;22;23;24;25;26;27;28;29;30;31;32,31,23,0.7419354838709677,1,4,801.9750722055475,0.9576242405548472,0.9576242405548472,0.9439523662507284,0.9543245405673542,M,0.3299699987493021,-1.3671874304118758,65.91407525487837,0.899257499094807,0.899257499094807,0.9124835695483006,0.9316460067652441,P,-3.2388507670437106,1.3226070453493555,266.905851354251,0.918148958860348,0.918148958860348,0.8705277980393448,0.8785957013638941,M,3.9553257496453886,-4.76211608210032,False,False
single_omission,2,1;3;4;5;6;7;8;9;10;11;12;13;14;15;16;17;18;19;20;21;22;23;24;25;26;27;28;29;30;31;32,31,24,0.7741935483870968,1,1,830.7900072704825,0.9691064200704441,0.9691064200704441,0.9559087380012362,0.9559087380012362,M,1.3197682069207906,-1.3197682069207906,68.02886681384211,0.9070956300008568,0.9070956300008568,0.9275740350118874,0.9275740350118874,P,-2.04784050110306,2.04784050110306,274.10201229282296,0.9206944940657089,0.9206944940657089,0.8762961130773856,0.8762961130773856,M,4.439838098832327,-4.439838098832327,False,False
single_omission,2,1;3;4;5;6;7;8;9;10;11;12;13;14;15;16;17;18;19;20;21;22;23;24;25;26;27;28;29;30;31;32,31,25,0.8064516129032258,1,1,859.4715141197975,0.9679704829395451,0.9679704829395451,0.9685894685975172,0.9685894685975172,P,-0.061898565797202654,0.061898565797202654,70.142242544959,0.9110563462865665,0.9110563462865665,0.9285802762649529,0.9285802762649529,P,-1.7523929978386366,1.7523929978386366,281.2773343859019,0.9157521230170816,0.9157521230170816,0.9287437771824167,0.9287437771824167,P,-1.2991654165335098,1.2991654165335098,False,False
single_omission,2,1;3;4;5;6;7;8;9;10;11;12;13;14;15;16;17;18;19;20;21;22;23;24;25;26;27;28;29;30;31;32,31,26,0.8387096774193549,2,1,886.2906409389244,0.9737537903388122,0.9782090021511874,0.9660146598564726,0.9660146598564726,M,0.773913048233954,-1.2194342294714833,72.17313501739854,0.9261548767476593,0.9263811945122505,0.9448125390630783,0.9448125390630783,P,-1.8657662315418988,1.8431344550827733,288.2266833461256,0.9208928123333688,0.9500737203261136,0.9385817521605139,0.9385817521605139,overlap,-1.7688939827145034,-1.149196816559972,False,False
single_omission,2,1;3;4;5;6;7;8;9;10;11;12;13;14;15;16;17;18;19;20;21;22;23;24;25;26;27;28;29;30;31;32,31,27,0.8709677419354839,1,1,912.5713493754128,0.984102008532516,0.984102008532516,0.9734740100674095,0.9734740100674095,M,1.0627998465106425,-1.0627998465106425,74.18410700242595,0.9408996563105281,0.9408996563105281,0.9409509144344668,0.9409509144344668,P,-0.005125812393869111,0.005125812393869111,294.88336131185844,0.9552324722101585,0.9552324722101585,0.9585265385185993,0.9585265385185993,P,-0.32940663084407573,0.32940663084407573,False,True
single_omission,2,1;3;4;5;6;7;8;9;10;11;12;13;14;15;16;17;18;19;20;21;22;23;24;25;26;27;28;29;30;31;32,31,28,0.9032258064516129,1,1,936.2660442800048,0.994339171458934,0.994339171458934,0.983980142676767,0.983980142676767,M,1.035902878216699,-1.035902878216699,75.90195303996899,0.9608924392962097,0.9608924392962097,0.9609425373239776,0.9609425373239776,P,-0.005009802776789751,0.005009802776789751,301.533171955853,0.9580316530495493,0.9580316530495493,0.9612530742255895,0.9612530742255895,P,-0.32214211760401845,0.32214211760401845,False,True
single_omission,2,1;3;4;5;6;7;8;9;10;11;12;13;14;15;16;17;18;19;20;21;22;23;24;25;26;27;28;29;30;31;32,31,29,0.9354838709677419,1,2,959.4141924281529,0.9977408284406704,0.9977408284406704,0.9827875063467318,0.9876317358537494,M,1.0109092586920942,-1.4953322093938515,77.59517852693958,0.9674327883420551,0.9674327883420551,0.9674817931671387,0.9680859000936567,P,-0.06531117516015428,0.0049004825083520664,307.2253662460281,0.9619262153811661,0.9619262153811661,0.9650879508761424,0.9850305120396646,P,-2.3104296658498558,0.31617354949763365,False,True
single_omission,2,1;3;4;5;6;7;8;9;10;11;12;13;14;15;16;17;18;19;20;21;22;23;24;25;26;27;28;29;30;31;32,31,30,0.967741935483871,1,1,981.0472783242293,0.9998920824194976,0.9998920824194976,0.9879044686022854,0.9879044686022854,M,1.198761381721214,-1.198761381721214,79.20869889944595,0.9863247471225979,0.9863247471225979,0.9753133991702926,0.9753133991702926,M,1.1011347952305295,-1.1011347952305295,312.4414688361699,0.9755998986262064,0.9755998986262064,0.9898691477188756,0.9898691477188756,P,-1.4269249092669134,1.4269249092669134,True,True
single_omission,3,1;2;4;5;6;7;8;9;10;11;12;13;14;15;16;17;18;19;20;21;22;23;24;25;26;27;28;29;30;31;32,31,1,0.03225806451612903,1,5,50.080775444264944,0.8345246956057693,0.8345246956057693,0.4298498467021304,1.0,overlap,-16.547530439423074,-40.467484890363885,4.7345054676233875,0.5997354251365439,0.5997354251365439,0.2319532472983795,1.0,overlap,-40.02645748634561,-36.77821778381644,25.248088207150722,1.0,1.0,0.5030737133639674,1.0,overlap,0.0,-49.69262866360326,False,False
single_omission,3,1;2;4;5;6;7;8;9;10;11;12;13;14;15;16;17;18;19;20;21;22;23;24;25;26;27;28;29;30;31;32,31,2,0.06451612903225806,1,10,91.87441932759103,1.0,1.0,0.48626551462919215,1.0,overlap,0.0,-51.37344853708079,8.458805932267115,0.895393058749349,0.895393058749349,0.33291104887134926,0.9378489406806406,overlap,-4.245588193129157,-56.248200987799976,46.98200691419579,0.9142015106597794,0.9142015106597794,0.5667074371455023,1.0,overlap,-8.57984893402206,-34.749407351427706,False,False
single_omission,3,1;2;4;5;6;7;8;9;10;11;12;13;14;15;16;17;18;19;20;21;22;23;24;25;26;27;28;29;30;31;32,31,3,0.0967741935483871,1,10,130.19004906962442,0.9545118195390997,0.9545118195390997,0.6354195496025693,0.9979592204092079,overlap,-4.344740087010823,-31.90922699365304,11.750281508022889,0.8244340224157465,0.8244340224157465,0.4813059670685486,0.916789340330352,overlap,-9.235531791460549,-34.312805534719786,68.02205292866945,0.7531517161383814,0.7531517161383814,0.6516708083541006,0.9509407260857325,overlap,-19.778900994735118,-10.148090778428076,False,False
single_omission,3,1;2;4;5;6;7;8;9;10;11;12;13;14;15;16;17;18;19;20;21;22;23;24;25;26;27;28;29;30;31;32,31,4,0.12903225806451613,1,5,168.2399896165923,0.9288032346062525,0.9288032346062525,0.7401269252907918,0.9098461570970676,M,1.895707750918485,-18.867630931546064,14.948858223399332,0.8579750584266351,0.8579750584266351,0.5922898717484588,0.8355406602511088,M,2.2434398175526282,-26.56851866781763,85.72498641630473,0.6786851452640312,0.6786851452640312,0.7706260179985477,0.9169828649569054,P,-23.829771969287417,9.194087273451645,True,True
single_omission,3,1;2;4;5;6;7;8;9;10;11;12;13;14;15;16;17;18;19;20;21;22;23;24;25;26;27;28;29;30;31;32,31,5,0.16129032258064516,1,1,206.09356698764054,0.936944575233537,0.936944575233537,0.8471866648832321,0.8471866648832321,M,8.97579103503049,-8.97579103503049,18.136821635016226,0.8829392074040259,0.8829392074040259,0.7492251432473391,0.7492251432473391,M,13.371406415668673,-13.371406415668673,101.98126763973968,0.6451209477728409,0.6451209477728409,0.8953604445739001,0.8953604445739001,P,-25.02394968010592,25.02394968010592,True,True
single_omission,3,1;2;4;5;6;7;8;9;10;11;12;13;14;15;16;17;18;19;20;21;22;23;24;25;26;27;28;29;30;31;32,31,6,0.1935483870967742,1,1,243.89996499345688,0.9467186581663112,0.9467186581663112,0.84868090477767,0.84868090477767,M,9.803775338864117,-9.803775338864117,21.275237294472078,0.8796302963100422,0.8796302963100422,0.7380382320221252,0.7380382320221252,M,14.159206428791704,-14.159206428791704,115.90467088032355,0.6332887579871699,0.6332887579871699,0.8592397232951482,0.8592397232951482,P,-22.595096530797832,22.595096530797832,True,True
single_omission,3,1;2;4;5;6;7;8;9;10;11;12;13;14;15;16;17;18;19;20;21;22;23;24;25;26;27;28;29;30;31;32,31,7,0.22580645161290322,1,3,281.0331253048963,0.9353162719487995,0.9353162719487995,0.8465212806258738,0.871238292892697,M,6.407797905610247,-8.879499132292567,24.409049316108238,0.8794961358659011,0.8794961358659011,0.7476553223162292,0.7647350140615247,M,11.476112180437648,-13.184081354967192,128.6813421816651,0.626170397306219,0.626170397306219,0.8428230779845599,0.84901215829345,P,-22.284176098723098,21.665268067834088,True,True
single_omission,3,1;2;4;5;6;7;8;9;10;11;12;13;14;15;16;17;18;19;20;21;22;23;24;25;26;27;28;29;30;31;32,31,8,0.25806451612903225,1,3,318.14652736675197,0.916778166756478,0.916778166756478,0.8465787147468589,0.8684123624784189,M,4.836580427805915,-7.019945200961919,27.466429303797547,0.8432435750738719,0.8432435750738719,0.7578538687045834,0.7730323629130463,M,7.02112121608256,-8.538970636928855,141.3829916713774,0.6211474837429073,0.6211474837429073,0.8311942954884483,0.8368273575109951,P,-21.567987376808784,21.004681174554097,True,True
single_omission,3,1;2;4;5;6;7;8;9;10;11;12;13;14;15;16;17;18;19;20;21;22;23;24;25;26;27;28;29;30;31;32,31,9,0.2903225806451613,1,1,354.9829304003381,0.9101996731582886,0.9101996731582886,0.865364583203849,0.865364583203849,M,4.483508995443963,-4.483508995443963,30.520006753335828,0.8423493272340892,0.8423493272340892,0.7791628636551297,0.7791628636551297,M,6.318646357895952,-6.318646357895952,153.5122137819424,0.6298221796147695,0.6298221796147695,0.8284608745133524,0.8284608745133524,P,-19.86386948985829,19.86386948985829,True,True
single_omission,3,1;2;4;5;6;7;8;9;10;11;12;13;14;15;16;17;18;19;20;21;22;23;24;25;26;27;28;29;30;31;32,31,10,0.3225806451612903,1,1,390.2624847638619,0.92491320249912,0.92491320249912,0.8558567514671485,0.8558567514671485,M,6.9056451031971555,-6.9056451031971555,33.48452290665496,0.8563067596663512,0.8563067596663512,0.775728635755793,0.775728635755793,M,8.057812391055819,-8.057812391055819,163.84129715958312,0.6490886342286271,0.6490886342286271,0.8080683427417967,0.8080683427417967,P,-15.897970851316966,15.897970851316966,True,True
single_omission,3,1;2;4;5;6;7;8;9;10;11;12;13;14;15;16;17;18;19;20;21;22;23;24;25;26;27;28;29;30;31;32,31,11,0.3548387096774194,1,1,425.296911657341,0.9381889550767637,0.9381889550767637,0.8683071206746815,0.8683071206746815,M,6.988183440208218,-6.988183440208218,36.44082272241005,0.8746125263782191,0.8746125263782191,0.8031206943928534,0.8031206943928534,M,7.149183198536568,-7.149183198536568,173.50342388151213,0.7382070027509893,0.7382070027509893,0.8119542639856551,0.8119542639856551,P,-7.37472612346658,7.37472612346658,True,True
single_omission,3,1;2;4;5;6;7;8;9;10;11;12;13;14;15;16;17;18;19;20;21;22;23;24;25;26;27;28;29;30;31;32,31,12,0.3870967741935484,2,1,458.69041346239516,0.9396583538538945,0.9426889123020211,0.8747480489796515,0.8747480489796515,M,6.491030487424299,-6.79408633223696,39.38078847558445,0.8719535306302876,0.8868582582022012,0.8130792032565595,0.8130792032565595,M,5.88743273737281,-7.377905494564175,182.7931553825681,0.7318306668584252,0.7461975716802572,0.8099437127168391,0.8099437127168391,P,-7.811304585841383,6.374614103658183,True,True
single_omission,3,1;2;4;5;6;7;8;9;10;11;12;13;14;15;16;17;18;19;20;21;22;23;24;25;26;27;28;29;30;31;32,31,13,0.41935483870967744,1,1,491.59311834733666,0.9446954469357793,0.9446954469357793,0.8812825770243584,0.8812825770243584,M,6.341286991142092,-6.341286991142092,42.22023912502085,0.8856367414003891,0.8856367414003891,0.8327313275675766,0.8327313275675766,M,5.290541383281244,-5.290541383281244,191.85428664217244,0.7406245929830864,0.7406245929830864,0.8079127060585326,0.8079127060585326,P,-6.728811307544625,6.728811307544625,True,True
single_omission,3,1;2;4;5;6;7;8;9;10;11;12;13;14;15;16;17;18;19;20;21;22;23;24;25;26;27;28;29;30;31;32,31,14,0.45161290322580644,1,5,523.9866396430775,0.9440781615390172,0.9440781615390172,0.8845855559940673,0.8989520200577134,M,4.512614148130389,-5.949260554494995,44.97356039329534,0.9142281621670765,0.9142281621670765,0.8264653151047328,0.8645616647073261,M,4.9666497459750385,-8.776284706234371,200.71999420308333,0.7496596420266152,0.7496596420266152,0.8101409812796155,0.8532174275581519,P,-10.355778553153671,6.048133925300037,True,True
single_omission,3,1;2;4;5;6;7;8;9;10;11;12;13;14;15;16;17;18;19;20;21;22;23;24;25;26;27;28;29;30;31;32,31,15,0.4838709677419355,1,10,556.1813785515974,0.9473152152376222,0.9473152152376222,0.8892725402114864,0.9136448465347382,M,3.367036870288398,-5.80426750261358,47.67419275944886,0.8962839927375574,0.8962839927375574,0.8362956522232469,0.8824560463002611,M,1.3827946437296346,-5.998834051431057,209.20187357137706,0.7772440004317424,0.7772440004317424,0.8136751511450213,0.8679983471999236,P,-9.075434676818128,3.643115071327896,True,True
single_omission,3,1;2;4;5;6;7;8;9;10;11;12;13;14;15;16;17;18;19;20;21;22;23;24;25;26;27;28;29;30;31;32,31,16,0.5161290322580645,1,10,588.1847922490584,0.9351265754062729,0.9351265754062729,0.9035140611582893,0.9265602587274506,M,0.8566316678822239,-3.1612514247983614,50.36784183063811,0.8701544112594091,0.8701544112594091,0.8499408417200419,0.8936325991012576,overlap,-2.347818784184852,-2.021356953936715,217.58154961682544,0.8113018069036037,0.8113018069036037,0.8208510439326748,0.8730821012676575,P,-6.178029436405385,0.9549237029071178,False,True
single_omission,3,1;2;4;5;6;7;8;9;10;11;12;13;14;15;16;17;18;19;20;21;22;23;24;25;26;27;28;29;30;31;32,31,17,0.5483870967741935,1,5,620.1786981717398,0.9331322392033707,0.9331322392033707,0.916746470161581,0.9288846413861885,M,0.42475978171822026,-1.6385769041789788,52.93382590415438,0.8788605023557172,0.8788605023557172,0.8689651372651183,0.9013325025622837,overlap,-2.247200020656648,-0.9895365090598962,225.89991577246423,0.8042383350172279,0.8042383350172279,0.8363488090513511,0.8746237416370993,P,-7.038540661987147,3.211047403412326,False,True
single_omission,3,1;2;4;5;6;7;8;9;10;11;12;13;14;15;16;17;18;19;20;21;22;23;24;25;26;27;28;29;30;31;32,31,18,0.5806451612903226,1,1,652.1289056406196,0.9204253112948976,0.9204253112948976,0.9298054804494699,0.9298054804494699,P,-0.9380169154572293,0.9380169154572293,55.48144301935866,0.8694671990857652,0.8694671990857652,0.8961906369318126,0.8961906369318126,P,-2.672343784604736,2.672343784604736,234.17981997616144,0.8300417245639609,0.8300417245639609,0.876195936803706,0.876195936803706,P,-4.615421223974514,4.615421223974514,False,False
single_omission,3,1;2;4;5;6;7;8;9;10;11;12;13;14;15;16;17;18;19;20;21;22;23;24;25;26;27;28;29;30;31;32,31,19,0.6129032258064516,1,1,683.5644627485482,0.9297082279363151,0.9297082279363151,0.9314231402515789,0.9314231402515789,P,-0.17149123152637724,0.17149123152637724,57.9480605451012,0.8892578967147216,0.8892578967147216,0.8963344402567817,0.8963344402567817,P,-0.707654354206011,0.707654354206011,242.02538487181917,0.8381802640529765,0.8381802640529765,0.8752969645000879,0.8752969645000879,P,-3.711670044711135,3.711670044711135,False,False
single_omission,3,1;2;4;5;6;7;8;9;10;11;12;13;14;15;16;17;18;19;20;21;22;23;24;25;26;27;28;29;30;31;32,31,20,0.6451612903225806,2,1,714.6502771093188,0.9325159520028481,0.9412000931767032,0.9310417789219873,0.9310417789219873,M,0.1474173080860841,-1.0158314254715917,60.38302187699887,0.8867019364007115,0.8958934619527027,0.9047988952116363,0.9047988952116363,P,-1.8096958810924768,0.8905433258933559,249.6362579037064,0.8489232855779102,0.8540024841233615,0.8692533461318522,0.8692533461318522,P,-2.033006055394204,1.5250862008490684,False,True
single_omission,3,1;2;4;5;6;7;8;9;10;11;12;13;14;15;16;17;18;19;20;21;22;23;24;25;26;27;28;29;30;31;32,31,21,0.6774193548387096,1,4,745.5575552748222,0.9436376582760517,0.9436376582760517,0.9310940456045691,0.9422510987222699,M,0.1386559553781863,-1.254361267148263,62.601914532243136,0.8962621497570876,0.8962621497570876,0.8997762670949563,0.9199525562423745,P,-2.3690406485286863,0.3514117337868661,257.24623507982415,0.8639625593263384,0.8639625593263384,0.8656661067156334,0.8740369604418868,P,-1.007440111554847,0.17035473892950126,False,True
single_omission,3,1;2;4;5;6;7;8;9;10;11;12;13;14;15;16;17;18;19;20;21;22;23;24;25;26;27;28;29;30;31;32,31,22,0.7096774193548387,2,6,775.8922833082951,0.9458412325921095,0.9561273275569041,0.9359386988268347,0.9505660365213543,overlap,-0.4724803929244792,-2.0188628730069436,64.79676194485315,0.8972457453892144,0.9001471277602151,0.9068767719091935,0.9268581796797125,P,-2.961243429049809,0.6729644148978364,264.55111907551714,0.8652686649078961,0.9196376205146765,0.8691423795644597,0.8775150987878231,overlap,-1.2246433879926966,-5.049524095021674,False,False
single_omission,3,1;2;4;5;6;7;8;9;10;11;12;13;14;15;16;17;18;19;20;21;22;23;24;25;26;27;28;29;30;31;32,31,23,0.7419354838709677,1,4,806.1708460858487,0.957844788228459,0.957844788228459,0.9442440701728929,0.9545622617657685,M,0.32825264626904493,-1.3600718055566063,66.97814484996024,0.9011523349962915,0.9011523349962915,0.9141682852760555,0.9330262923411057,P,-3.187395734481413,1.3015950279763988,271.7943614364469,0.9196211367147181,0.9196211367147181,0.8728564930177973,0.8807792865375081,M,3.884185017720998,-4.676464369692079,False,False
single_omission,3,1;2;4;5;6;7;8;9;10;11;12;13;14;15;16;17;18;19;20;21;22;23;24;25;26;27;28;29;30;31;32,31,24,0.7741935483870968,1,1,834.9857811507837,0.9692616592118326,0.9692616592118326,0.9561302950260624,0.9561302950260624,M,1.3131364185770211,-1.3131364185770211,69.11265197025482,0.9085525032982997,0.9085525032982997,0.9287097776516977,0.9287097776516977,P,-2.015727435339798,2.015727435339798,278.9905223750188,0.9220840959849178,0.9220840959849178,0.8784636694993029,0.8784636694993029,M,4.362042648561493,-4.362042648561493,False,False
single_omission,3,1;2;4;5;6;7;8;9;10;11;12;13;14;15;16;17;18;19;20;21;22;23;24;25;26;27;28;29;30;31;32,31,25,0.8064516129032258,1,1,863.6672880000987,0.9681260852333313,0.9681260852333313,0.9687420638029348,0.9687420638029348,P,-0.06159785696034925,0.06159785696034925,71.2260277013717,0.9124097253077281,0.9124097253077281,0.929667008727188,0.929667008727188,P,-1.7257283419459868,1.7257283419459868,286.16584446809776,0.9171913115296034,0.9171913115296034,0.9299610320379375,0.9299610320379375,P,-1.2769720508334026,1.2769720508334026,False,False
single_omission,3,1;2;4;5;6;7;8;9;10;11;12;13;14;15;16;17;18;19;20;21;22;23;24;25;26;27;28;29;30;31;32,31,26,0.8387096774193549,2,1,890.4864148192256,0.9738774566397469,0.9783116764852122,0.9661747912185175,0.9661747912185175,M,0.7702665421229438,-1.2136885266694764,73.25692017381124,0.9272473639593036,0.9274703335100563,0.9456289991441411,0.9456289991441411,P,-1.8381635184837486,1.8158665634084858,293.11519342832145,0.9222121444360805,0.9509063797276875,0.9396060720542814,0.9396060720542814,overlap,-1.739392761820091,-1.1300307673406174,False,False
single_omission,3,1;2;4;5;6;7;8;9;10;11;12;13;14;15;16;17;18;19;20;21;22;23;24;25;26;27;28;29;30;31;32,31,27,0.8709677419354839,1,1,916.767123255714,0.9841747689704248,0.9841747689704248,0.9735954117329852,0.9735954117329852,M,1.0579357237439524,-1.0579357237439524,75.26789215883863,0.9417506443399838,0.9417506443399838,0.9418011643963049,0.9418011643963049,P,-0.005052005632111278,0.005052005632111278,299.7718713940543,0.9559625157260423,0.9559625157260423,0.9592028642647494,0.9592028642647494,P,-0.32403485387071385,0.32403485387071385,False,True
single_omission,3,1;2;4;5;6;7;8;9;10;11;12;13;14;15;16;17;18;19;20;21;22;23;24;25;26;27;28;29;30;31;32,31,28,0.9032258064516129,1,1,940.461818160306,0.9943644266644881,0.9943644266644881,0.9840516136260656,0.9840516136260656,M,1.0312813038422464,-1.0312813038422464,76.98573819638169,0.9614429853426234,0.9614429853426234,0.9614923781034143,0.9614923781034143,P,-0.004939276079085619,0.004939276079085619,306.42168203804886,0.9587011966857429,0.9587011966857429,0.9618712247952309,0.9618712247952309,P,-0.31700281094879657,0.31700281094879657,False,True
single_omission,3,1;2;4;5;6;7;8;9;10;11;12;13;14;15;16;17;18;19;20;21;22;23;24;25;26;27;28;29;30;31;32,31,29,0.9354838709677419,1,2,963.6099663084543,0.9977506653802527,0.9977506653802527,0.9828624534039542,0.9876855900493926,M,1.0065075330860096,-1.4888211976298527,78.67896368335228,0.9678813944106692,0.9678813944106692,0.9679297242052295,0.9685255096937265,P,-0.06441152830573005,0.004832979456026454,312.11387632822397,0.9625225492647027,0.9625225492647027,0.965634763809101,0.9852649729155484,P,-2.2742423650845667,0.3112214544398251,False,True
single_omission,3,1;2;4;5;6;7;8;9;10;11;12;13;14;15;16;17;18;19;20;21;22;23;24;25;26;27;28;29;30;31;32,31,30,0.967741935483871,1,1,985.2430522045307,0.9998925419992574,0.9998925419992574,0.987955978851044,0.987955978851044,M,1.1936563148213342,-1.1936563148213342,80.29248405585862,0.9865093352101755,0.9865093352101755,0.975646618049446,0.975646618049446,M,1.0862717160729507,-1.0862717160729507,317.3299789183658,0.975975785398641,0.975975785398641,0.9900252148313694,0.9900252148313694,P,-1.4049429432728355,1.4049429432728355,True,True
single_omission,4,1;2;3;5;6;7;8;9;10;11;12;13;14;15;16;17;18;19;20;21;22;23;24;25;26;27;28;29;30;31;32,31,1,0.03225806451612903,1,5,50.080775444264944,0.8345246956057693,0.8345246956057693,0.4298498467021304,1.0,overlap,-16.547530439423074,-40.467484890363885,4.7345054676233875,0.5997354251365439,0.5997354251365439,0.2319532472983795,1.0,overlap,-40.02645748634561,-36.77821778381644,25.248088207150722,1.0,1.0,0.5030737133639674,1.0,overlap,0.0,-49.69262866360326,False,False
single_omission,4,1;2;3;5;6;7;8;9;10;11;12;13;14;15;16;17;18;19;20;21;22;23;24;25;26;27;28;29;30;31;32,31,2,0.06451612903225806,1,10,91.87441932759103,1.0,1.0,0.48626551462919215,1.0,overlap,0.0,-51.37344853708079,8.458805932267115,0.895393058749349,0.895393058749349,0.33291104887134926,0.9378489406806406,overlap,-4.245588193129157,-56.248200987799976,46.98200691419579,0.9142015106597794,0.9142015106597794,0.5667074371455023,1.0,overlap,-8.57984893402206,-34.749407351427706,False,False
single_omission,4,1;2;3;5;6;7;8;9;10;11;12;13;14;15;16;17;18;19;20;21;22;23;24;25;26;27;28;29;30;31;32,31,3,0.0967741935483871,1,10,130.19004906962442,0.9545118195390997,0.9545118195390997,0.6354195496025693,0.9979592204092079,overlap,-4.344740087010823,-31.90922699365304,11.750281508022889,0.8244340224157465,0.8244340224157465,0.4813059670685486,0.916789340330352,overlap,-9.235531791460549,-34.312805534719786,68.02205292866945,0.7531517161383814,0.7531517161383814,0.6516708083541006,0.9509407260857325,overlap,-19.778900994735118,-10.148090778428076,False,False
single_omission,4,1;2;3;5;6;7;8;9;10;11;12;13;14;15;16;17;18;19;20;21;22;23;24;25;26;27;28;29;30;31;32,31,4,0.12903225806451613,1,5,168.2399896165923,0.9288032346062525,0.9288032346062525,0.7401269252907918,0.9098461570970676,M,1.895707750918485,-18.867630931546064,14.948858223399332,0.8579750584266351,0.8579750584266351,0.5922898717484588,0.8355406602511088,M,2.2434398175526282,-26.56851866781763,85.72498641630473,0.6786851452640312,0.6786851452640312,0.7706260179985477,0.9169828649569054,P,-23.829771969287417,9.194087273451645,True,True
single_omission,4,1;2;3;5;6;7;8;9;10;11;12;13;14;15;16;17;18;19;20;21;22;23;24;25;26;27;28;29;30;31;32,31,5,0.16129032258064516,1,1,206.09356698764054,0.936944575233537,0.936944575233537,0.8471866648832321,0.8471866648832321,M,8.97579103503049,-8.97579103503049,18.136821635016226,0.8829392074040259,0.8829392074040259,0.7492251432473391,0.7492251432473391,M,13.371406415668673,-13.371406415668673,102.57039504115394,0.6414156054330086,0.6414156054330086,0.8902178167052125,0.8902178167052125,P,-24.88022112722039,24.88022112722039,True,True
single_omission,4,1;2;3;5;6;7;8;9;10;11;12;13;14;15;16;17;18;19;20;21;22;23;24;25;26;27;28;29;30;31;32,31,6,0.1935483870967742,1,1,243.89996499345688,0.9467186581663112,0.9467186581663112,0.84868090477767,0.84868090477767,M,9.803775338864117,-9.803775338864117,21.275237294472078,0.8796302963100422,0.8796302963100422,0.7380382320221252,0.7380382320221252,M,14.159206428791704,-14.159206428791704,116.49379828173778,0.6300861174531603,0.6300861174531603,0.8548944133057484,0.8548944133057484,P,-22.48082958525881,22.48082958525881,True,True
single_omission,4,1;2;3;5;6;7;8;9;10;11;12;13;14;15;16;17;18;19;20;21;22;23;24;25;26;27;28;29;30;31;32,31,7,0.22580645161290322,1,4,281.0331253048963,0.9353162719487995,0.9353162719487995,0.8465212806258738,0.871238292892697,M,6.407797905610247,-8.879499132292567,24.409049316108238,0.8794961358659011,0.8794961358659011,0.7299231464073994,0.7647350140615247,M,11.476112180437648,-14.957298945850173,129.27046958307935,0.6233167359851354,0.6233167359851354,0.8389820602224491,0.9007107836476388,P,-27.739404766250342,21.566532423731378,True,True
single_omission,4,1;2;3;5;6;7;8;9;10;11;12;13;14;15;16;17;18;19;20;21;22;23;24;25;26;27;28;29;30;31;32,31,8,0.25806451612903225,1,6,318.14652736675197,0.916778166756478,0.916778166756478,0.8465787147468589,0.8760145499948326,M,4.076361676164542,-7.019945200961919,27.466429303797547,0.8432435750738719,0.8432435750738719,0.7414268148068228,0.7730323629130463,M,7.02112121608256,-10.181676026704912,141.97211907279166,0.6185699705989016,0.6185699705989016,0.8277451722481282,0.8881844795029809,P,-26.961450890407924,20.917520164922653,True,True
single_omission,4,1;2;3;5;6;7;8;9;10;11;12;13;14;15;16;17;18;19;20;21;22;23;24;25;26;27;28;29;30;31;32,31,9,0.2903225806451613,1,4,354.9829304003381,0.9170129854378688,0.9170129854378688,0.8540980958269174,0.8736660767371853,M,4.334690870068347,-6.291488961095137,30.520006753335828,0.8281676280051653,0.8281676280051653,0.7513213038146326,0.7791628636551297,M,4.900476435003565,-7.684632419053273,154.10134118335662,0.6791965426247298,0.6791965426247298,0.8252936794816448,0.8770758444041662,P,-19.787930177943636,14.609713685691494,True,True
single_omission,4,1;2;3;5;6;7;8;9;10;11;12;13;14;15;16;17;18;19;20;21;22;23;24;25;26;27;28;29;30;31;32,31,10,0.3225806451612903,1,1,390.2624847638619,0.9146652005503764,0.9146652005503764,0.8738831827081543,0.8738831827081543,M,4.078201784222202,-4.078201784222202,33.48452290665496,0.8309301223248499,0.8309301223248499,0.7733378042104421,0.7733378042104421,M,5.759231811440779,-5.759231811440779,164.43042456099738,0.6904488996460936,0.6904488996460936,0.8758979482516052,0.8758979482516052,P,-18.54490486055116,18.54490486055116,True,True
single_omission,4,1;2;3;5;6;7;8;9;10;11;12;13;14;15;16;17;18;19;20;21;22;23;24;25;26;27;28;29;30;31;32,31,11,0.3548387096774194,1,1,425.296911657341,0.928323438151304,0.928323438151304,0.8649556086890842,0.8649556086890842,M,6.336782946221986,-6.336782946221986,36.44082272241005,0.844871563484256,0.844871563484256,0.7708304240618162,0.7708304240618162,M,7.404113942243972,-7.404113942243972,174.0925512829264,0.7076289681584523,0.7076289681584523,0.8572473261691819,0.8572473261691819,P,-14.961835801072954,14.961835801072954,True,True
single_omission,4,1;2;3;5;6;7;8;9;10;11;12;13;14;15;16;17;18;19;20;21;22;23;24;25;26;27;28;29;30;31;32,31,12,0.3870967741935484,1,1,459.15107832400776,0.9427464123396547,0.9427464123396547,0.8780171113421681,0.8780171113421681,M,6.472930099748664,-6.472930099748664,39.28027337184645,0.8652279800035928,0.8652279800035928,0.7989040735781785,0.7989040735781785,M,6.632390642541431,-6.632390642541431,183.38228278398236,0.7902990896136529,0.7902990896136529,0.8600735636350684,0.8600735636350684,P,-6.977447402141546,6.977447402141546,True,True
single_omission,4,1;2;3;5;6;7;8;9;10;11;12;13;14;15;16;17;18;19;20;21;22;23;24;25;26;27;28;29;30;31;32,31,13,0.41935483870967744,2,1,492.5445801290619,0.9438058284744374,0.9466280869332125,0.883357016769038,0.883357016769038,M,6.04488117053994,-6.327107016417455,42.033594640120924,0.8672351109000772,0.8811991777095215,0.812076434779285,0.812076434779285,M,5.515867612079218,-6.912274293023646,192.4434140435867,0.782666666844291,0.796313129512371,0.8568626594687447,0.8568626594687447,P,-7.4195992624453755,6.054952995637375,True,True
single_omission,4,1;2;3;5;6;7;8;9;10;11;12;13;14;15;16;17;18;19;20;21;22;23;24;25;26;27;28;29;30;31;32,31,14,0.45161290322580644,1,1,525.4472850140033,0.9482586769880799,0.9482586769880799,0.8889314497814941,0.8889314497814941,M,5.932722720658578,-5.932722720658578,44.734227006274445,0.8831400295181412,0.8831400295181412,0.8332078104431087,0.8332078104431087,M,4.993221907503253,-4.993221907503253,201.3091216044976,0.7895191748614615,0.7895191748614615,0.8536469840272594,0.8536469840272594,P,-6.412780916579786,6.412780916579786,True,True
single_omission,4,1;2;3;5;6;7;8;9;10;11;12;13;14;15;16;17;18;19;20;21;22;23;24;25;26;27;28;29;30;31;32,31,15,0.4838709677419355,1,4,557.8408063097443,0.9474719384340571,0.9474719384340571,0.8915898120092645,0.9050844060639042,M,4.238753237015292,-5.588212642479262,47.427876077463694,0.9115079695499626,0.9115079695499626,0.8282867075183415,0.8644116328010583,M,4.709633674890434,-8.322126203162107,209.79100097279132,0.7975417765818134,0.7975417765818134,0.8554080053903191,0.8683690294042884,P,-7.0827252822475035,5.786622880850578,True,True
single_omission,4,1;2;3;5;6;7;8;9;10;11;12;13;14;15;16;17;18;19;20;21;22;23;24;25;26;27;28;29;30;31;32,31,16,0.5161290322580645,1,6,590.035545218264,0.950338083094648,0.950338083094648,0.9053718661386365,0.9185996018569061,M,3.173848123774181,-4.496621695601144,49.99386015097996,0.8969982966010976,0.8969982966010976,0.8397933578273785,0.8838119536796246,M,1.3186342921473027,-5.720493877371913,218.1706770182397,0.8225042530453335,0.8225042530453335,0.8574377513950773,0.8734248183224654,P,-5.092056527713195,3.4933498349743797,True,True
single_omission,4,1;2;3;5;6;7;8;9;10;11;12;13;14;15;16;17;18;19;20;21;22;23;24;25;26;27;28;29;30;31;32,31,17,0.5483870967741935,1,4,622.0389589157252,0.9386572798693205,0.9386572798693205,0.918455309809053,0.9305571807937651,M,0.8100099075555312,-2.020197006026747,52.54147726618426,0.874406158790636,0.874406158790636,0.8597488584058859,0.8923579240196353,overlap,-1.7951765228999328,-1.4657300384750105,226.48904317387849,0.853770717859466,0.853770717859466,0.862944396909576,0.8749498615599587,P,-2.1179143700492675,0.9173679050110017,False,True
single_omission,4,1;2;3;5;6;7;8;9;10;11;12;13;14;15;16;17;18;19;20;21;22;23;24;25;26;27;28;29;30;31;32,31,18,0.5806451612903226,1,1,654.0328648384065,0.9365934602525533,0.9365934602525533,0.9313314597433212,0.9313314597433212,M,0.526200050923209,-0.526200050923209,55.00809479192679,0.884165150032373,0.884165150032373,0.8889014561976931,0.8889014561976931,P,-0.473630616532017,0.473630616532017,234.76894737757567,0.8456091956954869,0.8456091956954869,0.8765066097732365,0.8765066097732365,P,-3.0897414077749596,3.0897414077749596,False,True
single_omission,4,1;2;3;5;6;7;8;9;10;11;12;13;14;15;16;17;18;19;20;21;22;23;24;25;26;27;28;29;30;31;32,31,19,0.6129032258064516,1,1,685.9830723072861,0.9243524268209555,0.9243524268209555,0.9321747672471543,0.9321747672471543,P,-0.7822340426198782,0.7822340426198782,57.443056123824455,0.8765913553362925,0.8765913553362925,0.8898493859425518,0.8898493859425518,P,-1.3258030606259297,1.3258030606259297,242.6145122732334,0.8706174592641779,0.8706174592641779,0.875599773984006,0.875599773984006,P,-0.4982314719828129,0.4982314719828129,False,False
single_omission,4,1;2;3;5;6;7;8;9;10;11;12;13;14;15;16;17;18;19;20;21;22;23;24;25;26;27;28;29;30;31;32,31,20,0.6451612903225806,1,1,717.4186294152149,0.9330252164687693,0.9330252164687693,0.9313078727234367,0.9313078727234367,M,0.17173437453326112,-0.17173437453326112,59.66194877906873,0.8991587283990682,0.8991587283990682,0.9019034475205737,0.9019034475205737,P,-0.27447191215055344,0.27447191215055344,250.22538530512065,0.8780336549640145,0.8780336549640145,0.8695611743577656,0.8695611743577656,M,0.8472480606248944,-0.8472480606248944,False,False
single_omission,4,1;2;3;5;6;7;8;9;10;11;12;13;14;15;16;17;18;19;20;21;22;23;24;25;26;27;28;29;30;31;32,31,21,0.6774193548387096,2,4,748.3259075807183,0.9357914019552057,0.9440847455819367,0.9313489558726865,0.9424647346560197,overlap,-0.6673332700813939,-1.2735789709250156,61.85679619167874,0.8997642524284559,0.9087367845131927,0.8972747732459351,0.9176941031586993,overlap,-1.7929850730243335,-1.1462011267257655,257.8353624812384,0.8872616955344311,0.8921793767471028,0.8659730459062503,0.8743247730888991,M,1.2936922445532018,-2.6206330840852443,False,False
single_omission,4,1;2;3;5;6;7;8;9;10;11;12;13;14;15;16;17;18;19;20;21;22;23;24;25;26;27;28;29;30;31;32,31,22,0.7096774193548387,1,6,778.6606356141912,0.946998369391795,0.946998369391795,0.9361664543376568,0.9507417878313942,overlap,-0.3743418439599133,-1.0831915054138275,64.03817909678584,0.9091844721028883,0.9091844721028883,0.9047337842155195,0.9249518875546627,overlap,-1.5767415451774403,-0.44506878873687983,265.1402464769314,0.9017737874143585,0.9017737874143585,0.8694331381758239,0.8777872536663164,M,2.398653374804216,-3.2340649238534636,False,False
single_omission,4,1;2;3;5;6;7;8;9;10;11;12;13;14;15;16;17;18;19;20;21;22;23;24;25;26;27;28;29;30;31;32,31,23,0.7419354838709677,2,4,808.9391983917448,0.9490516491177678,0.9589175348659521,0.9444348781560036,0.9547177588261972,overlap,-0.5666109708429401,-1.4482656709948527,66.1726862170804,0.91054805197599,0.9133891060959329,0.9128255944770358,0.9319131425424259,overlap,-2.1365090566435874,-0.056351161889711676,272.38348883786114,0.9022323756690652,0.9550379554423044,0.8731314866460625,0.8810371442711636,M,2.119523139790158,-8.190646879624186,False,False
single_omission,4,1;2;3;5;6;7;8;9;10;11;12;13;14;15;16;17;18;19;20;21;22;23;24;25;26;27;28;29;30;31;32,31,24,0.7741935483870968,1,1,837.7541334566798,0.9621447126568005,0.9621447126568005,0.9562752621400085,0.9562752621400085,M,0.5869450516791996,-0.5869450516791996,68.28747777604416,0.9148427386512891,0.9148427386512891,0.9278483188059883,0.9278483188059883,P,-1.3005580154699214,1.3005580154699214,279.5796497764331,0.9542656214607452,0.9542656214607452,0.8787197696218351,0.8787197696218351,M,7.554585183891016,-7.554585183891016,False,False
single_omission,4,1;2;3;5;6;7;8;9;10;11;12;13;14;15;16;17;18;19;20;21;22;23;24;25;26;27;28;29;30;31;32,31,25,0.8064516129032258,1,1,866.435640305995,0.9731523394229069,0.9731523394229069,0.9688419361716637,0.9688419361716637,M,0.4310403251243211,-0.4310403251243211,70.40085350716105,0.9219670115152894,0.9219670115152894,0.9288426299518076,0.9288426299518076,P,-0.6875618436518183,0.6875618436518183,286.754971869512,0.9558618302252381,0.9558618302252381,0.9301049244870349,0.9301049244870349,M,2.5756905738203217,-2.5756905738203217,False,False
single_omission,4,1;2;3;5;6;7;8;9;10;11;12;13;14;15;16;17;18;19;20;21;22;23;24;25;26;27;28;29;30;31;32,31,26,0.8387096774193549,1,1,893.2547671251217,0.973958414957361,0.973958414957361,0.9662796214396077,0.9662796214396077,M,0.7678793517753357,-0.7678793517753357,72.43174597960058,0.9264185340448837,0.9264185340448837,0.9450095808737008,0.9450095808737008,P,-1.859104682881707,1.859104682881707,293.70432082973565,0.9510048542644441,0.9510048542644441,0.9397272133358648,0.9397272133358648,M,1.1277640928579302,-1.1277640928579302,False,False
single_omission,4,1;2;3;5;6;7;8;9;10;11;12;13;14;15;16;17;18;19;20;21;22;23;24;25;26;27;28;29;30;31;32,31,27,0.8709677419354839,1,1,919.53547556161,0.9842224123903649,0.9842224123903649,0.9736749053520548,0.9736749053520548,M,1.0547507038310089,-1.0547507038310089,74.44271796462799,0.9411049684910325,0.9411049684910325,0.9411560485463422,0.9411560485463422,P,-0.005108005530962689,0.005108005530962689,300.3609987954685,0.9560488907506934,0.9560488907506934,0.9592828836769144,0.9592828836769144,P,-0.3233992926220952,0.3233992926220952,False,True
single_omission,4,1;2;3;5;6;7;8;9;10;11;12;13;14;15;16;17;18;19;20;21;22;23;24;25;26;27;28;29;30;31;32,31,28,0.9032258064516129,1,1,943.2301704662021,0.9943809669034742,0.9943809669034742,0.9840984216625089,0.9840984216625089,M,1.028254524096528,-1.028254524096528,76.16056400217103,0.9610252330069116,0.9610252330069116,0.9610751609217166,0.9610751609217166,P,-0.0049927914805070195,0.0049927914805070195,307.0108094394631,0.9587804455458155,0.9587804455458155,0.9619443906433537,0.9619443906433537,P,-0.31639450975381456,0.31639450975381456,False,True
single_omission,4,1;2;3;5;6;7;8;9;10;11;12;13;14;15;16;17;18;19;20;21;22;23;24;25;26;27;28;29;30;31;32,31,29,0.9354838709677419,1,2,966.3783186143504,0.9977571089754382,0.9977571089754382,0.9829115467721753,0.9877208667360957,M,1.0036242239342519,-1.484556220326294,77.85378948914162,0.9675409685346749,0.9675409685346749,0.9675898105778941,0.9681919108111665,P,-0.06509422764916506,0.004884204321919938,312.70300372963817,0.9625931561757334,0.9625931561757334,0.9656995073582665,0.9852927334682535,P,-2.2699577292520146,0.3106351182533107,False,True
single_omission,4,1;2;3;5;6;7;8;9;10;11;12;13;14;15;16;17;18;19;20;21;22;23;24;25;26;27;28;29;30;31;32,31,30,0.967741935483871,1,1,988.0114045104266,0.9998928430905231,0.9998928430905231,0.9879897255199266,0.9879897255199266,M,1.1903117570596478,-1.1903117570596478,79.46730986164798,0.9863692505833433,0.9863692505833433,0.9753937369293687,0.9753937369293687,M,1.0975513653974645,-1.0975513653974645,317.91910631978004,0.9760203040288139,0.9760203040288139,0.9900436988392484,0.9900436988392484,P,-1.4023394810434464,1.4023394810434464,True,True
single_omission,5,1;2;3;4;6;7;8;9;10;11;12;13;14;15;16;17;18;19;20;21;22;23;24;25;26;27;28;29;30;31;32,31,1,0.03225806451612903,1,5,50.080775444264944,0.8345246956057693,0.8345246956057693,0.4298498467021304,1.0,overlap,-16.547530439423074,-40.467484890363885,4.7345054676233875,0.5997354251365439,0.5997354251365439,0.2319532472983795,1.0,overlap,-40.02645748634561,-36.77821778381644,25.248088207150722,1.0,1.0,0.5030737133639674,1.0,overlap,0.0,-49.69262866360326,False,False
single_omission,5,1;2;3;4;6;7;8;9;10;11;12;13;14;15;16;17;18;19;20;21;22;23;24;25;26;27;28;29;30;31;32,31,2,0.06451612903225806,1,10,91.87441932759103,1.0,1.0,0.48626551462919215,1.0,overlap,0.0,-51.37344853708079,8.458805932267115,0.895393058749349,0.895393058749349,0.33291104887134926,0.9378489406806406,overlap,-4.245588193129157,-56.248200987799976,46.98200691419579,0.9142015106597794,0.9142015106597794,0.5667074371455023,1.0,overlap,-8.57984893402206,-34.749407351427706,False,False
single_omission,5,1;2;3;4;6;7;8;9;10;11;12;13;14;15;16;17;18;19;20;21;22;23;24;25;26;27;28;29;30;31;32,31,3,0.0967741935483871,1,10,130.19004906962442,0.9545118195390997,0.9545118195390997,0.6354195496025693,0.9979592204092079,overlap,-4.344740087010823,-31.90922699365304,11.750281508022889,0.8244340224157465,0.8244340224157465,0.4813059670685486,0.916789340330352,overlap,-9.235531791460549,-34.312805534719786,68.02205292866945,0.7531517161383814,0.7531517161383814,0.6516708083541006,0.9509407260857325,overlap,-19.778900994735118,-10.148090778428076,False,False
single_omission,5,1;2;3;4;6;7;8;9;10;11;12;13;14;15;16;17;18;19;20;21;22;23;24;25;26;27;28;29;30;31;32,31,4,0.12903225806451613,1,5,168.2399896165923,0.9288032346062525,0.9288032346062525,0.7401269252907918,0.9098461570970676,M,1.895707750918485,-18.867630931546064,14.948858223399332,0.8579750584266351,0.8579750584266351,0.5922898717484588,0.8355406602511088,M,2.2434398175526282,-26.56851866781763,85.72498641630473,0.6786851452640312,0.6786851452640312,0.7706260179985477,0.9169828649569054,P,-23.829771969287417,9.194087273451645,True,True
single_omission,5,1;2;3;4;6;7;8;9;10;11;12;13;14;15;16;17;18;19;20;21;22;23;24;25;26;27;28;29;30;31;32,31,5,0.16129032258064516,1,1,206.09356698764054,0.936944575233537,0.936944575233537,0.8471866648832321,0.8471866648832321,M,8.97579103503049,-8.97579103503049,18.136821635016226,0.8829392074040259,0.8829392074040259,0.7492251432473391,0.7492251432473391,M,13.371406415668673,-13.371406415668673,102.57039504115394,0.6414156054330086,0.6414156054330086,0.8902178167052125,0.8902178167052125,P,-24.88022112722039,24.88022112722039,True,True
single_omission,5,1;2;3;4;6;7;8;9;10;11;12;13;14;15;16;17;18;19;20;21;22;23;24;25;26;27;28;29;30;31;32,31,6,0.1935483870967742,1,1,243.89996499345688,0.9467186581663112,0.9467186581663112,0.84868090477767,0.84868090477767,M,9.803775338864117,-9.803775338864117,21.275237294472078,0.8796302963100422,0.8796302963100422,0.7380382320221252,0.7380382320221252,M,14.159206428791704,-14.159206428791704,118.82667626458891,0.617715881434494,0.617715881434494,0.8381106033300945,0.8381106033300945,P,-22.03947218956005,22.03947218956005,True,True
single_omission,5,1;2;3;4;6;7;8;9;10;11;12;13;14;15;16;17;18;19;20;21;22;23;24;25;26;27;28;29;30;31;32,31,7,0.22580645161290322,1,3,281.0331253048963,0.9353162719487995,0.9353162719487995,0.8465212806258738,0.871238292892697,M,6.407797905610247,-8.879499132292567,24.409049316108238,0.8794961358659011,0.8794961358659011,0.7299231464073994,0.7647350140615247,M,11.476112180437648,-14.957298945850173,132.75007950517275,0.6069785228011935,0.6069785228011935,0.8184630020594079,0.8771015911605283,P,-27.012306835933487,21.148447925821444,True,True
single_omission,5,1;2;3;4;6;7;8;9;10;11;12;13;14;15;16;17;18;19;20;21;22;23;24;25;26;27;28;29;30;31;32,31,8,0.25806451612903225,1,3,318.14652736675197,0.916778166756478,0.916778166756478,0.8541809022632728,0.8760145499948326,M,4.076361676164542,-6.2597264493205245,27.466429303797547,0.8432435750738719,0.8432435750738719,0.7420955205242218,0.7730323629130463,M,7.02112121608256,-10.114805454965015,145.52675080651431,0.6034608003959459,0.6034608003959459,0.8129993603352109,0.8664897139788136,P,-26.30289135828677,20.953855993926506,True,True
single_omission,5,1;2;3;4;6;7;8;9;10;11;12;13;14;15;16;17;18;19;20;21;22;23;24;25;26;27;28;29;30;31;32,31,9,0.2903225806451613,1,1,354.9829304003381,0.9170129854378688,0.9170129854378688,0.8721778954834289,0.8721778954834289,M,4.4835089954439855,-4.4835089954439855,30.520006753335828,0.8281676280051653,0.8281676280051653,0.7649811644262058,0.7649811644262058,M,6.318646357895952,-6.318646357895952,158.22840029622662,0.6614811117954893,0.6614811117954893,0.8541991430689465,0.8541991430689465,P,-19.27180312734572,19.27180312734572,True,True
single_omission,5,1;2;3;4;6;7;8;9;10;11;12;13;14;15;16;17;18;19;20;21;22;23;24;25;26;27;28;29;30;31;32,31,10,0.3225806451612903,1,1,390.2624847638619,0.931110594390891,0.931110594390891,0.8620541433589193,0.8620541433589193,M,6.905645103197178,-6.905645103197178,33.48452290665496,0.8433806218967578,0.8433806218967578,0.7628024979861994,0.7628024979861994,M,8.05781239105584,-8.05781239105584,170.3576224067916,0.671101317641663,0.671101317641663,0.8239999158778623,0.8239999158778623,P,-15.289859823619922,15.289859823619922,True,True
single_omission,5,1;2;3;4;6;7;8;9;10;11;12;13;14;15;16;17;18;19;20;21;22;23;24;25;26;27;28;29;30;31;32,31,11,0.3548387096774194,1,1,425.296911657341,0.9438758281587073,0.9438758281587073,0.8739939937566251,0.8739939937566251,M,6.988183440208218,-6.988183440208218,36.44082272241005,0.8627350350400679,0.8627350350400679,0.791243203054702,0.791243203054702,M,7.149183198536591,-7.149183198536591,180.68670578443232,0.7530224372836322,0.7530224372836322,0.823837842714535,0.823837842714535,P,-7.081540543090281,7.081540543090281,True,True
single_omission,5,1;2;3;4;6;7;8;9;10;11;12;13;14;15;16;17;18;19;20;21;22;23;24;25;26;27;28;29;30;31;32,31,12,0.3870967741935484,2,1,459.15107832400776,0.9439831655922117,0.9470106834903886,0.879137985026772,0.879137985026772,M,6.484518056543975,-6.787269846361665,39.38078847558445,0.8609627512935843,0.8758674788654981,0.8020884239198562,0.8020884239198562,M,5.88743273737281,-7.377905494564185,190.34883250636136,0.7447029540356206,0.7584995811590147,0.8197153927303811,0.8197153927303811,P,-7.501243869476049,6.121581157136635,True,True
single_omission,5,1;2;3;4;6;7;8;9;10;11;12;13;14;15;16;17;18;19;20;21;22;23;24;25;26;27;28;29;30;31;32,31,13,0.41935483870967744,1,1,492.5445801290619,0.9477809908782392,0.9477809908782392,0.8844906173349123,0.8844906173349123,M,6.329037354332689,-6.329037354332689,42.22023912502085,0.8753851283065157,0.8753851283065157,0.8224797144737033,0.8224797144737033,M,5.290541383281244,-5.290541383281244,199.6385640074173,0.7517170080164569,0.7517170080164569,0.8163814329374253,0.8163814329374253,P,-6.466442492096835,6.466442492096835,True,True
single_omission,5,1;2;3;4;6;7;8;9;10;11;12;13;14;15;16;17;18;19;20;21;22;23;24;25;26;27;28;29;30;31;32,31,14,0.45161290322580644,1,5,525.4472850140033,0.9460567542388845,0.9460567542388845,0.8867295270322988,0.9010560550075308,M,4.500069923135364,-5.9327227206585675,44.97356039329534,0.9046041619221447,0.9046041619221447,0.8168413148598009,0.8549376644623943,M,4.9666497459750385,-8.776284706234371,208.69969526702164,0.7592314874397627,0.7592314874397627,0.8174003029175457,0.8588297071926919,P,-9.959821975292925,5.816881547778308,True,True
single_omission,5,1;2;3;4;6;7;8;9;10;11;12;13;14;15;16;17;18;19;20;21;22;23;24;25;26;27;28;29;30;31;32,31,15,0.4838709677419355,1,10,557.8408063097443,0.9488328675593629,0.9488328675593629,0.890962854025549,0.9152626592316624,M,3.3570208327700524,-5.7870013533813935,47.67419275944886,0.8872051697688191,0.8872051697688191,0.8272168292545088,0.873377223331523,M,1.3827946437296124,-5.998834051431034,217.18157463531537,0.7854285174182235,0.7854285174182235,0.8205211121670041,0.872848361438282,P,-8.741984402005853,3.509259474878057,True,True
single_omission,5,1;2;3;4;6;7;8;9;10;11;12;13;14;15;16;17;18;19;20;21;22;23;24;25;26;27;28;29;30;31;32,31,16,0.5161290322580645,1,10,590.035545218264,0.9362924734242765,0.9362924734242765,0.9047791175322304,0.9277530265436503,M,0.8539446880626134,-3.151335589204607,50.36784183063811,0.8615611195774683,0.8615611195774683,0.8413475500381008,0.8850393074193168,overlap,-2.347818784184852,-2.021356953936748,225.56125068076375,0.8179774001966451,0.8179774001966451,0.8271888129910541,0.8775720874177195,P,-5.959468722107442,0.9211412794408957,False,True
single_omission,5,1;2;3;4;6;7;8;9;10;11;12;13;14;15;16;17;18;19;20;21;22;23;24;25;26;27;28;29;30;31;32,31,17,0.5483870967741935,1,5,622.0389589157252,0.9342298236479059,0.9342298236479059,0.9178930576508156,0.9299949286355278,M,0.42348950123780593,-1.633676599709022,52.93382590415438,0.8706837732255719,0.8706837732255719,0.8607884081349728,0.8931557734321386,overlap,-2.24720002065667,-0.9895365090599073,233.87961683640253,0.8109174958071742,0.8109174958071742,0.8419323977376674,0.8789014340490501,P,-6.798393824187587,3.1014901930493166,False,True
single_omission,5,1;2;3;4;6;7;8;9;10;11;12;13;14;15;16;17;18;19;20;21;22;23;24;25;26;27;28;29;30;31;32,31,18,0.5806451612903226,1,1,654.0328648384065,0.9214438492877655,0.9214438492877655,0.9307967117727518,0.9307967117727518,P,-0.9352862484986346,0.9352862484986346,55.40044342989691,0.8629257519848462,0.8629257519848462,0.8896882614945938,0.8896882614945938,P,-2.6762509509747567,2.6762509509747567,242.15952104009972,0.835642232136395,0.835642232136395,0.8802755592383892,0.8802755592383892,P,-4.463332710199419,4.463332710199419,False,False
single_omission,5,1;2;3;4;6;7;8;9;10;11;12;13;14;15;16;17;18;19;20;21;22;23;24;25;26;27;28;29;30;31;32,31,19,0.6129032258064516,1,1,685.9830723072861,0.929956059637529,0.929956059637529,0.9316649255888438,0.9316649255888438,P,-0.17088659513148086,0.17088659513148086,57.83540476179458,0.8835063071357326,0.8835063071357326,0.8905966348565173,0.8905966348565173,P,-0.7090327720784662,0.7090327720784662,250.00508593575745,0.8433452514542109,0.8433452514542109,0.8792772553062944,0.8792772553062944,P,-3.5932003852083505,3.5932003852083505,False,False
single_omission,5,1;2;3;4;6;7;8;9;10;11;12;13;14;15;16;17;18;19;20;21;22;23;24;25;26;27;28;29;30;31;32,31,20,0.6451612903225806,2,1,717.0688866680567,0.9327435696928397,0.9413984200311237,0.9312743688666267,0.9312743688666267,M,0.14692008262129352,-1.0124051164496994,60.05429741703885,0.8843483173071409,0.8935901553164121,0.9025443350242204,0.9025443350242204,P,-1.819601771707946,0.8954179707808319,257.61595896764464,0.8536029142144331,0.8585247836635058,0.8733032474545771,0.8733032474545771,P,-1.9700333240143975,1.4778463791071283,False,True
single_omission,5,1;2;3;4;6;7;8;9;10;11;12;13;14;15;16;17;18;19;20;21;22;23;24;25;26;27;28;29;30;31;32,31,21,0.6774193548387096,1,4,747.9761648335603,0.9438199080653569,0.9438199080653569,0.9313168556455704,0.9424378320049646,M,0.1382076060392312,-1.2503052419786442,62.24914482964886,0.8943882055520154,0.8943882055520154,0.8979222376072917,0.9182128670165958,P,-2.38246614645804,0.35340320552763593,265.2259361437624,0.8680554400070977,0.8680554400070977,0.8697077337403116,0.8778267383776087,P,-0.977129837051105,0.1652293733213961,False,True
single_omission,5,1;2;3;4;6;7;8;9;10;11;12;13;14;15;16;17;18;19;20;21;22;23;24;25;26;27;28;29;30;31;32,31,22,0.7096774193548387,2,6,778.310892867033,0.9460095315504597,0.9562636623633557,0.9361377700164872,0.9507196531001424,overlap,-0.47101215496826443,-2.0125892346868457,64.43052773475596,0.895628135335733,0.8985460096635467,0.905313906268244,0.9254088917999386,P,-2.9780756464205527,0.6767896604697343,272.5308201394554,0.8692135977321184,0.9219906305880016,0.8729738900427226,0.8811014560886931,overlap,-1.1887858356574688,-4.901674054527893,False,False
single_omission,5,1;2;3;4;6;7;8;9;10;11;12;13;14;15;16;17;18;19;20;21;22;23;24;25;26;27;28;29;30;31;32,31,23,0.7419354838709677,1,4,808.5894556445866,0.957970880644616,0.957970880644616,0.9444108443299077,0.9546981726996221,M,0.3272707944993902,-1.3560036314708257,66.56503485505053,0.9002426904682118,0.9002426904682118,0.9133394191801589,0.9323144611302596,P,-3.2071770662047805,1.3096728711947114,279.7740625003852,0.9219136984166266,0.9219136984166266,0.876482873422297,0.8841796934428439,M,3.7734004973782764,-4.54308249943296,False,False
single_omission,5,1;2;3;4;6;7;8;9;10;11;12;13;14;15;16;17;18;19;20;21;22;23;24;25;26;27;28;29;30;31;32,31,24,0.7741935483870968,1,1,837.4043907095216,0.9693504383556666,0.9693504383556666,0.9562570004612931,0.9562570004612931,M,1.309343789437345,-1.309343789437345,68.67982641401427,0.9079761941301883,0.9079761941301883,0.9282605011792091,0.9282605011792091,P,-2.0284307049020844,2.0284307049020844,286.97022343895713,0.9242506818233929,0.9242506818233929,0.8818431963860351,0.8818431963860351,M,4.240748543735773,-4.240748543735773,False,False
single_omission,5,1;2;3;4;6;7;8;9;10;11;12;13;14;15;16;17;18;19;20;21;22;23;24;25;26;27;28;29;30;31;32,31,25,0.8064516129032258,1,1,866.0858975588368,0.9682150955210478,0.9682150955210478,0.9688293539244869,0.9688293539244869,P,-0.06142584034390941,0.06142584034390941,70.79320214513116,0.9118742034183918,0.9118742034183918,0.9292369968736868,0.9292369968736868,P,-1.7362793455295011,1.7362793455295011,294.14554553203607,0.9194377796115707,0.9194377796115707,0.9318610779018075,0.9318610779018075,P,-1.2423298290236806,1.2423298290236806,False,False
single_omission,5,1;2;3;4;6;7;8;9;10;11;12;13;14;15;16;17;18;19;20;21;22;23;24;25;26;27;28;29;30;31;32,31,26,0.8387096774193549,2,1,892.9050243779635,0.9739482147062206,0.9783704235917171,0.9662664134751423,0.9662664134751423,M,0.7681801231078311,-1.2104010116574804,72.82409461757071,0.9268149631127482,0.9270392578694007,0.9453058484230455,0.9453058484230455,P,-1.84908853102973,1.826659055364488,301.09489449225975,0.924273699929579,0.9522074725761073,0.9412066488156259,0.9412066488156259,overlap,-1.6932948886046906,-1.1000823760481393,False,False
single_omission,5,1;2;3;4;6;7;8;9;10;11;12;13;14;15;16;17;18;19;20;21;22;23;24;25;26;27;28;29;30;31;32,31,27,0.8709677419354839,1,1,919.1857328144519,0.9842164091457135,0.9842164091457135,0.9736648888661666,0.9736648888661666,M,1.0551520279546867,-1.0551520279546867,74.8350666025981,0.9414137459992888,0.9414137459992888,0.9414645582497974,0.9414645582497974,P,-0.005081225050851401,0.005081225050851401,307.75157245799255,0.9571043651642351,0.9571043651642351,0.9602606945946875,0.9602606945946875,P,-0.3156329430452409,0.3156329430452409,False,True
single_omission,5,1;2;3;4;6;7;8;9;10;11;12;13;14;15;16;17;18;19;20;21;22;23;24;25;26;27;28;29;30;31;32,31,28,0.9032258064516129,1,1,942.880427719044,0.9943788826348716,0.9943788826348716,0.9840925232881993,0.9840925232881993,M,1.0286359346672325,-1.0286359346672325,76.55291264014116,0.9612249863045658,0.9612249863045658,0.9612746583290505,0.9612746583290505,P,-0.004967202448469266,0.004967202448469266,314.40138310198716,0.9597493857919572,0.9597493857919572,0.9628389566323694,0.9628389566323694,P,-0.308957084041217,0.308957084041217,False,True
single_omission,5,1;2;3;4;6;7;8;9;10;11;12;13;14;15;16;17;18;19;20;21;22;23;24;25;26;27;28;29;30;31;32,31,29,0.9354838709677419,1,2,966.0285758671922,0.9977562969550818,0.9977562969550818,0.9829053600374079,0.9877164211762979,M,1.0039875778783958,-1.4850936917673918,78.24613812711175,0.967703727452751,0.967703727452751,0.9677523245879203,0.9683514057174759,P,-0.06476782647248935,0.004859713516924824,320.0935773921622,0.963456834969348,0.963456834969348,0.9664914642591044,0.9856323064692578,P,-2.217547149990984,0.30346292897563965,False,True
single_omission,5,1;2;3;4;6;7;8;9;10;11;12;13;14;15;16;17;18;19;20;21;22;23;24;25;26;27;28;29;30;31;32,31,30,0.967741935483871,1,1,987.6616617632686,0.9998928051449861,0.9998928051449861,0.9879854725388161,0.9879854725388161,M,1.1907332606170051,-1.1907332606170051,79.85965849961809,0.9864362181370321,0.9864362181370321,0.9755146269254278,0.9755146269254278,M,1.0921591211604298,-1.0921591211604298,325.3096799823041,0.976565088646012,0.976565088646012,0.9902698918536671,0.9902698918536671,P,-1.3704803207655103,1.3704803207655103,True,True
single_omission,6,1;2;3;4;5;7;8;9;10;11;12;13;14;15;16;17;18;19;20;21;22;23;24;25;26;27;28;29;30;31;32,31,1,0.03225806451612903,1,5,50.080775444264944,0.8345246956057693,0.8345246956057693,0.4298498467021304,1.0,overlap,-16.547530439423074,-40.467484890363885,4.7345054676233875,0.5997354251365439,0.5997354251365439,0.2319532472983795,1.0,overlap,-40.02645748634561,-36.77821778381644,25.248088207150722,1.0,1.0,0.5030737133639674,1.0,overlap,0.0,-49.69262866360326,False,False
single_omission,6,1;2;3;4;5;7;8;9;10;11;12;13;14;15;16;17;18;19;20;21;22;23;24;25;26;27;28;29;30;31;32,31,2,0.06451612903225806,1,10,91.87441932759103,1.0,1.0,0.48626551462919215,1.0,overlap,0.0,-51.37344853708079,8.458805932267115,0.895393058749349,0.895393058749349,0.33291104887134926,0.9378489406806406,overlap,-4.245588193129157,-56.248200987799976,46.98200691419579,0.9142015106597794,0.9142015106597794,0.5667074371455023,1.0,overlap,-8.57984893402206,-34.749407351427706,False,False
single_omission,6,1;2;3;4;5;7;8;9;10;11;12;13;14;15;16;17;18;19;20;21;22;23;24;25;26;27;28;29;30;31;32,31,3,0.0967741935483871,1,10,130.19004906962442,0.9545118195390997,0.9545118195390997,0.6354195496025693,0.9979592204092079,overlap,-4.344740087010823,-31.90922699365304,11.750281508022889,0.8244340224157465,0.8244340224157465,0.4813059670685486,0.916789340330352,overlap,-9.235531791460549,-34.312805534719786,68.02205292866945,0.7531517161383814,0.7531517161383814,0.6516708083541006,0.9509407260857325,overlap,-19.778900994735118,-10.148090778428076,False,False
single_omission,6,1;2;3;4;5;7;8;9;10;11;12;13;14;15;16;17;18;19;20;21;22;23;24;25;26;27;28;29;30;31;32,31,4,0.12903225806451613,1,5,168.2399896165923,0.9288032346062525,0.9288032346062525,0.7401269252907918,0.9098461570970676,M,1.895707750918485,-18.867630931546064,14.948858223399332,0.8579750584266351,0.8579750584266351,0.5922898717484588,0.8355406602511088,M,2.2434398175526282,-26.56851866781763,85.72498641630473,0.6786851452640312,0.6786851452640312,0.7706260179985477,0.9169828649569054,P,-23.829771969287417,9.194087273451645,True,True
single_omission,6,1;2;3;4;5;7;8;9;10;11;12;13;14;15;16;17;18;19;20;21;22;23;24;25;26;27;28;29;30;31;32,31,5,0.16129032258064516,1,1,206.09356698764054,0.936944575233537,0.936944575233537,0.8471866648832321,0.8471866648832321,M,8.97579103503049,-8.97579103503049,18.136821635016226,0.8829392074040259,0.8829392074040259,0.7492251432473391,0.7492251432473391,M,13.371406415668673,-13.371406415668673,102.57039504115394,0.6414156054330086,0.6414156054330086,0.8902178167052125,0.8902178167052125,P,-24.88022112722039,24.88022112722039,True,True
single_omission,6,1;2;3;4;5;7;8;9;10;11;12;13;14;15;16;17;18;19;20;21;22;23;24;25;26;27;28;29;30;31;32,31,6,0.1935483870967742,1,1,243.89996499345688,0.9467186581663112,0.9467186581663112,0.84868090477767,0.84868090477767,M,9.803775338864117,-9.803775338864117,21.275237294472078,0.8796302963100422,0.8796302963100422,0.7380382320221252,0.7380382320221252,M,14.159206428791704,-14.159206428791704,118.82667626458891,0.617715881434494,0.617715881434494,0.8381106033300945,0.8381106033300945,P,-22.03947218956005,22.03947218956005,True,True
single_omission,6,1;2;3;4;5;7;8;9;10;11;12;13;14;15;16;17;18;19;20;21;22;23;24;25;26;27;28;29;30;31;32,31,7,0.22580645161290322,1,4,281.0331253048963,0.9353162719487995,0.9353162719487995,0.8465212806258738,0.871238292892697,M,6.407797905610247,-8.879499132292567,24.409049316108238,0.8794961358659011,0.8794961358659011,0.7299231464073994,0.7647350140615247,M,11.476112180437648,-14.957298945850173,132.75007950517275,0.6069785228011935,0.6069785228011935,0.8169908846834948,0.8771015911605283,P,-27.012306835933487,21.00123618823013,True,True
single_omission,6,1;2;3;4;5;7;8;9;10;11;12;13;14;15;16;17;18;19;20;21;22;23;24;25;26;27;28;29;30;31;32,31,8,0.25806451612903225,1,6,318.14652736675197,0.916778166756478,0.916778166756478,0.8465787147468589,0.8760145499948326,M,4.076361676164542,-7.019945200961919,27.466429303797547,0.8432435750738719,0.8432435750738719,0.7414268148068228,0.7730323629130463,M,7.02112121608256,-10.181676026704912,145.52675080651431,0.6034608003959459,0.6034608003959459,0.8075266952986846,0.8664897139788136,P,-26.30289135828677,20.406589490273873,True,True
single_omission,6,1;2;3;4;5;7;8;9;10;11;12;13;14;15;16;17;18;19;20;21;22;23;24;25;26;27;28;29;30;31;32,31,9,0.2903225806451613,1,4,354.9829304003381,0.9170129854378688,0.9170129854378688,0.8540980958269174,0.8736660767371853,M,4.334690870068347,-6.291488961095137,30.430945457116678,0.830591400297775,0.830591400297775,0.7535201723739117,0.7814432152367372,M,4.91481850610378,-7.707122792386334,158.22840029622662,0.6614811117954893,0.6614811117954893,0.8037676083444649,0.8541991430689465,P,-19.27180312734572,14.228649654897563,True,True
single_omission,6,1;2;3;4;5;7;8;9;10;11;12;13;14;15;16;17;18;19;20;21;22;23;24;25;26;27;28;29;30;31;32,31,10,0.3225806451612903,1,1,390.2624847638619,0.9146652005503764,0.9146652005503764,0.8738831827081543,0.8738831827081543,M,4.078201784222202,-4.078201784222202,33.387245272871766,0.8333511341656985,0.8333511341656985,0.7755910141142196,0.7755910141142196,M,5.776012005147891,-5.776012005147891,170.3576224067916,0.6664263336299917,0.6664263336299917,0.8454231132623284,0.8454231132623284,P,-17.899677963233675,17.899677963233675,True,True
single_omission,6,1;2;3;4;5;7;8;9;10;11;12;13;14;15;16;17;18;19;20;21;22;23;24;25;26;27;28;29;30;31;32,31,11,0.3548387096774194,1,1,425.296911657341,0.928323438151304,0.928323438151304,0.8649556086890842,0.8649556086890842,M,6.336782946221986,-6.336782946221986,36.32721102604617,0.8475138607822297,0.8475138607822297,0.7732411610717056,0.7732411610717056,M,7.427269971052408,-7.427269971052408,180.68670578443232,0.6818040756987654,0.6818040756987654,0.8259621173862706,0.8259621173862706,P,-14.415804168750512,14.415804168750512,True,True
single_omission,6,1;2;3;4;5;7;8;9;10;11;12;13;14;15;16;17;18;19;20;21;22;23;24;25;26;27;28;29;30;31;32,31,12,0.3870967741935484,1,1,459.15107832400776,0.9427464123396547,0.9427464123396547,0.8780171113421681,0.8780171113421681,M,6.472930099748664,-6.472930099748664,39.16666167548258,0.867737768031078,0.867737768031078,0.8012214742232286,0.8012214742232286,M,6.65162938078494,-6.65162938078494,190.34883250636136,0.761375046156962,0.761375046156962,0.828595854173587,0.828595854173587,P,-6.7220808016625,6.7220808016625,True,True
single_omission,6,1;2;3;4;5;7;8;9;10;11;12;13;14;15;16;17;18;19;20;21;22;23;24;25;26;27;28;29;30;31;32,31,13,0.41935483870967744,1,1,492.05378320894914,0.9447472235202773,0.9447472235202773,0.8842381174088153,0.8842381174088153,M,6.0509106111461985,-6.0509106111461985,41.919982943757056,0.8695854947785215,0.8695854947785215,0.814277327405033,0.814277327405033,M,5.530816737348854,-5.530816737348854,199.6385640074173,0.7544586697189115,0.7544586697189115,0.8259805733150131,0.8259805733150131,P,-7.152190359610156,7.152190359610156,True,True
single_omission,6,1;2;3;4;5;7;8;9;10;11;12;13;14;15;16;17;18;19;20;21;22;23;24;25;26;27;28;29;30;31;32,31,14,0.45161290322580644,1,1,524.4473045046901,0.9441272822528703,0.9441272822528703,0.8906264039098913,0.8906264039098913,M,5.3500878342979,-5.3500878342979,44.620615309910576,0.9004203392276889,0.9004203392276889,0.8353292996272133,0.8353292996272133,M,6.509103960047568,-6.509103960047568,208.69969526702164,0.7618541141981384,0.7618541141981384,0.823417227777865,0.823417227777865,P,-6.156311357972655,6.156311357972655,True,True
single_omission,6,1;2;3;4;5;7;8;9;10;11;12;13;14;15;16;17;18;19;20;21;22;23;24;25;26;27;28;29;30;31;32,31,15,0.4838709677419355,1,5,556.6420434132099,0.9473588160208702,0.9473588160208702,0.8935099055383322,0.907033561031733,M,4.032525498913719,-5.384891048253804,47.314264381099825,0.8832606930077944,0.8832606930077944,0.8302756015473988,0.8664872705235042,M,1.6773422484290257,-5.2985091460395655,217.56540282793256,0.7865586226362667,0.7865586226362667,0.8248411712449623,0.8645823430256402,P,-7.802372038937344,3.828254860869551,True,True
single_omission,6,1;2;3;4;5;7;8;9;10;11;12;13;14;15;16;17;18;19;20;21;22;23;24;25;26;27;28;29;30;31;32,31,16,0.5161290322580645,1,10,588.645457110671,0.9351773443484293,0.9351773443484293,0.8977407157500887,0.9207688777202564,M,1.4408466628172856,-3.7436628598340516,49.880248454616094,0.8598396197443624,0.8598396197443624,0.8417061459736662,0.8858250025002529,overlap,-2.5985382755890463,-1.8133473770696185,226.0472821962263,0.8186399987839197,0.8186399987839197,0.8275603798698717,0.8778353236013583,P,-5.919532481743861,0.8920381085952056,False,True
single_omission,6,1;2;3;4;5;7;8;9;10;11;12;13;14;15;16;17;18;19;20;21;22;23;24;25;26;27;28;29;30;31;32,31,17,0.5483870967741935,1,10,620.6393630333524,0.93318187129184,0.93318187129184,0.9108146061834306,0.9326556683795121,M,0.05262029123279666,-2.2367265108409473,52.42786556982038,0.8694357941094574,0.8694357941094574,0.8568816783183827,0.8988566757965651,overlap,-2.942088168710777,-1.2554115791074683,234.42695824167464,0.811358966721328,0.811358966721328,0.8337242961913086,0.8822021439538296,P,-7.084317723250155,2.23653294699806,False,True
single_omission,6,1;2;3;4;5;7;8;9;10;11;12;13;14;15;16;17;18;19;20;21;22;23;24;25;26;27;28;29;30;31;32,31,18,0.5806451612903226,1,5,652.589570502232,0.9204814832973585,0.9204814832973585,0.9230928999086008,0.9346282286489445,P,-1.4146745351585999,0.2611416611242312,54.89448309556292,0.861662343925541,0.861662343925541,0.876453117665371,0.9076644231190301,P,-4.600207919348909,1.4790773739830065,242.70686244537188,0.8360128842503215,0.8360128842503215,0.8478397852976493,0.8834642582120208,P,-4.7451373961699295,1.1826901047327754,False,False
single_omission,6,1;2;3;4;5;7;8;9;10;11;12;13;14;15;16;17;18;19;20;21;22;23;24;25;26;27;28;29;30;31;32,31,19,0.6129032258064516,1,1,684.0251276101609,0.9297555667666343,0.9297555667666343,0.9359410513581257,0.9359410513581257,P,-0.6185484591491375,0.6185484591491375,57.32944442746059,0.8824781934259619,0.8824781934259619,0.9041905400281406,0.9041905400281406,P,-2.171234660217869,2.171234660217869,250.5524273410296,0.8436874697720358,0.8436874697720358,0.8861730765320981,0.8861730765320981,P,-4.24856067600623,4.24856067600623,False,False
single_omission,6,1;2;3;4;5;7;8;9;10;11;12;13;14;15;16;17;18;19;20;21;22;23;24;25;26;27;28;29;30;31;32,31,20,0.6451612903225806,2,1,715.1109419709313,0.9325594243199489,0.9412379712867275,0.9376753812159678,0.9376753812159678,overlap,-0.5115956896018958,-0.35625900707596525,59.548337082704855,0.8833656674648742,0.8926860299750485,0.9077605961783102,0.9077605961783102,P,-2.439492871343596,1.5074566203261641,258.1633003729168,0.8539132960020299,0.8588247304166228,0.8858326997089676,0.8858326997089676,P,-3.191940370693769,2.7007969292344836,False,False
single_omission,6,1;2;3;4;5;7;8;9;10;11;12;13;14;15;16;17;18;19;20;21;22;23;24;25;26;27;28;29;30;31;32,31,21,0.6774193548387096,1,1,746.0182201364349,0.9436724619171014,0.9436724619171014,0.9372739339338669,0.9372739339338669,M,0.6398527983234481,-0.6398527983234481,61.743184495314864,0.8935227597661317,0.8935227597661317,0.9191181748508384,0.9191181748508384,P,-2.559541508470664,2.559541508470664,265.77327754903456,0.868327170564626,0.868327170564626,0.8798573102607602,0.8798573102607602,P,-1.1530139696134145,1.1530139696134145,False,True
single_omission,6,1;2;3;4;5;7;8;9;10;11;12;13;14;15;16;17;18;19;20;21;22;23;24;25;26;27;28;29;30;31;32,31,22,0.7096774193548387,2,4,776.3529481699076,0.9458733688017444,0.9561533603022259,0.9377672471712174,0.9484817363299344,overlap,-0.26083675281899366,-1.8386113131008464,63.924567400421964,0.8948020362991951,0.8977430054828753,0.9142417525284213,0.9340005773456881,P,-3.9198541046493007,1.6498747045545992,273.07816154472755,0.8694757381127437,0.9221469878654815,0.8771655487156986,0.8850510954518478,overlap,-1.557535733910409,-4.498143914978292,False,False
single_omission,6,1;2;3;4;5;7;8;9;10;11;12;13;14;15;16;17;18;19;20;21;22;23;24;25;26;27;28;29;30;31;32,31,23,0.7419354838709677,1,6,806.6315109474612,0.9578688629447742,0.9578688629447742,0.9422416189063539,0.9563115359483892,M,0.1557326996385,-1.5627244038420307,66.05907452071654,0.8994786282701086,0.8994786282701086,0.9215610467353593,0.9411606328940079,P,-4.168200462389926,2.208241846525072,280.3214039056573,0.9220661657824635,0.9220661657824635,0.880339475816975,0.8882411636987586,M,3.382500208370487,-4.172668996548845,False,False
single_omission,6,1;2;3;4;5;7;8;9;10;11;12;13;14;15;16;17;18;19;20;21;22;23;24;25;26;27;28;29;30;31;32,31,24,0.7741935483870968,1,4,835.4464460123962,0.9692786083215846,0.9692786083215846,0.9516782451160204,0.9616348680524244,M,0.764374026916026,-1.760036320556424,68.17386607968028,0.9072932286734521,0.9072932286734521,0.9291549831336812,0.9476822341378746,P,-4.038900546442248,2.186175446022909,287.51756484422924,0.9243948842768385,0.9243948842768385,0.8837125547718605,0.8912020819130954,M,3.3192802363743112,-4.068232950497796,False,False
single_omission,6,1;2;3;4;5;7;8;9;10;11;12;13;14;15;16;17;18;19;20;21;22;23;24;25;26;27;28;29;30;31;32,31,25,0.8064516129032258,1,1,864.1279528617114,0.9681430771527412,0.9681430771527412,0.9630626635614844,0.9630626635614844,M,0.5080413591256772,-0.5080413591256772,70.28724181079717,0.9112398328505168,0.9112398328505168,0.9432776915851825,0.9432776915851825,P,-3.203785873466569,3.203785873466569,294.6928869373082,0.9195874100942659,0.9195874100942659,0.8888183538737983,0.8888183538737983,M,3.076905622046766,-3.076905622046766,False,False
single_omission,6,1;2;3;4;5;7;8;9;10;11;12;13;14;15;16;17;18;19;20;21;22;23;24;25;26;27;28;29;30;31;32,31,26,0.8387096774193549,2,1,890.9470796808381,0.9738909633205548,0.9783228904492943,0.9770782322950227,0.9770782322950227,overlap,-0.31872689744678606,-0.12446581542716606,72.3181342832367,0.9263029376560808,0.9265288016491522,0.9448706102952793,0.9448706102952793,P,-1.8567672639198451,1.8341808646127111,301.64223589753186,0.9244111082052249,0.9522941939500019,0.938093075190352,0.938093075190352,overlap,-1.3681966985127136,-1.420111875964991,False,False
single_omission,6,1;2;3;4;5;7;8;9;10;11;12;13;14;15;16;17;18;19;20;21;22;23;24;25;26;27;28;29;30;31;32,31,27,0.8709677419354839,1,1,917.2277881173264,0.9841827169719536,0.9841827169719536,0.9749156143895357,0.9749156143895357,M,0.9267102582417919,-0.9267102582417919,74.32910626826411,0.9410149477068058,0.9410149477068058,0.9604401727320048,0.9604401727320048,P,-1.9425225025198944,1.9425225025198944,308.2989138632647,0.9571805203370082,0.9571805203370082,0.9479703334637313,0.9479703334637313,M,0.9210186873276904,-0.9210186873276904,False,False
single_omission,6,1;2;3;4;5;7;8;9;10;11;12;13;14;15;16;17;18;19;20;21;22;23;24;25;26;27;28;29;30;31;32,31,28,0.9032258064516129,1,1,940.9224830219185,0.9943671857765909,0.9943671857765909,0.9845810342641129,0.9845810342641129,M,0.978615151247797,-0.978615151247797,76.04695230580715,0.9609670059608668,0.9609670059608668,0.9599619422255113,0.9599619422255113,M,0.10050637353554714,-0.10050637353554714,314.9487245072593,0.9598193363141513,0.9598193363141513,0.9664666741173428,0.9664666741173428,P,-0.6647337803191489,0.6647337803191489,True,True
single_omission,6,1;2;3;4;5;7;8;9;10;11;12;13;14;15;16;17;18;19;20;21;22;23;24;25;26;27;28;29;30;31;32,31,29,0.9354838709677419,1,1,964.0706311700668,0.9977517401867947,0.9977517401867947,0.9950693500710853,0.9950693500710853,M,0.26823901157093655,-0.26823901157093655,77.74017779277774,0.967493531987296,0.967493531987296,0.9793647791801531,0.9793647791801531,P,-1.1871247192857037,1.1871247192857037,320.6409187974344,0.9635192149905129,0.9635192149905129,0.9717524775041134,0.9717524775041134,P,-0.823326251360057,0.823326251360057,False,True
single_omission,6,1;2;3;4;5;7;8;9;10;11;12;13;14;15;16;17;18;19;20;21;22;23;24;25;26;27;28;29;30;31;32,31,30,0.967741935483871,1,2,985.7037170661432,0.9998925922193429,0.9998925922193429,0.9951775622768313,0.9998925922193429,overlap,0.0,-0.4715029942511606,79.3536981652841,0.9863497352664805,0.9863497352664805,0.9863497352664805,0.9869404548661508,overlap,-0.05907195996702752,0.0,325.85702138757625,0.9766044522210495,0.9766044522210495,0.9766044522210495,0.9954067497172253,overlap,-1.880229749617579,0.0,False,False
single_omission,7,1;2;3;4;5;6;8;9;10;11;12;13;14;15;16;17;18;19;20;21;22;23;24;25;26;27;28;29;30;31;32,31,1,0.03225806451612903,1,5,50.080775444264944,0.8345246956057693,0.8345246956057693,0.4298498467021304,1.0,overlap,-16.547530439423074,-40.467484890363885,4.7345054676233875,0.5997354251365439,0.5997354251365439,0.2319532472983795,1.0,overlap,-40.02645748634561,-36.77821778381644,25.248088207150722,1.0,1.0,0.5030737133639674,1.0,overlap,0.0,-49.69262866360326,False,False
single_omission,7,1;2;3;4;5;6;8;9;10;11;12;13;14;15;16;17;18;19;20;21;22;23;24;25;26;27;28;29;30;31;32,31,2,0.06451612903225806,1,10,91.87441932759103,1.0,1.0,0.48626551462919215,1.0,overlap,0.0,-51.37344853708079,8.458805932267115,0.895393058749349,0.895393058749349,0.33291104887134926,0.9378489406806406,overlap,-4.245588193129157,-56.248200987799976,46.98200691419579,0.9142015106597794,0.9142015106597794,0.5667074371455023,1.0,overlap,-8.57984893402206,-34.749407351427706,False,False
single_omission,7,1;2;3;4;5;6;8;9;10;11;12;13;14;15;16;17;18;19;20;21;22;23;24;25;26;27;28;29;30;31;32,31,3,0.0967741935483871,1,10,130.19004906962442,0.9545118195390997,0.9545118195390997,0.6354195496025693,0.9979592204092079,overlap,-4.344740087010823,-31.90922699365304,11.750281508022889,0.8244340224157465,0.8244340224157465,0.4813059670685486,0.916789340330352,overlap,-9.235531791460549,-34.312805534719786,68.02205292866945,0.7531517161383814,0.7531517161383814,0.6516708083541006,0.9509407260857325,overlap,-19.778900994735118,-10.148090778428076,False,False
single_omission,7,1;2;3;4;5;6;8;9;10;11;12;13;14;15;16;17;18;19;20;21;22;23;24;25;26;27;28;29;30;31;32,31,4,0.12903225806451613,1,5,168.2399896165923,0.9288032346062525,0.9288032346062525,0.7401269252907918,0.9098461570970676,M,1.895707750918485,-18.867630931546064,14.948858223399332,0.8579750584266351,0.8579750584266351,0.5922898717484588,0.8355406602511088,M,2.2434398175526282,-26.56851866781763,85.72498641630473,0.6786851452640312,0.6786851452640312,0.7706260179985477,0.9169828649569054,P,-23.829771969287417,9.194087273451645,True,True
single_omission,7,1;2;3;4;5;6;8;9;10;11;12;13;14;15;16;17;18;19;20;21;22;23;24;25;26;27;28;29;30;31;32,31,5,0.16129032258064516,1,1,206.09356698764054,0.936944575233537,0.936944575233537,0.8471866648832321,0.8471866648832321,M,8.97579103503049,-8.97579103503049,18.136821635016226,0.8829392074040259,0.8829392074040259,0.7492251432473391,0.7492251432473391,M,13.371406415668673,-13.371406415668673,102.57039504115394,0.6414156054330086,0.6414156054330086,0.8902178167052125,0.8902178167052125,P,-24.88022112722039,24.88022112722039,True,True
single_omission,7,1;2;3;4;5;6;8;9;10;11;12;13;14;15;16;17;18;19;20;21;22;23;24;25;26;27;28;29;30;31;32,31,6,0.1935483870967742,1,1,243.89996499345688,0.9467186581663112,0.9467186581663112,0.84868090477767,0.84868090477767,M,9.803775338864117,-9.803775338864117,21.275237294472078,0.8796302963100422,0.8796302963100422,0.7380382320221252,0.7380382320221252,M,14.159206428791704,-14.159206428791704,118.82667626458891,0.617715881434494,0.617715881434494,0.8381106033300945,0.8381106033300945,P,-22.03947218956005,22.03947218956005,True,True
single_omission,7,1;2;3;4;5;6;8;9;10;11;12;13;14;15;16;17;18;19;20;21;22;23;24;25;26;27;28;29;30;31;32,31,7,0.22580645161290322,1,4,281.0331253048963,0.9353162719487995,0.9353162719487995,0.8465212806258738,0.871238292892697,M,6.407797905610247,-8.879499132292567,24.409049316108238,0.8794961358659011,0.8794961358659011,0.7299231464073994,0.7647350140615247,M,11.476112180437648,-14.957298945850173,132.75007950517275,0.6069785228011935,0.6069785228011935,0.8169908846834948,0.8771015911605283,P,-27.012306835933487,21.00123618823013,True,True
single_omission,7,1;2;3;4;5;6;8;9;10;11;12;13;14;15;16;17;18;19;20;21;22;23;24;25;26;27;28;29;30;31;32,31,8,0.25806451612903225,1,6,317.86952833848244,0.9175770689433521,0.9175770689433521,0.8473164434702263,0.8767779298015317,M,4.079913914182043,-7.026062547312584,27.466429303797547,0.8432435750738719,0.8432435750738719,0.7414268148068228,0.7730323629130463,M,7.02112121608256,-10.181676026704912,145.52675080651431,0.6034608003959459,0.6034608003959459,0.8075266952986846,0.8664897139788136,P,-26.30289135828677,20.406589490273873,True,True
single_omission,7,1;2;3;4;5;6;8;9;10;11;12;13;14;15;16;17;18;19;20;21;22;23;24;25;26;27;28;29;30;31;32,31,9,0.2903225806451613,1,4,353.14908270200624,0.9217748897866468,0.9217748897866468,0.8585332930393748,0.8782028873999135,M,4.357200238673331,-6.324159674727204,30.520006753335828,0.8281676280051653,0.8281676280051653,0.7513213038146326,0.7791628636551297,M,4.900476435003565,-7.684632419053273,158.22840029622662,0.6614811117954893,0.6614811117954893,0.8037676083444649,0.8541991430689465,P,-19.27180312734572,14.228649654897563,True,True
single_omission,7,1;2;3;4;5;6;8;9;10;11;12;13;14;15;16;17;18;19;20;21;22;23;24;25;26;27;28;29;30;31;32,31,10,0.3225806451612903,1,1,388.18350959548536,0.9195638275974242,0.9195638275974242,0.878563395525039,0.878563395525039,M,4.100043207238513,-4.100043207238513,33.48452290665496,0.8309301223248499,0.8309301223248499,0.7733378042104421,0.7733378042104421,M,5.759231811440779,-5.759231811440779,170.3576224067916,0.6664263336299917,0.6664263336299917,0.8454231132623284,0.8454231132623284,P,-17.899677963233675,17.899677963233675,True,True
single_omission,7,1;2;3;4;5;6;8;9;10;11;12;13;14;15;16;17;18;19;20;21;22;23;24;25;26;27;28;29;30;31;32,31,11,0.3548387096774194,1,1,422.03767626215205,0.9354925246523084,0.9354925246523084,0.8716353297037445,0.8716353297037445,M,6.3857194948563905,-6.3857194948563905,36.44082272241005,0.844871563484256,0.844871563484256,0.7708304240618162,0.7708304240618162,M,7.404113942243972,-7.404113942243972,180.0197491287206,0.6843300972512869,0.6843300972512869,0.829022231258347,0.829022231258347,P,-14.469213400706005,14.469213400706005,True,True
single_omission,7,1;2;3;4;5;6;8;9;10;11;12;13;14;15;16;17;18;19;20;21;22;23;24;25;26;27;28;29;30;31;32,31,12,0.3870967741935484,1,1,455.4311780672062,0.9504466375114227,0.9504466375114227,0.8851886363392466,0.8851886363392466,M,6.5258001172176066,-6.5258001172176066,39.38078847558445,0.8630195813520268,0.8630195813520268,0.7968649593567299,0.7968649593567299,M,6.6154621995296985,-6.6154621995296985,189.3094806297766,0.7655551674080241,0.7655551674080241,0.8331450328681812,0.8331450328681812,P,-6.758986546015711,6.758986546015711,True,True
single_omission,7,1;2;3;4;5;6;8;9;10;11;12;13;14;15;16;17;18;19;20;21;22;23;24;25;26;27;28;29;30;31;32,31,13,0.41935483870967744,2,1,488.3338829521477,0.9519438681973577,0.9547904618008765,0.8909738318756015,0.8909738318756015,M,6.097003632175612,-6.381662992527493,42.22023912502085,0.8634012943723742,0.8773036297442243,0.8084864601365567,0.8084864601365567,M,5.491483423581755,-6.881716960766759,198.3706118893809,0.7592810446621034,0.7725197590081989,0.8312601044280981,0.8312601044280981,P,-7.197905976599461,5.874034541989914,True,True
single_omission,7,1;2;3;4;5;6;8;9;10;11;12;13;14;15;16;17;18;19;20;21;22;23;24;25;26;27;28;29;30;31;32,31,14,0.45161290322580644,1,1,520.7274042478886,0.9568537074287802,0.9568537074287802,0.8969887373718758,0.8969887373718758,M,5.986497005690438,-5.986497005690438,44.97356039329534,0.8784402705346426,0.8784402705346426,0.8287737730748922,0.8287737730748922,M,4.9666497459750385,-4.9666497459750385,207.23631945029183,0.7669380155122454,0.7669380155122454,0.8292316953451577,0.8292316953451577,P,-6.229367983291234,6.229367983291234,True,True
single_omission,7,1;2;3;4;5;6;8;9;10;11;12;13;14;15;16;17;18;19;20;21;22;23;24;25;26;27;28;29;30;31;32,31,15,0.4838709677419355,1,4,552.9221431564083,0.9559004222089909,0.9559004222089909,0.89952118175182,0.9131358204879169,M,4.276460172107399,-5.63792404571708,47.67419275944886,0.9067985113364707,0.9067985113364707,0.8384733414074184,0.8599455056799287,M,4.685300565654204,-6.832516992905235,215.71819881858556,0.775628058008342,0.775628058008342,0.8319043208862196,0.8719857979923241,P,-9.63577399839821,5.627626287787757,True,True
single_omission,7,1;2;3;4;5;6;8;9;10;11;12;13;14;15;16;17;18;19;20;21;22;23;24;25;26;27;28;29;30;31;32,31,16,0.5161290322580645,1,6,584.9255568538695,0.9586403644532789,0.9586403644532789,0.9034499994015369,0.9261510486983037,M,3.2489315754975268,-5.519036505174202,50.36784183063811,0.8903380761624025,0.8903380761624025,0.8520020690858171,0.8772496419559962,M,1.3088434206406263,-3.8336007076585354,224.09787486403394,0.800749716373512,0.800749716373512,0.8347592534572674,0.8767726240284557,P,-7.602290765494368,3.4009537083755426,True,True
single_omission,7,1;2;3;4;5;6;8;9;10;11;12;13;14;15;16;17;18;19;20;21;22;23;24;25;26;27;28;29;30;31;32,31,17,0.5483870967741935,1,4,616.9194627765509,0.9464467120565805,0.9464467120565805,0.9163066350330172,0.9285089331974853,M,1.79377788590952,-3.014007702356325,52.93382590415438,0.8679250087967666,0.8679250087967666,0.8709264459777046,0.8902650840036755,P,-2.234007520690895,0.3001437180938038,232.41624101967273,0.8319974203588387,0.8319974203588387,0.8409371475540127,0.8781389541462868,P,-4.6141533787448115,0.8939727195173996,False,True
single_omission,7,1;2;3;4;5;6;8;9;10;11;12;13;14;15;16;17;18;19;20;21;22;23;24;25;26;27;28;29;30;31;32,31,18,0.5806451612903226,1,1,648.8696702454305,0.9440461345129537,0.9440461345129537,0.929452897375922,0.929452897375922,M,1.4593237137031756,-1.4593237137031756,55.48144301935866,0.8766217628429153,0.8766217628429153,0.8980618855563327,0.8980618855563327,P,-2.144012271341744,2.144012271341744,240.6961452233699,0.8247858750791189,0.8247858750791189,0.879547662864646,0.879547662864646,P,-5.476178778552709,5.476178778552709,False,True
single_omission,7,1;2;3;4;5;6;8;9;10;11;12;13;14;15;16;17;18;19;20;21;22;23;24;25;26;27;28;29;30;31;32,31,19,0.6129032258064516,1,1,680.3052273533593,0.9320670959889307,0.9320670959889307,0.9310945992973185,0.9310945992973185,M,0.09724966916121458,-0.09724966916121458,57.9480605451012,0.8689520572142568,0.8689520572142568,0.8981260373000608,0.8981260373000608,P,-2.9173980085803963,2.9173980085803963,248.54171011902764,0.8498550611677369,0.8498550611677369,0.8785664581325346,0.8785664581325346,P,-2.871139696479774,2.871139696479774,False,True
single_omission,7,1;2;3;4;5;6;8;9;10;11;12;13;14;15;16;17;18;19;20;21;22;23;24;25;26;27;28;29;30;31;32,31,20,0.6451612903225806,1,1,711.3910417141298,0.9409307016236548,0.9409307016236548,0.9307258470901988,0.9307258470901988,M,1.0204854533455987,-1.0204854533455987,60.38302187699887,0.8884212868192422,0.8884212868192422,0.9065182456301666,0.9065182456301666,P,-1.8096958810924435,1.8096958810924435,256.15258315091484,0.8577165489476706,0.8577165489476706,0.872579440724024,0.872579440724024,P,-1.486289177635347,1.486289177635347,False,True
single_omission,7,1;2;3;4;5;6;8;9;10;11;12;13;14;15;16;17;18;19;20;21;22;23;24;25;26;27;28;29;30;31;32,31,21,0.6774193548387096,1,4,742.2983198796334,0.9433901861557693,0.9433901861557693,0.9307914978020342,0.941997538586086,M,0.13926475696832696,-1.2598688353735121,62.601914532243136,0.8979205586845473,0.8979205586845473,0.9014346760224161,0.9216109651698343,P,-2.3690406485286974,0.3514117337868772,263.7625603270326,0.8673234010171695,0.8673234010171695,0.8689848618083932,0.8771489113338936,P,-0.9825510316724073,0.16614607912236456,False,True
single_omission,7,1;2;3;4;5;6;8;9;10;11;12;13;14;15;16;17;18;19;20;21;22;23;24;25;26;27;28;29;30;31;32,31,22,0.7096774193548387,2,6,772.6330479131062,0.9456127720413052,0.9559422573385197,0.9356684659383898,0.9503575068397296,overlap,-0.47447347984244104,-2.027379140012986,64.79676194485315,0.8988479793715962,0.9017493617425969,0.9084790058915753,0.9284604136620944,P,-2.96124342904982,0.6729644148978364,271.06744432272563,0.8685075385492675,0.9215694917641891,0.8722881310506414,0.880459574308168,overlap,-1.195203575890047,-4.928136071354771,False,False
single_omission,7,1;2;3;4;5;6;8;9;10;11;12;13;14;15;16;17;18;19;20;21;22;23;24;25;26;27;28;29;30;31;32,31,23,0.7419354838709677,1,4,802.9116106906596,0.9576736688219538,0.9576736688219538,0.9440177417731483,0.9543778176965104,M,0.3295851125443394,-1.3655927048805472,66.97814484996024,0.9027023864969552,0.9027023864969552,0.9157183367767192,0.9345763438417692,P,-3.187395734481402,1.3015950279763988,278.3106866836554,0.9215031155291471,0.9215031155291471,0.8758334122818011,0.8835707026860691,M,3.7932412843078023,-4.566970324734598,False,False
single_omission,7,1;2;3;4;5;6;8;9;10;11;12;13;14;15;16;17;18;19;20;21;22;23;24;25;26;27;28;29;30;31;32,31,24,0.7741935483870968,1,1,831.7265457555947,0.9691412067761164,0.9691412067761164,0.9559583855253291,0.9559583855253291,M,1.318282125078729,-1.318282125078729,69.11265197025482,0.9100546822912435,0.9100546822912435,0.9302119566446414,0.9302119566446414,P,-2.015727435339787,2.015727435339787,285.50684762222727,0.9238624259154293,0.9238624259154293,0.8812375793564237,0.8812375793564237,M,4.2624846559005665,-4.2624846559005665,False,False
single_omission,7,1;2;3;4;5;6;8;9;10;11;12;13;14;15;16;17;18;19;20;21;22;23;24;25;26;27;28;29;30;31;32,31,25,0.8064516129032258,1,1,860.4080526049096,0.9680053464851569,0.9680053464851569,0.9686236583885209,0.9686236583885209,P,-0.061831190336403274,0.061831190336403274,71.22744352921858,0.9138491670981308,0.9138491670981308,0.9311061074848886,0.9311061074848886,P,-1.7256940386757846,1.7256940386757846,292.68216971530626,0.9190349781523183,0.9190349781523183,0.9315203914470312,0.9315203914470312,P,-1.2485413294712977,1.2485413294712977,False,False
single_omission,7,1;2;3;4;5;6;8;9;10;11;12;13;14;15;16;17;18;19;20;21;22;23;24;25;26;27;28;29;30;31;32,31,26,0.8387096774193549,2,1,887.2271794240365,0.9737814952897045,0.9782320042735161,0.9660505340719074,0.9660505340719074,M,0.7730961217797039,-1.2181470201608646,73.34081926033545,0.9276022054702201,0.9278249199523518,0.9459628127688631,0.9459628127688631,P,-1.8360607298642972,1.8137892816511236,299.6315186755299,0.9239038588771314,0.9519740577832924,0.9409195068998224,0.9409195068998224,overlap,-1.7015648022690955,-1.105455088346996,False,False
single_omission,7,1;2;3;4;5;6;8;9;10;11;12;13;14;15;16;17;18;19;20;21;22;23;24;25;26;27;28;29;30;31;32,31,27,0.8709677419354839,1,1,913.5078878605249,0.9841183073308551,0.9841183073308551,0.9735012048084267,0.9735012048084267,M,1.0617102522428423,-1.0617102522428423,75.37171173277498,0.9418308789949711,0.9418308789949711,0.9418813294632384,0.9418813294632384,P,-0.0050450468267349,0.0050450468267349,306.28819664126274,0.9568994195105982,0.9568994195105982,0.9600708291700923,0.9600708291700923,P,-0.317140965949414,0.317140965949414,False,True
single_omission,7,1;2;3;4;5;6;8;9;10;11;12;13;14;15;16;17;18;19;20;21;22;23;24;25;26;27;28;29;30;31;32,31,28,0.9032258064516129,1,1,937.202582765117,0.9943448282762367,0.9943448282762367,0.9839961511824896,0.9839961511824896,M,1.0348677093747094,-1.0348677093747094,77.08955777031804,0.9614949116079929,0.9614949116079929,0.9615442378495881,0.9615442378495881,P,-0.004932624159514898,0.004932624159514898,312.93800728525736,0.9595611639267018,0.9595611639267018,0.9626651823674267,0.9626651823674267,P,-0.31040184407249427,0.31040184407249427,False,True
single_omission,7,1;2;3;4;5;6;8;9;10;11;12;13;14;15;16;17;18;19;20;21;22;23;24;25;26;27;28;29;30;31;32,31,29,0.9354838709677419,1,2,960.350730913265,0.9977430315952488,0.9977430315952488,0.9828042920503424,0.9876437974422861,M,1.0099234152962655,-1.4938739544906432,78.78278325728863,0.967923720155075,0.967923720155075,0.9679719862608639,0.9685669866261015,P,-0.06432664710265268,0.004826610578889667,318.6302015754324,0.9632890028438676,0.9632890028438676,0.966337569303087,0.9855663198328651,P,-2.2277316988997486,0.30485664592193595,False,True
single_omission,7,1;2;3;4;5;6;8;9;10;11;12;13;14;15;16;17;18;19;20;21;22;23;24;25;26;27;28;29;30;31;32,31,30,0.967741935483871,1,1,981.9838168093414,0.999892185342749,0.999892185342749,0.9879160043633216,0.9879160043633216,M,1.197618097942743,-1.197618097942743,80.39630362979499,0.986526756347807,0.986526756347807,0.9756780667308388,0.9756780667308388,M,1.0848689616968166,-1.0848689616968166,323.8463041655743,0.9764591924782882,0.9764591924782882,0.9902259240677996,0.9902259240677996,P,-1.3766731589511472,1.3766731589511472,True,True
single_omission,8,1;2;3;4;5;6;7;9;10;11;12;13;14;15;16;17;18;19;20;21;22;23;24;25;26;27;28;29;30;31;32,31,1,0.03225806451612903,1,4,41.793643883326084,1.0,1.0,0.5150834348767938,1.0,overlap,0.0,-48.491656512320624,3.7243004646437265,0.7624118076380904,0.7624118076380904,0.29486984951742656,0.8588395984002398,overlap,-9.642779076214946,-46.75419581206638,25.248088207150722,1.0,1.0,0.5030737133639674,1.0,overlap,0.0,-49.69262866360326,False,False
single_omission,8,1;2;3;4;5;6;7;9;10;11;12;13;14;15;16;17;18;19;20;21;22;23;24;25;26;27;28;29;30;31;32,31,2,0.06451612903225806,1,6,80.10927362535946,0.9260746205990087,0.9260746205990087,0.5576802756260016,0.9966834152521714,overlap,-7.0608794653162725,-36.83943449730071,7.015776040399501,0.705955599499333,0.705955599499333,0.4013853832982221,0.8606357058782371,overlap,-15.468010637890417,-30.457021620111085,46.98200691419579,0.7136347425958369,0.7136347425958369,0.5667074371455023,1.0,overlap,-28.636525740416307,-14.692730545033461,False,False
single_omission,8,1;2;3;4;5;6;7;9;10;11;12;13;14;15;16;17;18;19;20;21;22;23;24;25;26;27;28;29;30;31;32,31,3,0.0967741935483871,1,4,118.15921417232735,0.89862709265221,0.89862709265221,0.7001172352238886,0.8716352194779793,M,2.6991873174230685,-19.85098574283214,10.214352755775945,0.7921443711089532,0.7921443711089532,0.5536797817510871,0.7593112934121221,M,3.283307769683108,-23.846458935786607,68.02205292866945,0.5950620369179054,0.5950620369179054,0.7109307842862714,0.89537741853583,P,-30.031538161792458,11.586874736836606,True,True
single_omission,8,1;2;3;4;5;6;7;9;10;11;12;13;14;15;16;17;18;19;20;21;22;23;24;25;26;27;28;29;30;31;32,31,4,0.12903225806451613,1,1,156.0127915433756,0.9167035133498773,0.9167035133498773,0.7981329286788879,0.7981329286788879,M,11.857058467098947,-11.857058467098947,13.402316167392836,0.8415862833521098,0.8415862833521098,0.6606363563832767,0.6606363563832767,M,18.094992696883317,-18.094992696883317,84.86746155351867,0.5666166710649733,0.5666166710649733,0.8673177952668498,0.8673177952668498,P,-30.070112420187655,30.070112420187655,True,True
single_omission,8,1;2;3;4;5;6;7;9;10;11;12;13;14;15;16;17;18;19;20;21;22;23;24;25;26;27;28;29;30;31;32,31,5,0.16129032258064516,1,1,193.81918954919195,0.9329513375932116,0.9329513375932116,0.8095816925382364,0.8095816925382364,M,12.336964505497516,-12.336964505497516,16.54073182684869,0.8451764990886115,0.8451764990886115,0.6630560948480999,0.6630560948480999,M,18.212040424051157,-18.212040424051157,101.12374277695363,0.5507924256910545,0.5507924256910545,0.8097699076349004,0.8097699076349004,P,-25.897748194384597,25.897748194384597,True,True
single_omission,8,1;2;3;4;5;6;7;9;10;11;12;13;14;15;16;17;18;19;20;21;22;23;24;25;26;27;28;29;30;31;32,31,6,0.1935483870967742,1,4,230.9523498606314,0.9212899532671108,0.9212899532671108,0.8132402454465942,0.8433170089423394,M,7.797294432477142,-10.80497078205166,19.674543848484852,0.8504979436838459,0.8504979436838459,0.6649315333941626,0.7081205699939012,M,14.237737368994473,-18.556641028968336,115.04714601753747,0.5465021588851167,0.5465021588851167,0.788830271332989,0.8581905409282199,P,-31.168838204310322,24.232811244787232,True,True
single_omission,8,1;2;3;4;5;6;7;9;10;11;12;13;14;15;16;17;18;19;20;21;22;23;24;25;26;27;28;29;30;31;32,31,7,0.22580645161290322,1,6,268.06575192248704,0.9012304367206989,0.9012304367206989,0.8179161314812622,0.8528512498136875,M,4.837918690701137,-8.331430523943673,22.73192383617416,0.8105950339188633,0.8105950339188633,0.6875723250636471,0.7257605382093347,M,8.48344957095286,-12.302270885521626,127.82381731887904,0.5485421848900555,0.5485421848900555,0.780870144252548,0.8479992341689986,P,-29.94570492789431,23.23279593624925,True,True
single_omission,8,1;2;3;4;5;6;7;9;10;11;12;13;14;15;16;17;18;19;20;21;22;23;24;25;26;27;28;29;30;31;32,31,8,0.25806451612903225,1,4,304.90215495607316,0.9033822059451004,0.9033822059451004,0.830133422632543,0.8529154826889748,M,5.046672325612567,-7.324878331255746,25.785501285712442,0.7966172890875729,0.7966172890875729,0.7056611231679429,0.7386147037456531,M,5.800258534191983,-9.095616591962996,140.52546680859135,0.6188356219900335,0.6188356219900335,0.7790469007283195,0.8358316333832724,P,-21.69960113932389,16.0211278738286,True,True
single_omission,8,1;2;3;4;5;6;7;9;10;11;12;13;14;15;16;17;18;19;20;21;22;23;24;25;26;27;28;29;30;31;32,31,9,0.2903225806451613,1,1,340.18170931959696,0.9021024059857721,0.9021024059857721,0.8553165524822931,0.8553165524822931,M,4.6785853503478965,-4.6785853503478965,28.75001743903157,0.803087973638822,0.803087973638822,0.7360114475379665,0.7360114475379665,M,6.707652610085546,-6.707652610085546,152.6546889191563,0.6277427368745574,0.6277427368745574,0.8274972679180564,0.8274972679180564,P,-19.975453104349906,19.975453104349906,True,True
single_omission,8,1;2;3;4;5;6;7;9;10;11;12;13;14;15;16;17;18;19;20;21;22;23;24;25;26;27;28;29;30;31;32,31,10,0.3225806451612903,1,1,375.2161362130761,0.9187566379737044,0.9187566379737044,0.8469309898533717,0.8469309898533717,M,7.182564812033276,-7.182564812033276,31.706317254786658,0.8217072071521822,0.8217072071521822,0.7366099688265598,0.7366099688265598,M,8.509723832562234,-8.509723832562234,162.98377229679707,0.6472423447696053,0.6472423447696053,0.8070585111141736,0.8070585111141736,P,-15.981616634456831,15.981616634456831,True,True
single_omission,8,1;2;3;4;5;6;7;9;10;11;12;13;14;15;16;17;18;19;20;21;22;23;24;25;26;27;28;29;30;31;32,31,11,0.3548387096774194,1,1,409.0703028797428,0.9357370937780009,0.9357370937780009,0.8630832537340503,0.8630832537340503,M,7.2653840043950595,-7.2653840043950595,34.64628300796107,0.8443008477754077,0.8443008477754077,0.7691060231276841,0.7691060231276841,M,7.519482464772365,-7.519482464772365,172.64589901872608,0.7369066880298156,0.7369066880298156,0.8110202487852378,0.8110202487852378,P,-7.411356075542219,7.411356075542219,True,True
single_omission,8,1;2;3;4;5;6;7;9;10;11;12;13;14;15;16;17;18;19;20;21;22;23;24;25;26;27;28;29;30;31;32,31,12,0.3870967741935484,2,1,442.46380468479697,0.9374454264355563,0.9405871254691833,0.8701546463412457,0.8701546463412457,M,6.729078009431055,-7.04324791279376,37.48573365739747,0.8461486690249536,0.8618068906076038,0.7842980072735445,0.7842980072735445,M,6.185066175140907,-7.750888333405936,181.93563051978202,0.7305666930565446,0.7450013140154015,0.8090479124208306,0.8090479124208306,P,-7.848121936428598,6.404659840542914,True,True
single_omission,8,1;2;3;4;5;6;7;9;10;11;12;13;14;15;16;17;18;19;20;21;22;23;24;25;26;27;28;29;30;31;32,31,13,0.41935483870967744,1,1,475.36650956973835,0.9428076291612262,0.9428076291612262,0.8772301645406645,0.8772301645406645,M,6.557746462056169,-6.557746462056169,40.23905492567195,0.8641376184256492,0.8641376184256492,0.8086273877019036,0.8086273877019036,M,5.551023072374561,-5.551023072374561,190.99676177938636,0.7394600661176038,0.7394600661176038,0.8070502849952357,0.8070502849952357,P,-6.759021887763184,6.759021887763184,True,True
single_omission,8,1;2;3;4;5;6;7;9;10;11;12;13;14;15;16;17;18;19;20;21;22;23;24;25;26;27;28;29;30;31;32,31,14,0.45161290322580644,1,5,507.7600308654793,0.9422910539691604,0.9422910539691604,0.8808972289964182,0.8957228055890295,M,4.656824838013085,-6.139382497274215,42.93968729182547,0.8965221682725535,0.8965221682725535,0.8046023628063116,0.8445031768940402,M,5.2018991378513295,-9.19198054662419,199.86246934029728,0.7485855380098403,0.7485855380098403,0.80932637696939,0.852587645960296,P,-10.400210795045572,6.074083895954974,True,True
single_omission,8,1;2;3;4;5;6;7;9;10;11;12;13;14;15;16;17;18;19;20;21;22;23;24;25;26;27;28;29;30;31;32,31,15,0.4838709677419355,1,10,539.954769773999,0.9457319430105265,0.9457319430105265,0.8859449815500869,0.9110497193691856,M,3.4682223641340992,-5.97869614604396,45.63333636301473,0.8789605390507396,0.8789605390507396,0.8162893443292286,0.8645141663666397,M,1.4446372684099873,-6.267119472151094,208.344348708591,0.7763271586304238,0.7763271586304238,0.8129082563795121,0.8674550413703843,P,-9.112788273996053,3.6581097749088354,True,True
single_omission,8,1;2;3;4;5;6;7;9;10;11;12;13;14;15;16;17;18;19;20;21;22;23;24;25;26;27;28;29;30;31;32,31,16,0.5161290322580645,1,10,571.9581834714602,0.9332860987571648,0.9332860987571648,0.9007767289067927,0.9244767533510175,M,0.8809345406147306,-3.2509369850372116,48.199320436530996,0.8549515941858399,0.8549515941858399,0.8338286019077205,0.8794860822445547,overlap,-2.453448805871483,-2.1122992278119423,216.72402475403936,0.8105551735189267,0.8105551735189267,0.8201421945831656,0.8725799176550236,P,-6.202474413609693,0.9587021064238921,False,True
single_omission,8,1;2;3;4;5;6;7;9;10;11;12;13;14;15;16;17;18;19;20;21;22;23;24;25;26;27;28;29;30;31;32,31,17,0.5483870967741935,1,5,603.9520893941415,0.9313356778314759,0.9313356778314759,0.9145096661472142,0.9269739582002718,M,0.43617196312040196,-1.6826011684261677,50.74693755173527,0.8651110201934612,0.8651110201934612,0.8547892242736618,0.8885514286996851,overlap,-2.3440408506223864,-1.0321795919799426,225.04239090967815,0.8034923844688687,0.8034923844688687,0.8357252155830461,0.874145994940956,P,-7.065361047208729,3.2232831114177407,False,True
single_omission,8,1;2;3;4;5;6;7;9;10;11;12;13;14;15;16;17;18;19;20;21;22;23;24;25;26;27;28;29;30;31;32,31,18,0.5806451612903226,1,1,635.9022968630211,0.9183947676900285,0.9183947676900285,0.9280142948967577,0.9280142948967577,P,-0.9619527206729206,0.9619527206729206,53.213555077477814,0.8572924866267152,0.8572924866267152,0.8851548403442621,0.8851548403442621,P,-2.786235371754686,2.786235371754686,233.3222951133754,0.8294170802420292,0.8294170802420292,0.8757409221543206,0.8757409221543206,P,-4.632384191229145,4.632384191229145,False,False
single_omission,8,1;2;3;4;5;6;7;9;10;11;12;13;14;15;16;17;18;19;20;21;22;23;24;25;26;27;28;29;30;31;32,31,19,0.6129032258064516,1,1,667.3378539709499,0.9279990530726765,0.9279990530726765,0.929755664223189,0.929755664223189,P,-0.17566111505125104,0.17566111505125104,55.64851640937548,0.8789283108746817,0.8789283108746817,0.8862972759448136,0.8862972759448136,P,-0.736896507013185,0.736896507013185,241.16786000903312,0.8376048787306586,0.8376048787306586,0.8748535556917911,0.8748535556917911,P,-3.7248676961132543,3.7248676961132543,False,False
single_omission,8,1;2;3;4;5;6;7;9;10;11;12;13;14;15;16;17;18;19;20;21;22;23;24;25;26;27;28;29;30;31;32,31,20,0.6451612903225806,2,1,698.4236683317206,0.930948082391278,0.9398339838544635,0.9294396595692671,0.9294396595692671,M,0.1508422822010913,-1.0394324285196377,57.86740906461975,0.8799776824038875,0.8895687820826219,0.8988613524601525,0.8988613524601525,P,-1.8883670056265012,0.9292570377530618,248.77873304092032,0.8484025335135301,0.8534992397413402,0.8688026705252698,0.8688026705252698,P,-2.0400137011739705,1.5303430783929595,False,True
single_omission,8,1;2;3;4;5;6;7;9;10;11;12;13;14;15;16;17;18;19;20;21;22;23;24;25;26;27;28;29;30;31;32,31,21,0.6774193548387096,1,4,729.330946497224,0.9423836738217565,0.9423836738217565,0.9295609830493716,0.9409662652281334,M,0.14174085936230485,-1.2822690772384848,60.06225647722976,0.8905428421457315,0.8905428421457315,0.8942055495787253,0.9152349680998784,P,-2.4692125954146826,0.3662707432993795,256.38871021703807,0.8635075646912442,0.8635075646912442,0.8652168098128614,0.8736156609309927,P,-1.010809623974851,0.17092451216171867,False,True
single_omission,8,1;2;3;4;5;6;7;9;10;11;12;13;14;15;16;17;18;19;20;21;22;23;24;25;26;27;28;29;30;31;32,31,22,0.7096774193548387,2,6,759.6656745306968,0.9446843906285078,0.9551901986123829,0.9345703367870953,0.9495101173024302,overlap,-0.4825726673922337,-2.061986182528752,62.24363938233686,0.8919611001588128,0.8949814920361248,0.9019871741302644,0.9227881834458729,P,-3.0827083287060075,0.7005682094139654,263.69359421273106,0.8648305220323258,0.9193762841001645,0.868716833910446,0.8771167810038096,overlap,-1.2286258971483832,-5.065945018971851,False,False
single_omission,8,1;2;3;4;5;6;7;9;10;11;12;13;14;15;16;17;18;19;20;21;22;23;24;25;26;27;28;29;30;31;32,31,23,0.7419354838709677,1,4,789.9442373082504,0.9569788585880522,0.9569788585880522,0.9430987619123776,0.9536289042359025,M,0.33499543521496866,-1.388009667567458,64.37814650263142,0.896853992437354,0.896853992437354,0.9103956094387426,0.9300152225745895,P,-3.3161230137235487,1.3541617001388673,270.9368365736608,0.9193667347124608,0.9193667347124608,0.8724540792310349,0.8804019486780791,M,3.8964786034381693,-4.691265548142587,False,False
single_omission,8,1;2;3;4;5;6;7;9;10;11;12;13;14;15;16;17;18;19;20;21;22;23;24;25;26;27;28;29;30;31;32,31,24,0.7741935483870968,1,1,818.7591723731855,0.9686524702741424,0.9686524702741424,0.9552608616641893,0.9552608616641893,M,1.3391608609953032,-1.3391608609953032,66.49293806159518,0.9049496202552969,0.9049496202552969,0.9259010585232952,0.9259010585232952,P,-2.095143826799828,2.095143826799828,278.13299751223275,0.9218438698143555,0.9218438698143555,0.8780889551501666,0.8780889551501666,M,4.37549146641889,-4.37549146641889,False,False
single_omission,8,1;2;3;4;5;6;7;9;10;11;12;13;14;15;16;17;18;19;20;21;22;23;24;25;26;27;28;29;30;31;32,31,25,0.8064516129032258,1,1,847.4406792225004,0.9675157704846885,0.9675157704846885,0.9681435436772192,0.9681435436772192,P,-0.06277731925307117,0.06277731925307117,68.60631379271206,0.9090651138836549,0.9090651138836549,0.9269813620965918,0.9269813620965918,P,-1.7916248212936914,1.7916248212936914,285.3083196053117,0.9169424211035678,0.9169424211035678,0.929750522381316,0.929750522381316,P,-1.2808101277748118,1.2808101277748118,False,False
single_omission,8,1;2;3;4;5;6;7;9;10;11;12;13;14;15;16;17;18;19;20;21;22;23;24;25;26;27;28;29;30;31;32,31,26,0.8387096774193549,2,1,874.2598060416274,0.9733926118734048,0.9779091325980468,0.9655469819266747,0.9655469819266747,M,0.7845629946730104,-1.236215067137214,70.63720626515159,0.9245491953509355,0.9247804341476591,0.9436125481164043,0.9436125481164043,P,-1.9063352765468777,1.8832113968745179,292.25766856553537,0.9219839039916251,0.9507623321815812,0.9394288678254618,0.9394288678254618,overlap,-1.7444963833836646,-1.1333464356119483,False,False
single_omission,8,1;2;3;4;5;6;7;9;10;11;12;13;14;15;16;17;18;19;20;21;22;23;24;25;26;27;28;29;30;31;32,31,27,0.8709677419354839,1,1,900.5405144781157,0.98388961818753,0.98388961818753,0.9731196342228631,0.9731196342228631,M,1.0769983964666885,-1.0769983964666885,72.64817825017899,0.9396501560570224,0.9396501560570224,0.9397024978809001,0.9397024978809001,P,-0.005234182387769959,0.005234182387769959,298.9143465312682,0.9558361810816945,0.9558361810816945,0.9590858255256276,0.9590858255256276,P,-0.3249644443933053,0.3249644443933053,False,True
single_omission,8,1;2;3;4;5;6;7;9;10;11;12;13;14;15;16;17;18;19;20;21;22;23;24;25;26;27;28;29;30;31;32,31,28,0.9032258064516129,1,1,924.2352093827078,0.994265484054615,0.994265484054615,0.9837716110642756,0.9837716110642756,M,1.0493872990339437,-1.0493872990339437,74.36602428772204,0.960084725995808,0.960084725995808,0.960135858729976,0.960135858729976,P,-0.005113273416801345,0.005113273416801345,305.5641571752628,0.9585852971281096,0.9585852971281096,0.961764221496716,0.961764221496716,P,-0.31789243686064506,0.31789243686064506,False,True
single_omission,8,1;2;3;4;5;6;7;9;10;11;12;13;14;15;16;17;18;19;20;21;22;23;24;25;26;27;28;29;30;31;32,31,29,0.9354838709677419,1,2,947.3833575308558,0.9977121391885116,0.9977121391885116,0.9825689246420111,0.9874746710892834,M,1.0237468099228209,-1.5143214546500583,76.05924977469263,0.9667751310957093,0.9667751310957093,0.966825125516668,0.9674414316852324,P,-0.06663005895231056,0.004999442095865447,311.2563514654379,0.9624192972486458,0.9624192972486458,0.9655400860802434,0.9852243772714138,P,-2.280508002276793,0.31207888315976096,False,True
single_omission,8,1;2;3;4;5;6;7;9;10;11;12;13;14;15;16;17;18;19;20;21;22;23;24;25;26;27;28;29;30;31;32,31,30,0.967741935483871,1,1,969.0164434269323,0.9998907425675245,0.9998907425675245,0.9877542963918674,0.9877542963918674,M,1.2136446175657123,-1.2136446175657123,77.672770147199,0.9860543278489085,0.9860543278489085,0.9748252376184677,0.9748252376184677,M,1.122909023044072,-1.122909023044072,316.4724540555797,0.9759106885440317,0.9759106885440317,0.9899981868035792,0.9899981868035792,P,-1.408749825954747,1.408749825954747,True,True
single_omission,9,1;2;3;4;5;6;7;8;10;11;12;13;14;15;16;17;18;19;20;21;22;23;24;25;26;27;28;29;30;31;32,31,1,0.03225806451612903,1,5,50.080775444264944,0.8345246956057693,0.8345246956057693,0.4298498467021304,1.0,overlap,-16.547530439423074,-40.467484890363885,4.7345054676233875,0.5997354251365439,0.5997354251365439,0.2319532472983795,1.0,overlap,-40.02645748634561,-36.77821778381644,25.248088207150722,1.0,1.0,0.5030737133639674,1.0,overlap,0.0,-49.69262866360326,False,False
single_omission,9,1;2;3;4;5;6;7;8;10;11;12;13;14;15;16;17;18;19;20;21;22;23;24;25;26;27;28;29;30;31;32,31,2,0.06451612903225806,1,10,91.87441932759103,1.0,1.0,0.48626551462919215,1.0,overlap,0.0,-51.37344853708079,8.458805932267115,0.895393058749349,0.895393058749349,0.33291104887134926,0.9378489406806406,overlap,-4.245588193129157,-56.248200987799976,46.98200691419579,0.9142015106597794,0.9142015106597794,0.5667074371455023,1.0,overlap,-8.57984893402206,-34.749407351427706,False,False
single_omission,9,1;2;3;4;5;6;7;8;10;11;12;13;14;15;16;17;18;19;20;21;22;23;24;25;26;27;28;29;30;31;32,31,3,0.0967741935483871,1,10,130.19004906962442,0.9545118195390997,0.9545118195390997,0.6354195496025693,0.9979592204092079,overlap,-4.344740087010823,-31.90922699365304,11.750281508022889,0.8244340224157465,0.8244340224157465,0.4813059670685486,0.916789340330352,overlap,-9.235531791460549,-34.312805534719786,68.02205292866945,0.7531517161383814,0.7531517161383814,0.6516708083541006,0.9509407260857325,overlap,-19.778900994735118,-10.148090778428076,False,False
single_omission,9,1;2;3;4;5;6;7;8;10;11;12;13;14;15;16;17;18;19;20;21;22;23;24;25;26;27;28;29;30;31;32,31,4,0.12903225806451613,1,5,168.2399896165923,0.9288032346062525,0.9288032346062525,0.7401269252907918,0.9098461570970676,M,1.895707750918485,-18.867630931546064,14.948858223399332,0.8579750584266351,0.8579750584266351,0.5922898717484588,0.8355406602511088,M,2.2434398175526282,-26.56851866781763,85.72498641630473,0.6786851452640312,0.6786851452640312,0.7706260179985477,0.9169828649569054,P,-23.829771969287417,9.194087273451645,True,True
single_omission,9,1;2;3;4;5;6;7;8;10;11;12;13;14;15;16;17;18;19;20;21;22;23;24;25;26;27;28;29;30;31;32,31,5,0.16129032258064516,1,1,206.09356698764054,0.936944575233537,0.936944575233537,0.8471866648832321,0.8471866648832321,M,8.97579103503049,-8.97579103503049,18.136821635016226,0.8829392074040259,0.8829392074040259,0.7492251432473391,0.7492251432473391,M,13.371406415668673,-13.371406415668673,102.57039504115394,0.6414156054330086,0.6414156054330086,0.8902178167052125,0.8902178167052125,P,-24.88022112722039,24.88022112722039,True,True
single_omission,9,1;2;3;4;5;6;7;8;10;11;12;13;14;15;16;17;18;19;20;21;22;23;24;25;26;27;28;29;30;31;32,31,6,0.1935483870967742,1,1,243.89996499345688,0.9467186581663112,0.9467186581663112,0.84868090477767,0.84868090477767,M,9.803775338864117,-9.803775338864117,21.275237294472078,0.8796302963100422,0.8796302963100422,0.7380382320221252,0.7380382320221252,M,14.159206428791704,-14.159206428791704,118.82667626458891,0.617715881434494,0.617715881434494,0.8381106033300945,0.8381106033300945,P,-22.03947218956005,22.03947218956005,True,True
single_omission,9,1;2;3;4;5;6;7;8;10;11;12;13;14;15;16;17;18;19;20;21;22;23;24;25;26;27;28;29;30;31;32,31,7,0.22580645161290322,1,3,281.0331253048963,0.9353162719487995,0.9353162719487995,0.8484010552675719,0.871238292892697,M,6.407797905610247,-8.691521668122759,24.409049316108238,0.8794961358659011,0.8794961358659011,0.7299231464073994,0.7647350140615247,M,11.476112180437648,-14.957298945850173,132.75007950517275,0.6069785228011935,0.6069785228011935,0.8169908846834948,0.8771015911605283,P,-27.012306835933487,21.00123618823013,True,True
single_omission,9,1;2;3;4;5;6;7;8;10;11;12;13;14;15;16;17;18;19;20;21;22;23;24;25;26;27;28;29;30;31;32,31,8,0.25806451612903225,1,3,318.14652736675197,0.916778166756478,0.916778166756478,0.8558413916824021,0.8760145499948326,M,4.076361676164542,-6.093677507407591,27.466429303797547,0.8432435750738719,0.8432435750738719,0.7414268148068228,0.7723636571956473,M,7.087991787822467,-10.181676026704912,145.52675080651431,0.6034608003959459,0.6034608003959459,0.8116564890238516,0.8664897139788136,P,-26.30289135828677,20.81956886279057,True,True
single_omission,9,1;2;3;4;5;6;7;8;10;11;12;13;14;15;16;17;18;19;20;21;22;23;24;25;26;27;28;29;30;31;32,31,9,0.2903225806451613,1,1,354.9829304003381,0.9170129854378688,0.9170129854378688,0.8736660767371853,0.8736660767371853,M,4.334690870068347,-4.334690870068347,30.520006753335828,0.8281676280051653,0.8281676280051653,0.7643793638283086,0.7643793638283086,M,6.3788264176856675,-6.3788264176856675,158.22840029622662,0.6614811117954893,0.6614811117954893,0.8529640696034526,0.8529640696034526,P,-19.14829578079633,19.14829578079633,True,True
single_omission,9,1;2;3;4;5;6;7;8;10;11;12;13;14;15;16;17;18;19;20;21;22;23;24;25;26;27;28;29;30;31;32,31,10,0.3225806451612903,1,1,390.2624847638619,0.9146652005503764,0.9146652005503764,0.8634077936918355,0.8634077936918355,M,5.125740685854085,-5.125740685854085,33.48452290665496,0.8309301223248499,0.8309301223248499,0.7622539771557493,0.7622539771557493,M,6.867614516910059,-6.867614516910059,170.3576224067916,0.6664263336299917,0.6664263336299917,0.822852777898754,0.822852777898754,P,-15.64264442687623,15.64264442687623,True,True
single_omission,9,1;2;3;4;5;6;7;8;10;11;12;13;14;15;16;17;18;19;20;21;22;23;24;25;26;27;28;29;30;31;32,31,11,0.3548387096774194,1,1,425.296911657341,0.928323438151304,0.928323438151304,0.8752361352534129,0.8752361352534129,M,5.30873028978911,-5.30873028978911,36.44082272241005,0.844871563484256,0.844871563484256,0.7907391815497021,0.7907391815497021,M,5.413238193455383,-5.413238193455383,180.68670578443232,0.6818040756987654,0.6818040756987654,0.8227562816896382,0.8227562816896382,P,-14.095220599087277,14.095220599087277,True,True
single_omission,9,1;2;3;4;5;6;7;8;10;11;12;13;14;15;16;17;18;19;20;21;22;23;24;25;26;27;28;29;30;31;32,31,12,0.3870967741935484,1,1,459.15107832400776,0.9427464123396547,0.9427464123396547,0.8802885408402389,0.8802885408402389,M,6.2457871499415845,-6.2457871499415845,39.38078847558445,0.8630195813520268,0.8630195813520268,0.8016220300505874,0.8016220300505874,M,6.139755130143943,-6.139755130143943,190.34883250636136,0.761375046156962,0.761375046156962,0.8186887318566567,0.8186887318566567,P,-5.731368569969463,5.731368569969463,True,True
single_omission,9,1;2;3;4;5;6;7;8;10;11;12;13;14;15;16;17;18;19;20;21;22;23;24;25;26;27;28;29;30;31;32,31,13,0.41935483870967744,2,1,492.5445801290619,0.9438058284744374,0.9466280869332125,0.8855631678485874,0.8855631678485874,M,5.824266062585004,-6.1064919084625195,42.22023912502085,0.8634012943723742,0.8773036297442243,0.8220446871339101,0.8220446871339101,M,4.135660723846413,-5.525894261031416,199.6385640074173,0.7544586697189115,0.7676133018338074,0.8154025454180474,0.8154025454180474,P,-6.094387569913584,4.778924358423997,True,True
single_omission,9,1;2;3;4;5;6;7;8;10;11;12;13;14;15;16;17;18;19;20;21;22;23;24;25;26;27;28;29;30;31;32,31,14,0.45161290322580644,1,5,525.4472850140033,0.9482586769880799,0.9482586769880799,0.8877349160741532,0.9020614440493854,M,4.619723293869448,-6.052376091392664,44.97356039329534,0.8784402705346426,0.8784402705346426,0.8164329202797106,0.8545292698823039,M,2.3911000652338643,-6.2007350254931985,208.50427156832822,0.7622741269796178,0.7622741269796178,0.8172291586627265,0.8586973932570661,P,-9.642326627744824,5.495503168310867,True,True
single_omission,9,1;2;3;4;5;6;7;8;10;11;12;13;14;15;16;17;18;19;20;21;22;23;24;25;26;27;28;29;30;31;32,31,15,0.4838709677419355,1,10,557.8408063097443,0.9474719384340571,0.9474719384340571,0.891909860656204,0.9162096658623173,M,3.1262272571739746,-5.556207777785305,47.67419275944886,0.9067985113364707,0.9067985113364707,0.8268315692794808,0.872991963356495,M,3.380654797997573,-7.996694205698995,216.98615093662195,0.7710956985249601,0.7710956985249601,0.8203594685416098,0.8727338451735553,P,-10.163814664859528,4.926377001664973,True,True
single_omission,9,1;2;3;4;5;6;7;8;10;11;12;13;14;15;16;17;18;19;20;21;22;23;24;25;26;27;28;29;30;31;32,31,16,0.5161290322580645,1,10,590.035545218264,0.950338083094648,0.950338083094648,0.9056744516298224,0.9286483606412425,M,2.16897224534055,-4.466363146482555,50.36784183063811,0.8903380761624025,0.8903380761624025,0.8409828935897715,0.8846746509709872,M,0.5663425191415272,-4.9355182572630945,225.36582698207036,0.7962445422196078,0.7962445422196078,0.82703896151715,0.8774659252909207,P,-8.122138307131287,3.079441929754212,True,True
single_omission,9,1;2;3;4;5;6;7;8;10;11;12;13;14;15;16;17;18;19;20;21;22;23;24;25;26;27;28;29;30;31;32,31,17,0.5483870967741935,1,5,622.0389589157252,0.9386572798693205,0.9386572798693205,0.918742327515433,0.9308441985001454,M,0.7813081369175023,-1.9914952353887405,52.915458945842396,0.8682262656085201,0.8682262656085201,0.8607400877848285,0.893118687796025,overlap,-2.489242218750487,-0.7486177823691653,233.6841931377091,0.8274830675599606,0.8274830675599606,0.8418002101255617,0.8788001626307875,P,-5.131709507082693,1.4317142565601126,False,True
single_omission,9,1;2;3;4;5;6;7;8;10;11;12;13;14;15;16;17;18;19;20;21;22;23;24;25;26;27;28;29;30;31;32,31,18,0.5806451612903226,1,1,654.0328648384065,0.9365934602525533,0.9365934602525533,0.9316044371499096,0.9316044371499096,M,0.4989023102643708,-0.4989023102643708,55.38207647158493,0.8781945980240178,0.8781945980240178,0.8896516776170734,0.8896516776170734,P,-1.1457079593055641,1.1457079593055641,241.96409734140633,0.8204637917257465,0.8204637917257465,0.8801788631033232,0.8801788631033232,P,-5.97150713775767,5.97150713775767,False,True
single_omission,9,1;2;3;4;5;6;7;8;10;11;12;13;14;15;16;17;18;19;20;21;22;23;24;25;26;27;28;29;30;31;32,31,19,0.6129032258064516,1,1,685.9830723072861,0.9243524268209555,0.9243524268209555,0.932435030513807,0.932435030513807,P,-0.808260369285152,0.808260369285152,57.81703780348259,0.8709212428591238,0.8709212428591238,0.8905618802733855,0.8905618802733855,P,-1.9640637414261697,1.9640637414261697,249.80966223706406,0.8455414749149802,0.8455414749149802,0.8791828150629779,0.8791828150629779,P,-3.364134014799769,3.364134014799769,False,False
single_omission,9,1;2;3;4;5;6;7;8;10;11;12;13;14;15;16;17;18;19;20;21;22;23;24;25;26;27;28;29;30;31;32,31,20,0.6451612903225806,1,1,717.4186294152149,0.9330252164687693,0.9330252164687693,0.9315567318803457,0.9315567318803457,M,0.14684845884236353,-0.14684845884236353,60.03593045872687,0.8935576010582147,0.8935576010582147,0.9025145201429954,0.9025145201429954,P,-0.895691908478069,0.895691908478069,257.42053526895126,0.8534917752178793,0.8534917752178793,0.8732070641878884,0.8732070641878884,P,-1.971528897000907,1.971528897000907,False,True
single_omission,9,1;2;3;4;5;6;7;8;10;11;12;13;14;15;16;17;18;19;20;21;22;23;24;25;26;27;28;29;30;31;32,31,21,0.6774193548387096,1,4,748.5044437759856,0.9438595588113201,0.9438595588113201,0.9313653307871192,0.9424784581916024,M,0.13811006197177456,-1.249422802420086,62.230777871336876,0.8943570350043824,0.8943570350043824,0.8978921101033368,0.9181887281433029,P,-2.383169313892053,0.35350750989544544,265.030512445069,0.8679581489680454,0.8679581489680454,0.8696116610415544,0.8777366523326192,P,-0.9778503364573865,0.16535120735090558,False,True
single_omission,9,1;2;3;4;5;6;7;8;10;11;12;13;14;15;16;17;18;19;20;21;22;23;24;25;26;27;28;29;30;31;32,31,22,0.7096774193548387,2,6,778.8391718094582,0.9460461527536631,0.9562933282905824,0.9361810871383498,0.9507530794742707,overlap,-0.4706926720607574,-2.0112241152232646,64.41216077644397,0.8955983739729078,0.8985170803249152,0.9052869067775373,0.9253876223415284,P,-2.9789248368620624,0.6769826452622141,272.335396440762,0.8691197474181156,0.9219346522623688,0.8728827380567417,0.8810161363193053,overlap,-1.1896388901189714,-4.905191420562716,False,False
single_omission,9,1;2;3;4;5;6;7;8;10;11;12;13;14;15;16;17;18;19;20;21;22;23;24;25;26;27;28;29;30;31;32,31,23,0.7419354838709677,1,4,809.1177345870118,0.9579983217669336,0.9579983217669336,0.9444471389000455,0.9547277505971185,M,0.32705711698151063,-1.3551182866888056,66.54666789673854,0.9002151573338958,0.9002151573338958,0.913315500758313,0.9322957798422249,P,-3.2080622508329104,1.3100343424417238,279.57863880169174,0.921859116586133,0.921859116586133,0.8763965357327254,0.8840987357817428,M,3.776038080439015,-4.54625808534076,False,False
single_omission,9,1;2;3;4;5;6;7;8;10;11;12;13;14;15;16;17;18;19;20;21;22;23;24;25;26;27;28;29;30;31;32,31,24,0.7741935483870968,1,1,837.9326696519469,0.969369761528754,0.969369761528754,0.9562845784593492,0.9562845784593492,M,1.308518306940476,-1.308518306940476,68.66145945570229,0.9079515777381174,0.9079515777381174,0.9282413108445644,0.9282413108445644,P,-2.0289733106446994,2.0289733106446994,286.7747997402637,0.9241990621833652,0.9241990621833652,0.8817626780154918,0.8817626780154918,M,4.243638416787343,-4.243638416787343,False,False
single_omission,9,1;2;3;4;5;6;7;8;10;11;12;13;14;15;16;17;18;19;20;21;22;23;24;25;26;27;28;29;30;31;32,31,25,0.8064516129032258,1,1,866.614176501262,0.9682344712665393,0.9682344712665393,0.9688483552244771,0.9688483552244771,P,-0.06138839579378219,0.06138839579378219,70.77483518681917,0.9118513336677558,0.9118513336677558,0.929218632985943,0.929218632985943,P,-1.7367299318187146,1.7367299318187146,293.9501218333426,0.9193842202968643,0.9193842202968643,0.9318157778349175,0.9318157778349175,P,-1.243155753805325,1.243155753805325,False,False
single_omission,9,1;2;3;4;5;6;7;8;10;11;12;13;14;15;16;17;18;19;20;21;22;23;24;25;26;27;28;29;30;31;32,31,26,0.8387096774193549,2,1,893.4333033203887,0.9739636188886394,0.9783832129624599,0.9662863598363842,0.9662863598363842,M,0.7677259052255136,-1.2096853126075668,72.80572765925872,0.9267965004647563,0.92702085180504,0.9452920505360634,0.9452920505360634,P,-1.8495550071307099,1.8271198731023341,300.8994707935663,0.9242245183420903,0.9521764329984886,0.9411684645871303,0.9411684645871303,overlap,-1.6943946245040031,-1.1007968411358315,False,False
single_omission,9,1;2;3;4;5;6;7;8;10;11;12;13;14;15;16;17;18;19;20;21;22;23;24;25;26;27;28;29;30;31;32,31,27,0.8709677419354839,1,1,919.7140117568771,0.9842254751581669,0.9842254751581669,0.9736800156169615,0.9736800156169615,M,1.0545459541205449,-1.0545459541205449,74.81669964428612,0.9413993634979222,0.9413993634979222,0.9414501882224705,0.9414501882224705,P,-0.00508247245483151,0.00508247245483151,307.55614875929916,0.9570771089261424,0.9570771089261424,0.960235443914195,0.960235443914195,P,-0.31583349880526246,0.31583349880526246,False,True
single_omission,9,1;2;3;4;5;6;7;8;10;11;12;13;14;15;16;17;18;19;20;21;22;23;24;25;26;27;28;29;30;31;32,31,28,0.9032258064516129,1,1,943.4087066614692,0.9943820302822443,0.9943820302822443,0.9841014309704315,0.9841014309704315,M,1.02805993118128,-1.02805993118128,76.53454568182917,0.961215680976446,0.961215680976446,0.9612653649213513,0.9612653649213513,P,-0.00496839449052322,0.00496839449052322,314.2059594032937,0.9597243514994246,0.9597243514994246,0.9628158439308918,0.9628158439308918,P,-0.30914924314672243,0.30914924314672243,False,True
single_omission,9,1;2;3;4;5;6;7;8;10;11;12;13;14;15;16;17;18;19;20;21;22;23;24;25;26;27;28;29;30;31;32,31,29,0.9354838709677419,1,2,966.5568548096174,0.9977575232679116,0.9977575232679116,0.9829147032418719,0.9877231348589932,M,1.0034388408918349,-1.484282002603965,78.22777116879976,0.9676961446687523,0.9676961446687523,0.9677447532139555,0.9683439750006968,P,-0.06478303319444878,0.004860854520316593,319.8981536934688,0.9634345109878248,0.9634345109878248,0.966470994112851,0.9856235293388522,P,-2.218901835102738,0.3036483125026135,False,True
single_omission,9,1;2;3;4;5;6;7;8;10;11;12;13;14;15;16;17;18;19;20;21;22;23;24;25;26;27;28;29;30;31;32,31,30,0.967741935483871,1,1,988.1899407056939,0.9998928624505529,0.9998928624505529,0.9879918954152282,0.9879918954152282,M,1.1900967035324617,-1.1900967035324617,79.8412915413061,0.9864330978791906,0.9864330978791906,0.9755089942281375,0.9755089942281375,M,1.0924103651053119,-1.0924103651053119,325.1142562836107,0.9765510020996151,0.9765510020996151,0.9902640431599051,0.9902640431599051,P,-1.3713041060290032,1.3713041060290032,True,True
single_omission,10,1;2;3;4;5;6;7;8;9;11;12;13;14;15;16;17;18;19;20;21;22;23;24;25;26;27;28;29;30;31;32,31,1,0.03225806451612903,1,5,50.080775444264944,0.8345246956057693,0.8345246956057693,0.4298498467021304,1.0,overlap,-16.547530439423074,-40.467484890363885,4.7345054676233875,0.5997354251365439,0.5997354251365439,0.2319532472983795,1.0,overlap,-40.02645748634561,-36.77821778381644,25.248088207150722,1.0,1.0,0.5030737133639674,1.0,overlap,0.0,-49.69262866360326,False,False
single_omission,10,1;2;3;4;5;6;7;8;9;11;12;13;14;15;16;17;18;19;20;21;22;23;24;25;26;27;28;29;30;31;32,31,2,0.06451612903225806,1,10,91.87441932759103,1.0,1.0,0.48626551462919215,1.0,overlap,0.0,-51.37344853708079,8.025981043379161,0.9436797914328171,0.9436797914328171,0.3508642669213943,0.9884252330179669,overlap,-4.474544158514981,-59.28155245114228,46.98200691419579,0.9142015106597794,0.9142015106597794,0.5667074371455023,1.0,overlap,-8.57984893402206,-34.749407351427706,False,False
single_omission,10,1;2;3;4;5;6;7;8;9;11;12;13;14;15;16;17;18;19;20;21;22;23;24;25;26;27;28;29;30;31;32,31,3,0.0967741935483871,1,10,130.19004906962442,0.9545118195390997,0.9545118195390997,0.6354195496025693,0.9979592204092079,overlap,-4.344740087010823,-31.90922699365304,11.224557758755607,0.8630479753752583,0.8630479753752583,0.5038488576652508,0.9597289322185748,overlap,-9.668095684331647,-35.919911771000756,68.02205292866945,0.7531517161383814,0.7531517161383814,0.6516708083541006,0.9509407260857325,overlap,-19.778900994735118,-10.148090778428076,False,False
single_omission,10,1;2;3;4;5;6;7;8;9;11;12;13;14;15;16;17;18;19;20;21;22;23;24;25;26;27;28;29;30;31;32,31,4,0.12903225806451613,1,5,168.2399896165923,0.9288032346062525,0.9288032346062525,0.7401269252907918,0.9098461570970676,M,1.895707750918485,-18.867630931546064,14.412521170372496,0.8899031166037858,0.8899031166037858,0.614330915129837,0.8666338610940252,M,2.3269255509760667,-27.55722014739489,85.72498641630473,0.6786851452640312,0.6786851452640312,0.7706260179985477,0.9169828649569054,P,-23.829771969287417,9.194087273451645,True,True
single_omission,10,1;2;3;4;5;6;7;8;9;11;12;13;14;15;16;17;18;19;20;21;22;23;24;25;26;27;28;29;30;31;32,31,5,0.16129032258064516,1,1,206.09356698764054,0.936944575233537,0.936944575233537,0.8471866648832321,0.8471866648832321,M,8.97579103503049,-8.97579103503049,17.550936829828352,0.9124134554477813,0.9124134554477813,0.7742357527292957,0.7742357527292957,M,13.817770271848563,-13.817770271848563,102.57039504115394,0.6414156054330086,0.6414156054330086,0.8902178167052125,0.8902178167052125,P,-24.88022112722039,24.88022112722039,True,True
single_omission,10,1;2;3;4;5;6;7;8;9;11;12;13;14;15;16;17;18;19;20;21;22;23;24;25;26;27;28;29;30;31;32,31,6,0.1935483870967742,1,1,243.89996499345688,0.9467186581663112,0.9467186581663112,0.84868090477767,0.84868090477767,M,9.803775338864117,-9.803775338864117,20.684748851464512,0.9047411413979014,0.9047411413979014,0.7591070421699432,0.7591070421699432,M,14.563409922795822,-14.563409922795822,118.82667626458891,0.617715881434494,0.617715881434494,0.8381106033300945,0.8381106033300945,P,-22.03947218956005,22.03947218956005,True,True
single_omission,10,1;2;3;4;5;6;7;8;9;11;12;13;14;15;16;17;18;19;20;21;22;23;24;25;26;27;28;29;30;31;32,31,7,0.22580645161290322,1,4,281.0331253048963,0.9353162719487995,0.9353162719487995,0.8465212806258738,0.871238292892697,M,6.407797905610247,-8.879499132292567,23.74212883915382,0.9042013333814647,0.9042013333814647,0.7504268129589554,0.7862165519546461,M,11.798478142681857,-15.377452042250928,132.75007950517275,0.6069785228011935,0.6069785228011935,0.8169908846834948,0.8771015911605283,P,-27.012306835933487,21.00123618823013,True,True
single_omission,10,1;2;3;4;5;6;7;8;9;11;12;13;14;15;16;17;18;19;20;21;22;23;24;25;26;27;28;29;30;31;32,31,8,0.25806451612903225,1,6,318.14652736675197,0.916778166756478,0.916778166756478,0.8465787147468589,0.8760145499948326,M,4.076361676164542,-7.019945200961919,26.795706288692102,0.8643507952773013,0.8643507952773013,0.7599854608581538,0.7923821270745504,M,7.196866820275094,-10.436533441914753,145.52675080651431,0.6034608003959459,0.6034608003959459,0.8075266952986846,0.8664897139788136,P,-26.30289135828677,20.406589490273873,True,True
single_omission,10,1;2;3;4;5;6;7;8;9;11;12;13;14;15;16;17;18;19;20;21;22;23;24;25;26;27;28;29;30;31;32,31,9,0.2903225806451613,1,4,354.9829304003381,0.9170129854378688,0.9170129854378688,0.8540980958269174,0.8736660767371853,M,4.334690870068347,-6.291488961095137,29.760222442011234,0.84931090985164,0.84931090985164,0.7705026839442536,0.799055044263841,M,5.025586558779905,-7.880822590738646,158.22840029622662,0.6614811117954893,0.6614811117954893,0.8037676083444649,0.8541991430689465,P,-19.27180312734572,14.228649654897563,True,True
single_omission,10,1;2;3;4;5;6;7;8;9;11;12;13;14;15;16;17;18;19;20;21;22;23;24;25;26;27;28;29;30;31;32,31,10,0.3225806451612903,1,1,390.2624847638619,0.9146652005503764,0.9146652005503764,0.8738831827081543,0.8738831827081543,M,4.078201784222202,-4.078201784222202,32.71652225776632,0.8504357063260686,0.8504357063260686,0.7914914432422541,0.7914914432422541,M,5.894426308381451,-5.894426308381451,170.3576224067916,0.6664263336299917,0.6664263336299917,0.8454231132623284,0.8454231132623284,P,-17.899677963233675,17.899677963233675,True,True
single_omission,10,1;2;3;4;5;6;7;8;9;11;12;13;14;15;16;17;18;19;20;21;22;23;24;25;26;27;28;29;30;31;32,31,11,0.3548387096774194,1,1,425.296911657341,0.928323438151304,0.928323438151304,0.8649556086890842,0.8649556086890842,M,6.336782946221986,-6.336782946221986,35.65648801094073,0.8634561782609755,0.8634561782609755,0.7877863580860193,0.7877863580860193,M,7.5669820174956275,-7.5669820174956275,180.68670578443232,0.6818040756987654,0.6818040756987654,0.8259621173862706,0.8259621173862706,P,-14.415804168750512,14.415804168750512,True,True
single_omission,10,1;2;3;4;5;6;7;8;9;11;12;13;14;15;16;17;18;19;20;21;22;23;24;25;26;27;28;29;30;31;32,31,12,0.3870967741935484,1,1,459.15107832400776,0.9427464123396547,0.9427464123396547,0.8780171113421681,0.8780171113421681,M,6.472930099748664,-6.472930099748664,38.49593866037713,0.8828565497090458,0.8828565497090458,0.8151813282145632,0.8151813282145632,M,6.767522149448258,-6.767522149448258,190.34883250636136,0.761375046156962,0.761375046156962,0.828595854173587,0.828595854173587,P,-6.7220808016625,6.7220808016625,True,True
single_omission,10,1;2;3;4;5;6;7;8;9;11;12;13;14;15;16;17;18;19;20;21;22;23;24;25;26;27;28;29;30;31;32,31,13,0.41935483870967744,2,1,492.5445801290619,0.9438058284744374,0.9466280869332125,0.883357016769038,0.883357016769038,M,6.04488117053994,-6.327107016417455,41.24925992865161,0.8837251667619377,0.8979547535426704,0.8275176751134231,0.8275176751134231,M,5.620749164851457,-7.043707842924729,199.6385640074173,0.7544586697189115,0.7676133018338074,0.8259805733150131,0.8259805733150131,P,-7.152190359610156,5.836727148120568,True,True
single_omission,10,1;2;3;4;5;6;7;8;9;11;12;13;14;15;16;17;18;19;20;21;22;23;24;25;26;27;28;29;30;31;32,31,14,0.45161290322580644,1,1,525.4472850140033,0.9482586769880799,0.9482586769880799,0.8889314497814941,0.8889314497814941,M,5.932722720658578,-5.932722720658578,43.94989229480513,0.8989006456214254,0.8989006456214254,0.8480773305596601,0.8480773305596601,M,5.08233150617653,-5.08233150617653,208.69969526702164,0.7615603433340689,0.7615603433340689,0.823417227777865,0.823417227777865,P,-6.185688444379611,6.185688444379611,True,True
single_omission,10,1;2;3;4;5;6;7;8;9;11;12;13;14;15;16;17;18;19;20;21;22;23;24;25;26;27;28;29;30;31;32,31,15,0.4838709677419355,1,4,557.8408063097443,0.9509069258162858,0.9509069258162858,0.893036912282472,0.9050844060639042,M,4.582251975238161,-5.787001353381383,46.64354136599439,0.8815820095786624,0.8815820095786624,0.8422147669394234,0.8674485161814476,M,1.4133493397214814,-3.9367242639238964,217.56540282793256,0.7862768228233705,0.7862768228233705,0.8248411712449623,0.8645823430256402,P,-7.830552020226966,3.856434842159173,True,True
single_omission,10,1;2;3;4;5;6;7;8;9;11;12;13;14;15;16;17;18;19;20;21;22;23;24;25;26;27;28;29;30;31;32,31,16,0.5161290322580645,1,6,590.035545218264,0.9382533626279043,0.9382533626279043,0.9067400067358584,0.9185996018569061,M,1.9653760770998119,-3.1513355892045847,49.20952543951066,0.8579292417839214,0.8579292417839214,0.8531785525660482,0.8819600699848936,overlap,-2.4030828200972243,-0.47506892178731386,226.0472821962263,0.8183687728297125,0.8183687728297125,0.8275603798698717,0.8778353236013583,P,-5.946655077164575,0.91916070401592,False,True
single_omission,10,1;2;3;4;5;6;7;8;9;11;12;13;14;15;16;17;18;19;20;21;22;23;24;25;26;27;28;29;30;31;32,31,17,0.5483870967741935,1,4,622.0389589157252,0.9360898266489912,0.9360898266489912,0.9197530606519008,0.9305571807937651,M,0.5532645855226059,-1.633676599709044,51.75714255471493,0.867743807003578,0.867743807003578,0.86798604448896,0.890726701497705,P,-2.298289449412705,0.024223748538199086,234.36564835186505,0.8113096183588645,0.8113096183588645,0.8422602010519046,0.8791525703394723,P,-6.784295198060775,3.0950582693040074,False,True
single_omission,10,1;2;3;4;5;6;7;8;9;11;12;13;14;15;16;17;18;19;20;21;22;23;24;25;26;27;28;29;30;31;32,31,18,0.5806451612903226,1,1,654.0328648384065,0.923212864871808,0.923212864871808,0.9325657273567944,0.9325657273567944,P,-0.9352862484986457,0.9352862484986457,54.223760080457474,0.8599511706382733,0.8599511706382733,0.8872944403033958,0.8872944403033958,P,-2.734326966512246,2.734326966512246,242.6455525555623,0.8359714491945749,0.8359714491945749,0.8805153734479159,0.8805153734479159,P,-4.454392425334097,4.454392425334097,False,False
single_omission,10,1;2;3;4;5;6;7;8;9;11;12;13;14;15;16;17;18;19;20;21;22;23;24;25;26;27;28;29;30;31;32,31,19,0.6129032258064516,1,1,685.9830723072861,0.9316426819130373,0.9316426819130373,0.9333515478643524,0.9333515478643524,P,-0.17088659513150306,0.17088659513150306,56.65872141235514,0.8810869763550313,0.8810869763550313,0.8883245553791129,0.8883245553791129,P,-0.723757902408162,0.723757902408162,250.49111745122002,0.8436492109143899,0.8436492109143899,0.8795114953829538,0.8795114953829538,P,-3.5862284468563876,3.5862284468563876,False,False
single_omission,10,1;2;3;4;5;6;7;8;9;11;12;13;14;15;16;17;18;19;20;21;22;23;24;25;26;27;28;29;30;31;32,31,20,0.6451612903225806,2,1,717.4186294152149,0.93390157423559,0.9425522053202762,0.9324330896471665,0.9324330896471665,M,0.14684845884234132,-1.0119115673109635,58.87761406759941,0.8820369904724106,0.8914635288482974,0.9005966600020316,0.9005966600020316,P,-1.855966952962107,0.9133131153734264,258.1019904831072,0.8538785943722285,0.8587911954554787,0.873541829941014,0.873541829941014,P,-1.9663235568785575,1.4750634485535374,False,True
single_omission,10,1;2;3;4;5;6;7;8;9;11;12;13;14;15;16;17;18;19;20;21;22;23;24;25;26;27;28;29;30;31;32,31,21,0.6774193548387096,1,4,748.5044437759856,0.9446995209427116,0.9446995209427116,0.9322052929185107,0.9433184203229938,M,0.13811006197177456,-1.249422802420086,61.07246148020942,0.8923533827035597,0.8923533827035597,0.8959555049679917,0.9166370740119019,P,-2.428369130834218,0.3602122264432017,265.71196765922497,0.8682967886185858,0.8682967886185858,0.8699460600309229,0.8780502136543092,P,-0.9753425035723406,0.1649271412337061,False,True
single_omission,10,1;2;3;4;5;6;7;8;9;11;12;13;14;15;16;17;18;19;20;21;22;23;24;25;26;27;28;29;30;31;32,31,22,0.7096774193548387,2,6,779.411721941489,0.9461578479409858,0.956397495977944,0.9363000291304888,0.9508613169877612,overlap,-0.47034690467754325,-2.009746684745517,63.25384438531652,0.8936865516028571,0.8966587058589607,0.9035525026571225,0.9240213063355582,P,-3.0334754732701086,0.6893796798161822,273.01685165491796,0.8694464269985567,0.9221295048435859,0.8732000251415328,0.8813131222885381,overlap,-1.186669528998141,-4.892947970205308,False,False
single_omission,10,1;2;3;4;5;6;7;8;9;11;12;13;14;15;16;17;18;19;20;21;22;23;24;25;26;27;28;29;30;31;32,31,23,0.7419354838709677,1,4,809.7464499749618,0.9580309333349443,0.9580309333349443,0.9444902720791033,0.954762901550664,M,0.32680317842802564,-1.354066125584097,65.38835150561108,0.8984475272257059,0.8984475272257059,0.9117799355694627,0.9310964391928354,P,-3.264891196712949,1.3332408343756819,280.2600940158477,0.9220491169235985,0.9220491169235985,0.876697078789019,0.8843805508617889,M,3.766856606180957,-4.535203813457944,False,False
single_omission,10,1;2;3;4;5;6;7;8;9;11;12;13;14;15;16;17;18;19;20;21;22;23;24;25;26;27;28;29;30;31;32,31,24,0.7741935483870968,1,1,838.5613850398969,0.9693927266957734,0.9693927266957734,0.9563173543046286,0.9563173543046286,M,1.3075372391144757,-1.3075372391144757,67.50314306457484,0.9063720780075437,0.9063720780075437,0.9270099716493648,0.9270099716493648,P,-2.0637893641821115,2.0637893641821115,287.45625495441965,0.9243787588969443,0.9243787588969443,0.882042976106716,0.882042976106716,M,4.233578279022831,-4.233578279022831,False,False
single_omission,10,1;2;3;4;5;6;7;8;9;11;12;13;14;15;16;17;18;19;20;21;22;23;24;25;26;27;28;29;30;31;32,31,25,0.8064516129032258,1,1,867.242891889212,0.9682574999669274,0.9682574999669274,0.9688709388842724,0.9688709388842724,P,-0.061343891734499945,0.061343891734499945,69.61651879569172,0.9103846696225697,0.9103846696225697,0.9280409352352209,0.9280409352352209,P,-1.7656265612651212,1.7656265612651212,294.6315770474986,0.9195706770370835,0.9195706770370835,0.9319734815480877,0.9319734815480877,P,-1.2402804511004173,1.2402804511004173,False,False
single_omission,10,1;2;3;4;5;6;7;8;9;11;12;13;14;15;16;17;18;19;20;21;22;23;24;25;26;27;28;29;30;31;32,31,26,0.8387096774193549,2,1,894.0620187083388,0.9739819279914853,0.9783984141524938,0.9663100676820494,0.9663100676820494,M,0.7671860309435896,-1.2088346470444433,71.64741126813125,0.9256130269533095,0.9258410053588315,0.944407592696381,0.944407592696381,P,-1.8794565743071479,1.8566587337549456,301.58092600772227,0.9243957413626059,0.9522844955988797,0.9413014009007581,0.9413014009007581,overlap,-1.6905659538152151,-1.0983094698121643,False,False
single_omission,10,1;2;3;4;5;6;7;8;9;11;12;13;14;15;16;17;18;19;20;21;22;23;24;25;26;27;28;29;30;31;32,31,27,0.8709677419354839,1,1,920.3427271448271,0.9842362512377872,0.9842362512377872,0.9736979956353874,0.9736979956353874,M,1.0538255602399849,-1.0538255602399849,73.65838325315865,0.9404778380069602,0.9404778380069602,0.9405294619767393,0.9405294619767393,P,-0.005162396977909101,0.005162396977909101,308.2376039734551,0.957172003343799,0.957172003343799,0.9603233558487999,0.9603233558487999,P,-0.31513525050008706,0.31513525050008706,False,True
single_omission,10,1;2;3;4;5;6;7;8;9;11;12;13;14;15;16;17;18;19;20;21;22;23;24;25;26;27;28;29;30;31;32,31,28,0.9032258064516129,1,1,944.0374220494192,0.9943857717695287,0.9943857717695287,0.9841120191894593,0.9841120191894593,M,1.027375258006935,-1.027375258006935,75.3762292907017,0.9606196772645803,0.9606196772645803,0.9606701247091768,0.9606701247091768,P,-0.005044744459647976,0.005044744459647976,314.8874146174497,0.9598115129717482,0.9598115129717482,0.962896315032184,0.962896315032184,P,-0.30848020604358206,0.30848020604358206,False,True
single_omission,10,1;2;3;4;5;6;7;8;9;11;12;13;14;15;16;17;18;19;20;21;22;23;24;25;26;27;28;29;30;31;32,31,29,0.9354838709677419,1,2,967.1855701975675,0.9977589809815831,0.9977589809815831,0.9829258094755777,0.987731115389584,M,1.0027865591999086,-1.4833171506005383,77.06945477767229,0.9672106334472866,0.9672106334472866,0.9672599725552641,0.9678682003537836,P,-0.06575669064969869,0.00493391079774419,320.5796089076248,0.9635122381496691,0.9635122381496691,0.9665422666306668,0.9856540893639473,P,-2.214185121427814,0.30300284809976485,False,True
single_omission,10,1;2;3;4;5;6;7;8;9;11;12;13;14;15;16;17;18;19;20;21;22;23;24;25;26;27;28;29;30;31;32,31,30,0.967741935483871,1,1,988.8186560936439,0.9998929305712599,0.9998929305712599,0.9879995304654835,0.9879995304654835,M,1.1893400105776442,-1.1893400105776442,78.68297515017866,0.9862333753207415,0.9862333753207415,0.9751484545641679,0.9751484545641679,M,1.1084920756573635,-1.1084920756573635,325.79571149776666,0.9766000495281786,0.9766000495281786,0.9902844075119188,0.9902844075119188,P,-1.3684357983740236,1.3684357983740236,True,True
single_omission,11,1;2;3;4;5;6;7;8;9;10;12;13;14;15;16;17;18;19;20;21;22;23;24;25;26;27;28;29;30;31;32,31,1,0.03225806451612903,1,5,50.080775444264944,0.8345246956057693,0.8345246956057693,0.4298498467021304,1.0,overlap,-16.547530439423074,-40.467484890363885,4.7345054676233875,0.5997354251365439,0.5997354251365439,0.2319532472983795,1.0,overlap,-40.02645748634561,-36.77821778381644,25.248088207150722,1.0,1.0,0.5030737133639674,1.0,overlap,0.0,-49.69262866360326,False,False
single_omission,11,1;2;3;4;5;6;7;8;9;10;12;13;14;15;16;17;18;19;20;21;22;23;24;25;26;27;28;29;30;31;32,31,2,0.06451612903225806,1,10,91.87441932759103,1.0,1.0,0.48626551462919215,1.0,overlap,0.0,-51.37344853708079,8.458805932267115,0.895393058749349,0.895393058749349,0.33291104887134926,0.9378489406806406,overlap,-4.245588193129157,-56.248200987799976,46.98200691419579,0.9142015106597794,0.9142015106597794,0.5667074371455023,1.0,overlap,-8.57984893402206,-34.749407351427706,False,False
single_omission,11,1;2;3;4;5;6;7;8;9;10;12;13;14;15;16;17;18;19;20;21;22;23;24;25;26;27;28;29;30;31;32,31,3,0.0967741935483871,1,10,130.19004906962442,0.9545118195390997,0.9545118195390997,0.6354195496025693,0.9979592204092079,overlap,-4.344740087010823,-31.90922699365304,11.750281508022889,0.8244340224157465,0.8244340224157465,0.4813059670685486,0.916789340330352,overlap,-9.235531791460549,-34.312805534719786,68.02205292866945,0.7531517161383814,0.7531517161383814,0.6516708083541006,0.9509407260857325,overlap,-19.778900994735118,-10.148090778428076,False,False
single_omission,11,1;2;3;4;5;6;7;8;9;10;12;13;14;15;16;17;18;19;20;21;22;23;24;25;26;27;28;29;30;31;32,31,4,0.12903225806451613,1,5,168.2399896165923,0.9288032346062525,0.9288032346062525,0.7401269252907918,0.9098461570970676,M,1.895707750918485,-18.867630931546064,14.948858223399332,0.8579750584266351,0.8579750584266351,0.5922898717484588,0.8355406602511088,M,2.2434398175526282,-26.56851866781763,85.72498641630473,0.6786851452640312,0.6786851452640312,0.7706260179985477,0.9169828649569054,P,-23.829771969287417,9.194087273451645,True,True
single_omission,11,1;2;3;4;5;6;7;8;9;10;12;13;14;15;16;17;18;19;20;21;22;23;24;25;26;27;28;29;30;31;32,31,5,0.16129032258064516,1,1,206.04638762240864,0.9371591116339422,0.9371591116339422,0.8473806490124534,0.8473806490124534,M,8.97784626214888,-8.97784626214888,18.136821635016226,0.8829392074040259,0.8829392074040259,0.7492251432473391,0.7492251432473391,M,13.371406415668673,-13.371406415668673,102.57039504115394,0.6414156054330086,0.6414156054330086,0.8902178167052125,0.8902178167052125,P,-24.88022112722039,24.88022112722039,True,True
single_omission,11,1;2;3;4;5;6;7;8;9;10;12;13;14;15;16;17;18;19;20;21;22;23;24;25;26;27;28;29;30;31;32,31,6,0.1935483870967742,1,1,243.17954793384803,0.9495233030379209,0.9495233030379209,0.851195113752729,0.851195113752729,M,9.832818928519183,-9.832818928519183,21.275237294472078,0.8796302963100422,0.8796302963100422,0.7380382320221252,0.7380382320221252,M,14.159206428791704,-14.159206428791704,118.82667626458891,0.617715881434494,0.617715881434494,0.8381106033300945,0.8381106033300945,P,-22.03947218956005,22.03947218956005,True,True
single_omission,11,1;2;3;4;5;6;7;8;9;10;12;13;14;15;16;17;18;19;20;21;22;23;24;25;26;27;28;29;30;31;32,31,7,0.22580645161290322,1,3,280.29294999570374,0.9377861807024559,0.9377861807024559,0.8487567066351079,0.8592703085691143,M,7.851587213334154,-8.902947406734796,24.409049316108238,0.8794961358659011,0.8794961358659011,0.7299231464073994,0.7484077874398858,M,13.108834842601535,-14.957298945850173,132.75007950517275,0.6069785228011935,0.6069785228011935,0.8169908846834948,0.8771015911605283,P,-27.012306835933487,21.00123618823013,True,True
single_omission,11,1;2;3;4;5;6;7;8;9;10;12;13;14;15;16;17;18;19;20;21;22;23;24;25;26;27;28;29;30;31;32,31,8,0.25806451612903225,1,3,317.12935302928986,0.919718680510448,0.919718680510448,0.8492940677567792,0.8585864542010293,M,6.1132226309418725,-7.042461275366884,27.466429303797547,0.8432435750738719,0.8432435750738719,0.7414268148068228,0.7578538687045834,M,8.538970636928855,-10.181676026704912,145.52675080651431,0.6034608003959459,0.6034608003959459,0.8075266952986846,0.8623599202536467,P,-25.889911985770087,20.406589490273873,True,True
single_omission,11,1;2;3;4;5;6;7;8;9;10;12;13;14;15;16;17;18;19;20;21;22;23;24;25;26;27;28;29;30;31;32,31,9,0.2903225806451613,1,1,352.40890739281366,0.9237109220484343,0.9237109220484343,0.8603364970228633,0.8603364970228633,M,6.3374425025571,-6.3374425025571,30.520006753335828,0.8281676280051653,0.8281676280051653,0.7513213038146326,0.7513213038146326,M,7.684632419053273,-7.684632419053273,158.22840029622662,0.6614811117954893,0.6614811117954893,0.8491657915370655,0.8491657915370655,P,-18.76846797415762,18.76846797415762,True,True
single_omission,11,1;2;3;4;5;6;7;8;9;10;12;13;14;15;16;17;18;19;20;21;22;23;24;25;26;27;28;29;30;31;32,31,10,0.3225806451612903,1,1,387.4433342862928,0.921320570791027,0.921320570791027,0.8517616449203422,0.8517616449203422,M,6.95589258706848,-6.95589258706848,33.476306569090916,0.8311340636516227,0.8311340636516227,0.750536162856032,0.750536162856032,M,8.05979007955907,-8.05979007955907,170.3576224067916,0.6664263336299917,0.6664263336299917,0.8193249318661909,0.8193249318661909,P,-15.289859823619922,15.289859823619922,True,True
single_omission,11,1;2;3;4;5;6;7;8;9;10;12;13;14;15;16;17;18;19;20;21;22;23;24;25;26;27;28;29;30;31;32,31,11,0.3548387096774194,1,1,421.29750095295947,0.9376021779082405,0.9376021779082405,0.8670569496908205,0.8670569496908205,M,7.054522821742005,-7.054522821742005,36.41627232226532,0.8518685041583832,0.8518685041583832,0.7803284752277949,0.7803284752277949,M,7.154002893058831,-7.154002893058831,180.68670578443232,0.7486147020406849,0.7486147020406849,0.8194301074715876,0.8194301074715876,P,-7.08154054309027,7.08154054309027,True,True
single_omission,11,1;2;3;4;5;6;7;8;9;10;12;13;14;15;16;17;18;19;20;21;22;23;24;25;26;27;28;29;30;31;32,31,12,0.3870967741935484,2,1,454.6910027580136,0.939127595549787,0.9421848104477314,0.8736463469652791,0.8736463469652791,M,6.548124858450787,-6.853846348245229,39.25572297170173,0.8530856247400125,0.8680378375477824,0.7940237286027677,0.7940237286027677,M,5.906189613724477,-7.4014108945014705,189.97643728548832,0.741970534439894,0.7557942059593108,0.8171300138628369,0.8171300138628369,P,-7.515947942294288,6.13358079035261,True,True
single_omission,11,1;2;3;4;5;6;7;8;9;10;12;13;14;15;16;17;18;19;20;21;22;23;24;25;26;27;28;29;30;31;32,31,13,0.41935483870967744,1,1,487.59370764295505,0.9442418200368693,0.9442418200368693,0.8803088160327727,0.8803088160327727,M,6.393300400409663,-6.393300400409663,42.009044239976205,0.8698619801185462,0.8698619801185462,0.8166905913511737,0.8166905913511737,M,5.317138876737248,-5.317138876737248,199.03756854509263,0.7499854723432313,0.7499854723432313,0.8148451519904074,0.8148451519904074,P,-6.485967964717609,6.485967964717609,True,True
single_omission,11,1;2;3;4;5;6;7;8;9;10;12;13;14;15;16;17;18;19;20;21;22;23;24;25;26;27;28;29;30;31;32,31,14,0.45161290322580644,1,5,519.987228938696,0.9436480463613692,0.9436480463613692,0.8836978615717644,0.8981748233302816,M,4.547322303108759,-5.995018478960478,44.709676606129726,0.9006187010665269,0.9006187010665269,0.8123378633987205,0.850659063856284,M,4.995963721024288,-8.828083766780637,207.90327610600355,0.7583091707722993,0.7583091707722993,0.8167008146734143,0.8582889233807959,P,-9.997975260849657,5.839164390111495,True,True
single_omission,11,1;2;3;4;5;6;7;8;9;10;12;13;14;15;16;17;18;19;20;21;22;23;24;25;26;27;28;29;30;31;32,31,15,0.4838709677419355,1,10,552.1819678472158,0.9469336234718531,0.9469336234718531,0.8884705499008038,0.9130193829280688,M,3.3914240543784224,-5.84630735710493,47.403325677318975,0.8834800226403023,0.8834800226403023,0.823148903079907,0.8695730620104404,M,1.3906960629861964,-6.033111956039539,216.38515547429728,0.7846387735942462,0.7846387735942462,0.8198605288429996,0.8723803718431389,P,-8.77415982488927,3.5221755248753484,True,True
single_omission,11,1;2;3;4;5;6;7;8;9;10;12;13;14;15;16;17;18;19;20;21;22;23;24;25;26;27;28;29;30;31;32,31,16,0.5161290322580645,1,10,584.1853815446768,0.9346824433260349,0.9346824433260349,0.902853505607232,0.9260574805055859,M,0.8624962820449,-3.1828937718802908,49.969309750835244,0.8600894303822594,0.8600894303822594,0.8397146467707161,0.8837548693804134,overlap,-2.3665438998153987,-2.0374783611543323,224.76483151974566,0.8173324314742629,0.8173324314742629,0.8265764834747252,0.8771382831843584,P,-5.980585171009545,0.92440520004623,False,True
single_omission,11,1;2;3;4;5;6;7;8;9;10;12;13;14;15;16;17;18;19;20;21;22;23;24;25;26;27;28;29;30;31;32,31,17,0.5483870967741935,1,5,616.1792874673583,0.9326982232542024,0.9326982232542024,0.9162060997447466,0.9284230557206674,M,0.42751675335349626,-1.6492123509455725,52.51692686603953,0.8696572125760424,0.8696572125760424,0.8596832943705861,0.8923076039381792,overlap,-2.2650391362136757,-0.9973918205456345,233.08319767538444,0.81027142208391,0.81027142208391,0.8413922984579534,0.8784876538226888,P,-6.821623173877878,3.112087637404337,False,True
single_omission,11,1;2;3;4;5;6;7;8;9;10;12;13;14;15;16;17;18;19;20;21;22;23;24;25;26;27;28;29;30;31;32,31,18,0.5806451612903226,1,1,648.1294949362378,0.9199342800051763,0.9199342800051763,0.9293723313410395,0.9293723313410395,P,-0.9438051335863173,0.9438051335863173,54.98354439178207,0.8618864206216178,0.8618864206216178,0.8888518501976429,0.8888518501976429,P,-2.69654295760251,2.69654295760251,241.36310187908163,0.8350999053492031,0.8350999053492031,0.8798805078078996,0.8798805078078996,P,-4.478060245869653,4.478060245869653,False,False
single_omission,11,1;2;3;4;5;6;7;8;9;10;12;13;14;15;16;17;18;19;20;21;22;23;24;25;26;27;28;29;30;31;32,31,19,0.6129032258064516,1,1,679.5650520441667,0.9292945432349374,0.9292945432349374,0.9310195482391208,0.9310195482391208,P,-0.17250050041833775,0.17250050041833775,57.418505723679736,0.8826604803784974,0.8826604803784974,0.8898022889027172,0.8898022889027172,P,-0.714180852421975,0.714180852421975,249.20866677473936,0.8428446154008142,0.8428446154008142,0.878891450477397,0.878891450477397,P,-3.6046835076582795,3.6046835076582795,False,False
single_omission,11,1;2;3;4;5;6;7;8;9;10;12;13;14;15;16;17;18;19;20;21;22;23;24;25;26;27;28;29;30;31;32,31,20,0.6451612903225806,2,1,710.6508664049373,0.9321361643508602,0.9408691782536617,0.9306536948984923,0.9306536948984923,M,0.14824694523679627,-1.021548335516942,59.63739837892401,0.8835398468409301,0.8928462905084159,0.9018630649807304,0.9018630649807304,P,-1.8323218139800312,0.9016774472314526,256.81953980662655,0.8531489244427646,0.8580860570261776,0.8729103500860905,0.8729103500860905,P,-1.9761425643325947,1.4824293059912952,False,True
single_omission,11,1;2;3;4;5;6;7;8;9;10;12;13;14;15;16;17;18;19;20;21;22;23;24;25;26;27;28;29;30;31;32,31,21,0.6774193548387096,1,4,741.5581445704407,0.9433336819062074,0.9433336819062074,0.9307224183577746,0.9419396442859218,M,0.13940376202855598,-1.2611263548432783,61.832245791534014,0.8936761263616947,0.8936761263616947,0.8972339863492361,0.9176614237262146,P,-2.398529736451993,0.3557859987541434,264.4295169827443,0.8676580442209937,0.8676580442209937,0.8693153143970941,0.87745877217009,P,-0.9800727949096366,0.16572701761004005,False,True
single_omission,11,1;2;3;4;5;6;7;8;9;10;12;13;14;15;16;17;18;19;20;21;22;23;24;25;26;27;28;29;30;31;32,31,22,0.7096774193548387,2,6,771.8928726039136,0.9455606196187357,0.9559000099562025,0.935606777827507,0.9503099041878227,overlap,-0.47492845690869645,-2.0293232128695493,64.01362869664112,0.8949483968039432,0.8978852742569564,0.9046972478752838,0.9249231052277088,P,-2.9974708423765595,0.6811973618327416,271.73440097843735,0.8688302793285899,0.921761994992674,0.8726015925803647,0.8807529794944629,overlap,-1.1922700165872935,-4.916040241230924,False,False
single_omission,11,1;2;3;4;5;6;7;8;9;10;12;13;14;15;16;17;18;19;20;21;22;23;24;25;26;27;28;29;30;31;32,31,23,0.7419354838709677,1,4,802.1714353814672,0.957634613697469,0.957634613697469,0.9439660861251598,0.9543357214420151,M,0.3298892255453989,-1.3668527572309297,66.14813581693568,0.8996139694033609,0.8996139694033609,0.912793240329613,0.9318878725998261,P,-3.227390319646517,1.317927092625204,278.9776433393671,0.9216907793825074,0.9216907793825074,0.8761302594811121,0.8838490522119804,M,3.784172717052703,-4.556051990139531,False,False
single_omission,11,1;2;3;4;5;6;7;8;9;10;12;13;14;15;16;17;18;19;20;21;22;23;24;25;26;27;28;29;30;31;32,31,24,0.7741935483870968,1,1,830.9863704464022,0.9691137202641489,0.9691137202641489,0.9559191568246298,0.9559191568246298,M,1.319456343951908,-1.319456343951908,68.26292737589944,0.907414181371205,0.907414181371205,0.9278223698361371,0.9278223698361371,P,-2.0408188464932087,2.0408188464932087,286.173804277939,0.924039872142255,0.924039872142255,0.8815143670487721,0.8815143670487721,M,4.252550509348296,-4.252550509348296,False,False
single_omission,11,1;2;3;4;5;6;7;8;9;10;12;13;14;15;16;17;18;19;20;21;22;23;24;25;26;27;28;29;30;31;32,31,25,0.8064516129032258,1,1,859.6678772957172,0.9679777990413317,0.9679777990413317,0.9685966433121557,0.9685966433121557,P,-0.06188442708239261,0.06188442708239261,70.37630310701631,0.9113521589487908,0.9113521589487908,0.9288178070806022,0.9288178070806022,P,-1.7465648131811395,1.7465648131811395,293.349126371018,0.9192190596966173,0.9192190596966173,0.9316760862372968,0.9316760862372968,P,-1.2457026540679483,1.2457026540679483,False,False
single_omission,11,1;2;3;4;5;6;7;8;9;10;12;13;14;15;16;17;18;19;20;21;22;23;24;25;26;27;28;29;30;31;32,31,26,0.8387096774193549,2,1,886.4870041148441,0.9737596040609097,0.9782138290121837,0.966022187851011,0.966022187851011,M,0.7737416209898651,-1.2191641161172662,72.40719557945586,0.9263935854963591,0.9266191716753288,0.944990935809728,0.944990935809728,P,-1.8597350313368954,1.8371764134399227,300.29847533124166,0.9240728668207776,0.9520807224001302,0.9410507234438038,0.9410507234438038,overlap,-1.69778566230262,-1.1029998956326392,False,False
single_omission,11,1;2;3;4;5;6;7;8;9;10;12;13;14;15;16;17;18;19;20;21;22;23;24;25;26;27;28;29;30;31;32,31,27,0.8709677419354839,1,1,912.7677125513325,0.9841054286579787,0.9841054286579787,0.97347971658787,0.97347971658787,M,1.062571207010865,-1.062571207010865,74.41816756448326,0.9410855391414878,0.9410855391414878,0.9411366360480025,0.9411366360480025,P,-0.005109690651461385,0.005109690651461385,306.95515329697446,0.9569930690835526,0.9569930690835526,0.9601575878576596,0.9601575878576596,P,-0.316451877410695,0.316451877410695,False,True
single_omission,11,1;2;3;4;5;6;7;8;9;10;12;13;14;15;16;17;18;19;20;21;22;23;24;25;26;27;28;29;30;31;32,31,28,0.9032258064516129,1,1,936.4624074559246,0.9943403584561499,0.9943403584561499,0.9839835018186148,0.9839835018186148,M,1.035685663753505,-1.035685663753505,76.13601360202631,0.9610126654179353,0.9610126654179353,0.9610626094322215,0.9610626094322215,P,-0.004994401428626283,0.004994401428626283,313.60496394096907,0.9596471668729861,0.9596471668729861,0.9627445838692298,0.9627445838692298,P,-0.30974169962436626,0.30974169962436626,False,True
single_omission,11,1;2;3;4;5;6;7;8;9;10;12;13;14;15;16;17;18;19;20;21;22;23;24;25;26;27;28;29;30;31;32,31,29,0.9354838709677419,1,2,959.6105556040726,0.9977412907303976,0.9977412907303976,0.9827910285046525,0.9876342667467395,M,1.0107023983658148,-1.4950262225745137,77.8292390889969,0.9675307296807413,0.9675307296807413,0.9675795871306604,0.9681818772900043,P,-0.0651147609262992,0.0048857449919115226,319.2971582311441,0.9633656857809371,0.9633656857809371,0.9664078843109785,0.9855964692996102,P,-2.2230783518673136,0.30421985300413956,False,True
single_omission,11,1;2;3;4;5;6;7;8;9;10;12;13;14;15;16;17;18;19;20;21;22;23;24;25;26;27;28;29;30;31;32,31,30,0.967741935483871,1,1,981.243641500149,0.9998921040156005,0.9998921040156005,0.9879068891193307,0.9879068891193307,M,1.1985214896269802,-1.1985214896269802,79.44275946150326,0.9863650382378167,0.9863650382378167,0.9753861327926474,0.9753861327926474,M,1.097890544516933,-1.097890544516933,324.513260821286,0.9765075747792694,0.9765075747792694,0.9902460122607442,0.9902460122607442,P,-1.3738437481474741,1.3738437481474741,True,True
single_omission,12,1;2;3;4;5;6;7;8;9;10;11;13;14;15;16;17;18;19;20;21;22;23;24;25;26;27;28;29;30;31;32,31,1,0.03225806451612903,1,4,50.080775444264944,1.0,1.0,0.4298498467021304,1.0,overlap,0.0,-57.01501532978697,4.7345054676233875,1.0,1.0,0.2319532472983795,1.0,overlap,0.0,-76.80467527016205,21.73391870704507,0.8145302154782079,0.8145302154782079,0.5844159841085196,1.0,overlap,-18.546978452179207,-23.011423136968833,False,False
single_omission,12,1;2;3;4;5;6;7;8;9;10;11;13;14;15;16;17;18;19;20;21;22;23;24;25;26;27;28;29;30;31;32,31,2,0.06451612903225806,1,6,88.39640518629832,0.9330050986370827,0.9330050986370827,0.5053979480436388,0.9969943438932212,overlap,-6.398924525613847,-42.76071505934439,8.458805932267115,0.8095564851084026,0.8095564851084026,0.33291104887134926,0.9378489406806406,overlap,-12.8292455572238,-47.664543623705335,42.77396472151873,0.6074451564285562,0.6074451564285562,0.6224593138288542,0.9219826231081274,P,-31.453746667957116,1.501415740029799,False,False
single_omission,12,1;2;3;4;5;6;7;8;9;10;11;13;14;15;16;17;18;19;20;21;22;23;24;25;26;27;28;29;30;31;32,31,3,0.0967741935483871,1,4,126.44634573326621,0.9052709431726366,0.9052709431726366,0.6542324482596202,0.8800480827980551,M,2.5222860374581435,-25.103849491301634,11.750281508022889,0.8498772434837116,0.8498772434837116,0.5118691553372582,0.8213359155653764,M,2.854132791833519,-33.80080881464534,60.47689820915401,0.5445415956629109,0.5445415956629109,0.732973871520775,0.8823246068394986,P,-33.77830111765877,18.843227585786405,True,True
single_omission,12,1;2;3;4;5;6;7;8;9;10;11;13;14;15;16;17;18;19;20;21;22;23;24;25;26;27;28;29;30;31;32,31,4,0.12903225806451613,1,1,164.29992310431447,0.9209049087637711,0.9209049087637711,0.8083149113983646,0.8083149113983646,M,11.258999736540643,-11.258999736540643,14.948858223399332,0.8812887294088754,0.8812887294088754,0.7190590731059691,0.7190590731059691,M,16.22296563029063,-16.22296563029063,77.32230683400323,0.5243268791076096,0.5243268791076096,0.8543705901946157,0.8543705901946157,P,-33.00437110870062,33.00437110870062,True,True
single_omission,12,1;2;3;4;5;6;7;8;9;10;11;13;14;15;16;17;18;19;20;21;22;23;24;25;26;27;28;29;30;31;32,31,5,0.16129032258064516,1,1,202.1063211101308,0.9357005889936527,0.9357005889936527,0.817389570871181,0.817389570871181,M,11.83110181224717,-11.83110181224717,18.136821635016226,0.8752852597567231,0.8752852597567231,0.7091919481853273,0.7091919481853273,M,16.609331157139586,-16.609331157139586,93.5785880574382,0.5145732358133565,0.5145732358133565,0.7944318318101037,0.7944318318101037,P,-27.985859599674722,27.985859599674722,True,True
single_omission,12,1;2;3;4;5;6;7;8;9;10;11;13;14;15;16;17;18;19;20;21;22;23;24;25;26;27;28;29;30;31;32,31,6,0.1935483870967742,1,4,239.23948142157025,0.9240164284649638,0.9240164284649638,0.8197095064861025,0.8487444264929075,M,7.52720019720563,-10.430692197886128,21.275237294472078,0.8755819569204597,0.8755819569204597,0.7039770800620981,0.7439166860272056,M,13.166527089325408,-17.160487685836156,107.50199129802203,0.5146728752145268,0.5146728752145268,0.7740090735520692,0.8482374759061855,P,-33.35646006916587,25.93361983375424,True,True
single_omission,12,1;2;3;4;5;6;7;8;9;10;11;13;14;15;16;17;18;19;20;21;22;23;24;25;26;27;28;29;30;31;32,31,7,0.22580645161290322,1,6,276.3528834834259,0.9041922888092122,0.9041922888092122,0.8233763711375999,0.8572638726763502,M,4.692841613286203,-8.081591767161234,24.409049316108238,0.8325371106444892,0.8325371106444892,0.7179671898089781,0.7535315225867598,M,7.900558805772939,-11.45699208355111,120.2786625993636,0.5202219575885177,0.5202219575885177,0.7671239931934293,0.8384641323405067,P,-31.82421747519889,24.690203560491153,True,True
single_omission,12,1;2;3;4;5;6;7;8;9;10;11;13;14;15;16;17;18;19;20;21;22;23;24;25;26;27;28;29;30;31;32,31,8,0.25806451612903225,1,4,313.189286517012,0.9059387569030374,0.9059387569030374,0.8346281698510882,0.8568074061934126,M,4.913135070962483,-7.131058705194915,27.466429303797547,0.8168601277586995,0.8168601277586995,0.7314704213894112,0.7624072637782355,M,5.445286398046401,-8.538970636928834,132.9803120890759,0.5972087799374547,0.5972087799374547,0.7665102680977346,0.8265169032046904,P,-22.930812326723572,16.93014881602799,True,True
single_omission,12,1;2;3;4;5;6;7;8;9;10;11;13;14;15;16;17;18;19;20;21;22;23;24;25;26;27;28;29;30;31;32,31,9,0.2903225806451613,1,1,348.4688408805358,0.9044305631864138,0.9044305631864138,0.8587573501192918,0.8587573501192918,M,4.567321306712202,-4.567321306712202,30.520006753335828,0.8186055877149803,0.8186055877149803,0.7554191241360209,0.7554191241360209,M,6.318646357895941,-6.318646357895941,145.10953419964088,0.6083867471993332,0.6083867471993332,0.8185277690475913,0.8185277690475913,P,-21.014102184825813,21.014102184825813,True,True
single_omission,12,1;2;3;4;5;6;7;8;9;10;11;13;14;15;16;17;18;19;20;21;22;23;24;25;26;27;28;29;30;31;32,31,10,0.3225806451612903,1,1,383.50326777401494,0.9205122277851624,0.9205122277851624,0.850238661864488,0.850238661864488,M,7.027356592067435,-7.027356592067435,33.48452290665496,0.8346651465398095,0.8346651465398095,0.7540870226292513,0.7540870226292513,M,8.057812391055819,-8.057812391055819,155.4386175772816,0.6301191154930486,0.6301191154930486,0.7976929273992165,0.7976929273992165,P,-16.757381190616794,16.757381190616794,True,True
single_omission,12,1;2;3;4;5;6;7;8;9;10;11;13;14;15;16;17;18;19;20;21;22;23;24;25;26;27;28;29;30;31;32,31,11,0.3548387096774194,1,1,417.3574344406817,0.937013110722718,0.937013110722718,0.8658018996609455,0.8658018996609455,M,7.121121106177252,-7.121121106177252,36.44082272241005,0.8547266117271483,0.8547266117271483,0.7832347797417825,0.7832347797417825,M,7.14918319853658,-7.14918319853658,165.10074429921065,0.7248832428726741,0.7248832428726741,0.802383816116062,0.802383816116062,P,-7.750057324338789,7.750057324338789,True,True
single_omission,12,1;2;3;4;5;6;7;8;9;10;11;13;14;15;16;17;18;19;20;21;22;23;24;25;26;27;28;29;30;31;32,31,12,0.3870967741935484,2,1,450.75093624573583,0.93859550276193,0.9416794411319109,0.8725418749453814,0.8725418749453814,M,6.605362781654867,-6.913756618652956,39.38078847558445,0.8535521953974512,0.8684569229693648,0.7946778680237231,0.7946778680237231,M,5.88743273737281,-7.377905494564175,174.3904758002666,0.7189094280703111,0.7339685753856237,0.8007862052479605,0.8007862052479605,P,-8.187677717764942,6.681762986233686,True,True
single_omission,12,1;2;3;4;5;6;7;8;9;10;11;13;14;15;16;17;18;19;20;21;22;23;24;25;26;27;28;29;30;31;32,31,13,0.41935483870967744,1,1,483.6536411306772,0.9437875880845477,0.9437875880845477,0.87933375622621,0.87933375622621,M,6.445383185833764,-6.445383185833764,42.13410974385893,0.8702482651766553,0.8702482651766553,0.8172347035609363,0.8172347035609363,M,5.301356161571902,-5.301356161571902,183.45160705987092,0.7287443567092178,0.7287443567092178,0.7991144839623111,0.7991144839623111,P,-7.037012725309333,7.037012725309333,True,True
single_omission,12,1;2;3;4;5;6;7;8;9;10;11;13;14;15;16;17;18;19;20;21;22;23;24;25;26;27;28;29;30;31;32,31,14,0.45161290322580644,1,5,516.0471624264181,0.9432177941255291,0.9432177941255291,0.8828098842815246,0.8973973789455152,M,4.58204151800139,-6.040790984400446,44.83474211001245,0.9008959229628218,0.9008959229628218,0.8128613427044823,0.851075647035982,M,4.98202759268398,-8.803458025833955,192.31731462078184,0.7387218342753118,0.7387218342753118,0.8018457089414835,0.8468042404411893,P,-10.80824061658775,6.312387466617175,True,True
single_omission,12,1;2;3;4;5;6;7;8;9;10;11;13;14;15;16;17;18;19;20;21;22;23;24;25;26;27;28;29;30;31;32,31,15,0.4838709677419355,1,10,548.2419013349379,0.946552249752374,0.946552249752374,0.8876690178573782,0.9123942767190981,M,3.4157973033275835,-5.8883231894995784,47.5283911812017,0.8837866315811633,0.8837866315811633,0.8236142664342904,0.8699162655213136,M,1.3870366059849704,-6.017236514687296,200.79919398907558,0.7679225123708432,0.7679225123708432,0.805878167641022,0.8624745820354398,P,-9.455206966459661,3.7955655270178856,True,True
single_omission,12,1;2;3;4;5;6;7;8;9;10;11;13;14;15;16;17;18;19;20;21;22;23;24;25;26;27;28;29;30;31;32,31,16,0.5161290322580645,1,10,580.245315032399,0.934238914509778,0.934238914509778,0.9021938472878525,0.9255553852066738,M,0.8683529303104232,-3.204506722192557,50.09437525471797,0.8604387307937088,0.8604387307937088,0.8401148148208157,0.8840450867104215,overlap,-2.3606355916712674,-2.032391597289307,209.17887003452392,0.803721832625673,0.803721832625673,0.8136546608797923,0.8679838308920176,P,-6.42619982663446,0.9932828254119341,False,True
single_omission,12,1;2;3;4;5;6;7;8;9;10;11;13;14;15;16;17;18;19;20;21;22;23;24;25;26;27;28;29;30;31;32,31,17,0.5483870967741935,1,5,612.2392209550803,0.9322651025593879,0.9322651025593879,0.9156668439619929,0.9279624221781674,M,0.4302680381220503,-1.6598258597394944,52.641992369922264,0.869966877648597,0.869966877648597,0.8600166552238263,0.8925634567881846,overlap,-2.259657913958757,-0.9950222424770727,217.4972361901627,0.7966753766359549,0.7966753766359549,0.8300263906846127,0.869780017897409,P,-7.31046412614541,3.335101404865781,False,True
single_omission,12,1;2;3;4;5;6;7;8;9;10;11;13;14;15;16;17;18;19;20;21;22;23;24;25;26;27;28;29;30;31;32,31,18,0.5806451612903226,1,1,644.18942842396,0.9194445727106856,0.9194445727106856,0.9289403501568649,0.9289403501568649,P,-0.9495777446179354,0.9495777446179354,55.10860989566479,0.8621998606526893,0.8621998606526893,0.8891040938921763,0.8891040938921763,P,-2.6904233239486985,2.6904233239486985,225.77714039385995,0.8237164388049228,0.8237164388049228,0.8715883584093178,0.8715883584093178,P,-4.787191960439497,4.787191960439497,False,False
single_omission,12,1;2;3;4;5;6;7;8;9;10;11;13;14;15;16;17;18;19;20;21;22;23;24;25;26;27;28;29;30;31;32,31,19,0.6129032258064516,1,1,675.6249855318888,0.9288822076813374,0.9288822076813374,0.930617272459206,0.930617272459206,P,-0.17350647778685557,0.17350647778685557,57.54357122756246,0.8829155067147806,0.8829155067147806,0.8900417931943542,0.8900417931943542,P,-0.7126286479573585,0.7126286479573585,233.62270528951768,0.8323601131837771,0.8323601131837771,0.8708117855062585,0.8708117855062585,P,-3.8451672322481367,3.8451672322481367,False,False
single_omission,12,1;2;3;4;5;6;7;8;9;10;11;13;14;15;16;17;18;19;20;21;22;23;24;25;26;27;28;29;30;31;32,31,20,0.6451612903225806,2,1,706.7107998926595,0.931757808697775,0.9405395110536677,0.9302670741555772,0.9302670741555772,M,0.14907345421978357,-1.0272436898090542,59.762463882806735,0.8837835641643266,0.8930705321443824,0.9020684371228791,0.9020684371228791,P,-1.8284872958552523,0.8997904978496729,241.23357832140488,0.8436609616822527,0.848917079536406,0.8646991615670137,0.8646991615670137,P,-2.1038199884760966,1.5782082030607603,False,True
single_omission,12,1;2;3;4;5;6;7;8;9;10;11;13;14;15;16;17;18;19;20;21;22;23;24;25;26;27;28;29;30;31;32,31,21,0.6774193548387096,1,4,737.6180780581628,0.9430309926569375,0.9430309926569375,0.9303523646842006,0.9416295086343633,M,0.14014840225741176,-1.267862797273689,61.957311295416744,0.8938907491165126,0.8938907491165126,0.8974414272954381,0.917827630350023,P,-2.3936881233510454,0.3550678178925515,248.84355549752263,0.8593689944140716,0.8593689944140716,0.861130065345967,0.8697835769917772,P,-1.0414582577705667,0.1761070931895481,False,True
single_omission,12,1;2;3;4;5;6;7;8;9;10;11;13;14;15;16;17;18;19;20;21;22;23;24;25;26;27;28;29;30;31;32,31,22,0.7096774193548387,2,6,767.9528060916357,0.9452813123776034,0.955673750096762,0.9352764013039929,0.9500549636746188,overlap,-0.47736512970154577,-2.039734879276911,64.13869420052384,0.8951532393229743,0.8980843900916033,0.9048830808870789,0.9250694993785672,P,-2.991626005559289,0.679869079547557,256.1484394932156,0.8608489454643014,0.9170014173559827,0.8648497332473566,0.8734971107001657,overlap,-1.2648165235864317,-5.2151684108626135,False,False
single_omission,12,1;2;3;4;5;6;7;8;9;10;11;13;14;15;16;17;18;19;20;21;22;23;24;25;26;27;28;29;30;31;32,31,23,0.7419354838709677,1,4,798.2313688691893,0.9574254983377374,0.9574254983377374,0.9436895029736823,0.9541103227646762,M,0.33151755730611576,-1.373599536405512,66.2732013208184,0.8998034099200274,0.8998034099200274,0.9129578099765108,0.9320164083784523,P,-3.2212998458424957,1.3154400056483384,263.39168185414536,0.9170569029901701,0.9170569029901701,0.8688003810608026,0.8769759262804693,M,4.008097670970079,-4.825652192936747,False,False
single_omission,12,1;2;3;4;5;6;7;8;9;10;11;13;14;15;16;17;18;19;20;21;22;23;24;25;26;27;28;29;30;31;32,31,24,0.7741935483870968,1,1,827.0463039341244,0.9689665773582474,0.9689665773582474,0.9557091547326043,0.9557091547326043,M,1.3257422625643112,-1.3257422625643112,68.38799287978216,0.907583498989278,0.907583498989278,0.9279543656925058,0.9279543656925058,P,-2.037086670322774,2.037086670322774,270.5878427927173,0.919664540216828,0.919664540216828,0.8746895500404758,0.8746895500404758,M,4.497499017635221,-4.497499017635221,False,False
single_omission,12,1;2;3;4;5;6;7;8;9;10;11;13;14;15;16;17;18;19;20;21;22;23;24;25;26;27;28;29;30;31;32,31,25,0.8064516129032258,1,1,855.7278107834393,0.9678303577637939,0.9678303577637939,0.968452051407464,0.968452051407464,P,-0.062169364367015145,0.062169364367015145,70.50136861089905,0.9115094152847687,0.9115094152847687,0.9289440803289143,0.9289440803289143,P,-1.7434665044145592,1.7434665044145592,277.76316488579624,0.9146862461940559,0.9146862461940559,0.9278422665554723,0.9278422665554723,P,-1.3156020361416387,1.3156020361416387,False,False
single_omission,12,1;2;3;4;5;6;7;8;9;10;11;13;14;15;16;17;18;19;20;21;22;23;24;25;26;27;28;29;30;31;32,31,26,0.8387096774193549,2,1,882.5469376025662,0.9736424557247665,0.9781165662388597,0.9658704963838441,0.9658704963838441,M,0.7771959340922341,-1.224606985501553,72.53226108333858,0.9265205031352332,0.9267457003417826,0.9450857865179277,0.9450857865179277,P,-1.8565283382694586,1.8340086176145132,284.71251384601993,0.9199164026126231,0.9494574867545236,0.9378236747216551,0.9378236747216551,overlap,-1.790727210903198,-1.1633812032868507,False,False
single_omission,12,1;2;3;4;5;6;7;8;9;10;11;13;14;15;16;17;18;19;20;21;22;23;24;25;26;27;28;29;30;31;32,31,27,0.8709677419354839,1,1,908.8276460390546,0.9840365204678014,0.9840365204678014,0.9733647424439567,0.9733647424439567,M,1.067177802384478,-1.067177802384478,74.54323306836599,0.9411843833481307,0.9411843833481307,0.9412353945264029,0.9412353945264029,P,-0.0051011178272220015,0.0051011178272220015,291.3691918117528,0.9546925363309533,0.9546925363309533,0.95802633198511,0.95802633198511,P,-0.33337956541567015,0.33337956541567015,False,True
single_omission,12,1;2;3;4;5;6;7;8;9;10;11;13;14;15;16;17;18;19;20;21;22;23;24;25;26;27;28;29;30;31;32,31,28,0.9032258064516129,1,1,932.5223409436467,0.9943164455018546,0.9943164455018546,0.9839158293722212,0.9839158293722212,M,1.0400616129633389,-1.0400616129633389,76.26107910590903,0.9610766032837735,0.9610766032837735,0.9611264653916218,0.9611264653916218,P,-0.004986210784829748,0.004986210784829748,298.01900245574734,0.9575367722412524,0.9575367722412524,0.9607961796529036,0.9607961796529036,P,-0.3259407411651205,0.3259407411651205,False,True
single_omission,12,1;2;3;4;5;6;7;8;9;10;11;13;14;15;16;17;18;19;20;21;22;23;24;25;26;27;28;29;30;31;32,31,29,0.9354838709677419,1,2,955.6704890917947,0.997731978457124,0.997731978457124,0.9827200788488105,0.9875832849365371,M,1.0148693520586893,-1.5011899608313506,77.95430459287962,0.9675828215526961,0.9675828215526961,0.9676316006184689,0.9682329244973409,P,-0.0650102944644737,0.00487790657727194,303.71119674592245,0.9614856727403459,0.9614856727403459,0.9646839919193052,0.9848573036805851,P,-2.3371630940239196,0.3198319178959297,False,True
single_omission,12,1;2;3;4;5;6;7;8;9;10;11;13;14;15;16;17;18;19;20;21;22;23;24;25;26;27;28;29;30;31;32,31,30,0.967741935483871,1,1,977.3035749878711,0.999891669025526,0.999891669025526,0.9878581349119078,0.9878581349119078,M,1.2033534113618183,-1.2033534113618183,79.56782496538598,0.9863864698072226,0.9863864698072226,0.9754248211155484,0.9754248211155484,M,1.0961648691674153,-1.0961648691674153,308.92729933606427,0.975322337878964,0.975322337878964,0.9897539052907286,0.9897539052907286,P,-1.4431567411764545,1.4431567411764545,True,True
single_omission,13,1;2;3;4;5;6;7;8;9;10;11;12;14;15;16;17;18;19;20;21;22;23;24;25;26;27;28;29;30;31;32,31,1,0.03225806451612903,1,5,50.080775444264944,0.8345246956057693,0.8345246956057693,0.4298498467021304,1.0,overlap,-16.547530439423074,-40.467484890363885,4.7345054676233875,0.5997354251365439,0.5997354251365439,0.2319532472983795,1.0,overlap,-40.02645748634561,-36.77821778381644,25.248088207150722,1.0,1.0,0.5030737133639674,1.0,overlap,0.0,-49.69262866360326,False,False
single_omission,13,1;2;3;4;5;6;7;8;9;10;11;12;14;15;16;17;18;19;20;21;22;23;24;25;26;27;28;29;30;31;32,31,2,0.06451612903225806,1,10,91.87441932759103,1.0,1.0,0.48626551462919215,1.0,overlap,0.0,-51.37344853708079,8.458805932267115,0.895393058749349,0.895393058749349,0.33291104887134926,0.9378489406806406,overlap,-4.245588193129157,-56.248200987799976,46.98200691419579,0.9142015106597794,0.9142015106597794,0.5667074371455023,1.0,overlap,-8.57984893402206,-34.749407351427706,False,False
single_omission,13,1;2;3;4;5;6;7;8;9;10;11;12;14;15;16;17;18;19;20;21;22;23;24;25;26;27;28;29;30;31;32,31,3,0.0967741935483871,1,10,129.92435987455892,0.9564637512419667,0.9564637512419667,0.6367189526462002,1.0,overlap,-4.35362487580333,-31.974479859576654,11.750281508022889,0.8244340224157465,0.8244340224157465,0.4813059670685486,0.916789340330352,overlap,-9.235531791460549,-34.312805534719786,64.68494040183106,0.7920070047252141,0.7920070047252141,0.6852906710984097,1.0,overlap,-20.79929952747859,-10.671633362680444,False,False
single_omission,13,1;2;3;4;5;6;7;8;9;10;11;12;14;15;16;17;18;19;20;21;22;23;24;25;26;27;28;29;30;31;32,31,4,0.12903225806451613,1,5,167.77793724560718,0.9313611140496041,0.9313611140496041,0.7421651992514493,0.9123518296605764,M,1.9009284389027714,-18.91959147981548,14.948858223399332,0.8579750584266351,0.8579750584266351,0.5922898717484588,0.8355406602511088,M,2.2434398175526282,-26.56851866781763,81.53034902668028,0.7136026713152884,0.7136026713152884,0.8102737902343355,0.9641605191300092,P,-25.055784781472077,9.667111891904712,True,True
single_omission,13,1;2;3;4;5;6;7;8;9;10;11;12;14;15;16;17;18;19;20;21;22;23;24;25;26;27;28;29;30;31;32,31,5,0.16129032258064516,1,1,205.5843352514235,0.9392653839284301,0.9392653839284301,0.8492851435233035,0.8492851435233035,M,8.998024040512654,-8.998024040512654,18.136821635016226,0.8829392074040259,0.8829392074040259,0.7492251432473391,0.7492251432473391,M,13.371406415668673,-13.371406415668673,97.78663025011525,0.6727939378476239,0.6727939378476239,0.933767662292664,0.933767662292664,P,-26.097372444504007,26.097372444504007,True,True
single_omission,13,1;2;3;4;5;6;7;8;9;10;11;12;14;15;16;17;18;19;20;21;22;23;24;25;26;27;28;29;30;31;32,31,6,0.1935483870967742,1,1,242.71749556286295,0.9513308756336121,0.9513308756336121,0.852815502590247,0.852815502590247,M,9.85153730433651,-9.85153730433651,21.275237294472078,0.8796302963100422,0.8796302963100422,0.7380382320221252,0.7380382320221252,M,14.159206428791704,-14.159206428791704,111.71003349069909,0.6570683292546246,0.6570683292546246,0.8915036028891373,0.8915036028891373,P,-23.443527363451278,23.443527363451278,True,True
single_omission,13,1;2;3;4;5;6;7;8;9;10;11;12;14;15;16;17;18;19;20;21;22;23;24;25;26;27;28;29;30;31;32,31,7,0.22580645161290322,1,4,279.8308976247186,0.9393346384744485,0.9393346384744485,0.8501581603416827,0.8749813634422227,M,6.435327503222588,-8.917647813276586,24.409049316108238,0.8794961358659011,0.8794961358659011,0.7299231464073994,0.7647350140615247,M,11.476112180437648,-14.957298945850173,124.48670479204065,0.6472694999389411,0.6472694999389411,0.8712223934107196,0.9353232231119207,P,-28.805372317297962,22.39528934717785,True,True
single_omission,13,1;2;3;4;5;6;7;8;9;10;11;12;14;15;16;17;18;19;20;21;22;23;24;25;26;27;28;29;30;31;32,31,8,0.25806451612903225,1,6,316.6673006583047,0.921060651077304,0.921060651077304,0.8505332810789468,0.8801066179685291,M,4.095403310877488,-7.052736999835718,27.466429303797547,0.8432435750738719,0.8432435750738719,0.7414268148068228,0.7730323629130463,M,7.02112121608256,-10.181676026704912,137.18835428175296,0.6401395364825156,0.6401395364825156,0.8566086878991759,0.9191555168278197,P,-27.901598034530405,21.646915141666025,True,True
single_omission,13,1;2;3;4;5;6;7;8;9;10;11;12;14;15;16;17;18;19;20;21;22;23;24;25;26;27;28;29;30;31;32,31,9,0.2903225806451613,1,4,351.9468550218285,0.9249236131566156,0.9249236131566156,0.8614659872075953,0.881202771629533,M,4.372084152708267,-6.3457625949020375,30.520006753335828,0.8281676280051653,0.8281676280051653,0.7513213038146326,0.7791628636551297,M,4.900476435003565,-7.684632419053273,149.31757639231793,0.7009563152201987,0.7009563152201987,0.8517340419731845,0.9051751790230681,P,-20.421886380286935,15.077772675298572,True,True
single_omission,13,1;2;3;4;5;6;7;8;9;10;11;12;14;15;16;17;18;19;20;21;22;23;24;25;26;27;28;29;30;31;32,31,10,0.3225806451612903,1,1,386.98128191530765,0.9224206197444659,0.9224206197444659,0.8812928123786488,0.8812928123786488,M,4.112780736581712,-4.112780736581712,33.48452290665496,0.8309301223248499,0.8309301223248499,0.7733378042104421,0.7733378042104421,M,5.759231811440779,-5.759231811440779,159.6466597699587,0.7111379960599975,0.7111379960599975,0.9021439703821447,0.9021439703821447,P,-19.100597432214716,19.100597432214716,True,True
single_omission,13,1;2;3;4;5;6;7;8;9;10;11;12;14;15;16;17;18;19;20;21;22;23;24;25;26;27;28;29;30;31;32,31,11,0.3548387096774194,1,1,420.8354485819744,0.938165006287413,0.938165006287413,0.8741253863848572,0.8741253863848572,M,6.4039619902555796,-6.4039619902555796,36.44082272241005,0.844871563484256,0.844871563484256,0.7708304240618162,0.7708304240618162,M,7.404113942243972,-7.404113942243972,169.3087864918877,0.7276227949003246,0.7276227949003246,0.8814685710384591,0.8814685710384591,P,-15.384577613813455,15.384577613813455,True,True
single_omission,13,1;2;3;4;5;6;7;8;9;10;11;12;14;15;16;17;18;19;20;21;22;23;24;25;26;27;28;29;30;31;32,31,12,0.3870967741935484,1,1,454.22895038702853,0.9529622263024374,0.9529622263024374,0.8875315039171036,0.8875315039171036,M,6.543072238533387,-6.543072238533387,39.38078847558445,0.8630195813520268,0.8630195813520268,0.7968649593567299,0.7968649593567299,M,6.6154621995296985,-6.6154621995296985,178.59851799294364,0.8114672661571621,0.8114672661571621,0.8831106508273775,0.8831106508273775,P,-7.164338467021536,7.164338467021536,True,True
single_omission,13,1;2;3;4;5;6;7;8;9;10;11;12;14;15;16;17;18;19;20;21;22;23;24;25;26;27;28;29;30;31;32,31,13,0.41935483870967744,2,1,487.1316552719699,0.954293239780864,0.9571468586999978,0.8931727310672315,0.8931727310672315,M,6.11205087136325,-6.397412763276633,42.22023912502085,0.8634012943723742,0.8773036297442243,0.8084864601365567,0.8084864601365567,M,5.491483423581755,-6.881716960766759,187.65964925254798,0.8026181761798469,0.8166125104755986,0.8787055513075013,0.8787055513075013,P,-7.60873751276544,6.20930408319027,True,True
single_omission,13,1;2;3;4;5;6;7;8;9;10;11;12;14;15;16;17;18;19;20;21;22;23;24;25;26;27;28;29;30;31;32,31,14,0.45161290322580644,1,1,519.5251765677109,0.9590679524063795,0.9590679524063795,0.8990644494595951,0.8990644494595951,M,6.000350294678447,-6.000350294678447,44.97356039329534,0.8784402705346426,0.8784402705346426,0.8287737730748922,0.8287737730748922,M,4.9666497459750385,-4.9666497459750385,196.5253568134589,0.8087374278736525,0.8087374278736525,0.874426218078172,0.874426218078172,P,-6.568879020451945,6.568879020451945,True,True
single_omission,13,1;2;3;4;5;6;7;8;9;10;11;12;14;15;16;17;18;19;20;21;22;23;24;25;26;27;28;29;30;31;32,31,15,0.4838709677419355,1,5,551.7199154762307,0.9579833811793611,0.9579833811793611,0.9014812872931882,0.9151255930670066,M,4.285778811235453,-5.650209388617289,47.67419275944886,0.9067985113364707,0.9067985113364707,0.8240072258592023,0.8599455056799287,M,4.685300565654204,-8.279128547726843,205.00723618175263,0.8161521063499394,0.8161521063499394,0.8753686212903888,0.9175442254707784,P,-10.139211912083901,5.921651494044944,True,True
single_omission,13,1;2;3;4;5;6;7;8;9;10;11;12;14;15;16;17;18;19;20;21;22;23;24;25;26;27;28;29;30;31;32,31,16,0.5161290322580645,1,10,583.7233291736917,0.960614765550307,0.960614765550307,0.9053107312631101,0.9285330735130536,M,3.2081692037253418,-5.530403428719688,50.36784183063811,0.8903380761624025,0.8903380761624025,0.8335578845747803,0.8772496419559962,M,1.3088434206406263,-5.678019158762215,213.38691222720098,0.8409433730697541,0.8409433730697541,0.8766600199157627,0.9299178053837418,P,-8.897443231398771,3.5716646846008615,True,True
single_omission,13,1;2;3;4;5;6;7;8;9;10;11;12;14;15;16;17;18;19;20;21;22;23;24;25;26;27;28;29;30;31;32,31,17,0.5483870967741935,1,10,615.7172350963731,0.94829471040743,0.94829471040743,0.9180957829362667,0.9401114455759948,M,0.8183264831435166,-3.019892747116326,52.93382590415438,0.8679250087967666,0.8679250087967666,0.8486912984801359,0.8902650840036755,overlap,-2.234007520690895,-1.923371031663068,221.70527838283977,0.8721926441640951,0.8721926441640951,0.8815642649283777,0.932823822102504,P,-6.063117793840888,0.9371620764282551,False,True
single_omission,13,1;2;3;4;5;6;7;8;9;10;11;12;14;15;16;17;18;19;20;21;22;23;24;25;26;27;28;29;30;31;32,31,18,0.5806451612903226,1,5,647.6674425652527,0.945798512847398,0.945798512847398,0.9301081998178743,0.9417311944807633,M,0.40673183666347645,-1.5690313029523728,55.48144301935866,0.8766217628429153,0.8766217628429153,0.8671807767319187,0.8980618855563327,overlap,-2.144012271341744,-0.944098611099653,229.985182586537,0.8631981353473903,0.8631981353473903,0.8947382254442511,0.9323332737429122,P,-6.913513839552188,3.1540090096860762,False,True
single_omission,13,1;2;3;4;5;6;7;8;9;10;11;12;14;15;16;17;18;19;20;21;22;23;24;25;26;27;28;29;30;31;32,31,19,0.6129032258064516,1,1,679.1029996731816,0.9337171503446323,0.9337171503446323,0.9427247374830179,0.9427247374830179,P,-0.9007587138385564,0.9007587138385564,57.9480605451012,0.8689520572142568,0.8689520572142568,0.8945379850294407,0.8945379850294407,P,-2.5585927815183873,2.5585927815183873,237.83074748219474,0.8881291947827459,0.8881291947827459,0.9335748960970983,0.9335748960970983,P,-4.544570131435243,4.544570131435243,False,False
single_omission,13,1;2;3;4;5;6;7;8;9;10;11;12;14;15;16;17;18;19;20;21;22;23;24;25;26;27;28;29;30;31;32,31,20,0.6451612903225806,1,1,710.1888140339522,0.9425235356873108,0.9425235356873108,0.9441741574547612,0.9441741574547612,P,-0.16506217674503443,0.16506217674503443,60.38302187699887,0.8884212868192422,0.8884212868192422,0.8952124668708248,0.8952124668708248,P,-0.6791180051582635,0.6791180051582635,245.44162051408193,0.8951469158492967,0.8951469158492967,0.9317469989650643,0.9317469989650643,P,-3.6600083115767568,3.6600083115767568,False,False
single_omission,13,1;2;3;4;5;6;7;8;9;10;11;12;14;15;16;17;18;19;20;21;22;23;24;25;26;27;28;29;30;31;32,31,21,0.6774193548387096,2,1,741.0960921994556,0.9449205812110698,0.9532948311385433,0.9434990136008324,0.9434990136008324,M,0.1421567610237373,-0.979581753771086,62.601914532243136,0.8890548220271963,0.8979205586845473,0.9065103434429892,0.9065103434429892,P,-1.7455521415792874,0.8589784758441854,253.05159769019969,0.9040347619694087,0.9090454085316512,0.9240904355394094,0.9240904355394094,P,-2.005567357000071,1.5045027007758227,False,True
single_omission,13,1;2;3;4;5;6;7;8;9;10;11;12;14;15;16;17;18;19;20;21;22;23;24;25;26;27;28;29;30;31;32,31,22,0.7096774193548387,1,4,771.4308202329285,0.955873596045291,0.955873596045291,0.943750687610234,0.9545335407557601,M,0.13400552895308504,-1.2122908435057034,64.79676194485315,0.8985405490801089,0.8985405490801089,0.9019356334429471,0.9214284952908812,P,-2.288794621077228,0.33950843628381966,260.3564816858927,0.9183428916893154,0.9183428916893154,0.9200260883177938,0.9282969429227526,P,-0.9954051233437178,0.16831966284783784,False,True
single_omission,13,1;2;3;4;5;6;7;8;9;10;11;12;14;15;16;17;18;19;20;21;22;23;24;25;26;27;28;29;30;31;32,31,23,0.7419354838709677,1,6,801.709383010482,0.957610197085161,0.957610197085161,0.9480265503217603,0.9621828502017805,overlap,-0.4572653116619474,-0.9583646763400733,66.97814484996024,0.9024049687727593,0.9024049687727593,0.9089154379843468,0.9282460797262124,P,-2.5841110953453095,0.6510469211587488,267.5997240468224,0.9183611945138325,0.9183611945138325,0.9221907782363994,0.9304681120346148,P,-1.21069175207823,0.38295837225669205,False,False
single_omission,13,1;2;3;4;5;6;7;8;9;10;11;12;14;15;16;17;18;19;20;21;22;23;24;25;26;27;28;29;30;31;32,31,24,0.7741935483870968,1,4,830.5243180754171,0.9690965370481104,0.9690965370481104,0.9573183955310687,0.9673340266997985,M,0.17625103483118743,-1.1778141517041707,69.11265197025482,0.9097664501536501,0.9097664501536501,0.916533884630641,0.9348094722803251,P,-2.5043022126674974,0.6767434476990908,274.79588498539437,0.920894744243914,0.920894744243914,0.9246240415273417,0.932460296446505,P,-1.1565552202590923,0.3729297283427635,False,True
single_omission,13,1;2;3;4;5;6;7;8;9;10;11;12;14;15;16;17;18;19;20;21;22;23;24;25;26;27;28;29;30;31;32,31,25,0.8064516129032258,1,1,859.205824924732,0.9679605785646452,0.9679605785646452,0.968579755629375,0.968579755629375,P,-0.06191770647298034,0.06191770647298034,71.22744352921858,0.9135694927700193,0.9135694927700193,0.9308264331567769,0.9308264331567769,P,-1.7256940386757624,1.7256940386757624,281.9712070784733,0.9159594395791208,0.9159594395791208,0.9289191239765139,0.9289191239765139,P,-1.2959684397393034,1.2959684397393034,False,False
single_omission,13,1;2;3;4;5;6;7;8;9;10;11;12;14;15;16;17;18;19;20;21;22;23;24;25;26;27;28;29;30;31;32,31,26,0.8387096774193549,2,1,886.024951743859,0.9737459199799642,0.9782024677610816,0.9660044687917074,0.9660044687917074,M,0.7741451188256754,-1.2197998969374124,73.34081926033545,0.927330590186766,0.9275533046688977,0.945691197485409,0.945691197485409,P,-1.8360607298642972,1.8137892816511236,288.920556038697,0.9210827964523965,0.9501936234669021,0.9387292544552128,0.9387292544552128,overlap,-1.7646458002816279,-1.1464369011689235,False,False
single_omission,13,1;2;3;4;5;6;7;8;9;10;11;12;14;15;16;17;18;19;20;21;22;23;24;25;26;27;28;29;30;31;32,31,27,0.8709677419354839,1,1,912.3056601803473,0.984097378588035,0.984097378588035,0.9734662849493694,0.9734662849493694,M,1.0631093638665656,-1.0631093638665656,75.35179124536285,0.9418155010295161,0.9418155010295161,0.9418659648351956,0.9418659648351956,P,-0.005046380567952369,0.005046380567952369,295.57723400442984,0.9553375647594948,0.9553375647594948,0.9586238981900411,0.9586238981900411,P,-0.32863334305462955,0.32863334305462955,False,True
single_omission,13,1;2;3;4;5;6;7;8;9;10;11;12;14;15;16;17;18;19;20;21;22;23;24;25;26;27;28;29;30;31;32,31,28,0.9032258064516129,1,1,936.0003550849394,0.9943375645995237,0.9943375645995237,0.9839755953462299,0.9839755953462299,M,1.0361969253293801,-1.0361969253293801,77.0696372829059,0.9614849590487794,0.9614849590487794,0.961534298039919,0.961534298039919,P,-0.004933899113956919,0.004933899113956919,302.2270446484244,0.9581280067360143,0.9581280067360143,0.9613420319618081,0.9613420319618081,P,-0.32140252257938373,0.32140252257938373,False,True
single_omission,13,1;2;3;4;5;6;7;8;9;10;11;12;14;15;16;17;18;19;20;21;22;23;24;25;26;27;28;29;30;31;32,31,29,0.9354838709677419,1,2,959.1485032330875,0.9977402026382307,0.9977402026382307,0.9827827383951909,0.9876283097793361,M,1.0111892858894578,-1.4957464243039786,78.76286276987649,0.9679156075102774,0.9679156075102774,0.9679638858233974,0.968559036674497,P,-0.06434291642196666,0.00482783131200426,307.9192389385995,0.9620120117722617,0.9620120117722617,0.9651666225356732,0.9850642446474525,P,-2.305223287519076,0.3154610763411503,False,True
single_omission,13,1;2;3;4;5;6;7;8;9;10;11;12;14;15;16;17;18;19;20;21;22;23;24;25;26;27;28;29;30;31;32,31,30,0.967741935483871,1,1,980.7815891291639,0.9998920531851242,0.9998920531851242,0.9879011919787878,0.9879011919787878,M,1.1990861206336412,-1.1990861206336412,80.37638314238283,0.9865234171383268,0.9865234171383268,0.9756720387815011,0.9756720387815011,M,1.0851378356825703,-1.0851378356825703,313.1353415287413,0.9756539665061097,0.9756539665061097,0.9898915965479219,0.9898915965479219,P,-1.4237630041812221,1.4237630041812221,True,True
single_omission,14,1;2;3;4;5;6;7;8;9;10;11;12;13;15;16;17;18;19;20;21;22;23;24;25;26;27;28;29;30;31;32,31,1,0.03225806451612903,1,4,50.080775444264944,0.8345246956057693,0.8345246956057693,0.462216248506571,1.0,overlap,-16.547530439423074,-37.23084470991982,4.7345054676233875,0.5997354251365439,0.5997354251365439,0.2319532472983795,1.0,overlap,-40.02645748634561,-36.77821778381644,25.248088207150722,1.0,1.0,0.5514636643514454,1.0,overlap,0.0,-44.85363356485546,False,False
single_omission,14,1;2;3;4;5;6;7;8;9;10;11;12;13;15;16;17;18;19;20;21;22;23;24;25;26;27;28;29;30;31;32,31,2,0.06451612903225806,1,6,91.87441932759103,1.0,1.0,0.6661058556126024,1.0,overlap,0.0,-33.38941443873976,8.458805932267115,0.895393058749349,0.895393058749349,0.4655071411418731,0.9378489406806406,overlap,-4.245588193129157,-42.988591760747596,46.98200691419579,0.9142015106597794,0.9142015106597794,0.673158487801063,1.0,overlap,-8.57984893402206,-24.104302285871636,False,False
single_omission,14,1;2;3;4;5;6;7;8;9;10;11;12;13;15;16;17;18;19;20;21;22;23;24;25;26;27;28;29;30;31;32,31,3,0.0967741935483871,1,4,130.19004906962442,0.9545118195390997,0.9545118195390997,0.7910875932104695,0.9979592204092079,overlap,-4.344740087010823,-16.34242263286302,11.750281508022889,0.8244340224157465,0.8244340224157465,0.6073225801022336,0.916789340330352,overlap,-9.235531791460549,-21.711144231351287,68.02205292866945,0.7531517161383814,0.7531517161383814,0.7844552338227694,0.9509407260857325,P,-19.778900994735118,3.1303517684387994,False,False
single_omission,14,1;2;3;4;5;6;7;8;9;10;11;12;13;15;16;17;18;19;20;21;22;23;24;25;26;27;28;29;30;31;32,31,4,0.12903225806451613,1,1,168.2399896165923,0.9288032346062525,0.9288032346062525,0.9098461570970676,0.9098461570970676,M,1.895707750918485,-1.895707750918485,14.948858223399332,0.8579750584266351,0.8579750584266351,0.7940885231905052,0.7940885231905052,M,6.388653523612997,-6.388653523612997,85.72498641630473,0.6786851452640312,0.6786851452640312,0.9169828649569054,0.9169828649569054,P,-23.829771969287417,23.829771969287417,True,True
single_omission,14,1;2;3;4;5;6;7;8;9;10;11;12;13;15;16;17;18;19;20;21;22;23;24;25;26;27;28;29;30;31;32,31,5,0.16129032258064516,1,1,206.09356698764054,0.936944575233537,0.936944575233537,0.8999117829309555,0.8999117829309555,M,3.7032792302581496,-3.7032792302581496,18.136821635016226,0.8829392074040259,0.8829392074040259,0.7710332473095298,0.7710332473095298,M,11.190596009449605,-11.190596009449605,102.57039504115394,0.6414156054330086,0.6414156054330086,0.847108444997704,0.847108444997704,P,-20.56928395646954,20.56928395646954,True,True
single_omission,14,1;2;3;4;5;6;7;8;9;10;11;12;13;15;16;17;18;19;20;21;22;23;24;25;26;27;28;29;30;31;32,31,6,0.1935483870967742,1,4,243.89996499345688,0.9467186581663112,0.9467186581663112,0.8871395594081207,0.9156196750396713,M,3.1098983126639834,-5.957909875819045,21.275237294472078,0.8796302963100422,0.8796302963100422,0.7566958627656296,0.7966354687307372,M,8.299482757930498,-12.293443354441258,118.82667626458891,0.617715881434494,0.617715881434494,0.8058287786642259,0.87298290023681,P,-25.526701880231606,18.81128972297319,True,True
single_omission,14,1;2;3;4;5;6;7;8;9;10;11;12;13;15;16;17;18;19;20;21;22;23;24;25;26;27;28;29;30;31;32,31,7,0.22580645161290322,1,6,281.0331253048963,0.9353162719487995,0.9353162719487995,0.8817781331756861,0.9151012823742818,M,2.0214989574517728,-5.353813877311342,24.409049316108238,0.8794961358659011,0.8794961358659011,0.7639175501596849,0.7994818829374666,M,8.001425292843455,-11.557858570621626,132.75007950517275,0.6069785228011935,0.6069785228011935,0.7895670349677127,0.8542050115191967,P,-24.722648871800324,18.258851216651927,True,True
single_omission,14,1;2;3;4;5;6;7;8;9;10;11;12;13;15;16;17;18;19;20;21;22;23;24;25;26;27;28;29;30;31;32,31,8,0.25806451612903225,1,4,318.14652736675197,0.916778166756478,0.916778166756478,0.8853248645830799,0.90715851231464,M,0.9619654441838099,-3.1453302173398145,27.466429303797547,0.8432435750738719,0.8432435750738719,0.7723058936485689,0.8032427360373935,M,4.000083903647845,-7.093768142530299,145.52675080651431,0.6034608003959459,0.6034608003959459,0.7866403445010605,0.8414735694560225,P,-23.80127690600766,18.31795441051146,True,True
single_omission,14,1;2;3;4;5;6;7;8;9;10;11;12;13;15;16;17;18;19;20;21;22;23;24;25;26;27;28;29;30;31;32,31,9,0.2903225806451613,1,1,354.9829304003381,0.9170129854378688,0.9170129854378688,0.9000900642440886,0.9000900642440886,M,1.692292119378025,-1.692292119378025,30.520006753335828,0.8281676280051653,0.8281676280051653,0.7921689394607097,0.7921689394607097,M,3.599868854445565,-3.599868854445565,157.6559729170793,0.6638828596783919,0.6638828596783919,0.8329695322261976,0.8329695322261976,P,-16.908667254780575,16.908667254780575,True,True
single_omission,14,1;2;3;4;5;6;7;8;9;10;11;12;13;15;16;17;18;19;20;21;22;23;24;25;26;27;28;29;30;31;32,31,10,0.3225806451612903,1,1,390.2624847638619,0.9146652005503764,0.9146652005503764,0.8874430645268941,0.8874430645268941,M,2.7222136023482224,-2.7222136023482224,33.48452290665496,0.8309301223248499,0.8309301223248499,0.7875832326550011,0.7875832326550011,M,4.334688966984879,-4.334688966984879,167.98505629472004,0.6758387216735363,0.6758387216735363,0.8128028029112199,0.8128028029112199,P,-13.696408123768355,13.696408123768355,True,True
single_omission,14,1;2;3;4;5;6;7;8;9;10;11;12;13;15;16;17;18;19;20;21;22;23;24;25;26;27;28;29;30;31;32,31,11,0.3548387096774194,1,1,425.296911657341,0.928323438151304,0.928323438151304,0.8972914670956057,0.8972914670956057,M,3.1031971055698326,-3.1031971055698326,36.44082272241005,0.844871563484256,0.844871563484256,0.8140135747332466,0.8140135747332466,M,3.0857988751009313,-3.0857988751009313,177.64718301664902,0.6934696646265652,0.6934696646265652,0.816340577481884,0.816340577481884,P,-12.287091285531881,12.287091285531881,True,True
single_omission,14,1;2;3;4;5;6;7;8;9;10;11;12;13;15;16;17;18;19;20;21;22;23;24;25;26;27;28;29;30;31;32,31,12,0.3870967741935484,1,1,459.15107832400776,0.9427464123396547,0.9427464123396547,0.9007176870644,0.9007176870644,M,4.20287252752547,-4.20287252752547,39.38078847558445,0.8630195813520268,0.8630195813520268,0.8231588775542642,0.8231588775542642,M,3.986070379776263,-3.986070379776263,186.93691451770502,0.7752714412205007,0.7752714412205007,0.8141566177958152,0.8141566177958152,P,-3.888517657531443,3.888517657531443,True,True
single_omission,14,1;2;3;4;5;6;7;8;9;10;11;12;13;15;16;17;18;19;20;21;22;23;24;25;26;27;28;29;30;31;32,31,13,0.41935483870967744,2,1,492.5445801290619,0.9438058284744374,0.9466280869332125,0.9046072602952132,0.9046072602952132,M,3.919856817922418,-4.202082663799933,42.22023912502085,0.8634012943723742,0.8773036297442243,0.8421331104481823,0.8421331104481823,M,2.126818392419194,-3.517051929604198,195.99804577730936,0.7684721795479603,0.7818711491909919,0.8119737847078475,0.8119737847078475,P,-4.350160515988721,3.010263551685566,True,True
single_omission,14,1;2;3;4;5;6;7;8;9;10;11;12;13;15;16;17;18;19;20;21;22;23;24;25;26;27;28;29;30;31;32,31,14,0.45161290322580644,1,5,525.4472850140033,0.9482586769880799,0.9482586769880799,0.9055864965953322,0.9199130245705645,M,2.834565241751541,-4.267218039274767,44.97356039329534,0.8784402705346426,0.8784402705346426,0.8352915124960311,0.8733878620986242,M,0.5052408436018396,-4.314875803861151,204.86375333822025,0.775820070614788,0.775820070614788,0.8139812411127538,0.8561863843185537,P,-8.036631370376568,3.8161170497965857,True,True
single_omission,14,1;2;3;4;5;6;7;8;9;10;11;12;13;15;16;17;18;19;20;21;22;23;24;25;26;27;28;29;30;31;32,31,15,0.4838709677419355,1,10,557.8408063097443,0.9474719384340571,0.9474719384340571,0.9087248093153275,0.9330246145214407,M,1.4447323912616383,-3.8747129118729573,47.67419275944886,0.9067985113364707,0.9067985113364707,0.8446218660182782,0.8907822600952922,M,1.6016251241178558,-6.217664531819256,213.34563270651398,0.7842536334309894,0.7842536334309894,0.817294092319261,0.8705621824549716,P,-8.630854902398221,3.304045888827156,True,True
single_omission,14,1;2;3;4;5;6;7;8;9;10;11;12;13;15;16;17;18;19;20;21;22;23;24;25;26;27;28;29;30;31;32,31,16,0.5161290322580645,1,10,590.035545218264,0.950338083094648,0.950338083094648,0.9215719083069327,0.9445458173183524,M,0.5792265776295547,-2.876617478771526,50.36784183063811,0.8903380761624025,0.8903380761624025,0.8578217734215712,0.9015135308027872,overlap,-1.1175454640384719,-3.251630274083128,221.72530875196236,0.8093181186547509,0.8093181186547509,0.82419910612473,0.8754540325787235,P,-6.613591392397256,1.4880987469979123,False,True
single_omission,14,1;2;3;4;5;6;7;8;9;10;11;12;13;15;16;17;18;19;20;21;22;23;24;25;26;27;28;29;30;31;32,31,17,0.5483870967741935,1,5,622.0389589157252,0.9386572798693205,0.9386572798693205,0.9338218725883217,0.9459237435730341,overlap,-0.7266463703713644,-0.4835407280998738,52.93382590415438,0.8679250087967666,0.8679250087967666,0.8764640382918346,0.908831403589,P,-4.090639479223346,0.8539029495068018,230.04367490760114,0.8405782643471258,0.8405782643471258,0.8392966454469482,0.8768821345971719,overlap,-3.630387025004611,-0.1281618900177639,False,False
single_omission,14,1;2;3;4;5;6;7;8;9;10;11;12;13;15;16;17;18;19;20;21;22;23;24;25;26;27;28;29;30;31;32,31,18,0.5806451612903226,1,1,654.0328648384065,0.9365934602525533,0.9365934602525533,0.9459463227375396,0.9459463227375396,P,-0.9352862484986346,0.9352862484986346,55.48144301935866,0.8766217628429153,0.8766217628429153,0.903345200688963,0.903345200688963,P,-2.6723437846047693,2.6723437846047693,238.32357911129833,0.8329968084002157,0.8329968084002157,0.8783485321102623,0.8783485321102623,P,-4.535172371004659,4.535172371004659,False,False
single_omission,14,1;2;3;4;5;6;7;8;9;10;11;12;13;15;16;17;18;19;20;21;22;23;24;25;26;27;28;29;30;31;32,31,19,0.6129032258064516,1,1,685.9830723072861,0.9444000654162155,0.9444000654162155,0.9461089313675304,0.9461089313675304,P,-0.17088659513149196,0.17088659513149196,57.9480605451012,0.8961079192639965,0.8961079192639965,0.9031844628060568,0.9031844628060568,P,-0.7076543542060332,0.7076543542060332,246.16914400695606,0.8409041716807213,0.8409041716807213,0.8773960876238106,0.8773960876238106,P,-3.6491915943089315,3.6491915943089315,False,False
single_omission,14,1;2;3;4;5;6;7;8;9;10;11;12;13;15;16;17;18;19;20;21;22;23;24;25;26;27;28;29;30;31;32,31,20,0.6451612903225806,2,1,717.4186294152149,0.9460999599079077,0.954750590992594,0.9446314753194843,0.9446314753194843,M,0.14684845884234132,-1.0119115673109635,60.38302187699887,0.8932757299784706,0.9024672555304616,0.9113726887893951,0.9113726887893951,P,-1.8096958810924546,0.8905433258933559,253.78001703884325,0.8513900893979968,0.8563863540087062,0.8713881975976076,0.8713881975976076,P,-1.9998108199610787,1.5001843588901331,False,True
single_omission,14,1;2;3;4;5;6;7;8;9;10;11;12;13;15;16;17;18;19;20;21;22;23;24;25;26;27;28;29;30;31;32,31,21,0.6774193548387096,1,4,748.5044437759856,0.9563913007349119,0.9563913007349119,0.9438970727107113,0.9550102001151944,M,0.13811006197174125,-1.2494228024200527,62.601914532243136,0.9026029386033497,0.9026029386033497,0.9061170559412182,0.9262933450886364,P,-2.369040648528664,0.35141173378684387,261.389994214961,0.866119131498143,0.866119131498143,0.8677956729185302,0.8760338253082188,P,-0.9914693810075814,0.1676541420387201,False,True
single_omission,14,1;2;3;4;5;6;7;8;9;10;11;12;13;15;16;17;18;19;20;21;22;23;24;25;26;27;28;29;30;31;32,31,22,0.7096774193548387,2,6,779.411721941489,0.9573859946107752,0.9676256426477338,0.9475281758002786,0.962089463657551,overlap,-0.47034690467757656,-2.009746684745517,64.79676194485315,0.9033717539968439,0.9062731363678449,0.9130027805168229,0.9329841882873421,P,-2.96124342904982,0.6729644148978031,268.69487821065405,0.8673464648432541,0.9208769531969041,0.8711604398404612,0.8794040366480989,overlap,-1.205757180484479,-4.971651335644289,False,False
single_omission,14,1;2;3;4;5;6;7;8;9;10;11;12;13;15;16;17;18;19;20;21;22;23;24;25;26;27;28;29;30;31;32,31,23,0.7419354838709677,1,4,809.7464499749618,0.9688384510837199,0.9688384510837199,0.9552977898278789,0.9655704192994395,M,0.32680317842803674,-1.354066125584097,66.97814484996024,0.9070788282174744,0.9070788282174744,0.9200947784972384,0.9389527855622885,P,-3.187395734481402,1.3015950279763988,275.9381205715838,0.9208281850497593,0.9208281850497593,0.874765805393483,0.8825696224268895,M,3.825856262286975,-4.606237965627624,False,False
single_omission,14,1;2;3;4;5;6;7;8;9;10;11;12;13;15;16;17;18;19;20;21;22;23;24;25;26;27;28;29;30;31;32,31,24,0.7741935483870968,1,1,840.0250127525154,0.9781216561438182,0.9781216561438182,0.9650690657854629,0.9650690657854629,M,1.3052590358355265,-1.3052590358355265,69.11265197025482,0.9142959599607866,0.9142959599607866,0.9344532343141845,0.9344532343141845,P,-2.015727435339787,2.015727435339787,283.13428151015574,0.9232244197115711,0.9232244197115711,0.8802423918676332,0.8802423918676332,M,4.29820278439379,-4.29820278439379,False,False
single_omission,14,1;2;3;4;5;6;7;8;9;10;11;12;13;15;16;17;18;19;20;21;22;23;24;25;26;27;28;29;30;31;32,31,25,0.8064516129032258,1,1,868.8399478174505,0.9765501524489272,0.9765501524489272,0.977162463775095,0.977162463775095,P,-0.06123113261677915,0.06123113261677915,71.22744352921858,0.9179645183301892,0.9179645183301892,0.9352214587169468,0.9352214587169468,P,-1.7256940386757624,1.7256940386757624,290.3096036032347,0.9183732884778648,0.9183732884778648,0.9309607392805023,0.9309607392805023,P,-1.2587450802637457,1.2587450802637457,False,False
single_omission,14,1;2;3;4;5;6;7;8;9;10;11;12;13;15;16;17;18;19;20;21;22;23;24;25;26;27;28;29;30;31;32,31,26,0.8387096774193549,2,1,897.5214546667654,0.9799783540352051,0.9843778171479557,0.9723360643942857,0.9723360643942857,M,0.7642289640919397,-1.2041752753670032,73.34081926033545,0.9315989694884107,0.9318216839705424,0.9499595767870536,0.9499595767870536,P,-1.8360607298642861,1.8137892816511125,297.2589525634583,0.9232964991184746,0.9515907397300561,0.9404479571799396,0.9404479571799396,overlap,-1.7151458061465008,-1.1142782550116581,False,False
single_omission,14,1;2;3;4;5;6;7;8;9;10;11;12;13;15;16;17;18;19;20;21;22;23;24;25;26;27;28;29;30;31;32,31,27,0.8709677419354839,1,1,924.3405814858924,0.9894470101906454,0.9894470101906454,0.9789543334709119,0.9789543334709119,M,1.049267671973353,-1.049267671973353,75.37171173277498,0.945719950116556,0.945719950116556,0.9457704005848233,0.9457704005848233,P,-0.0050450468267349,0.0050450468267349,303.91563052919116,0.956562947916486,0.956562947916486,0.9597591156941214,0.9597591156941214,P,-0.3196167777635428,0.3196167777635428,False,True
single_omission,14,1;2;3;4;5;6;7;8;9;10;11;12;13;15;16;17;18;19;20;21;22;23;24;25;26;27;28;29;30;31;32,31,28,0.9032258064516129,1,1,950.6212899223807,0.9967047231936113,0.9967047231936113,0.9865021251629551,0.9865021251629551,M,1.0202598030656151,-1.0202598030656151,77.38268371780238,0.9616407690527803,0.9616407690527803,0.9616899084463545,0.9616899084463545,P,-0.00491393935742046,0.00491393935742046,310.5654411731858,0.9592522312530702,0.9592522312530702,0.9623799628569081,0.9623799628569081,P,-0.31277316038378356,0.31277316038378356,False,True
single_omission,14,1;2;3;4;5;6;7;8;9;10;11;12;13;15;16;17;18;19;20;21;22;23;24;25;26;27;28;29;30;31;32,31,29,0.9354838709677419,1,2,974.3159848269728,0.9994390456844026,0.9994390456844026,0.9847144289642719,0.9894845678235222,M,0.9954477860880329,-1.47246167201307,79.07590920477297,0.9680426234976462,0.9680426234976462,0.9680907106861373,0.9686835054485868,P,-0.06408819509405861,0.004808718849103055,316.2576354633608,0.9630135967887208,0.9630135967887208,0.9660850336063458,0.9854580383035138,P,-2.2444441514792968,0.3071436817625006,False,True
single_omission,14,1;2;3;4;5;6;7;8;9;10;11;12;13;15;16;17;18;19;20;21;22;23;24;25;26;27;28;29;30;31;32,31,30,0.967741935483871,1,1,997.4641329751208,0.9999999999999998,0.9999999999999998,0.9882096854210685,0.9882096854210685,M,1.1790314578931316,-1.1790314578931316,80.68942957727933,0.9865757015111563,0.9865757015111563,0.9757664226626072,0.9757664226626072,M,1.0809278848549098,-1.0809278848549098,321.4737380535027,0.9762854547337527,0.9762854547337527,0.9901537886533364,0.9901537886533364,P,-1.3868333919583642,1.3868333919583642,True,True
single_omission,15,1;2;3;4;5;6;7;8;9;10;11;12;13;14;16;17;18;19;20;21;22;23;24;25;26;27;28;29;30;31;32,31,1,0.03225806451612903,1,4,50.080775444264944,0.8345246956057693,0.8345246956057693,0.4298498467021304,1.0,overlap,-16.547530439423074,-40.467484890363885,4.7345054676233875,0.5997354251365439,0.5997354251365439,0.3628353688237217,1.0,overlap,-40.02645748634561,-23.69000563128222,25.248088207150722,1.0,1.0,0.5030737133639674,1.0,overlap,0.0,-49.69262866360326,False,False
single_omission,15,1;2;3;4;5;6;7;8;9;10;11;12;13;14;16;17;18;19;20;21;22;23;24;25;26;27;28;29;30;31;32,31,2,0.06451612903225806,1,6,91.87441932759103,1.0,1.0,0.648462919607452,1.0,overlap,0.0,-35.1537080392548,8.458805932267115,0.895393058749349,0.895393058749349,0.5387635942320317,0.9378489406806406,overlap,-4.245588193129157,-35.662946451731734,46.98200691419579,0.9142015106597794,0.9142015106597794,0.6471537717168213,1.0,overlap,-8.57984893402206,-26.70477389429581,False,False
single_omission,15,1;2;3;4;5;6;7;8;9;10;11;12;13;14;16;17;18;19;20;21;22;23;24;25;26;27;28;29;30;31;32,31,3,0.0967741935483871,1,4,130.19004906962442,0.9545118195390997,0.9545118195390997,0.7786370679031154,0.9979592204092079,overlap,-4.344740087010823,-17.58747516359843,11.750281508022889,0.8244340224157465,0.8244340224157465,0.6600585183478652,0.916789340330352,overlap,-9.235531791460549,-16.437550406788127,68.02205292866945,0.7531517161383814,0.7531517161383814,0.766494091836174,0.9509407260857325,P,-19.778900994735118,1.334237569779262,False,False
single_omission,15,1;2;3;4;5;6;7;8;9;10;11;12;13;14;16;17;18;19;20;21;22;23;24;25;26;27;28;29;30;31;32,31,4,0.12903225806451613,1,1,168.2399896165923,0.9288032346062525,0.9288032346062525,0.9002115006494474,0.9002115006494474,M,2.859173395680503,-2.859173395680503,14.948858223399332,0.8579750584266351,0.8579750584266351,0.8355406602511088,0.8355406602511088,M,2.2434398175526282,-2.2434398175526282,85.72498641630473,0.6786851452640312,0.6786851452640312,0.9027308504399434,0.9027308504399434,P,-22.404570517591218,22.404570517591218,True,True
single_omission,15,1;2;3;4;5;6;7;8;9;10;11;12;13;14;16;17;18;19;20;21;22;23;24;25;26;27;28;29;30;31;32,31,5,0.16129032258064516,1,1,206.09356698764054,0.936944575233537,0.936944575233537,0.8920467412200501,0.8920467412200501,M,4.48978340134869,-4.48978340134869,18.136821635016226,0.8829392074040259,0.8829392074040259,0.8051992181971476,0.8051992181971476,M,7.773998920687831,-7.773998920687831,102.57039504115394,0.6414156054330086,0.6414156054330086,0.8351970767088196,0.8351970767088196,P,-19.3781471275811,19.3781471275811,True,True
single_omission,15,1;2;3;4;5;6;7;8;9;10;11;12;13;14;16;17;18;19;20;21;22;23;24;25;26;27;28;29;30;31;32,31,6,0.1935483870967742,1,4,243.89996499345688,0.9467186581663112,0.9467186581663112,0.8804936605423684,0.908973776173919,M,3.774488199239223,-6.622499762394273,21.275237294472078,0.8796302963100422,0.8796302963100422,0.7858218420155479,0.8257614479806554,M,5.3868848329386765,-9.380845429449424,118.82667626458891,0.617715881434494,0.617715881434494,0.795546964939578,0.8627010865121622,P,-24.49852050776682,17.783108350508403,True,True
single_omission,15,1;2;3;4;5;6;7;8;9;10;11;12;13;14;16;17;18;19;20;21;22;23;24;25;26;27;28;29;30;31;32,31,7,0.22580645161290322,1,6,281.0331253048963,0.9353162719487995,0.9353162719487995,0.8760103629210284,0.9093335121196241,M,2.5982759829175417,-5.93059090277711,24.409049316108238,0.8794961358659011,0.8794961358659011,0.7893041234731711,0.8248684562509528,M,5.46276796149483,-9.019201239273,131.60334756593045,0.6122674586178264,0.6122674586178264,0.7871633574051587,0.8523645599958773,P,-24.009710137805097,17.489589878733234,True,True
single_omission,15,1;2;3;4;5;6;7;8;9;10;11;12;13;14;16;17;18;19;20;21;22;23;24;25;26;27;28;29;30;31;32,31,8,0.25806451612903225,1,4,318.14652736675197,0.916778166756478,0.916778166756478,0.8802299339103384,0.9020635816418985,M,1.471458511457957,-3.6548232846139617,27.466429303797547,0.8432435750738719,0.8432435750738719,0.7948666026916701,0.8258034450804945,M,1.7440129993377407,-4.837697238220184,144.30499705564276,0.6085699824161874,0.6085699824161874,0.7848339416410821,0.8401314103826628,P,-23.15614279664754,17.62639592248947,True,True
single_omission,15,1;2;3;4;5;6;7;8;9;10;11;12;13;14;16;17;18;19;20;21;22;23;24;25;26;27;28;29;30;31;32,31,9,0.2903225806451613,1,1,354.9829304003381,0.9170129854378688,0.9170129854378688,0.8955238320061637,0.8955238320061637,M,2.14891534317051,-2.14891534317051,30.520006753335828,0.8281676280051653,0.8281676280051653,0.8124724120314735,0.8124724120314735,M,1.5695215973691834,-1.5695215973691834,156.43421916620775,0.6690677954186319,0.6690677954186319,0.8316650216044157,0.8316650216044157,P,-16.259722618578376,16.259722618578376,True,True
single_omission,15,1;2;3;4;5;6;7;8;9;10;11;12;13;14;16;17;18;19;20;21;22;23;24;25;26;27;28;29;30;31;32,31,10,0.3225806451612903,1,1,390.2624847638619,0.9146652005503764,0.9146652005503764,0.883289617644374,0.883289617644374,M,3.1375582906002397,-3.1375582906002397,33.48452290665496,0.8309301223248499,0.8309301223248499,0.8060891591603098,0.8060891591603098,M,2.4840963164540097,-2.4840963164540097,166.76330254384848,0.6807901017469298,0.6807901017469298,0.8114313448373687,0.8114313448373687,P,-13.06412430904389,13.06412430904389,True,True
single_omission,15,1;2;3;4;5;6;7;8;9;10;11;12;13;14;16;17;18;19;20;21;22;23;24;25;26;27;28;29;30;31;32,31,11,0.3548387096774194,1,1,425.296911657341,0.928323438151304,0.928323438151304,0.8934801661990381,0.8934801661990381,M,3.4843271952265886,-3.4843271952265886,36.44082272241005,0.844871563484256,0.844871563484256,0.8310181886163137,0.8310181886163137,M,1.3853374867942247,-1.3853374867942247,176.4254292657775,0.6982719721363108,0.6982719721363108,0.8150687280139347,0.8150687280139347,P,-11.679675587762395,11.679675587762395,True,True
single_omission,15,1;2;3;4;5;6;7;8;9;10;11;12;13;14;16;17;18;19;20;21;22;23;24;25;26;27;28;29;30;31;32,31,12,0.3870967741935484,1,1,459.15107832400776,0.9427464123396547,0.9427464123396547,0.8971874013322533,0.8971874013322533,M,4.5559011007401455,-4.5559011007401455,39.38078847558445,0.8630195813520268,0.8630195813520268,0.8388940150150102,0.8388940150150102,M,2.412556633701668,-2.412556633701668,185.71516076683346,0.7803716752958649,0.7803716752958649,0.8129340205218767,0.8129340205218767,P,-3.2562345226011757,3.2562345226011757,True,True
single_omission,15,1;2;3;4;5;6;7;8;9;10;11;12;13;14;16;17;18;19;20;21;22;23;24;25;26;27;28;29;30;31;32,31,13,0.41935483870967744,2,1,492.5445801290619,0.9438058284744374,0.9466280869332125,0.9013163206196974,0.9013163206196974,M,4.248950785474004,-4.531176631351519,42.22023912502085,0.8634012943723742,0.8773036297442243,0.8568100078987384,0.8568100078987384,M,0.6591286473635827,-2.0493621845485865,194.7762920264378,0.7732924980684285,0.7867755140871707,0.8107943714876586,0.8107943714876586,P,-3.750187341923017,2.4018857400487925,True,True
single_omission,15,1;2;3;4;5;6;7;8;9;10;11;12;13;14;16;17;18;19;20;21;22;23;24;25;26;27;28;29;30;31;32,31,14,0.45161290322580644,1,5,525.4472850140033,0.9482586769880799,0.9482586769880799,0.9025016305261054,0.9168281585013376,M,3.1430518486742276,-4.575704646197442,44.97356039329534,0.8784402705346426,0.8784402705346426,0.8490698772631723,0.8871662268657655,overlap,-0.8725956331122942,-2.9370393271470285,203.6419995873487,0.7804746167457225,0.7804746167457225,0.8128652183037878,0.8553235720070402,P,-7.4848955261317744,3.239060155806528,False,True
single_omission,15,1;2;3;4;5;6;7;8;9;10;11;12;13;14;16;17;18;19;20;21;22;23;24;25;26;27;28;29;30;31;32,31,15,0.4838709677419355,1,10,557.8408063097443,0.9474719384340571,0.9474719384340571,0.9058190797911109,0.930118884997224,M,1.7353053436833132,-4.165285864294621,47.67419275944886,0.9067985113364707,0.9067985113364707,0.8576197184014854,0.9037801124784994,M,0.3018398857971283,-4.917879293498528,212.12387895564243,0.7887706393569432,0.7887706393569432,0.8162417750171529,0.8698166693148722,P,-8.104602995792899,2.7471135660209645,True,True
single_omission,15,1;2;3;4;5;6;7;8;9;10;11;12;13;14;16;17;18;19;20;21;22;23;24;25;26;27;28;29;30;31;32,31,16,0.5161290322580645,1,10,590.035545218264,0.950338083094648,0.950338083094648,0.9188247272026019,0.9417986362140218,M,0.8539446880626134,-3.151335589204607,50.36784183063811,0.8903380761624025,0.8903380761624025,0.8701245066230353,0.9138162640042513,overlap,-2.347818784184885,-2.021356953936715,220.50355500109083,0.8138023431703595,0.8138023431703595,0.8232250383755837,0.8747639552561507,P,-6.096161208579121,0.9422695205224207,False,True
single_omission,15,1;2;3;4;5;6;7;8;9;10;11;12;13;14;16;17;18;19;20;21;22;23;24;25;26;27;28;29;30;31;32,31,17,0.5483870967741935,1,5,622.0389589157252,0.9475527977815941,0.9475527977815941,0.9312160317845036,0.943317902769216,M,0.42348950123780593,-1.633676599709044,52.93382590415438,0.8980657576727487,0.8980657576727487,0.8881703925821497,0.920537757879315,overlap,-2.2472000206566367,-0.9895365090598962,228.8219211567296,0.806738168233472,0.806738168233472,0.8384385986076841,0.8762247687596033,P,-6.948660052613132,3.1700430374212107,False,True
single_omission,15,1;2;3;4;5;6;7;8;9;10;11;12;13;14;16;17;18;19;20;21;22;23;24;25;26;27;28;29;30;31;32,31,18,0.5806451612903226,1,1,654.0328648384065,0.9341150916752992,0.9341150916752992,0.9434679541602855,0.9434679541602855,P,-0.9352862484986346,0.9352862484986346,55.48144301935866,0.8877905804917222,0.8877905804917222,0.9145140183377696,0.9145140183377696,P,-2.672343784604736,2.672343784604736,237.1018253604268,0.832136263461625,0.832136263461625,0.8777216784917067,0.8777216784917067,P,-4.558541503008174,4.558541503008174,False,False
single_omission,15,1;2;3;4;5;6;7;8;9;10;11;12;13;14;16;17;18;19;20;21;22;23;24;25;26;27;28;29;30;31;32,31,19,0.6129032258064516,1,1,685.9830723072861,0.9420371288276274,0.9420371288276274,0.9437459947789423,0.9437459947789423,P,-0.17088659513149196,0.17088659513149196,57.9480605451012,0.9068013249474116,0.9068013249474116,0.913877868489472,0.913877868489472,P,-0.7076543542060332,0.7076543542060332,244.94739025608453,0.8401106301582176,0.8401106301582176,0.8767845612480426,0.8767845612480426,P,-3.6673931089824974,3.6673931089824974,False,False
single_omission,15,1;2;3;4;5;6;7;8;9;10;11;12;13;14;16;17;18;19;20;21;22;23;24;25;26;27;28;29;30;31;32,31,20,0.6451612903225806,2,1,717.4186294152149,0.9438405615117045,0.9524911925963906,0.9423720769232811,0.9423720769232811,M,0.14684845884234132,-1.0119115673109524,60.38302187699887,0.9035379212486944,0.9127294468006856,0.9216348800596191,0.9216348800596191,P,-1.8096958810924768,0.8905433258933559,252.55826328797173,0.8506711871006379,0.8556916212037606,0.8707660363982633,0.8707660363982633,P,-2.0094849297625395,1.50744151945027,False,True
single_omission,15,1;2;3;4;5;6;7;8;9;10;11;12;13;14;16;17;18;19;20;21;22;23;24;25;26;27;28;29;30;31;32,31,21,0.6774193548387096,1,4,748.5044437759856,0.9542257364364158,0.9542257364364158,0.941731508412215,0.9528446358166981,M,0.13811006197177456,-1.249422802420086,62.601914532243136,0.9125013917833513,0.9125013917833513,0.9160155091212201,0.9361917982686382,P,-2.3690406485286863,0.3514117337868772,260.1682404640895,0.8654904250389289,0.8654904250389289,0.8671748395216287,0.8754516783918974,P,-0.9961253352968491,0.16844144826997365,False,True
single_omission,15,1;2;3;4;5;6;7;8;9;10;11;12;13;14;16;17;18;19;20;21;22;23;24;25;26;27;28;29;30;31;32,31,22,0.7096774193548387,2,6,779.411721941489,0.9553063049485911,0.9655459529855493,0.9454484861380942,0.9600097739953666,overlap,-0.47034690467754325,-2.009746684745517,64.79676194485315,0.9129349189047333,0.915836301275734,0.9225659454247124,0.9425473531952315,P,-2.96124342904982,0.6729644148978364,267.47312445978247,0.8667405349784444,0.9205155378980501,0.8705719313082361,0.8788531829095682,overlap,-1.2112647931123766,-4.9943606589814005,False,False
single_omission,15,1;2;3;4;5;6;7;8;9;10;11;12;13;14;16;17;18;19;20;21;22;23;24;25;26;27;28;29;30;31;32,31,23,0.7419354838709677,1,4,809.7464499749618,0.9668366707724172,0.9668366707724172,0.9532960095165762,0.9635686389881369,M,0.32680317842802564,-1.354066125584097,66.97814484996024,0.9163305344473798,0.9163305344473798,0.9293464847271438,0.9482044917921939,P,-3.187395734481413,1.3015950279763988,274.7163668207122,0.9204760820316603,0.9204760820316603,0.8742088478711899,0.8820473710374779,M,3.8428710994182436,-4.6267234160470405,False,False
single_omission,15,1;2;3;4;5;6;7;8;9;10;11;12;13;14;16;17;18;19;20;21;22;23;24;25;26;27;28;29;30;31;32,31,24,0.7741935483870968,1,1,840.0250127525154,0.976192029673059,0.976192029673059,0.9631394393147037,0.9631394393147037,M,1.3052590358355265,-1.3052590358355265,69.11265197025482,0.9232619322149345,0.9232619322149345,0.9434192065683323,0.9434192065683323,P,-2.015727435339787,2.015727435339787,281.91252775928416,0.9228916893645436,0.9228916893645436,0.8797233858195728,0.8797233858195728,M,4.316830354497081,-4.316830354497081,False,False
single_omission,15,1;2;3;4;5;6;7;8;9;10;11;12;13;14;16;17;18;19;20;21;22;23;24;25;26;27;28;29;30;31;32,31,25,0.8064516129032258,1,1,868.8399478174505,0.974684521725134,0.974684521725134,0.9752968330513018,0.9752968330513018,P,-0.06123113261677915,0.06123113261677915,71.22744352921858,0.9266642847302242,0.9266642847302242,0.9439212251169818,0.9439212251169818,P,-1.7256940386757624,1.7256940386757624,289.0878498523631,0.9180283146540793,0.9180283146540793,0.9306689630063196,0.9306689630063196,P,-1.2640648352240325,1.2640648352240325,False,False
single_omission,15,1;2;3;4;5;6;7;8;9;10;11;12;13;14;16;17;18;19;20;21;22;23;24;25;26;27;28;29;30;31;32,31,26,0.8387096774193549,2,1,897.5214546667654,0.9781723420537879,0.9825718051665385,0.9705300524128686,0.9705300524128686,M,0.7642289640919286,-1.204175275366992,73.34081926033545,0.9400480449995021,0.9402707594816339,0.9584086522981451,0.9584086522981451,P,-1.8360607298642972,1.8137892816511236,296.0371988125868,0.9229799416375805,0.9513909533668932,0.9402021842433649,0.9402021842433649,overlap,-1.7222242605784421,-1.1188769123528286,False,False
single_omission,15,1;2;3;4;5;6;7;8;9;10;11;12;13;14;16;17;18;19;20;21;22;23;24;25;26;27;28;29;30;31;32,31,27,0.8709677419354839,1,1,924.3405814858924,0.9876933984449602,0.9876933984449602,0.9772007217252268,0.9772007217252268,M,1.0492676719733418,-1.0492676719733418,75.37171173277498,0.9539413650974555,0.9539413650974555,0.953991815565723,0.953991815565723,P,-0.0050450468267460025,0.0050450468267460025,302.69387677831963,0.9563876243127358,0.9563876243127358,0.9595966926815968,0.9595966926815968,P,-0.32090683688609234,0.32090683688609234,False,True
single_omission,15,1;2;3;4;5;6;7;8;9;10;11;12;13;14;16;17;18;19;20;21;22;23;24;25;26;27;28;29;30;31;32,31,28,0.9032258064516129,1,1,950.6212899223807,0.9949995914888088,0.9949995914888088,0.9847969934581524,0.9847969934581524,M,1.0202598030656373,-1.0202598030656373,77.38268371780238,0.969648531128281,0.969648531128281,0.9696976705218552,0.9696976705218552,P,-0.00491393935742046,0.00491393935742046,309.3436874223142,0.9590912978274653,0.9590912978274653,0.9622313824159413,0.9622313824159413,P,-0.3140084588476033,0.3140084588476033,False,True
single_omission,15,1;2;3;4;5;6;7;8;9;10;11;12;13;14;16;17;18;19;20;21;22;23;24;25;26;27;28;29;30;31;32,31,29,0.9354838709677419,1,2,974.3159848269728,0.9977753816103755,0.9977753816103755,0.9830507648902446,0.9878209037494949,M,0.9954477860880551,-1.4724616720130923,79.10052975534543,0.975575169479963,0.975575169479963,0.9756232417010062,0.9762158519522588,P,-0.06406824722957616,0.004807222104319386,315.0358817124893,0.9628701582806721,0.9628701582806721,0.9659535065651181,0.9854016425172586,P,-2.2531484236586463,0.3083348284446008,False,True
single_omission,15,1;2;3;4;5;6;7;8;9;10;11;12;13;14;16;17;18;19;20;21;22;23;24;25;26;27;28;29;30;31;32,31,30,0.967741935483871,1,1,995.9490707230492,0.9998936971259398,0.9998936971259398,0.9880854468301291,0.9880854468301291,M,1.1808250295810674,-1.1808250295810674,80.79375524231602,0.9929714551465318,0.9929714551465318,0.9821761338767716,0.9821761338767716,M,1.0795321269760239,-1.0795321269760239,320.2519843026311,0.9761949843040619,0.9761949843040619,0.9901162255897668,0.9901162255897668,P,-1.3921241285704822,1.3921241285704822,True,True
single_omission,16,1;2;3;4;5;6;7;8;9;10;11;12;13;14;15;17;18;19;20;21;22;23;24;25;26;27;28;29;30;31;32,31,1,0.03225806451612903,1,5,50.080775444264944,0.8345246956057693,0.8345246956057693,0.4298498467021304,1.0,overlap,-16.547530439423074,-40.467484890363885,4.7345054676233875,0.5997354251365439,0.5997354251365439,0.2319532472983795,1.0,overlap,-40.02645748634561,-36.77821778381644,25.248088207150722,1.0,1.0,0.5030737133639674,1.0,overlap,0.0,-49.69262866360326,False,False
single_omission,16,1;2;3;4;5;6;7;8;9;10;11;12;13;14;15;17;18;19;20;21;22;23;24;25;26;27;28;29;30;31;32,31,2,0.06451612903225806,1,10,91.87441932759103,1.0,1.0,0.48626551462919215,1.0,overlap,0.0,-51.37344853708079,8.458805932267115,0.895393058749349,0.895393058749349,0.33291104887134926,0.9378489406806406,overlap,-4.245588193129157,-56.248200987799976,46.98200691419579,0.9142015106597794,0.9142015106597794,0.5667074371455023,1.0,overlap,-8.57984893402206,-34.749407351427706,False,False
single_omission,16,1;2;3;4;5;6;7;8;9;10;11;12;13;14;15;17;18;19;20;21;22;23;24;25;26;27;28;29;30;31;32,31,3,0.0967741935483871,1,10,130.19004906962442,0.9545118195390997,0.9545118195390997,0.6354195496025693,0.9979592204092079,overlap,-4.344740087010823,-31.90922699365304,11.750281508022889,0.8244340224157465,0.8244340224157465,0.4813059670685486,0.916789340330352,overlap,-9.235531791460549,-34.312805534719786,68.02205292866945,0.7531517161383814,0.7531517161383814,0.6516708083541006,0.9509407260857325,overlap,-19.778900994735118,-10.148090778428076,False,False
single_omission,16,1;2;3;4;5;6;7;8;9;10;11;12;13;14;15;17;18;19;20;21;22;23;24;25;26;27;28;29;30;31;32,31,4,0.12903225806451613,1,5,168.2399896165923,0.9288032346062525,0.9288032346062525,0.7401269252907918,0.9098461570970676,M,1.895707750918485,-18.867630931546064,14.948858223399332,0.8579750584266351,0.8579750584266351,0.5922898717484588,0.8355406602511088,M,2.2434398175526282,-26.56851866781763,85.72498641630473,0.6786851452640312,0.6786851452640312,0.7706260179985477,0.9169828649569054,P,-23.829771969287417,9.194087273451645,True,True
single_omission,16,1;2;3;4;5;6;7;8;9;10;11;12;13;14;15;17;18;19;20;21;22;23;24;25;26;27;28;29;30;31;32,31,5,0.16129032258064516,1,1,206.09356698764054,0.936944575233537,0.936944575233537,0.8471866648832321,0.8471866648832321,M,8.97579103503049,-8.97579103503049,18.136821635016226,0.8829392074040259,0.8829392074040259,0.7492251432473391,0.7492251432473391,M,13.371406415668673,-13.371406415668673,102.57039504115394,0.6414156054330086,0.6414156054330086,0.8902178167052125,0.8902178167052125,P,-24.88022112722039,24.88022112722039,True,True
single_omission,16,1;2;3;4;5;6;7;8;9;10;11;12;13;14;15;17;18;19;20;21;22;23;24;25;26;27;28;29;30;31;32,31,6,0.1935483870967742,1,1,243.89996499345688,0.9467186581663112,0.9467186581663112,0.84868090477767,0.84868090477767,M,9.803775338864117,-9.803775338864117,21.275237294472078,0.8796302963100422,0.8796302963100422,0.7380382320221252,0.7380382320221252,M,14.159206428791704,-14.159206428791704,118.82667626458891,0.617715881434494,0.617715881434494,0.8381106033300945,0.8381106033300945,P,-22.03947218956005,22.03947218956005,True,True
single_omission,16,1;2;3;4;5;6;7;8;9;10;11;12;13;14;15;17;18;19;20;21;22;23;24;25;26;27;28;29;30;31;32,31,7,0.22580645161290322,1,4,281.0331253048963,0.9353162719487995,0.9353162719487995,0.8465212806258738,0.871238292892697,M,6.407797905610247,-8.879499132292567,24.409049316108238,0.8794961358659011,0.8794961358659011,0.7299231464073994,0.7647350140615247,M,11.476112180437648,-14.957298945850173,132.75007950517275,0.6069785228011935,0.6069785228011935,0.8169908846834948,0.8771015911605283,P,-27.012306835933487,21.00123618823013,True,True
single_omission,16,1;2;3;4;5;6;7;8;9;10;11;12;13;14;15;17;18;19;20;21;22;23;24;25;26;27;28;29;30;31;32,31,8,0.25806451612903225,1,6,318.14652736675197,0.9326175085950971,0.9326175085950971,0.8465787147468589,0.8760145499948326,M,5.660295860026443,-8.60387938482382,27.466429303797547,0.8585919870327166,0.8585919870327166,0.7414268148068228,0.7730323629130463,M,8.555962411967021,-11.716517222589374,145.52675080651431,0.6694429391484704,0.6694429391484704,0.8075266952986846,0.8664897139788136,P,-19.704677483034317,13.808375615021419,True,True
single_omission,16,1;2;3;4;5;6;7;8;9;10;11;12;13;14;15;17;18;19;20;21;22;23;24;25;26;27;28;29;30;31;32,31,9,0.2903225806451613,1,4,354.9829304003381,0.9243953743320001,0.9243953743320001,0.8540980958269174,0.8736660767371853,M,5.0729297594814815,-7.029727850508271,30.520006753335828,0.856162105042439,0.856162105042439,0.7513213038146326,0.7791628636551297,M,7.699924138730929,-10.484080122780636,158.22840029622662,0.6717350560744157,0.6717350560744157,0.8037676083444649,0.8541991430689465,P,-18.246408699453077,13.203255227004917,True,True
single_omission,16,1;2;3;4;5;6;7;8;9;10;11;12;13;14;15;17;18;19;20;21;22;23;24;25;26;27;28;29;30;31;32,31,10,0.3225806451612903,1,1,390.2624847638619,0.9378256186253606,0.9378256186253606,0.8738831827081543,0.8738831827081543,M,6.3942435917206275,-6.3942435917206275,33.48452290665496,0.8688966380757993,0.8688966380757993,0.7733378042104421,0.7733378042104421,M,9.555883386535724,-9.555883386535724,170.3576224067916,0.6806251955701007,0.6806251955701007,0.8454231132623284,0.8454231132623284,P,-16.479791769222775,16.479791769222775,True,True
single_omission,16,1;2;3;4;5;6;7;8;9;10;11;12;13;14;15;17;18;19;20;21;22;23;24;25;26;27;28;29;30;31;32,31,11,0.3548387096774194,1,1,425.296911657341,0.9500376928964065,0.9500376928964065,0.8649556086890842,0.8649556086890842,M,8.508208420732233,-8.508208420732233,36.44082272241005,0.8861810377481316,0.8861810377481316,0.7708304240618162,0.7708304240618162,M,11.535061368631538,-11.535061368631538,180.68670578443232,0.7620018759918504,0.7620018759918504,0.8259621173862706,0.8259621173862706,P,-6.396024139442014,6.396024139442014,True,True
single_omission,16,1;2;3;4;5;6;7;8;9;10;11;12;13;14;15;17;18;19;20;21;22;23;24;25;26;27;28;29;30;31;32,31,12,0.3870967741935484,2,1,459.15107832400776,0.949690703190859,0.9527182210890357,0.8780171113421681,0.8780171113421681,M,7.167359184869094,-7.4701109746867616,39.38078847558445,0.882658396843277,0.8975631244151907,0.7968649593567299,0.7968649593567299,M,8.579343748654711,-10.069816505846084,190.34883250636136,0.7532265954922971,0.7670232226156913,0.828595854173587,0.828595854173587,P,-7.536925868128996,6.157263155789572,True,True
single_omission,16,1;2;3;4;5;6;7;8;9;10;11;12;13;14;15;17;18;19;20;21;22;23;24;25;26;27;28;29;30;31;32,31,13,0.41935483870967744,1,1,492.5445801290619,0.9531015692557476,0.9531015692557476,0.883357016769038,0.883357016769038,M,6.974455248670964,-6.974455248670964,42.22023912502085,0.8956216699732672,0.8956216699732672,0.8084864601365567,0.8084864601365567,M,8.713520983671053,-8.713520983671053,199.6385640074173,0.7598440209913693,0.7598440209913693,0.8259805733150131,0.8259805733150131,P,-6.61365523236438,6.61365523236438,True,True
single_omission,16,1;2;3;4;5;6;7;8;9;10;11;12;13;14;15;17;18;19;20;21;22;23;24;25;26;27;28;29;30;31;32,31,14,0.45161290322580644,1,1,525.4472850140033,0.9510441661405823,0.9510441661405823,0.8889314497814941,0.8889314497814941,M,6.211271635908822,-6.211271635908822,44.97356039329534,0.9236018045539935,0.9236018045539935,0.8287737730748922,0.8287737730748922,M,9.482803147910134,-9.482803147910134,208.69969526702164,0.7670056492463014,0.7670056492463014,0.823417227777865,0.823417227777865,P,-5.641157853156353,5.641157853156353,True,True
single_omission,16,1;2;3;4;5;6;7;8;9;10;11;12;13;14;15;17;18;19;20;21;22;23;24;25;26;27;28;29;30;31;32,31,15,0.4838709677419355,1,5,557.8408063097443,0.9535306630833759,0.9535306630833759,0.8915898120092645,0.9050844060639042,M,4.8446257019471695,-6.194085107411141,47.67419275944886,0.9051266400398467,0.9051266400398467,0.8240072258592023,0.8599455056799287,M,4.5181134359918,-8.11194141806444,217.56540282793256,0.7915002345871307,0.7915002345871307,0.8248411712449623,0.8645823430256402,P,-7.308210843850949,3.3340936657831555,True,True
single_omission,16,1;2;3;4;5;6;7;8;9;10;11;12;13;14;15;17;18;19;20;21;22;23;24;25;26;27;28;29;30;31;32,31,16,0.5161290322580645,1,10,590.035545218264,0.9407339381194657,0.9407339381194657,0.8956256928454863,0.9185996018569061,M,2.213433626255956,-4.510824527397938,50.36784183063811,0.8785241578411801,0.8785241578411801,0.8335578845747803,0.8772496419559962,M,0.12745158851839022,-4.496627326639979,226.0472821962263,0.823396188658283,0.823396188658283,0.8275603798698717,0.8778353236013583,P,-5.4439134943075285,0.41641912115887303,True,True
single_omission,16,1;2;3;4;5;6;7;8;9;10;11;12;13;14;15;17;18;19;20;21;22;23;24;25;26;27;28;29;30;31;32,31,17,0.5483870967741935,1,10,622.0389589157252,0.9384427784884863,0.9384427784884863,0.9087652612764149,0.9305571807937651,M,0.7885597694721191,-2.967751721207146,52.93382590415438,0.8868245228056366,0.8868245228056366,0.8486912984801359,0.8902650840036755,overlap,-0.3440561198038927,-3.8133224325500703,234.42695824167464,0.8159451448758075,0.8159451448758075,0.8337242961913086,0.8822021439538296,P,-6.625699907802208,1.7779151315501118,False,True
single_omission,16,1;2;3;4;5;6;7;8;9;10;11;12;13;14;15;17;18;19;20;21;22;23;24;25;26;27;28;29;30;31;32,31,18,0.5806451612903226,1,5,654.0328648384065,0.9254507152785764,0.9254507152785764,0.9210558543321066,0.9325657273567944,overlap,-0.7115012078218075,-0.4394860946469792,55.48144301935866,0.8770655247429775,0.8770655247429775,0.8671807767319187,0.8980618855563327,overlap,-2.099636081335521,-0.9884748011058764,242.74532439731342,0.8403094411867815,0.8403094411867815,0.8477054487325385,0.8833242771024946,P,-4.3014835915713086,0.7396007545756977,False,False
single_omission,16,1;2;3;4;5;6;7;8;9;10;11;12;13;14;15;17;18;19;20;21;22;23;24;25;26;27;28;29;30;31;32,31,19,0.6129032258064516,1,1,685.9830723072861,0.9337763026563243,0.9337763026563243,0.9332696722930931,0.9332696722930931,M,0.05066303632311753,-0.05066303632311753,57.9480605451012,0.8965327919921062,0.8965327919921062,0.8945379850294407,0.8945379850294407,M,0.19948069626655185,-0.19948069626655185,251.02522860101067,0.8463813316589038,0.8463813316589038,0.8845039863395279,0.8845039863395279,P,-3.8122654680624035,3.8122654680624035,True,True
single_omission,16,1;2;3;4;5;6;7;8;9;10;11;12;13;14;15;17;18;19;20;21;22;23;24;25;26;27;28;29;30;31;32,31,20,0.6451612903225806,2,1,717.4186294152149,0.9359417048547398,0.944592335939426,0.9346592040283058,0.9346592040283058,M,0.12825008264339965,-0.9933131911120219,60.38302187699887,0.8936834696014165,0.9028749951534075,0.8952124668708248,0.8952124668708248,overlap,-0.152899726940825,-0.7662528282582737,258.8707934966684,0.85573268243472,0.8606306939133794,0.883411721523777,0.883411721523777,P,-2.7679039089057,2.2781027610397575,False,True
single_omission,16,1;2;3;4;5;6;7;8;9;10;11;12;13;14;15;17;18;19;20;21;22;23;24;25;26;27;28;29;30;31;32,31,21,0.6774193548387096,1,1,748.5044437759856,0.9466549237793798,0.9466549237793798,0.934160695755179,0.934160695755179,M,1.2494228024200749,-1.2494228024200749,62.601914532243136,0.9029962261051206,0.9029962261051206,0.9065103434429892,0.9065103434429892,P,-0.351411733786855,0.351411733786855,266.4816665285556,0.8700534071288702,0.8700534071288702,0.8775183830457695,0.8775183830457695,P,-0.7464975916899208,0.7464975916899208,False,True
single_omission,16,1;2;3;4;5;6;7;8;9;10;11;12;13;14;15;17;18;19;20;21;22;23;24;25;26;27;28;29;30;31;32,31,22,0.7096774193548387,2,3,779.411721941489,0.9480357100149259,0.9582753580518845,0.9381778912044293,0.9447594532589495,M,0.32762567559764255,-2.009746684745517,64.79676194485315,0.9037517197518214,0.9066531021228222,0.9133827462718004,0.9214284952908812,P,-1.7676775539059775,0.6729644148978142,274.09164370467334,0.8701832593016602,0.9226597516687115,0.8739221385083438,0.8817785276210408,overlap,-1.1595268319380625,-4.873761316036774,False,False
single_omission,16,1;2;3;4;5;6;7;8;9;10;11;12;13;14;15;17;18;19;20;21;22;23;24;25;26;27;28;29;30;31;32,31,23,0.7419354838709677,1,3,809.7464499749618,0.95983844692474,0.95983844692474,0.946297785668899,0.9526327891927019,M,0.7205657732038073,-1.354066125584097,66.97814484996024,0.9074464190282924,0.9074464190282924,0.9204623693080561,0.9282460797262124,P,-2.0799660697920053,1.3015950279763766,281.39652770036633,0.922363925389751,0.922363925389751,0.8771950436864854,0.8848474856802813,M,3.7516439709469718,-4.516888170326561,False,False
single_omission,16,1;2;3;4;5;6;7;8;9;10;11;12;13;14;15;17;18;19;20;21;22;23;24;25;26;27;28;29;30;31;32,31,24,0.7741935483870968,1,1,840.0250127525154,0.969446055647573,0.969446055647573,0.9563934652892176,0.9563934652892176,M,1.3052590358355376,-1.3052590358355376,69.11265197025482,0.9146521979269273,0.9146521979269273,0.9348094722803251,0.9348094722803251,P,-2.015727435339776,2.015727435339776,288.5926886389383,0.9246765437301635,0.9246765437301635,0.8825074727504463,0.8825074727504463,M,4.216907097971722,-4.216907097971722,False,False
single_omission,16,1;2;3;4;5;6;7;8;9;10;11;12;13;14;15;17;18;19;20;21;22;23;24;25;26;27;28;29;30;31;32,31,25,0.8064516129032258,1,1,868.7065196018306,0.9683109808625667,0.9683109808625667,0.9689233862361556,0.9689233862361556,P,-0.06124053735888646,0.06124053735888646,71.22744352921858,0.9183101793472435,0.9183101793472435,0.935567119734001,0.935567119734001,P,-1.7256940386757513,1.7256940386757513,295.7680107320172,0.9198797117822944,0.9198797117822944,0.9322348608190167,0.9322348608190167,P,-1.2355149036722302,1.2355149036722302,False,False
single_omission,16,1;2;3;4;5;6;7;8;9;10;11;12;13;14;15;17;18;19;20;21;22;23;24;25;26;27;28;29;30;31;32,31,26,0.8387096774193549,2,1,895.5256464209573,0.9740244513646269,0.9784337193163483,0.9663651297774498,0.9663651297774498,M,0.7659321587177081,-1.2068589538898444,73.34081926033545,0.93193467000036,0.9321573844824917,0.950295277299003,0.950295277299003,P,-1.8360607298642972,1.8137892816511236,302.7173596922409,0.9246795679204748,0.9524636247592634,0.9415217617856384,0.9415217617856384,overlap,-1.6842193865163613,-1.0941862973624983,False,False
single_omission,16,1;2;3;4;5;6;7;8;9;10;11;12;13;14;15;17;18;19;20;21;22;23;24;25;26;27;28;29;30;31;32,31,27,0.8709677419354839,1,1,921.8063548574456,0.9842612806373152,0.9842612806373152,0.9737397574894714,0.9737397574894714,M,1.0521523147843825,-1.0521523147843825,75.37171173277498,0.9460466051706397,0.9460466051706397,0.946097055638907,0.946097055638907,P,-0.0050450468267349,0.0050450468267349,309.3740376579737,0.9573293248126885,0.9573293248126885,0.9604691013523446,0.9604691013523446,P,-0.3139776539656136,0.3139776539656136,False,True
single_omission,16,1;2;3;4;5;6;7;8;9;10;11;12;13;14;15;17;18;19;20;21;22;23;24;25;26;27;28;29;30;31;32,31,28,0.9032258064516129,1,1,945.5010497620377,0.9943944625478466,0.9943944625478466,0.9841366136507957,0.9841366136507957,M,1.0257848897050836,-1.0257848897050836,77.38268371780238,0.961958935203004,0.961958935203004,0.9620080745965782,0.9620080745965782,P,-0.00491393935742046,0.00491393935742046,316.0238483019683,0.9599560322877243,0.9599560322877243,0.9630297412835374,0.9630297412835374,P,-0.30737089958130515,0.30737089958130515,False,True
single_omission,16,1;2;3;4;5;6;7;8;9;10;11;12;13;14;15;17;18;19;20;21;22;23;24;25;26;27;28;29;30;31;32,31,29,0.9354838709677419,1,2,968.6491979101858,0.9977623671584849,0.9977623671584849,0.9829516085558601,0.9877496536587094,M,1.0012713499775505,-1.4810758602624818,79.10052975534543,0.9680525704374049,0.9680525704374049,0.9681006426584481,0.9686932529097007,P,-0.06406824722957616,0.004807222104319386,321.7160425921434,0.9636411279659969,0.9636411279659969,0.966660453137321,0.9857047650341767,P,-2.206363706817982,0.3019325171324083,False,True
single_omission,16,1;2;3;4;5;6;7;8;9;10;11;12;13;14;15;17;18;19;20;21;22;23;24;25;26;27;28;29;30;31;32,31,30,0.967741935483871,1,1,990.2822838062622,0.9998930888188482,0.9998930888188482,0.988017267044298,0.988017267044298,M,1.1875821774550155,-1.1875821774550155,80.71405012785179,0.9865797963821153,0.9865797963821153,0.9757738147339436,0.9757738147339436,M,1.0805981648171703,-1.0805981648171703,326.9321451822853,0.9766813890119955,0.9766813890119955,0.9903181794328854,0.9903181794328854,P,-1.3636790420889833,1.3636790420889833,True,True
single_omission,17,1;2;3;4;5;6;7;8;9;10;11;12;13;14;15;16;18;19;20;21;22;23;24;25;26;27;28;29;30;31;32,31,1,0.03225806451612903,1,5,50.080775444264944,0.8345246956057693,0.8345246956057693,0.4298498467021304,1.0,overlap,-16.547530439423074,-40.467484890363885,4.7345054676233875,0.5997354251365439,0.5997354251365439,0.2319532472983795,1.0,overlap,-40.02645748634561,-36.77821778381644,25.248088207150722,1.0,1.0,0.5030737133639674,1.0,overlap,0.0,-49.69262866360326,False,False
single_omission,17,1;2;3;4;5;6;7;8;9;10;11;12;13;14;15;16;18;19;20;21;22;23;24;25;26;27;28;29;30;31;32,31,2,0.06451612903225806,1,10,91.87441932759103,1.0,1.0,0.48626551462919215,1.0,overlap,0.0,-51.37344853708079,8.458805932267115,0.895393058749349,0.895393058749349,0.33291104887134926,0.9378489406806406,overlap,-4.245588193129157,-56.248200987799976,46.98200691419579,0.9142015106597794,0.9142015106597794,0.5667074371455023,1.0,overlap,-8.57984893402206,-34.749407351427706,False,False
single_omission,17,1;2;3;4;5;6;7;8;9;10;11;12;13;14;15;16;18;19;20;21;22;23;24;25;26;27;28;29;30;31;32,31,3,0.0967741935483871,1,10,130.19004906962442,0.9545118195390997,0.9545118195390997,0.6354195496025693,0.9979592204092079,overlap,-4.344740087010823,-31.90922699365304,11.750281508022889,0.8244340224157465,0.8244340224157465,0.4813059670685486,0.916789340330352,overlap,-9.235531791460549,-34.312805534719786,68.02205292866945,0.7531517161383814,0.7531517161383814,0.6516708083541006,0.9509407260857325,overlap,-19.778900994735118,-10.148090778428076,False,False
single_omission,17,1;2;3;4;5;6;7;8;9;10;11;12;13;14;15;16;18;19;20;21;22;23;24;25;26;27;28;29;30;31;32,31,4,0.12903225806451613,1,5,168.2399896165923,0.9288032346062525,0.9288032346062525,0.7401269252907918,0.9098461570970676,M,1.895707750918485,-18.867630931546064,14.948858223399332,0.8579750584266351,0.8579750584266351,0.5922898717484588,0.8355406602511088,M,2.2434398175526282,-26.56851866781763,85.72498641630473,0.6786851452640312,0.6786851452640312,0.7706260179985477,0.9169828649569054,P,-23.829771969287417,9.194087273451645,True,True
single_omission,17,1;2;3;4;5;6;7;8;9;10;11;12;13;14;15;16;18;19;20;21;22;23;24;25;26;27;28;29;30;31;32,31,5,0.16129032258064516,1,1,206.09356698764054,0.936944575233537,0.936944575233537,0.8471866648832321,0.8471866648832321,M,8.97579103503049,-8.97579103503049,18.136821635016226,0.8829392074040259,0.8829392074040259,0.7492251432473391,0.7492251432473391,M,13.371406415668673,-13.371406415668673,102.57039504115394,0.6414156054330086,0.6414156054330086,0.8902178167052125,0.8902178167052125,P,-24.88022112722039,24.88022112722039,True,True
single_omission,17,1;2;3;4;5;6;7;8;9;10;11;12;13;14;15;16;18;19;20;21;22;23;24;25;26;27;28;29;30;31;32,31,6,0.1935483870967742,1,1,243.89996499345688,0.9467186581663112,0.9467186581663112,0.84868090477767,0.84868090477767,M,9.803775338864117,-9.803775338864117,21.275237294472078,0.8796302963100422,0.8796302963100422,0.7380382320221252,0.7380382320221252,M,14.159206428791704,-14.159206428791704,118.82667626458891,0.617715881434494,0.617715881434494,0.8381106033300945,0.8381106033300945,P,-22.03947218956005,22.03947218956005,True,True
single_omission,17,1;2;3;4;5;6;7;8;9;10;11;12;13;14;15;16;18;19;20;21;22;23;24;25;26;27;28;29;30;31;32,31,7,0.22580645161290322,1,4,281.0133670553126,0.9353820347007089,0.9353820347007089,0.8465808001388273,0.8712995502763521,M,6.408248442435682,-8.88012345618816,24.409049316108238,0.8794961358659011,0.8794961358659011,0.7299231464073994,0.7647350140615247,M,11.476112180437648,-14.957298945850173,132.75007950517275,0.6069785228011935,0.6069785228011935,0.8169908846834948,0.8771015911605283,P,-27.012306835933487,21.00123618823013,True,True
single_omission,17,1;2;3;4;5;6;7;8;9;10;11;12;13;14;15;16;18;19;20;21;22;23;24;25;26;27;28;29;30;31;32,31,8,0.25806451612903225,1,6,317.8497700888987,0.9176341075774698,0.9176341075774698,0.847369114547389,0.8768324322702976,M,4.080167530717215,-7.026499303008082,27.466429303797547,0.8432435750738719,0.8432435750738719,0.7414268148068228,0.7730323629130463,M,7.02112121608256,-10.181676026704912,145.52675080651431,0.6034608003959459,0.6034608003959459,0.8075266952986846,0.8664897139788136,P,-26.30289135828677,20.406589490273873,True,True
single_omission,17,1;2;3;4;5;6;7;8;9;10;11;12;13;14;15;16;18;19;20;21;22;23;24;25;26;27;28;29;30;31;32,31,9,0.2903225806451613,1,4,353.1293244524225,0.9218264648246606,0.9218264648246606,0.8585813295911568,0.8782520245024786,M,4.3574440322181935,-6.324513523350372,30.520006753335828,0.8281676280051653,0.8281676280051653,0.7513213038146326,0.7791628636551297,M,4.900476435003565,-7.684632419053273,158.22840029622662,0.6614811117954893,0.6614811117954893,0.8037676083444649,0.8541991430689465,P,-19.27180312734572,14.228649654897563,True,True
single_omission,17,1;2;3;4;5;6;7;8;9;10;11;12;13;14;15;16;18;19;20;21;22;23;24;25;26;27;28;29;30;31;32,31,10,0.3225806451612903,1,1,388.16375134590163,0.9196106350892387,0.9196106350892387,0.8786081160193762,0.8786081160193762,M,4.1002519069862515,-4.1002519069862515,33.48452290665496,0.8309301223248499,0.8309301223248499,0.7733378042104421,0.7733378042104421,M,5.759231811440779,-5.759231811440779,170.3576224067916,0.6664263336299917,0.6664263336299917,0.8454231132623284,0.8454231132623284,P,-17.899677963233675,17.899677963233675,True,True
single_omission,17,1;2;3;4;5;6;7;8;9;10;11;12;13;14;15;16;18;19;20;21;22;23;24;25;26;27;28;29;30;31;32,31,11,0.3548387096774194,1,1,422.0179180125683,0.9355363230172519,0.9355363230172519,0.871676138370048,0.871676138370048,M,6.386018464720388,-6.386018464720388,36.44082272241005,0.844871563484256,0.844871563484256,0.7708304240618162,0.7708304240618162,M,7.404113942243972,-7.404113942243972,180.68670578443232,0.6818040756987654,0.6818040756987654,0.8259621173862706,0.8259621173862706,P,-14.415804168750512,14.415804168750512,True,True
single_omission,17,1;2;3;4;5;6;7;8;9;10;11;12;13;14;15;16;18;19;20;21;22;23;24;25;26;27;28;29;30;31;32,31,12,0.3870967741935484,1,1,455.41141981762246,0.9504878731086492,0.9504878731086492,0.8852270406858317,0.8852270406858317,M,6.526083242281755,-6.526083242281755,39.38078847558445,0.8630195813520268,0.8630195813520268,0.7968649593567299,0.7968649593567299,M,6.6154621995296985,-6.6154621995296985,190.34883250636136,0.761375046156962,0.761375046156962,0.828595854173587,0.828595854173587,P,-6.7220808016625,6.7220808016625,True,True
single_omission,17,1;2;3;4;5;6;7;8;9;10;11;12;13;14;15;16;18;19;20;21;22;23;24;25;26;27;28;29;30;31;32,31,13,0.41935483870967744,2,1,488.3141247025639,0.9519823859128734,0.9548290946957492,0.8910098826110857,0.8910098826110857,M,6.097250330178772,-6.381921208466346,42.22023912502085,0.8634012943723742,0.8773036297442243,0.8084864601365567,0.8084864601365567,M,5.491483423581755,-6.881716960766759,199.6385640074173,0.7544586697189115,0.7676133018338074,0.8259805733150131,0.8259805733150131,P,-7.152190359610156,5.836727148120568,True,True
single_omission,17,1;2;3;4;5;6;7;8;9;10;11;12;13;14;15;16;18;19;20;21;22;23;24;25;26;27;28;29;30;31;32,31,14,0.45161290322580644,1,1,520.7076459983049,0.956890015238953,0.956890015238953,0.8970227736059948,0.8970227736059948,M,5.98672416329582,-5.98672416329582,44.97356039329534,0.8784402705346426,0.8784402705346426,0.8287737730748922,0.8287737730748922,M,4.9666497459750385,-4.9666497459750385,208.69969526702164,0.7615603433340689,0.7615603433340689,0.823417227777865,0.823417227777865,P,-6.185688444379611,6.185688444379611,True,True
single_omission,17,1;2;3;4;5;6;7;8;9;10;11;12;13;14;15;16;18;19;20;21;22;23;24;25;26;27;28;29;30;31;32,31,15,0.4838709677419355,1,5,552.9023849068246,0.9559345817996071,0.9559345817996071,0.8995533266014355,0.9131684518636126,M,4.276612993599449,-5.6381255198171605,47.67419275944886,0.9067985113364707,0.9067985113364707,0.8240072258592023,0.8599455056799287,M,4.685300565654204,-8.279128547726843,217.56540282793256,0.7690427129126046,0.7690427129126046,0.8248411712449623,0.8645823430256402,P,-9.553963011303557,5.579845833235764,True,True
single_omission,17,1;2;3;4;5;6;7;8;9;10;11;12;13;14;15;16;18;19;20;21;22;23;24;25;26;27;28;29;30;31;32,31,16,0.5161290322580645,1,10,584.9057986042857,0.9586727475406532,0.9586727475406532,0.9034805181459522,0.9266559131611736,M,3.2016834379479664,-5.519222939470103,50.36784183063811,0.8903380761624025,0.8903380761624025,0.8335578845747803,0.8772496419559962,M,1.3088434206406263,-5.678019158762215,226.0472821962263,0.7938441373584348,0.7938441373584348,0.8275603798698717,0.8778353236013583,P,-8.399118624292345,3.37162425114369,True,True
single_omission,17,1;2;3;4;5;6;7;8;9;10;11;12;13;14;15;16;18;19;20;21;22;23;24;25;26;27;28;29;30;31;32,31,17,0.5483870967741935,1,10,616.8997045269672,0.9464770251370006,0.9464770251370006,0.9163359827779705,0.9383094459355545,M,0.8167579201446062,-3.0141042359030146,52.93382590415438,0.8679250087967666,0.8679250087967666,0.8486912984801359,0.8902650840036755,overlap,-2.234007520690895,-1.923371031663068,234.42695824167464,0.8248612464549311,0.8248612464549311,0.8337242961913086,0.8822021439538296,P,-5.734089749889848,0.8863049736377526,False,True
single_omission,17,1;2;3;4;5;6;7;8;9;10;11;12;13;14;15;16;18;19;20;21;22;23;24;25;26;27;28;29;30;31;32,31,18,0.5806451612903226,1,5,648.8499119958468,0.9440748818377193,0.9440748818377193,0.9284131629640562,0.9400149757856184,M,0.40599060521008257,-1.5661718873663077,55.48144301935866,0.8766217628429153,0.8766217628429153,0.8671807767319187,0.8980618855563327,overlap,-2.144012271341744,-0.944098611099653,242.74532439731342,0.817823293853832,0.817823293853832,0.8477054487325385,0.8833242771024946,P,-6.55009832486626,2.988215487870649,False,True
single_omission,17,1;2;3;4;5;6;7;8;9;10;11;12;13;14;15;16;18;19;20;21;22;23;24;25;26;27;28;29;30;31;32,31,19,0.6129032258064516,1,1,680.2854691037757,0.9320941669983049,0.9320941669983049,0.9410860971854277,0.9410860971854277,P,-0.8991930187122743,0.8991930187122743,57.9480605451012,0.8689520572142568,0.8689520572142568,0.8945379850294407,0.8945379850294407,P,-2.5585927815183873,2.5585927815183873,251.02522860101067,0.8414470188240265,0.8414470188240265,0.8845039863395279,0.8845039863395279,P,-4.305696751550137,4.305696751550137,False,False
single_omission,17,1;2;3;4;5;6;7;8;9;10;11;12;13;14;15;16;18;19;20;21;22;23;24;25;26;27;28;29;30;31;32,31,20,0.6451612903225806,1,1,711.3712834645461,0.94095683585774,0.94095683585774,0.9426047138965259,0.9426047138965259,P,-0.1647878038785855,0.1647878038785855,60.166953200345475,0.8916117427347102,0.8916117427347102,0.898427310946381,0.898427310946381,P,-0.6815568211670731,0.6815568211670731,258.8707934966684,0.8487103031461194,0.8487103031461194,0.883411721523777,0.883411721523777,P,-3.470141837765761,3.470141837765761,False,False
single_omission,17,1;2;3;4;5;6;7;8;9;10;11;12;13;14;15;16;18;19;20;21;22;23;24;25;26;27;28;29;30;31;32,31,21,0.6774193548387096,2,1,742.2785616300495,0.9434152976701207,0.951776207195412,0.9419959946547801,0.9419959946547801,M,0.1419303015340545,-0.9780212540631883,62.361800612955484,0.8924779822900543,0.9013778550171666,0.9100007133376915,0.9100007133376915,P,-1.752273104763724,0.8622858320524895,266.4816665285556,0.8584734697286353,0.8632315911204516,0.8775183830457695,0.8775183830457695,P,-1.9044913317134204,1.4286791925317899,False,True
single_omission,17,1;2;3;4;5;6;7;8;9;10;11;12;13;14;15;16;18;19;20;21;22;23;24;25;26;27;28;29;30;31;32,31,22,0.7096774193548387,1,3,772.6132896635223,0.9544106503233404,0.9544106503233404,0.9423062957609984,0.9503562373187636,M,0.40544130045767623,-1.2104354562341935,64.54318351806258,0.9020707514411298,0.9020707514411298,0.9054791744728191,0.9250486202289465,P,-2.2977868787816713,0.34084230316893116,274.09164370467334,0.8723232895020298,0.8723232895020298,0.8739221385083438,0.8817785276210408,P,-0.9455238119011056,0.15988490063140182,False,True
single_omission,17,1;2;3;4;5;6;7;8;9;10;11;12;13;14;15;16;18;19;20;21;22;23;24;25;26;27;28;29;30;31;32,31,23,0.7419354838709677,2,3,802.8918524410759,0.9561998641978171,0.966140059361457,0.9466303318749812,0.9543766949868183,M,0.18231692109987874,-1.9509727486475725,66.67769063835715,0.903651730468294,0.9064712669730057,0.9134858372027479,0.9324288197309685,P,-2.8777089262674527,0.7014570229742167,281.3348860656031,0.8735255185164125,0.9246509521584632,0.8771681366136724,0.884822255289095,overlap,-1.1296736772682503,-4.748281554479073,False,False
single_omission,17,1;2;3;4;5;6;7;8;9;10;11;12;13;14;15;16;18;19;20;21;22;23;24;25;26;27;28;29;30;31;32,31,24,0.7741935483870968,1,1,831.706787506011,0.9691404736863454,0.9691404736863454,0.9559573392609196,0.9559573392609196,M,1.3183134425425735,-1.3183134425425735,68.79248219732091,0.9081268939392658,0.9081268939392658,0.9283779830489647,0.9283779830489647,P,-2.025108910969886,2.025108910969886,288.53104700417504,0.9246604516630231,0.9246604516630231,0.882482371703168,0.882482371703168,M,4.2178079959855115,-4.2178079959855115,False,False
single_omission,17,1;2;3;4;5;6;7;8;9;10;11;12;13;14;15;16;18;19;20;21;22;23;24;25;26;27;28;29;30;31;32,31,25,0.8064516129032258,1,1,860.3882943553259,0.9680046117490457,0.9680046117490457,0.9686229378515344,0.9686229378515344,P,-0.06183261024886866,0.06183261024886866,70.90585792843778,0.9120142183753146,0.9120142183753146,0.9293494256881631,0.9293494256881631,P,-1.7335207312848544,1.7335207312848544,295.70636909725397,0.9198630102632892,0.9198630102632892,0.9322207347994392,0.9322207347994392,P,-1.2357724536150028,1.2357724536150028,False,False
single_omission,17,1;2;3;4;5;6;7;8;9;10;11;12;13;14;15;16;18;19;20;21;22;23;24;25;26;27;28;29;30;31;32,31,26,0.8387096774193549,2,1,887.2074211744529,0.9737809113994578,0.9782315194968085,0.9660497780119318,0.9660497780119318,M,0.7731133387525957,-1.2181741484876718,72.93675040087732,0.9269280023914592,0.9271519507095696,0.9453903272688177,0.9453903272688177,P,-1.8462324877358438,1.8238376559248093,302.65571805747766,0.9246642274716168,0.9524539430658219,0.9415098515721961,0.9415098515721961,overlap,-1.6845624100579326,-1.094409149362574,False,False
single_omission,17,1;2;3;4;5;6;7;8;9;10;11;12;13;14;15;16;18;19;20;21;22;23;24;25;26;27;28;29;30;31;32,31,27,0.8709677419354839,1,1,913.4881296109412,0.984117963818512,0.984117963818512,0.9735006316539521,0.9735006316539521,M,1.0617332164559956,-1.0617332164559956,74.94772238590473,0.9415018084530279,0.9415018084530279,0.9415525443263805,0.9415525443263805,P,-0.00507358733525809,0.00507358733525809,309.31239602321045,0.9573208211438772,0.9573208211438772,0.9604612233970876,0.9604612233970876,P,-0.3140402253210439,0.3140402253210439,False,True
single_omission,17,1;2;3;4;5;6;7;8;9;10;11;12;13;14;15;16;18;19;20;21;22;23;24;25;26;27;28;29;30;31;32,31,28,0.9032258064516129,1,1,937.1828245155333,0.9943447090505195,0.9943447090505195,0.983995813779764,0.983995813779764,M,1.0348895270755554,-1.0348895270755554,76.66556842344778,0.9612819640278176,0.9612819640278176,0.9613315630620286,0.9613315630620286,P,-0.0049599034210978665,0.0049599034210978665,315.96220666720507,0.9599482200380941,0.9599482200380941,0.9630225286893194,0.9630225286893194,P,-0.3074308651225266,0.3074308651225266,False,True
single_omission,17,1;2;3;4;5;6;7;8;9;10;11;12;13;14;15;16;18;19;20;21;22;23;24;25;26;27;28;29;30;31;32,31,29,0.9354838709677419,1,2,960.3309726636813,0.9977429851594404,0.9977429851594404,0.9828039382586816,0.9876435432206259,M,1.0099441938814513,-1.4939046900758757,78.35879391041837,0.9677501595339525,0.9677501595339525,0.9677986868014266,0.9683969066370476,P,-0.06467471030950911,0.004852726747406333,321.6544009573802,0.9636341601760221,0.9636341601760221,0.9666540639688073,0.985702025504887,P,-2.2067865328864844,0.30199037927851613,False,True
single_omission,17,1;2;3;4;5;6;7;8;9;10;11;12;13;14;15;16;18;19;20;21;22;23;24;25;26;27;28;29;30;31;32,31,30,0.967741935483871,1,1,981.9640585597577,0.9998921831733938,0.9998921831733938,0.98791576121939,0.98791576121939,M,1.1976421954003835,-1.1976421954003835,79.97231428292471,0.9864553252303315,0.9864553252303315,0.9755491190982254,0.9755491190982254,M,1.0906206132106133,-1.0906206132106133,326.87050354752205,0.976676991560142,0.976676991560142,0.9903163536234569,0.9903163536234569,P,-1.3639362063314953,1.3639362063314953,True,True
single_omission,18,1;2;3;4;5;6;7;8;9;10;11;12;13;14;15;16;17;19;20;21;22;23;24;25;26;27;28;29;30;31;32,31,1,0.03225806451612903,1,5,50.080775444264944,0.8345246956057693,0.8345246956057693,0.4298498467021304,1.0,overlap,-16.547530439423074,-40.467484890363885,4.7345054676233875,0.5997354251365439,0.5997354251365439,0.2319532472983795,1.0,overlap,-40.02645748634561,-36.77821778381644,25.248088207150722,1.0,1.0,0.5030737133639674,1.0,overlap,0.0,-49.69262866360326,False,False
single_omission,18,1;2;3;4;5;6;7;8;9;10;11;12;13;14;15;16;17;19;20;21;22;23;24;25;26;27;28;29;30;31;32,31,2,0.06451612903225806,1,10,91.87441932759103,1.0,1.0,0.48626551462919215,1.0,overlap,0.0,-51.37344853708079,8.458805932267115,0.895393058749349,0.895393058749349,0.33291104887134926,0.9378489406806406,overlap,-4.245588193129157,-56.248200987799976,46.98200691419579,0.9142015106597794,0.9142015106597794,0.5667074371455023,1.0,overlap,-8.57984893402206,-34.749407351427706,False,False
single_omission,18,1;2;3;4;5;6;7;8;9;10;11;12;13;14;15;16;17;19;20;21;22;23;24;25;26;27;28;29;30;31;32,31,3,0.0967741935483871,1,10,130.19004906962442,0.9545118195390997,0.9545118195390997,0.6354195496025693,0.9979592204092079,overlap,-4.344740087010823,-31.90922699365304,11.750281508022889,0.8244340224157465,0.8244340224157465,0.4813059670685486,0.916789340330352,overlap,-9.235531791460549,-34.312805534719786,68.02205292866945,0.7531517161383814,0.7531517161383814,0.6516708083541006,0.9509407260857325,overlap,-19.778900994735118,-10.148090778428076,False,False
single_omission,18,1;2;3;4;5;6;7;8;9;10;11;12;13;14;15;16;17;19;20;21;22;23;24;25;26;27;28;29;30;31;32,31,4,0.12903225806451613,1,5,168.2399896165923,0.9288032346062525,0.9288032346062525,0.7401269252907918,0.9098461570970676,M,1.895707750918485,-18.867630931546064,14.948858223399332,0.8579750584266351,0.8579750584266351,0.5922898717484588,0.8355406602511088,M,2.2434398175526282,-26.56851866781763,85.72498641630473,0.6786851452640312,0.6786851452640312,0.7706260179985477,0.9169828649569054,P,-23.829771969287417,9.194087273451645,True,True
single_omission,18,1;2;3;4;5;6;7;8;9;10;11;12;13;14;15;16;17;19;20;21;22;23;24;25;26;27;28;29;30;31;32,31,5,0.16129032258064516,1,1,206.09356698764054,0.936944575233537,0.936944575233537,0.8471866648832321,0.8471866648832321,M,8.97579103503049,-8.97579103503049,18.136821635016226,0.8829392074040259,0.8829392074040259,0.7492251432473391,0.7492251432473391,M,13.371406415668673,-13.371406415668673,102.57039504115394,0.6414156054330086,0.6414156054330086,0.8902178167052125,0.8902178167052125,P,-24.88022112722039,24.88022112722039,True,True
single_omission,18,1;2;3;4;5;6;7;8;9;10;11;12;13;14;15;16;17;19;20;21;22;23;24;25;26;27;28;29;30;31;32,31,6,0.1935483870967742,1,1,243.89996499345688,0.9467186581663112,0.9467186581663112,0.84868090477767,0.84868090477767,M,9.803775338864117,-9.803775338864117,21.275237294472078,0.8796302963100422,0.8796302963100422,0.7380382320221252,0.7380382320221252,M,14.159206428791704,-14.159206428791704,118.82667626458891,0.617715881434494,0.617715881434494,0.8381106033300945,0.8381106033300945,P,-22.03947218956005,22.03947218956005,True,True
single_omission,18,1;2;3;4;5;6;7;8;9;10;11;12;13;14;15;16;17;19;20;21;22;23;24;25;26;27;28;29;30;31;32,31,7,0.22580645161290322,1,4,281.0331253048963,0.9353162719487995,0.9353162719487995,0.8465212806258738,0.871238292892697,M,6.407797905610247,-8.879499132292567,24.409049316108238,0.8794961358659011,0.8794961358659011,0.7299231464073994,0.7647350140615247,M,11.476112180437648,-14.957298945850173,132.75007950517275,0.6069785228011935,0.6069785228011935,0.8169908846834948,0.8771015911605283,P,-27.012306835933487,21.00123618823013,True,True
single_omission,18,1;2;3;4;5;6;7;8;9;10;11;12;13;14;15;16;17;19;20;21;22;23;24;25;26;27;28;29;30;31;32,31,8,0.25806451612903225,1,6,318.14652736675197,0.916778166756478,0.916778166756478,0.8465787147468589,0.8760145499948326,M,4.076361676164542,-7.019945200961919,27.466429303797547,0.8432435750738719,0.8432435750738719,0.7414268148068228,0.7730323629130463,M,7.02112121608256,-10.181676026704912,145.52675080651431,0.6034608003959459,0.6034608003959459,0.8075266952986846,0.8664897139788136,P,-26.30289135828677,20.406589490273873,True,True
single_omission,18,1;2;3;4;5;6;7;8;9;10;11;12;13;14;15;16;17;19;20;21;22;23;24;25;26;27;28;29;30;31;32,31,9,0.2903225806451613,1,4,354.9829304003381,0.9170129854378688,0.9170129854378688,0.8540980958269174,0.8736660767371853,M,4.334690870068347,-6.291488961095137,30.520006753335828,0.8281676280051653,0.8281676280051653,0.7513213038146326,0.7791628636551297,M,4.900476435003565,-7.684632419053273,158.22840029622662,0.6614811117954893,0.6614811117954893,0.8037676083444649,0.8541991430689465,P,-19.27180312734572,14.228649654897563,True,True
single_omission,18,1;2;3;4;5;6;7;8;9;10;11;12;13;14;15;16;17;19;20;21;22;23;24;25;26;27;28;29;30;31;32,31,10,0.3225806451612903,1,1,390.2624847638619,0.9146652005503764,0.9146652005503764,0.8738831827081543,0.8738831827081543,M,4.078201784222202,-4.078201784222202,33.48452290665496,0.8309301223248499,0.8309301223248499,0.7733378042104421,0.7733378042104421,M,5.759231811440779,-5.759231811440779,170.3576224067916,0.6664263336299917,0.6664263336299917,0.8454231132623284,0.8454231132623284,P,-17.899677963233675,17.899677963233675,True,True
single_omission,18,1;2;3;4;5;6;7;8;9;10;11;12;13;14;15;16;17;19;20;21;22;23;24;25;26;27;28;29;30;31;32,31,11,0.3548387096774194,1,1,425.296911657341,0.928323438151304,0.928323438151304,0.8649556086890842,0.8649556086890842,M,6.336782946221986,-6.336782946221986,36.44082272241005,0.844871563484256,0.844871563484256,0.7708304240618162,0.7708304240618162,M,7.404113942243972,-7.404113942243972,180.68670578443232,0.6818040756987654,0.6818040756987654,0.8259621173862706,0.8259621173862706,P,-14.415804168750512,14.415804168750512,True,True
single_omission,18,1;2;3;4;5;6;7;8;9;10;11;12;13;14;15;16;17;19;20;21;22;23;24;25;26;27;28;29;30;31;32,31,12,0.3870967741935484,1,1,459.15107832400776,0.9427464123396547,0.9427464123396547,0.8780171113421681,0.8780171113421681,M,6.472930099748664,-6.472930099748664,39.38078847558445,0.8630195813520268,0.8630195813520268,0.7968649593567299,0.7968649593567299,M,6.6154621995296985,-6.6154621995296985,190.34883250636136,0.761375046156962,0.761375046156962,0.828595854173587,0.828595854173587,P,-6.7220808016625,6.7220808016625,True,True
single_omission,18,1;2;3;4;5;6;7;8;9;10;11;12;13;14;15;16;17;19;20;21;22;23;24;25;26;27;28;29;30;31;32,31,13,0.41935483870967744,1,1,492.5445801290619,0.9466280869332125,0.9466280869332125,0.883357016769038,0.883357016769038,M,6.327107016417455,-6.327107016417455,42.22023912502085,0.8773036297442243,0.8773036297442243,0.8084864601365567,0.8084864601365567,M,6.881716960766759,-6.881716960766759,199.6385640074173,0.7676133018338074,0.7676133018338074,0.8259805733150131,0.8259805733150131,P,-5.836727148120568,5.836727148120568,True,True
single_omission,18,1;2;3;4;5;6;7;8;9;10;11;12;13;14;15;16;17;19;20;21;22;23;24;25;26;27;28;29;30;31;32,31,14,0.45161290322580644,1,1,525.4472850140033,0.9449760433745831,0.9449760433745831,0.8889314497814941,0.8889314497814941,M,5.604459359308899,-5.604459359308899,44.97356039329534,0.9064052109997226,0.9064052109997226,0.8287737730748922,0.8287737730748922,M,7.76314379248304,-7.76314379248304,208.69969526702164,0.7744376106047988,0.7744376106047988,0.823417227777865,0.823417227777865,P,-4.89796171730662,4.89796171730662,True,True
single_omission,18,1;2;3;4;5;6;7;8;9;10;11;12;13;14;15;16;17;19;20;21;22;23;24;25;26;27;28;29;30;31;32,31,15,0.4838709677419355,1,5,557.8408063097443,0.9478149130047493,0.9478149130047493,0.8915898120092645,0.9050844060639042,M,4.273050694084512,-5.622510099548483,47.67419275944886,0.888904193596458,0.888904193596458,0.8240072258592023,0.8599455056799287,M,2.8958687916529335,-6.489696773725573,217.56540282793256,0.7986293463420052,0.7986293463420052,0.8248411712449623,0.8645823430256402,P,-6.595299668363497,2.6211824902957037,True,True
single_omission,18,1;2;3;4;5;6;7;8;9;10;11;12;13;14;15;16;17;19;20;21;22;23;24;25;26;27;28;29;30;31;32,31,16,0.5161290322580645,1,10,590.035545218264,0.9353300626099886,0.9353300626099886,0.8956256928454863,0.9185996018569061,M,1.6730460753082488,-3.970436976450231,50.36784183063811,0.8631692803903559,0.8631692803903559,0.8335578845747803,0.8772496419559962,overlap,-1.4080361565640298,-2.961139581557559,226.0472821962263,0.8302577976795682,0.8302577976795682,0.8275603798698717,0.8778353236013583,overlap,-4.75775259217901,-0.26974178096964563,False,False
single_omission,18,1;2;3;4;5;6;7;8;9;10;11;12;13;14;15;16;17;19;20;21;22;23;24;25;26;27;28;29;30;31;32,31,17,0.5483870967741935,1,10,622.0294511409455,0.9333311939419469,0.9333311939419469,0.90877915183323,0.9305714044419836,M,0.275978949996325,-2.4552042108716865,52.93382590415438,0.8722139779307526,0.8722139779307526,0.8486912984801359,0.8902650840036755,overlap,-1.805110607292293,-2.35226794506167,234.42695824167464,0.8225614832115875,0.8225614832115875,0.8337242961913086,0.8822021439538296,P,-5.964066074224206,1.1162812979721104,False,True
single_omission,18,1;2;3;4;5;6;7;8;9;10;11;12;13;14;15;16;17;19;20;21;22;23;24;25;26;27;28;29;30;31;32,31,18,0.5806451612903226,1,5,653.9796586098252,0.9206505065122956,0.9206505065122956,0.9211307892443421,0.9326415986849063,P,-1.199109217261063,0.04802827320464775,55.48144301935866,0.8631258721910046,0.8631258721910046,0.8671807767319187,0.8980618855563327,P,-3.4936013365328145,0.40549045409141726,242.74532439731342,0.8466990516750805,0.8466990516750805,0.8477054487325385,0.8833242771024946,P,-3.6625225427414088,0.1006397057457975,False,False
single_omission,18,1;2;3;4;5;6;7;8;9;10;11;12;13;14;15;16;17;19;20;21;22;23;24;25;26;27;28;29;30;31;32,31,19,0.6129032258064516,1,1,685.4152157177538,0.9298980292463449,0.9298980292463449,0.9340428727139027,0.9340428727139027,P,-0.4144843467557835,0.4144843467557835,57.916404351256325,0.8836692306010718,0.8836692306010718,0.8950269253939694,0.8950269253939694,P,-1.135769479289761,1.135769479289761,251.02522860101067,0.852560184993283,0.852560184993283,0.8845039863395279,0.8845039863395279,P,-3.194380134624486,3.194380134624486,False,False
single_omission,18,1;2;3;4;5;6;7;8;9;10;11;12;13;14;15;16;17;19;20;21;22;23;24;25;26;27;28;29;30;31;32,31,20,0.6451612903225806,2,1,716.5010300785244,0.9326902662005413,0.941351975864339,0.9358561913732564,0.9358561913732564,overlap,-0.31659251727150783,-0.5495784491082678,60.1352970065006,0.8845040950164899,0.8937334846780869,0.8989002576270596,0.8989002576270596,P,-1.4396162610569752,0.516677294897272,258.8707934966684,0.8617242740306819,0.8666222855093415,0.883411721523777,0.883411721523777,P,-2.1687447493095147,1.67894360144355,False,False
single_omission,18,1;2;3;4;5;6;7;8;9;10;11;12;13;14;15;16;17;19;20;21;22;23;24;25;26;27;28;29;30;31;32,31,21,0.6774193548387096,1,1,747.408308244028,0.9437772242537725,0.9437772242537725,0.9355307189672318,0.9355307189672318,M,0.8246505286540695,-0.8246505286540695,62.33014441911061,0.8945254507336581,0.8945254507336581,0.9104628839174144,0.9104628839174144,P,-1.5937433183756289,1.5937433183756289,266.4816665285556,0.8758738753470412,0.8758738753470412,0.8775183830457695,0.8775183830457695,P,-0.16445076987282592,0.16445076987282592,False,True
single_omission,18,1;2;3;4;5;6;7;8;9;10;11;12;13;14;15;16;17;19;20;21;22;23;24;25;26;27;28;29;30;31;32,31,22,0.7096774193548387,2,3,777.7430362775007,0.9459701112768593,0.9562317289787151,0.9360911420347158,0.9467864808015118,overlap,-0.08163695246525826,-2.014058694399934,64.51152732421771,0.8957591828948255,0.8986733935886739,0.9059234985410674,0.9255025471417403,P,-2.9743364246914816,0.7250104952393421,274.09164370467334,0.8758421259850455,0.9283186183520968,0.8795810051917289,0.8817785276210408,overlap,-0.5936401635995292,-4.873761316036795,False,False
single_omission,18,1;2;3;4;5;6;7;8;9;10;11;12;13;14;15;16;17;19;20;21;22;23;24;25;26;27;28;29;30;31;32,31,23,0.7419354838709677,1,3,808.0215990550543,0.9579413436713393,0.9579413436713393,0.9443717777153633,0.954666335752218,M,0.32750079191212755,-1.3569565955976026,66.64603444451227,0.9003639325073706,0.9003639325073706,0.9134447438484223,0.9323967241021927,P,-3.2032791594822085,1.3080811341051768,281.39652770036633,0.9278758913099782,0.9278758913099782,0.8827070096067123,0.8848474856802813,M,4.30284056296969,-4.516888170326583,False,False
single_omission,18,1;2;3;4;5;6;7;8;9;10;11;12;13;14;15;16;17;19;20;21;22;23;24;25;26;27;28;29;30;31;32,31,24,0.7741935483870968,1,1,836.8365341199893,0.9693296403206426,0.9693296403206426,0.95622731754292,0.95622731754292,M,1.3102322777722608,-1.3102322777722608,68.76082600347603,0.9080845972854352,0.9080845972854352,0.9283450096165042,0.9283450096165042,P,-2.026041233106901,2.026041233106901,288.6397700612961,0.9298993617206811,0.9298993617206811,0.887737169141126,0.887737169141126,M,4.216219257955512,-4.216219257955512,False,False
single_omission,18,1;2;3;4;5;6;7;8;9;10;11;12;13;14;15;16;17;19;20;21;22;23;24;25;26;27;28;29;30;31;32,31,25,0.8064516129032258,1,1,865.5180409693045,0.9681942418050052,0.9681942418050052,0.9688089032164299,0.9688089032164299,P,-0.06146614114246329,0.06146614114246329,70.87420173459292,0.9119749192383855,0.9119749192383855,0.9293178693782375,0.9293178693782375,P,-1.7342950139851987,1.7342950139851987,295.835930999868,0.9249114521436117,0.9249114521436117,0.9372637645910491,0.9372637645910491,P,-1.2352312447437397,1.2352312447437397,False,False
single_omission,18,1;2;3;4;5;6;7;8;9;10;11;12;13;14;15;16;17;19;20;21;22;23;24;25;26;27;28;29;30;31;32,31,26,0.8387096774193549,2,1,892.3371677884312,0.97393163613202,0.9783566591785159,0.9662449464332122,0.9662449464332122,M,0.7686689698807814,-1.2111712745303649,72.90509420703245,0.9268962737263216,0.9271203192852551,0.9453666151482232,0.9453666151482232,P,-1.8470341421901626,1.824629586296811,303.01125309294696,0.9289014931292483,0.9566586019558213,0.94572735159571,0.94572735159571,overlap,-1.6825858466461674,-1.0931250360111333,False,False
single_omission,18,1;2;3;4;5;6;7;8;9;10;11;12;13;14;15;16;17;19;20;21;22;23;24;25;26;27;28;29;30;31;32,31,27,0.8709677419354839,1,1,918.6178762249195,0.9842066522965328,0.9842066522965328,0.973648609445985,0.973648609445985,M,1.0558042850547844,-1.0558042850547844,74.91606619205984,0.9414770897219825,0.9414770897219825,0.9415278470340561,0.9415278470340561,P,-0.005075731207360157,0.005075731207360157,309.96060205317065,0.960521707224476,0.960521707224476,0.9636555421021439,0.9636555421021439,P,-0.31338348776678293,0.31338348776678293,False,True
single_omission,18,1;2;3;4;5;6;7;8;9;10;11;12;13;14;15;16;17;19;20;21;22;23;24;25;26;27;28;29;30;31;32,31,28,0.9032258064516129,1,1,942.3125711295116,0.994375495236004,0.994375495236004,0.9840829371214109,0.9840829371214109,M,1.0292558114593064,-1.0292558114593064,76.6339122296029,0.9612659702514809,0.9612659702514809,0.9613155897742275,0.9613155897742275,P,-0.004961952274662451,0.004961952274662451,316.6172800189035,0.9630556095258122,0.9630556095258122,0.9661235575081811,0.9661235575081811,P,-0.3067947982368979,0.3067947982368979,False,True
single_omission,18,1;2;3;4;5;6;7;8;9;10;11;12;13;14;15;16;17;19;20;21;22;23;24;25;26;27;28;29;30;31;32,31,29,0.9354838709677419,1,2,965.4607192776599,0.9977549772726405,0.9977549772726405,0.9828953054554299,0.9877091963239152,M,1.0045780948725325,-1.4859671817210596,78.32713771657349,0.9677371256451751,0.9677371256451751,0.9677856725251185,0.9683841341334333,P,-0.06470084882581606,0.0048546879943378585,323.26709066289806,0.9638155792477762,0.9638155792477762,0.9668204175795261,0.9857733541273914,P,-2.1957774879615255,0.3004838331749915,False,True
single_omission,18,1;2;3;4;5;6;7;8;9;10;11;12;13;14;15;16;17;19;20;21;22;23;24;25;26;27;28;29;30;31;32,31,30,0.967741935483871,1,1,987.0938051737363,0.9998927434777926,0.9998927434777926,0.9879785608060576,0.9879785608060576,M,1.191418267173494,-1.191418267173494,79.94065808907985,0.9864499615910981,0.9864499615910981,0.9755394366432143,0.9755394366432143,M,1.0910524947883804,-1.0910524947883804,328.48319325303993,0.9767914959743257,0.9767914959743257,0.9903638955286262,0.9903638955286262,P,-1.3572399554300563,1.3572399554300563,True,True
single_omission,19,1;2;3;4;5;6;7;8;9;10;11;12;13;14;15;16;17;18;20;21;22;23;24;25;26;27;28;29;30;31;32,31,1,0.03225806451612903,1,5,50.080775444264944,0.8345246956057693,0.8345246956057693,0.4298498467021304,1.0,overlap,-16.547530439423074,-40.467484890363885,4.7345054676233875,0.5997354251365439,0.5997354251365439,0.2319532472983795,1.0,overlap,-40.02645748634561,-36.77821778381644,25.248088207150722,1.0,1.0,0.5030737133639674,1.0,overlap,0.0,-49.69262866360326,False,False
single_omission,19,1;2;3;4;5;6;7;8;9;10;11;12;13;14;15;16;17;18;20;21;22;23;24;25;26;27;28;29;30;31;32,31,2,0.06451612903225806,1,10,91.87441932759103,1.0,1.0,0.48626551462919215,1.0,overlap,0.0,-51.37344853708079,8.458805932267115,0.895393058749349,0.895393058749349,0.33291104887134926,0.9378489406806406,overlap,-4.245588193129157,-56.248200987799976,46.98200691419579,0.9142015106597794,0.9142015106597794,0.5667074371455023,1.0,overlap,-8.57984893402206,-34.749407351427706,False,False
single_omission,19,1;2;3;4;5;6;7;8;9;10;11;12;13;14;15;16;17;18;20;21;22;23;24;25;26;27;28;29;30;31;32,31,3,0.0967741935483871,1,10,130.19004906962442,0.9545118195390997,0.9545118195390997,0.6354195496025693,0.9979592204092079,overlap,-4.344740087010823,-31.90922699365304,11.750281508022889,0.8244340224157465,0.8244340224157465,0.4813059670685486,0.916789340330352,overlap,-9.235531791460549,-34.312805534719786,68.02205292866945,0.7531517161383814,0.7531517161383814,0.6516708083541006,0.9509407260857325,overlap,-19.778900994735118,-10.148090778428076,False,False
single_omission,19,1;2;3;4;5;6;7;8;9;10;11;12;13;14;15;16;17;18;20;21;22;23;24;25;26;27;28;29;30;31;32,31,4,0.12903225806451613,1,5,168.2399896165923,0.9575865049924457,0.9575865049924457,0.7401269252907918,0.9098461570970676,M,4.774034789537806,-21.745957970165385,14.948858223399332,0.8612895424775628,0.8612895424775628,0.5922898717484588,0.8355406602511088,M,2.5748882226453995,-26.899967072910403,85.72498641630473,0.6863915123748507,0.6863915123748507,0.7706260179985477,0.9169828649569054,P,-23.059135258205465,8.423450562369695,True,True
single_omission,19,1;2;3;4;5;6;7;8;9;10;11;12;13;14;15;16;17;18;20;21;22;23;24;25;26;27;28;29;30;31;32,31,5,0.16129032258064516,1,1,206.09356698764054,0.9651477460946808,0.9651477460946808,0.8471866648832321,0.8471866648832321,M,11.796108121144865,-11.796108121144865,18.136821635016226,0.8588013897581205,0.8588013897581205,0.7492251432473391,0.7492251432473391,M,10.957624651078135,-10.957624651078135,102.57039504115394,0.6478650694464608,0.6478650694464608,0.8902178167052125,0.8902178167052125,P,-24.235274725875165,24.235274725875165,True,True
single_omission,19,1;2;3;4;5;6;7;8;9;10;11;12;13;14;15;16;17;18;20;21;22;23;24;25;26;27;28;29;30;31;32,31,6,0.1935483870967742,1,1,243.89996499345688,0.9465394926883544,0.9465394926883544,0.84868090477767,0.84868090477767,M,9.785858791068435,-9.785858791068435,21.270633656652386,0.8617161665275116,0.8617161665275116,0.7381979668364311,0.7381979668364311,M,12.351819969108046,-12.351819969108046,118.82667626458891,0.6196175851592712,0.6196175851592712,0.8381106033300945,0.8381106033300945,P,-21.849301817082324,21.849301817082324,True,True
single_omission,19,1;2;3;4;5;6;7;8;9;10;11;12;13;14;15;16;17;18;20;21;22;23;24;25;26;27;28;29;30;31;32,31,7,0.22580645161290322,1,4,281.0331253048963,0.9240045418661005,0.9240045418661005,0.8465212806258738,0.871238292892697,M,5.2766248973403425,-7.748326124022665,24.328013644341695,0.8230213396747684,0.8230213396747684,0.7323544921543972,0.7672823167921891,M,5.573902288257937,-9.066684752037125,132.75007950517275,0.6091924077329507,0.6091924077329507,0.8169908846834948,0.8771015911605283,P,-26.790918342757763,20.77984769505441,True,True
single_omission,19,1;2;3;4;5;6;7;8;9;10;11;12;13;14;15;16;17;18;20;21;22;23;24;25;26;27;28;29;30;31;32,31,8,0.25806451612903225,1,6,318.14652736675197,0.9226253490576092,0.9226253490576092,0.8465787147468589,0.8760145499948326,M,4.661079906277655,-7.604663431075032,27.381591093879976,0.8084725925625184,0.8084725925625184,0.7437240269570384,0.7754275006409102,M,3.3045091921608205,-6.474856560547993,145.52675080651431,0.671462453767448,0.671462453767448,0.8075266952986846,0.8664897139788136,P,-19.502726021136564,13.606424153123664,True,True
single_omission,19,1;2;3;4;5;6;7;8;9;10;11;12;13;14;15;16;17;18;20;21;22;23;24;25;26;27;28;29;30;31;32,31,9,0.2903225806451613,1,4,354.9829304003381,0.9154400962453575,0.9154400962453575,0.8540980958269174,0.8736660767371853,M,4.177401950817217,-6.134200041844007,30.346107247199107,0.8134447971951514,0.8134447971951514,0.7556267787349923,0.7836278856787438,M,2.981691151640764,-5.78180184601591,158.22840029622662,0.6735924558847902,0.6735924558847902,0.8037676083444649,0.8541991430689465,P,-18.060668718415627,13.01751524596747,True,True
single_omission,19,1;2;3;4;5;6;7;8;9;10;11;12;13;14;15;16;17;18;20;21;22;23;24;25;26;27;28;29;30;31;32,31,10,0.3225806451612903,1,1,390.2624847638619,0.9296798936790599,0.9296798936790599,0.8738831827081543,0.8738831827081543,M,5.579671097090555,-5.579671097090555,33.302407062954195,0.8302522744500558,0.8302522744500558,0.7775668398598246,0.7775668398598246,M,5.268543459023123,-5.268543459023123,170.3576224067916,0.6823503511372775,0.6823503511372775,0.8454231132623284,0.8454231132623284,P,-16.307276212505094,16.307276212505094,True,True
single_omission,19,1;2;3;4;5;6;7;8;9;10;11;12;13;14;15;16;17;18;20;21;22;23;24;25;26;27;28;29;30;31;32,31,11,0.3548387096774194,1,1,425.296911657341,0.9425629834155448,0.9425629834155448,0.8649556086890842,0.8649556086890842,M,7.760737472646062,-7.760737472646062,36.2423728161286,0.85115773408544,0.85115773408544,0.7750512080096564,0.7750512080096564,M,7.610652607578361,-7.610652607578361,180.68670578443232,0.7636284118204282,0.7636284118204282,0.8259621173862706,0.8259621173862706,P,-6.233370556584239,6.233370556584239,True,True
single_omission,19,1;2;3;4;5;6;7;8;9;10;11;12;13;14;15;16;17;18;20;21;22;23;24;25;26;27;28;29;30;31;32,31,12,0.3870967741935484,2,1,459.15107832400776,0.9427671196301927,0.9457946375283695,0.8780171113421681,0.8780171113421681,M,6.475000828802457,-6.777752618620136,39.08182346556501,0.8524319106848173,0.8674506552506361,0.8029607532433211,0.8029607532433211,M,4.947115744149622,-6.448990200731508,190.34883250636136,0.7547705681914533,0.7685671953148474,0.828595854173587,0.828595854173587,P,-7.382528598213378,6.002865885873964,True,True
single_omission,19,1;2;3;4;5;6;7;8;9;10;11;12;13;14;15;16;17;18;20;21;22;23;24;25;26;27;28;29;30;31;32,31,13,0.41935483870967744,1,1,492.5445801290619,0.9466473903123648,0.9466473903123648,0.883357016769038,0.883357016769038,M,6.329037354332678,-6.329037354332678,41.835144733839485,0.8693210249591706,0.8693210249591706,0.8159286144096081,0.8159286144096081,M,5.339241054956256,-5.339241054956256,199.6385640074173,0.7613161483940445,0.7613161483940445,0.8259805733150131,0.8259805733150131,P,-6.466442492096858,6.466442492096858,True,True
single_omission,19,1;2;3;4;5;6;7;8;9;10;11;12;13;14;15;16;17;18;20;21;22;23;24;25;26;27;28;29;30;31;32,31,14,0.45161290322580644,1,5,525.4472850140033,0.9449941380056732,0.9449941380056732,0.8856669107990875,0.8999934387743197,M,4.500069923135353,-5.9327227206585675,44.535777099993005,0.9002306454418332,0.9002306454418332,0.8116050962842668,0.8500759300988312,M,5.015471534300198,-8.862554915756638,208.69969526702164,0.7684138611765107,0.7684138611765107,0.826582676654294,0.8680120809294402,P,-9.959821975292948,5.81688154777833,True,True
single_omission,19,1;2;3;4;5;6;7;8;9;10;11;12;13;14;15;16;17;18;20;21;22;23;24;25;26;27;28;29;30;31;32,31,15,0.4838709677419355,1,10,557.8408063097443,0.9478319568901591,0.9478319568901591,0.8899619433563453,0.9142617485624585,M,3.3570208327700635,-5.787001353381383,47.229426171182254,0.8830509942111939,0.8830509942111939,0.8224977344990593,0.8690928279288087,M,1.395816628238522,-6.055325971213465,217.56540282793256,0.792851062415848,0.792851062415848,0.8278817469204371,0.8801166806247572,P,-8.726561820890922,3.5030684504589127,True,True
single_omission,19,1;2;3;4;5;6;7;8;9;10;11;12;13;14;15;16;17;18;20;21;22;23;24;25;26;27;28;29;30;31;32,31,16,0.5161290322580645,1,10,590.035545218264,0.9353461765116963,0.9353461765116963,0.9038328206196501,0.92680672963107,M,0.8539446880626245,-3.151335589204618,49.79541024469852,0.859600823523911,0.859600823523911,0.8391548854668017,0.8833489088570196,overlap,-2.374808533310857,-2.044593805710926,226.0472821962263,0.8246963299289528,0.8246963299289528,0.8338879369691119,0.8841628807005986,P,-5.946655077164575,0.9191607040159089,False,True
single_omission,19,1;2;3;4;5;6;7;8;9;10;11;12;13;14;15;16;17;18;20;21;22;23;24;25;26;27;28;29;30;31;32,31,17,0.5483870967741935,1,5,622.0389589157252,0.9333322129649256,0.9333322129649256,0.9169954469678353,0.9290973179525476,M,0.42348950123780593,-1.633676599709033,52.343027359902806,0.8692241740701561,0.8692241740701561,0.8592171194654951,0.8919498169427681,overlap,-2.272564287261203,-1.0007054604661003,234.42695824167464,0.8171988121285434,0.8171988121285434,0.8481413002883067,0.8850240210818924,P,-6.782520895334898,3.0942488159763304,False,True
single_omission,19,1;2;3;4;5;6;7;8;9;10;11;12;13;14;15;16;17;18;20;21;22;23;24;25;26;27;28;29;30;31;32,31,18,0.5806451612903226,1,1,653.9891663846048,0.9206516601049723,0.9206516601049723,0.9300051475324658,0.9300051475324658,P,-0.9353487427493423,0.9353487427493423,54.80964488564535,0.8614482152054946,0.8614482152054946,0.8884992004331905,0.8884992004331905,P,-2.705098522769589,2.705098522769589,242.74532439731342,0.8415201479282428,0.8415201479282428,0.886045763984,0.886045763984,P,-4.452561605575722,4.452561605575722,False,False
single_omission,19,1;2;3;4;5;6;7;8;9;10;11;12;13;14;15;16;17;18;20;21;22;23;24;25;26;27;28;29;30;31;32,31,19,0.6129032258064516,1,1,685.4247234925336,0.9298990016561902,0.9298990016561902,0.9316092596542839,0.9316092596542839,P,-0.1710257998093656,0.1710257998093656,57.244606217543016,0.8823040226113679,0.8823040226113679,0.8894675267512511,0.8894675267512511,P,-0.7163504139883203,0.7163504139883203,251.02522860101067,0.8475521040244702,0.8475521040244702,0.8833380836287846,0.8833380836287846,P,-3.57859796043144,3.57859796043144,False,False
single_omission,19,1;2;3;4;5;6;7;8;9;10;11;12;13;14;15;16;17;18;20;21;22;23;24;25;26;27;28;29;30;31;32,31,20,0.6451612903225806,2,1,716.5105378533041,0.9326911593706423,0.9413527540974219,0.9312208136533267,0.9312208136533267,M,0.14703457173156353,-1.0131940444095267,59.463498872787284,0.883199262053575,0.8925329221813828,0.9015760659837471,0.9015760659837471,P,-1.8376803930172048,0.9043143802364262,258.8707934966684,0.856867972348025,0.8617659838266845,0.8764728113918205,0.8764728113918205,P,-1.9604839043795508,1.4706827565136082,False,True
single_omission,19,1;2;3;4;5;6;7;8;9;10;11;12;13;14;15;16;17;18;20;21;22;23;24;25;26;27;28;29;30;31;32,31,21,0.6774193548387096,1,4,747.4178160188077,0.9437779394541301,0.9437779394541301,0.9312655467907078,0.9423948309316883,M,0.13831085224418338,-1.25123926634223,61.65834628539729,0.8933762534291535,0.8933762534291535,0.8969441479072711,0.9174291982674951,P,-2.405294483834164,0.35678944781175614,266.4816665285556,0.8711562724949368,0.8711562724949368,0.8728007801936652,0.8808815259858036,P,-0.9725253490866836,0.16445076987284812,False,True
single_omission,19,1;2;3;4;5;6;7;8;9;10;11;12;13;14;15;16;17;18;20;21;22;23;24;25;26;27;28;29;30;31;32,31,22,0.7096774193548387,2,6,777.7525440522803,0.9459707717748765,0.9562322640317555,0.9360919232999558,0.9506842747224148,overlap,-0.47135029475382506,-2.014034073179971,63.83972919050439,0.894662236098904,0.8976071136099555,0.9044376430533634,0.924718595667773,P,-3.0056359568868984,0.6830529443407896,274.09164370467334,0.8712555043242874,0.9237319966913388,0.874994383530971,0.8830756668941095,overlap,-1.1820162569822101,-4.873761316036774,False,False
single_omission,19,1;2;3;4;5;6;7;8;9;10;11;12;13;14;15;16;17;18;20;21;22;23;24;25;26;27;28;29;30;31;32,31,23,0.7419354838709677,1,4,808.0311068298339,0.9579418385585146,0.9579418385585146,0.9443724322701255,0.954666869175085,M,0.3274969383429527,-1.3569406288389096,65.97423631079896,0.8993493648831731,0.8993493648831731,0.9125633746534568,0.9317083378908374,P,-3.2358973007664327,1.3214009770283752,281.39652770036633,0.9234083355788454,0.9234083355788454,0.8782394538755798,0.8858918958693757,M,3.7516439709469718,-4.516888170326561,False,False
single_omission,19,1;2;3;4;5;6;7;8;9;10;11;12;13;14;15;16;17;18;20;21;22;23;24;25;26;27;28;29;30;31;32,31,24,0.7741935483870968,1,1,836.846041894769,0.9693299887800457,0.9693299887800457,0.9562278148635566,0.9562278148635566,M,1.3102173916489157,-1.3102173916489157,68.08902786976272,0.9071777170150739,0.9071777170150739,0.9276380280319977,0.9276380280319977,P,-2.0460311016923804,2.0460311016923804,288.6397700612961,0.9255439166280603,0.9255439166280603,0.8833817240485055,0.8833817240485055,M,4.216219257955489,-4.216219257955489,False,False
single_omission,19,1;2;3;4;5;6;7;8;9;10;11;12;13;14;15;16;17;18;20;21;22;23;24;25;26;27;28;29;30;31;32,31,25,0.8064516129032258,1,1,865.5275487440841,0.9681945911895928,0.9681945911895928,0.968809245848994,0.968809245848994,P,-0.061465465940113706,0.061465465940113706,70.20240360087959,0.9111325679520703,0.9111325679520703,0.9286414805225435,0.9286414805225435,P,-1.7508912570473156,1.7508912570473156,295.835930999868,0.920661952544967,0.920661952544967,0.9330142649924046,0.9330142649924046,P,-1.235231244743762,1.235231244743762,False,False
single_omission,19,1;2;3;4;5;6;7;8;9;10;11;12;13;14;15;16;17;18;20;21;22;23;24;25;26;27;28;29;30;31;32,31,26,0.8387096774193549,2,1,892.3466755632109,0.9739319138852064,0.9783568897839696,0.966245306086535,0.966245306086535,M,0.7686607798671363,-1.2111583697434591,72.23329607331914,0.9262163802485507,0.9264425095195188,0.9448585031281842,0.9448585031281842,P,-1.8642122879633516,1.8415993608665415,303.01125309294696,0.9247526219001556,0.9525097307267287,0.9415784803666175,0.9415784803666175,overlap,-1.6825858466461896,-1.0931250360111222,False,False
single_omission,19,1;2;3;4;5;6;7;8;9;10;11;12;13;14;15;16;17;18;20;21;22;23;24;25;26;27;28;29;30;31;32,31,27,0.8709677419354839,1,1,918.6273839996992,0.984206815757361,0.984206815757361,0.9736488821823424,0.9736488821823424,M,1.0557933575018663,-1.0557933575018663,74.24426805834653,0.9409475460557517,0.9409475460557517,0.9409987626445939,0.9409987626445939,P,-0.00512165888422178,0.00512165888422178,309.6679310586798,0.9573698218373506,0.9573698218373506,0.9605066185411499,0.9605066185411499,P,-0.3136796703799294,0.3136796703799294,False,True
single_omission,19,1;2;3;4;5;6;7;8;9;10;11;12;13;14;15;16;17;18;20;21;22;23;24;25;26;27;28;29;30;31;32,31,28,0.9032258064516129,1,1,942.3220789042913,0.994375551985735,0.994375551985735,0.9840830977202681,0.9840830977202681,M,1.0292454265466877,-1.0292454265466877,75.96211409588959,0.9609234120011483,0.9609234120011483,0.9609734703518972,0.9609734703518972,P,-0.0050058350748893865,0.0050058350748893865,316.3177417026744,0.9599932374656107,0.9599932374656107,0.9630640906532585,0.9630640906532585,P,-0.30708531876477707,0.30708531876477707,False,True
single_omission,19,1;2;3;4;5;6;7;8;9;10;11;12;13;14;15;16;17;18;20;21;22;23;24;25;26;27;28;29;30;31;32,31,29,0.9354838709677419,1,2,965.4702270524396,0.997754999381215,0.997754999381215,0.9828954738993434,0.987709317361509,M,1.0045682019706015,-1.4859525481871638,77.65533958286018,0.9674580187750459,0.9674580187750459,0.9675069856351672,0.9681106245486577,P,-0.0652605773611814,0.004896686012134666,322.0099359928495,0.9636743121362771,0.9636743121362771,0.9666908816170362,0.985717812070148,P,-2.204349993387089,0.30165694807591237,False,True
single_omission,19,1;2;3;4;5;6;7;8;9;10;11;12;13;14;15;16;17;18;20;21;22;23;24;25;26;27;28;29;30;31;32,31,30,0.967741935483871,1,1,987.103312948516,0.9998927445108868,0.9998927445108868,0.9879786765965072,0.9879786765965072,M,1.1914067914379656,-1.1914067914379656,79.26885995536654,0.9863351259479468,0.9863351259479468,0.9753321350518712,0.9753321350518712,M,1.1002990896075593,-1.1002990896075593,327.22603858299135,0.9767023322899592,0.9767023322899592,0.9903268750219767,0.9903268750219767,P,-1.362454273201752,1.362454273201752,True,True
single_omission,20,1;2;3;4;5;6;7;8;9;10;11;12;13;14;15;16;17;18;19;21;22;23;24;25;26;27;28;29;30;31;32,31,1,0.03225806451612903,1,5,50.080775444264944,0.8345246956057693,0.8345246956057693,0.4298498467021304,1.0,overlap,-16.547530439423074,-40.467484890363885,4.7345054676233875,0.5997354251365439,0.5997354251365439,0.2319532472983795,1.0,overlap,-40.02645748634561,-36.77821778381644,25.248088207150722,1.0,1.0,0.5030737133639674,1.0,overlap,0.0,-49.69262866360326,False,False
single_omission,20,1;2;3;4;5;6;7;8;9;10;11;12;13;14;15;16;17;18;19;21;22;23;24;25;26;27;28;29;30;31;32,31,2,0.06451612903225806,1,10,91.87441932759103,1.0,1.0,0.48626551462919215,1.0,overlap,0.0,-51.37344853708079,8.458805932267115,0.895393058749349,0.895393058749349,0.33291104887134926,0.9378489406806406,overlap,-4.245588193129157,-56.248200987799976,46.98200691419579,0.9142015106597794,0.9142015106597794,0.5667074371455023,1.0,overlap,-8.57984893402206,-34.749407351427706,False,False
single_omission,20,1;2;3;4;5;6;7;8;9;10;11;12;13;14;15;16;17;18;19;21;22;23;24;25;26;27;28;29;30;31;32,31,3,0.0967741935483871,1,10,130.19004906962442,0.9545118195390997,0.9545118195390997,0.6354195496025693,0.9979592204092079,overlap,-4.344740087010823,-31.90922699365304,11.750281508022889,0.8244340224157465,0.8244340224157465,0.4813059670685486,0.916789340330352,overlap,-9.235531791460549,-34.312805534719786,68.02205292866945,0.7531517161383814,0.7531517161383814,0.6516708083541006,0.9509407260857325,overlap,-19.778900994735118,-10.148090778428076,False,False
single_omission,20,1;2;3;4;5;6;7;8;9;10;11;12;13;14;15;16;17;18;19;21;22;23;24;25;26;27;28;29;30;31;32,31,4,0.12903225806451613,1,5,168.2399896165923,0.9288032346062525,0.9288032346062525,0.7401269252907918,0.9098461570970676,M,1.895707750918485,-18.867630931546064,14.948858223399332,0.8579750584266351,0.8579750584266351,0.5922898717484588,0.8355406602511088,M,2.2434398175526282,-26.56851866781763,85.72498641630473,0.6786851452640312,0.6786851452640312,0.7706260179985477,0.9169828649569054,P,-23.829771969287417,9.194087273451645,True,True
single_omission,20,1;2;3;4;5;6;7;8;9;10;11;12;13;14;15;16;17;18;19;21;22;23;24;25;26;27;28;29;30;31;32,31,5,0.16129032258064516,1,1,206.09356698764054,0.936944575233537,0.936944575233537,0.8471866648832321,0.8471866648832321,M,8.97579103503049,-8.97579103503049,18.136821635016226,0.8829392074040259,0.8829392074040259,0.7492251432473391,0.7492251432473391,M,13.371406415668673,-13.371406415668673,102.57039504115394,0.6414156054330086,0.6414156054330086,0.8902178167052125,0.8902178167052125,P,-24.88022112722039,24.88022112722039,True,True
single_omission,20,1;2;3;4;5;6;7;8;9;10;11;12;13;14;15;16;17;18;19;21;22;23;24;25;26;27;28;29;30;31;32,31,6,0.1935483870967742,1,1,243.89996499345688,0.9467186581663112,0.9467186581663112,0.84868090477767,0.84868090477767,M,9.803775338864117,-9.803775338864117,21.275237294472078,0.8796302963100422,0.8796302963100422,0.7380382320221252,0.7380382320221252,M,14.159206428791704,-14.159206428791704,118.82667626458891,0.617715881434494,0.617715881434494,0.8381106033300945,0.8381106033300945,P,-22.03947218956005,22.03947218956005,True,True
single_omission,20,1;2;3;4;5;6;7;8;9;10;11;12;13;14;15;16;17;18;19;21;22;23;24;25;26;27;28;29;30;31;32,31,7,0.22580645161290322,1,4,281.0331253048963,0.9353162719487995,0.9353162719487995,0.8465212806258738,0.871238292892697,M,6.407797905610247,-8.879499132292567,24.332617282161387,0.8822587518941369,0.8822587518941369,0.7322159334947015,0.7671371499220984,M,11.512160197203858,-15.004281839943545,132.75007950517275,0.6069785228011935,0.6069785228011935,0.8169908846834948,0.8771015911605283,P,-27.012306835933487,21.00123618823013,True,True
single_omission,20,1;2;3;4;5;6;7;8;9;10;11;12;13;14;15;16;17;18;19;21;22;23;24;25;26;27;28;29;30;31;32,31,8,0.25806451612903225,1,6,318.14652736675197,0.916778166756478,0.916778166756478,0.8465787147468589,0.8760145499948326,M,4.076361676164542,-7.019945200961919,27.386194731699668,0.8457140638761014,0.8457140638761014,0.7435990064461038,0.7752971507546499,M,7.041691312145149,-10.21150574299976,145.52675080651431,0.6034608003959459,0.6034608003959459,0.8075266952986846,0.8664897139788136,P,-26.30289135828677,20.406589490273873,True,True
single_omission,20,1;2;3;4;5;6;7;8;9;10;11;12;13;14;15;16;17;18;19;21;22;23;24;25;26;27;28;29;30;31;32,31,9,0.2903225806451613,1,4,354.9829304003381,0.9170129854378688,0.9170129854378688,0.8540980958269174,0.8736660767371853,M,4.334690870068347,-6.291488961095137,30.3507108850188,0.8327871362014097,0.8327871362014097,0.7555121642197232,0.7835090239168317,M,4.92781122845779,-7.727497198168642,158.22840029622662,0.6614811117954893,0.6614811117954893,0.8037676083444649,0.8541991430689465,P,-19.27180312734572,14.228649654897563,True,True
single_omission,20,1;2;3;4;5;6;7;8;9;10;11;12;13;14;15;16;17;18;19;21;22;23;24;25;26;27;28;29;30;31;32,31,10,0.3225806451612903,1,1,390.2624847638619,0.9146652005503764,0.9146652005503764,0.8738831827081543,0.8738831827081543,M,4.078201784222202,-4.078201784222202,33.30701070077389,0.8353586265899741,0.8353586265899741,0.7774593659065636,0.7774593659065636,M,5.789926068341044,-5.789926068341044,170.3576224067916,0.6664263336299917,0.6664263336299917,0.8454231132623284,0.8454231132623284,P,-17.899677963233675,17.899677963233675,True,True
single_omission,20,1;2;3;4;5;6;7;8;9;10;11;12;13;14;15;16;17;18;19;21;22;23;24;25;26;27;28;29;30;31;32,31,11,0.3548387096774194,1,1,425.296911657341,0.928323438151304,0.928323438151304,0.8649556086890842,0.8649556086890842,M,6.336782946221986,-6.336782946221986,36.24697645394829,0.8493898768977608,0.8493898768977608,0.7749527706942593,0.7749527706942593,M,7.443710620350153,-7.443710620350153,180.68670578443232,0.6818040756987654,0.6818040756987654,0.8259621173862706,0.8259621173862706,P,-14.415804168750512,14.415804168750512,True,True
single_omission,20,1;2;3;4;5;6;7;8;9;10;11;12;13;14;15;16;17;18;19;21;22;23;24;25;26;27;28;29;30;31;32,31,12,0.3870967741935484,1,1,459.15107832400776,0.9427464123396547,0.9427464123396547,0.8780171113421681,0.8780171113421681,M,6.472930099748664,-6.472930099748664,39.08642710338469,0.8695190147110827,0.8695190147110827,0.8028661797362165,0.8028661797362165,M,6.665283497486618,-6.665283497486618,190.34883250636136,0.761375046156962,0.761375046156962,0.828595854173587,0.828595854173587,P,-6.7220808016625,6.7220808016625,True,True
single_omission,20,1;2;3;4;5;6;7;8;9;10;11;12;13;14;15;16;17;18;19;21;22;23;24;25;26;27;28;29;30;31;32,31,13,0.41935483870967744,2,1,492.5445801290619,0.9438058284744374,0.9466280869332125,0.883357016769038,0.883357016769038,M,6.04488117053994,-6.327107016417455,41.83974837165917,0.8712530674287275,0.8852818306655862,0.8158388375831775,0.8158388375831775,M,5.541422984555,-6.944299308240865,199.6385640074173,0.7544586697189115,0.7676133018338074,0.8259805733150131,0.8259805733150131,P,-7.152190359610156,5.836727148120568,True,True
single_omission,20,1;2;3;4;5;6;7;8;9;10;11;12;13;14;15;16;17;18;19;21;22;23;24;25;26;27;28;29;30;31;32,31,14,0.45161290322580644,1,1,524.9381014248028,0.9491784763993415,0.9491784763993415,0.8897937025021948,0.8897937025021948,M,5.938477389714669,-5.938477389714669,44.5403807378127,0.8869835844320298,0.8869835844320298,0.836834053017422,0.836834053017422,M,5.014953141460787,-5.014953141460787,208.69969526702164,0.7615603433340689,0.7615603433340689,0.823417227777865,0.823417227777865,P,-6.185688444379611,6.185688444379611,True,True
single_omission,20,1;2;3;4;5;6;7;8;9;10;11;12;13;14;15;16;17;18;19;21;22;23;24;25;26;27;28;29;30;31;32,31,15,0.4838709677419355,1,5,557.1328403333226,0.9486759204065149,0.9486759204065149,0.8927227828308176,0.9062345248845785,M,4.244139552193649,-5.5953137575697305,47.234029809001946,0.9152487559974642,0.9152487559974642,0.8316859577647878,0.8679591380660331,M,4.728961793143116,-8.356279823267643,217.56540282793256,0.7690427129126046,0.7690427129126046,0.8248411712449623,0.8645823430256402,P,-9.553963011303557,5.579845833235764,True,True
single_omission,20,1;2;3;4;5;6;7;8;9;10;11;12;13;14;15;16;17;18;19;21;22;23;24;25;26;27;28;29;30;31;32,31,16,0.5161290322580645,1,10,589.1362540307837,0.9517887333600267,0.9517887333600267,0.89699282699713,0.9200018046938915,M,3.1786928666135195,-5.479590636289666,49.800013882518215,0.9004898573268207,0.9004898573268207,0.843062248656964,0.8872521866411424,M,1.3237670685678382,-5.742760866985675,226.0472821962263,0.7938441373584348,0.7938441373584348,0.8275603798698717,0.8778353236013583,P,-8.399118624292345,3.37162425114369,True,True
single_omission,20,1;2;3;4;5;6;7;8;9;10;11;12;13;14;15;16;17;18;19;21;22;23;24;25;26;27;28;29;30;31;32,31,17,0.5483870967741935,1,10,621.1301599534651,0.9400306647359111,0.9400306647359111,0.910094910003258,0.9319187140999121,M,0.811195063599901,-2.9935754732653086,52.3476309977225,0.877644134755755,0.877644134755755,0.8581950430970368,0.9002343767428219,overlap,-2.259024198706694,-1.944909165871822,234.42695824167464,0.8248612464549311,0.8248612464549311,0.8337242961913086,0.8822021439538296,P,-5.734089749889848,0.8863049736377526,False,True
single_omission,20,1;2;3;4;5;6;7;8;9;10;11;12;13;14;15;16;17;18;19;21;22;23;24;25;26;27;28;29;30;31;32,31,18,0.5806451612903226,1,5,653.0803674223447,0.9379594527020155,0.9379594527020155,0.9223991856662922,0.933925845483023,M,0.40336072189924854,-1.556026703572333,54.81424852346504,0.8872919303797188,0.8872919303797188,0.8777360293672368,0.9089930204921428,overlap,-2.170109011242405,-0.9555901012481938,242.74532439731342,0.817823293853832,0.817823293853832,0.8477054487325385,0.8833242771024946,P,-6.55009832486626,2.988215487870649,False,True
single_omission,20,1;2;3;4;5;6;7;8;9;10;11;12;13;14;15;16;17;18;19;21;22;23;24;25;26;27;28;29;30;31;32,31,19,0.6129032258064516,1,1,684.5159245302735,0.9263336248611869,0.9263336248611869,0.9352699829885639,0.9352699829885639,P,-0.8936358127377031,0.8936358127377031,57.24920985536271,0.8795595004622615,0.8795595004622615,0.9054577599820472,0.9054577599820472,P,-2.589825951978575,2.589825951978575,251.02522860101067,0.8414470188240265,0.8414470188240265,0.8845039863395279,0.8845039863395279,P,-4.305696751550137,4.305696751550137,False,False
single_omission,20,1;2;3;4;5;6;7;8;9;10;11;12;13;14;15;16;17;18;19;21;22;23;24;25;26;27;28;29;30;31;32,31,20,0.6451612903225806,1,1,715.601738891044,0.9353941384298056,0.9353941384298056,0.9370322746328572,0.9370322746328572,P,-0.16381362030516433,0.16381362030516433,59.468102510606975,0.9020896872979819,0.9020896872979819,0.908985349952633,0.908985349952633,P,-0.6895662654651136,0.6895662654651136,258.8707934966684,0.8487103031461194,0.8487103031461194,0.883411721523777,0.883411721523777,P,-3.470141837765761,3.470141837765761,False,False
single_omission,20,1;2;3;4;5;6;7;8;9;10;11;12;13;14;15;16;17;18;19;21;22;23;24;25;26;27;28;29;30;31;32,31,21,0.6774193548387096,2,1,746.5090170565476,0.9380689772985242,0.9463825056746752,0.9366577174521286,0.9366577174521286,M,0.14112598463956738,-0.9724788222546632,61.662949923216985,0.9025927895491372,0.9115935280668366,0.9203141126637125,0.9203141126637125,P,-1.7721323114575305,0.8720584596875969,266.4816665285556,0.8584734697286353,0.8632315911204516,0.8775183830457695,0.8775183830457695,P,-1.9044913317134204,1.4286791925317899,False,True
single_omission,20,1;2;3;4;5;6;7;8;9;10;11;12;13;14;15;16;17;18;19;21;22;23;24;25;26;27;28;29;30;31;32,31,22,0.7096774193548387,1,4,776.8437450900204,0.9492132193852821,0.9492132193852821,0.9371747814667519,0.9478825013899399,M,0.13307179953422343,-1.203843791853021,63.844332828324085,0.9119449679754731,0.9119449679754731,0.9153907001727704,0.9351743563381637,P,-2.3229388362690617,0.3445732197297269,274.09164370467334,0.8723232895020298,0.8723232895020298,0.8739221385083438,0.8817785276210408,P,-0.9455238119011056,0.15988490063140182,False,True
single_omission,20,1;2;3;4;5;6;7;8;9;10;11;12;13;14;15;16;17;18;19;21;22;23;24;25;26;27;28;29;30;31;32,31,23,0.7419354838709677,2,6,807.1223078675738,0.9511880328249492,0.9610761273934741,0.9416686583029196,0.9557300196751597,overlap,-0.45419868502104555,-1.9407469090554574,65.97883994861866,0.9132232481793199,0.9160726493350713,0.9226817250665404,0.9423051456001182,P,-2.9081897420798364,0.6609075731469183,281.39652770036633,0.873334167395598,0.924448401697936,0.8769759875550291,0.8848474856802813,overlap,-1.1513318284683272,-4.747241414290682,False,False
single_omission,20,1;2;3;4;5;6;7;8;9;10;11;12;13;14;15;16;17;18;19;21;22;23;24;25;26;27;28;29;30;31;32,31,24,0.7741935483870968,1,4,835.9372429325089,0.9642359122367771,0.9642359122367771,0.9511194941384917,0.9610702713252138,M,0.3165640911563239,-1.3116418098285343,68.0936315075824,0.9174470769306645,0.9174470769306645,0.9302498043502004,0.948798885972376,P,-3.135180904171153,1.280272741953592,288.6397700612961,0.924312156238999,0.924312156238999,0.8802767606013557,0.887737169141126,M,3.657498709787299,-4.403539563764324,False,False
single_omission,20,1;2;3;4;5;6;7;8;9;10;11;12;13;14;15;16;17;18;19;21;22;23;24;25;26;27;28;29;30;31;32,31,25,0.8064516129032258,1,1,864.618749781824,0.975197300007579,0.975197300007579,0.9625159853992646,0.9625159853992646,M,1.2681314608314342,-1.2681314608314342,70.20700723869929,0.9245126244370799,0.9245126244370799,0.9443556962592243,0.9443556962592243,P,-1.9843071822144398,1.9843071822144398,295.81509215437507,0.9265860312980132,0.9265860312980132,0.8854465293111033,0.8854465293111033,M,4.113950198690985,-4.113950198690985,False,False
single_omission,20,1;2;3;4;5;6;7;8;9;10;11;12;13;14;15;16;17;18;19;21;22;23;24;25;26;27;28;29;30;31;32,31,26,0.8387096774193549,1,1,891.437876600951,0.9759434953107108,0.9759434953107108,0.9765402845594517,0.9765402845594517,P,-0.05967892487409587,0.05967892487409587,72.23789971113882,0.9289045251461826,0.9289045251461826,0.9459200772566396,0.9459200772566396,P,-1.7015552110457022,1.7015552110457022,302.76444111459875,0.9225463657464241,0.9225463657464241,0.9346160058912052,0.9346160058912052,P,-1.2069640144781069,1.2069640144781069,False,False
single_omission,20,1;2;3;4;5;6;7;8;9;10;11;12;13;14;15;16;17;18;19;21;22;23;24;25;26;27;28;29;30;31;32,31,27,0.8709677419354839,2,1,917.7185850374393,0.9818683267336253,0.9861709665592614,0.9743942284345015,0.9743942284345015,M,0.7474098299123821,-1.1776738124759878,74.24887169616623,0.9433419805829037,0.9435619713007092,0.9614780404399493,0.9614780404399493,P,-1.8136059857045583,1.7916069139240154,309.42111908033155,0.9280549452367081,0.9552370469393189,0.9445322447611906,0.9445322447611906,overlap,-1.6477299524482514,-1.0704802178128303,False,False
single_omission,20,1;2;3;4;5;6;7;8;9;10;11;12;13;14;15;16;17;18;19;21;22;23;24;25;26;27;28;29;30;31;32,31,28,0.9032258064516129,1,1,941.4132799420314,0.9943701223910737,0.9943701223910737,0.9840677322430833,0.9840677322430833,M,1.0302390147990392,-1.0302390147990392,75.96671773370927,0.9609257800705311,0.9609257800705311,0.9609758353877078,0.9609758353877078,P,-0.0050055317176722625,0.0050055317176722625,316.07092972432616,0.9599619971733858,0.9599619971733858,0.9630352483144015,0.9630352483144015,P,-0.30732511410156427,0.30732511410156427,False,True
single_omission,20,1;2;3;4;5;6;7;8;9;10;11;12;13;14;15;16;17;18;19;21;22;23;24;25;26;27;28;29;30;31;32,31,29,0.9354838709677419,1,2,964.5614280901794,0.9977528841668044,0.9977528841668044,0.9828793582066384,0.9876977372181381,M,1.0055146948666271,-1.4873525960166,77.65994322067986,0.967459947845417,0.967459947845417,0.9675089118028105,0.9681125149329255,P,-0.06525670875084932,0.004896395739351078,321.7631240145012,0.9636464481139038,0.9636464481139038,0.9666653314877903,0.9857068567592531,P,-2.2060408645349305,0.30188833738865606,False,True
single_omission,20,1;2;3;4;5;6;7;8;9;10;11;12;13;14;15;16;17;18;19;21;22;23;24;25;26;27;28;29;30;31;32,31,30,0.967741935483871,1,1,986.1945139862559,0.9998926456727004,0.9998926456727004,0.9879675986944512,0.9879675986944512,M,1.1925046978249254,-1.1925046978249254,79.27346359318622,0.9863359195064484,0.9863359195064484,0.9753335675856712,0.9753335675856712,M,1.1002351920777143,-1.1002351920777143,326.9792266046431,0.9766847466362217,0.9766847466362217,0.9903195735088578,0.9903195735088578,P,-1.3634826872636063,1.3634826872636063,True,True
single_omission,21,1;2;3;4;5;6;7;8;9;10;11;12;13;14;15;16;17;18;19;20;22;23;24;25;26;27;28;29;30;31;32,31,1,0.03225806451612903,1,5,50.080775444264944,0.8345246956057693,0.8345246956057693,0.4298498467021304,1.0,overlap,-16.547530439423074,-40.467484890363885,4.7345054676233875,0.5997354251365439,0.5997354251365439,0.2319532472983795,1.0,overlap,-40.02645748634561,-36.77821778381644,25.248088207150722,1.0,1.0,0.5030737133639674,1.0,overlap,0.0,-49.69262866360326,False,False
single_omission,21,1;2;3;4;5;6;7;8;9;10;11;12;13;14;15;16;17;18;19;20;22;23;24;25;26;27;28;29;30;31;32,31,2,0.06451612903225806,1,10,91.87441932759103,1.0,1.0,0.48626551462919215,1.0,overlap,0.0,-51.37344853708079,8.458805932267115,0.895393058749349,0.895393058749349,0.33291104887134926,0.9378489406806406,overlap,-4.245588193129157,-56.248200987799976,46.98200691419579,0.9142015106597794,0.9142015106597794,0.5667074371455023,1.0,overlap,-8.57984893402206,-34.749407351427706,False,False
single_omission,21,1;2;3;4;5;6;7;8;9;10;11;12;13;14;15;16;17;18;19;20;22;23;24;25;26;27;28;29;30;31;32,31,3,0.0967741935483871,1,10,130.19004906962442,0.9545118195390997,0.9545118195390997,0.6354195496025693,0.9979592204092079,overlap,-4.344740087010823,-31.90922699365304,11.750281508022889,0.8244340224157465,0.8244340224157465,0.4813059670685486,0.916789340330352,overlap,-9.235531791460549,-34.312805534719786,68.02205292866945,0.7531517161383814,0.7531517161383814,0.6516708083541006,0.9509407260857325,overlap,-19.778900994735118,-10.148090778428076,False,False
single_omission,21,1;2;3;4;5;6;7;8;9;10;11;12;13;14;15;16;17;18;19;20;22;23;24;25;26;27;28;29;30;31;32,31,4,0.12903225806451613,1,5,168.2399896165923,0.9288032346062525,0.9288032346062525,0.7401269252907918,0.9098461570970676,M,1.895707750918485,-18.867630931546064,14.948858223399332,0.8579750584266351,0.8579750584266351,0.5922898717484588,0.8355406602511088,M,2.2434398175526282,-26.56851866781763,85.72498641630473,0.6786851452640312,0.6786851452640312,0.7706260179985477,0.9169828649569054,P,-23.829771969287417,9.194087273451645,True,True
single_omission,21,1;2;3;4;5;6;7;8;9;10;11;12;13;14;15;16;17;18;19;20;22;23;24;25;26;27;28;29;30;31;32,31,5,0.16129032258064516,1,1,206.09356698764054,0.936944575233537,0.936944575233537,0.8471866648832321,0.8471866648832321,M,8.97579103503049,-8.97579103503049,18.136821635016226,0.8829392074040259,0.8829392074040259,0.7492251432473391,0.7492251432473391,M,13.371406415668673,-13.371406415668673,102.57039504115394,0.6414156054330086,0.6414156054330086,0.8902178167052125,0.8902178167052125,P,-24.88022112722039,24.88022112722039,True,True
single_omission,21,1;2;3;4;5;6;7;8;9;10;11;12;13;14;15;16;17;18;19;20;22;23;24;25;26;27;28;29;30;31;32,31,6,0.1935483870967742,1,1,243.89996499345688,0.9467186581663112,0.9467186581663112,0.84868090477767,0.84868090477767,M,9.803775338864117,-9.803775338864117,21.275237294472078,0.8796302963100422,0.8796302963100422,0.7380382320221252,0.7380382320221252,M,14.159206428791704,-14.159206428791704,118.82667626458891,0.617715881434494,0.617715881434494,0.8381106033300945,0.8381106033300945,P,-22.03947218956005,22.03947218956005,True,True
single_omission,21,1;2;3;4;5;6;7;8;9;10;11;12;13;14;15;16;17;18;19;20;22;23;24;25;26;27;28;29;30;31;32,31,7,0.22580645161290322,1,4,281.0331253048963,0.9353162719487995,0.9353162719487995,0.8465212806258738,0.871238292892697,M,6.407797905610247,-8.879499132292567,24.409049316108238,0.8794961358659011,0.8794961358659011,0.7299231464073994,0.7647350140615247,M,11.476112180437648,-14.957298945850173,132.75007950517275,0.6069785228011935,0.6069785228011935,0.8169908846834948,0.8771015911605283,P,-27.012306835933487,21.00123618823013,True,True
single_omission,21,1;2;3;4;5;6;7;8;9;10;11;12;13;14;15;16;17;18;19;20;22;23;24;25;26;27;28;29;30;31;32,31,8,0.25806451612903225,1,6,318.14652736675197,0.916778166756478,0.916778166756478,0.8465787147468589,0.8760145499948326,M,4.076361676164542,-7.019945200961919,27.46262676564652,0.8433603325090652,0.8433603325090652,0.7415294744603788,0.7731393987431233,M,7.022093376594185,-10.183085804868641,145.52675080651431,0.6034608003959459,0.6034608003959459,0.8075266952986846,0.8664897139788136,P,-26.30289135828677,20.406589490273873,True,True
single_omission,21,1;2;3;4;5;6;7;8;9;10;11;12;13;14;15;16;17;18;19;20;22;23;24;25;26;27;28;29;30;31;32,31,9,0.2903225806451613,1,4,354.9829304003381,0.9170129854378688,0.9170129854378688,0.8540980958269174,0.8736660767371853,M,4.334690870068347,-6.291488961095137,30.42714291896565,0.8306952008910795,0.8306952008910795,0.7536143412286954,0.7815408736875065,M,4.9154327203573045,-7.708085966238409,158.22840029622662,0.6614811117954893,0.6614811117954893,0.8037676083444649,0.8541991430689465,P,-19.27180312734572,14.228649654897563,True,True
single_omission,21,1;2;3;4;5;6;7;8;9;10;11;12;13;14;15;16;17;18;19;20;22;23;24;25;26;27;28;29;30;31;32,31,10,0.3225806451612903,1,1,390.2624847638619,0.9146652005503764,0.9146652005503764,0.8738831827081543,0.8738831827081543,M,4.078201784222202,-4.078201784222202,33.38344273472074,0.833446056954401,0.833446056954401,0.7756793577414541,0.7756793577414541,M,5.776669921294686,-5.776669921294686,170.3576224067916,0.6664263336299917,0.6664263336299917,0.8454231132623284,0.8454231132623284,P,-17.899677963233675,17.899677963233675,True,True
single_omission,21,1;2;3;4;5;6;7;8;9;10;11;12;13;14;15;16;17;18;19;20;22;23;24;25;26;27;28;29;30;31;32,31,11,0.3548387096774194,1,1,425.296911657341,0.928323438151304,0.928323438151304,0.8649556086890842,0.8649556086890842,M,6.336782946221986,-6.336782946221986,36.32340848789514,0.8476025832871737,0.8476025832871737,0.7733221082938226,0.7733221082938226,M,7.428047499335111,-7.428047499335111,180.68670578443232,0.6818040756987654,0.6818040756987654,0.8259621173862706,0.8259621173862706,P,-14.415804168750512,14.415804168750512,True,True
single_omission,21,1;2;3;4;5;6;7;8;9;10;11;12;13;14;15;16;17;18;19;20;22;23;24;25;26;27;28;29;30;31;32,31,12,0.3870967741935484,1,1,459.15107832400776,0.9427464123396547,0.9427464123396547,0.8780171113421681,0.8780171113421681,M,6.472930099748664,-6.472930099748664,39.16285913733155,0.8678220214804101,0.8678220214804101,0.8012992692384616,0.8012992692384616,M,6.652275224194848,-6.652275224194848,190.34883250636136,0.761375046156962,0.761375046156962,0.828595854173587,0.828595854173587,P,-6.7220808016625,6.7220808016625,True,True
single_omission,21,1;2;3;4;5;6;7;8;9;10;11;12;13;14;15;16;17;18;19;20;22;23;24;25;26;27;28;29;30;31;32,31,13,0.41935483870967744,2,1,492.5445801290619,0.9438058284744374,0.9466280869332125,0.883357016769038,0.883357016769038,M,6.04488117053994,-6.327107016417455,41.91618040560603,0.8696643815470075,0.8836675640439805,0.8143511967455362,0.8143511967455362,M,5.53131848014713,-6.931636729844426,199.40996376596567,0.7553235684973167,0.7684932808620701,0.8269274636053888,0.8269274636053888,P,-7.160389510807208,5.843418274331869,True,True
single_omission,21,1;2;3;4;5;6;7;8;9;10;11;12;13;14;15;16;17;18;19;20;22;23;24;25;26;27;28;29;30;31;32,31,14,0.45161290322580644,1,1,525.4472850140033,0.9482586769880799,0.9482586769880799,0.8889314497814941,0.8889314497814941,M,5.932722720658578,-5.932722720658578,44.61681277175955,0.8854641132904578,0.8854641132904578,0.8354004918826249,0.8354004918826249,M,5.006362140783294,-5.006362140783294,208.2756713268766,0.7631107875860618,0.7631107875860618,0.825093605124683,0.825093605124683,P,-6.198281753862123,6.198281753862123,True,True
single_omission,21,1;2;3;4;5;6;7;8;9;10;11;12;13;14;15;16;17;18;19;20;22;23;24;25;26;27;28;29;30;31;32,31,15,0.4838709677419355,1,5,557.8408063097443,0.9474719384340571,0.9474719384340571,0.8915898120092645,0.9050844060639042,M,4.238753237015292,-5.588212642479262,47.3104618429488,0.9137701332729508,0.9137701332729508,0.8303423342430387,0.8665569137012538,M,4.7213219571697,-8.342779902991204,216.75755069517032,0.7719089235420347,0.7719089235420347,0.8279153418897369,0.8678046284201826,P,-9.589570487814791,5.600641834770226,True,True
single_omission,21,1;2;3;4;5;6;7;8;9;10;11;12;13;14;15;16;17;18;19;20;22;23;24;25;26;27;28;29;30;31;32,31,16,0.5161290322580645,1,10,590.035545218264,0.950338083094648,0.950338083094648,0.8956256928454863,0.9185996018569061,M,3.173848123774181,-5.471239024916164,49.876445916465066,0.8991099219669663,0.8991099219669663,0.8417703169400054,0.8858925370509861,M,1.3217384915980124,-5.733960502696089,225.1372267406187,0.7970530344322958,0.7970530344322958,0.8309055656014742,0.8813837319962474,P,-8.433069756395161,3.3852531169178413,True,True
single_omission,21,1;2;3;4;5;6;7;8;9;10;11;12;13;14;15;16;17;18;19;20;22;23;24;25;26;27;28;29;30;31;32,31,17,0.5483870967741935,1,10,622.0389589157252,0.9386572798693205,0.9386572798693205,0.9087652612764149,0.9305571807937651,M,0.8100099075555312,-2.989201859290558,52.424063031669355,0.876364567274303,0.876364567274303,0.8569438315565007,0.8989218736580883,overlap,-2.255730638378528,-1.942073571780234,233.45559289625743,0.8282933408401789,0.8282933408401789,0.8371932680797332,0.8858728231594905,P,-5.757948231931154,0.889992723955424,False,True
single_omission,21,1;2;3;4;5;6;7;8;9;10;11;12;13;14;15;16;17;18;19;20;22;23;24;25;26;27;28;29;30;31;32,31,18,0.5806451612903226,1,5,654.0328648384065,0.9365934602525533,0.9365934602525533,0.9210558543321066,0.9325657273567944,M,0.4027732895758862,-1.5537605920446729,54.89068055741189,0.8860564287197855,0.8860564287197855,0.8765138337356341,0.9077273013446632,overlap,-2.1670872624877657,-0.9542594984151442,241.73549709995467,0.8212396737254566,0.8212396737254566,0.8512466584949422,0.8870142811694975,P,-6.577460744404096,3.00069847694856,False,True
single_omission,21,1;2;3;4;5;6;7;8;9;10;11;12;13;14;15;16;17;18;19;20;22;23;24;25;26;27;28;29;30;31;32,31,19,0.6129032258064516,1,1,685.9830723072861,0.9243524268209555,0.9243524268209555,0.9332696722930931,0.9332696722930931,P,-0.8917245472137569,0.8917245472137569,57.32564188930956,0.8783867875299333,0.8783867875299333,0.9042505170107079,0.9042505170107079,P,-2.5863729480774644,2.5863729480774644,249.5810619956124,0.8463159366621072,0.8463159366621072,0.8896220474183594,0.8896220474183594,P,-4.330611075625212,4.330611075625212,False,False
single_omission,21,1;2;3;4;5;6;7;8;9;10;11;12;13;14;15;16;17;18;19;20;22;23;24;25;26;27;28;29;30;31;32,31,20,0.6451612903225806,1,1,717.4186294152149,0.9330252164687693,0.9330252164687693,0.9346592040283058,0.9346592040283058,P,-0.1633987559536476,0.1633987559536476,59.54453454455383,0.900931754833986,0.900931754833986,0.907818566138532,0.907818566138532,P,-0.6886811304545937,0.6886811304545937,257.1919350274996,0.8542503854202985,0.8542503854202985,0.8891783224488201,0.8891783224488201,P,-3.4927937028521594,3.4927937028521594,False,False
single_omission,21,1;2;3;4;5;6;7;8;9;10;11;12;13;14;15;16;17;18;19;20;22;23;24;25;26;27;28;29;30;31;32,31,21,0.6774193548387096,2,1,748.5044437759856,0.9355681933452127,0.9438595588113201,0.934160695755179,0.934160695755179,M,0.14074975900336684,-0.9698863056141094,61.739381957163836,0.901475398986678,0.9104649947826635,0.9191747834823857,0.9191747834823857,P,-1.7699384495707737,0.8709788699722165,264.80191220361735,0.8639191423509409,0.8687074465874352,0.8830848658814391,0.8830848658814391,P,-1.9165723530498169,1.4377419294003935,False,True
single_omission,21,1;2;3;4;5;6;7;8;9;10;11;12;13;14;15;16;17;18;19;20;22;23;24;25;26;27;28;29;30;31;32,31,22,0.7096774193548387,1,4,779.411721941489,0.9460857868539655,0.9460857868539655,0.9340870127344677,0.9447594532589495,M,0.13263335950159938,-1.199877411949779,63.920764862270936,0.9108545271946071,0.9108545271946071,0.9142961392234296,0.9340561394597537,P,-2.320161226514661,0.3441612028822427,272.10679619931034,0.8786863378684143,0.8786863378684143,0.8802968494700988,0.8882105459876432,P,-0.9524208119228827,0.16105116016844612,False,True
single_omission,21,1;2;3;4;5;6;7;8;9;10;11;12;13;14;15;16;17;18;19;20;22;23;24;25;26;27;28;29;30;31;32,31,23,0.7419354838709677,2,6,809.7464499749618,0.9481055215412546,0.9579615718009469,0.9386169964184659,0.9526327891927019,overlap,-0.45272676514472865,-1.9344575382481022,66.0552719825655,0.9121665647654008,0.9150126689015604,0.9216140973236552,0.9412148117521886,P,-2.9048246986787762,0.6601428422094768,279.3500385602401,0.8797321220853049,0.9312208139175031,0.8834006218379983,0.8913297857345274,overlap,-1.1597663649222434,-4.7820192079504835,False,False
single_omission,21,1;2;3;4;5;6;7;8;9;10;11;12;13;14;15;16;17;18;19;20;22;23;24;25;26;27;28;29;30;31;32,31,24,0.7741935483870968,1,4,840.0250127525154,0.9595437014078488,0.9595437014078488,0.9464911110494936,0.9563934652892176,M,0.3150236118631189,-1.3052590358355265,68.17006354152926,0.916418438515421,0.916418438515421,0.9292068115622909,0.9477350960198083,P,-3.131665750438728,1.278837304686986,286.54619949881203,0.9310653873906694,0.9310653873906694,0.8867082593127579,0.8942231752643531,M,3.684221212631622,-4.435712807791148,False,False
single_omission,21,1;2;3;4;5;6;7;8;9;10;11;12;13;14;15;16;17;18;19;20;22;23;24;25;26;27;28;29;30;31;32,31,25,0.8064516129032258,1,1,868.8399478174505,0.9704593722252746,0.9704593722252746,0.957839668895825,0.957839668895825,M,1.2619703329449616,-1.2619703329449616,70.28343927264613,0.9235072328252503,0.9235072328252503,0.9433287256473513,0.9433287256473513,P,-1.9821492822100995,1.9821492822100995,293.72152159189096,0.9331904953775294,0.9331904953775294,0.891757761727348,0.891757761727348,M,4.143273365018141,-4.143273365018141,False,False
single_omission,21,1;2;3;4;5;6;7;8;9;10;11;12;13;14;15;16;17;18;19;20;22;23;24;25;26;27;28;29;30;31;32,31,26,0.8387096774193549,1,1,897.5214546667654,0.9693283571313668,0.9693283571313668,0.9699211012244574,0.9699211012244574,P,-0.05927440930906247,0.05927440930906247,72.31433174508568,0.9279227272025932,0.9279227272025932,0.9449202948661897,0.9449202948661897,P,-1.6997567663596502,1.6997567663596502,300.67087055211465,0.9289700539151742,0.9289700539151742,0.9411237349358156,0.9411237349358156,P,-1.2153681020641405,1.2153681020641405,False,False
single_omission,21,1;2;3;4;5;6;7;8;9;10;11;12;13;14;15;16;17;18;19;20;22;23;24;25;26;27;28;29;30;31;32,31,27,0.8709677419354839,2,1,924.3405814858924,0.9748342002409568,0.9791060158593525,0.9766094388502874,0.9766094388502874,overlap,-0.17752386093305983,-0.24965770090651374,74.32530373011308,0.9423718998342907,0.9425916643258022,0.9410630907356233,0.9410630907356233,M,0.1308809098667374,-0.15285735901788833,307.3275485178475,0.9343770225222804,0.961744293592966,0.9602058657420908,0.9602058657420908,overlap,-2.5828843219810382,-0.15384278508752125,False,False
single_omission,21,1;2;3;4;5;6;7;8;9;10;11;12;13;14;15;16;17;18;19;20;22;23;24;25;26;27;28;29;30;31;32,31,28,0.9032258064516129,1,1,950.6212899223807,0.9847383477735646,0.9847383477735646,0.9842220570852374,0.9842220570852374,M,0.05162906883272589,-0.05162906883272589,76.04314976765613,0.9599599401221969,0.9599599401221969,0.9610150591216473,0.9610150591216473,P,-0.10551189994504329,0.10551189994504329,313.9773591618421,0.9663629306156907,0.9663629306156907,0.9627887709372266,0.9627887709372266,M,0.3574159678464084,-0.3574159678464084,False,False
single_omission,21,1;2;3;4;5;6;7;8;9;10;11;12;13;14;15;16;17;18;19;20;22;23;24;25;26;27;28;29;30;31;32,31,29,0.9354838709677419,1,2,973.7694380705287,0.995118459664881,0.995118459664881,0.983041251807259,0.9878140679983493,M,0.730439166653174,-1.2077207857622008,77.73637525462672,0.9793637697915087,0.9793637697915087,0.9675408577219241,0.9681438673767863,M,1.1219902414722482,-1.1822912069584635,319.66955345201717,0.9716666430411498,0.9716666430411498,0.9664470170441603,0.9856132485203355,overlap,-1.3946605479185692,-0.5219625996989552,False,False
single_omission,21,1;2;3;4;5;6;7;8;9;10;11;12;13;14;15;16;17;18;19;20;22;23;24;25;26;27;28;29;30;31;32,31,30,0.967741935483871,1,1,995.4025239666051,0.999893638758104,0.999893638758104,0.9880789048933423,0.9880789048933423,M,1.1814733864761728,-1.1814733864761728,79.34989562713308,0.9863490811301137,0.9863490811301137,0.9753573269817577,0.9753573269817577,M,1.0991754148355959,-1.0991754148355959,324.88565604215904,0.9765345026128509,0.9765345026128509,0.990257192620206,0.990257192620206,P,-1.3722690007355043,1.3722690007355043,True,True
single_omission,22,1;2;3;4;5;6;7;8;9;10;11;12;13;14;15;16;17;18;19;20;21;23;24;25;26;27;28;29;30;31;32,31,1,0.03225806451612903,1,5,50.080775444264944,0.8345246956057693,0.8345246956057693,0.4298498467021304,1.0,overlap,-16.547530439423074,-40.467484890363885,4.7345054676233875,0.5997354251365439,0.5997354251365439,0.2319532472983795,1.0,overlap,-40.02645748634561,-36.77821778381644,25.248088207150722,1.0,1.0,0.5030737133639674,1.0,overlap,0.0,-49.69262866360326,False,False
single_omission,22,1;2;3;4;5;6;7;8;9;10;11;12;13;14;15;16;17;18;19;20;21;23;24;25;26;27;28;29;30;31;32,31,2,0.06451612903225806,1,10,91.87441932759103,1.0,1.0,0.48626551462919215,1.0,overlap,0.0,-51.37344853708079,8.458805932267115,0.895393058749349,0.895393058749349,0.33291104887134926,0.9378489406806406,overlap,-4.245588193129157,-56.248200987799976,46.98200691419579,0.9142015106597794,0.9142015106597794,0.5667074371455023,1.0,overlap,-8.57984893402206,-34.749407351427706,False,False
single_omission,22,1;2;3;4;5;6;7;8;9;10;11;12;13;14;15;16;17;18;19;20;21;23;24;25;26;27;28;29;30;31;32,31,3,0.0967741935483871,1,10,130.19004906962442,0.9545118195390997,0.9545118195390997,0.6354195496025693,0.9979592204092079,overlap,-4.344740087010823,-31.90922699365304,11.750281508022889,0.8244340224157465,0.8244340224157465,0.4813059670685486,0.916789340330352,overlap,-9.235531791460549,-34.312805534719786,68.02205292866945,0.7531517161383814,0.7531517161383814,0.6516708083541006,0.9509407260857325,overlap,-19.778900994735118,-10.148090778428076,False,False
single_omission,22,1;2;3;4;5;6;7;8;9;10;11;12;13;14;15;16;17;18;19;20;21;23;24;25;26;27;28;29;30;31;32,31,4,0.12903225806451613,1,5,168.2399896165923,0.9288032346062525,0.9288032346062525,0.7401269252907918,0.9098461570970676,M,1.895707750918485,-18.867630931546064,14.948858223399332,0.8579750584266351,0.8579750584266351,0.5922898717484588,0.8355406602511088,M,2.2434398175526282,-26.56851866781763,85.72498641630473,0.6786851452640312,0.6786851452640312,0.7706260179985477,0.9169828649569054,P,-23.829771969287417,9.194087273451645,True,True
single_omission,22,1;2;3;4;5;6;7;8;9;10;11;12;13;14;15;16;17;18;19;20;21;23;24;25;26;27;28;29;30;31;32,31,5,0.16129032258064516,1,1,206.09356698764054,0.936944575233537,0.936944575233537,0.8471866648832321,0.8471866648832321,M,8.97579103503049,-8.97579103503049,18.136821635016226,0.8829392074040259,0.8829392074040259,0.7492251432473391,0.7492251432473391,M,13.371406415668673,-13.371406415668673,102.57039504115394,0.6414156054330086,0.6414156054330086,0.8902178167052125,0.8902178167052125,P,-24.88022112722039,24.88022112722039,True,True
single_omission,22,1;2;3;4;5;6;7;8;9;10;11;12;13;14;15;16;17;18;19;20;21;23;24;25;26;27;28;29;30;31;32,31,6,0.1935483870967742,1,1,243.89996499345688,0.9467186581663112,0.9467186581663112,0.84868090477767,0.84868090477767,M,9.803775338864117,-9.803775338864117,21.275237294472078,0.8796302963100422,0.8796302963100422,0.7380382320221252,0.7380382320221252,M,14.159206428791704,-14.159206428791704,118.82667626458891,0.617715881434494,0.617715881434494,0.8381106033300945,0.8381106033300945,P,-22.03947218956005,22.03947218956005,True,True
single_omission,22,1;2;3;4;5;6;7;8;9;10;11;12;13;14;15;16;17;18;19;20;21;23;24;25;26;27;28;29;30;31;32,31,7,0.22580645161290322,1,4,281.0331253048963,0.9353162719487995,0.9353162719487995,0.8465212806258738,0.871238292892697,M,6.407797905610247,-8.879499132292567,24.409049316108238,0.8794961358659011,0.8794961358659011,0.7299231464073994,0.7647350140615247,M,11.476112180437648,-14.957298945850173,132.75007950517275,0.6069785228011935,0.6069785228011935,0.8169908846834948,0.8771015911605283,P,-27.012306835933487,21.00123618823013,True,True
single_omission,22,1;2;3;4;5;6;7;8;9;10;11;12;13;14;15;16;17;18;19;20;21;23;24;25;26;27;28;29;30;31;32,31,8,0.25806451612903225,1,6,318.14652736675197,0.916778166756478,0.916778166756478,0.8465787147468589,0.8760145499948326,M,4.076361676164542,-7.019945200961919,27.466429303797547,0.8432435750738719,0.8432435750738719,0.7414268148068228,0.7730323629130463,M,7.02112121608256,-10.181676026704912,145.52675080651431,0.6034608003959459,0.6034608003959459,0.8075266952986846,0.8664897139788136,P,-26.30289135828677,20.406589490273873,True,True
single_omission,22,1;2;3;4;5;6;7;8;9;10;11;12;13;14;15;16;17;18;19;20;21;23;24;25;26;27;28;29;30;31;32,31,9,0.2903225806451613,1,4,354.9829304003381,0.9170129854378688,0.9170129854378688,0.8540980958269174,0.8736660767371853,M,4.334690870068347,-6.291488961095137,30.520006753335828,0.8281676280051653,0.8281676280051653,0.7513213038146326,0.7791628636551297,M,4.900476435003565,-7.684632419053273,158.22840029622662,0.6614811117954893,0.6614811117954893,0.8037676083444649,0.8541991430689465,P,-19.27180312734572,14.228649654897563,True,True
single_omission,22,1;2;3;4;5;6;7;8;9;10;11;12;13;14;15;16;17;18;19;20;21;23;24;25;26;27;28;29;30;31;32,31,10,0.3225806451612903,1,1,390.2624847638619,0.9146652005503764,0.9146652005503764,0.8738831827081543,0.8738831827081543,M,4.078201784222202,-4.078201784222202,33.48452290665496,0.8309301223248499,0.8309301223248499,0.7733378042104421,0.7733378042104421,M,5.759231811440779,-5.759231811440779,170.3576224067916,0.6664263336299917,0.6664263336299917,0.8454231132623284,0.8454231132623284,P,-17.899677963233675,17.899677963233675,True,True
single_omission,22,1;2;3;4;5;6;7;8;9;10;11;12;13;14;15;16;17;18;19;20;21;23;24;25;26;27;28;29;30;31;32,31,11,0.3548387096774194,1,1,424.1166514305286,0.9309068387982066,0.9309068387982066,0.8673626650955014,0.8673626650955014,M,6.354417370270515,-6.354417370270515,36.424488659829365,0.8452504345541966,0.8452504345541966,0.7711760923978443,0.7711760923978443,M,7.407434215635222,-7.407434215635222,180.68670578443232,0.6818040756987654,0.6818040756987654,0.8259621173862706,0.8259621173862706,P,-14.415804168750512,14.415804168750512,True,True
single_omission,22,1;2;3;4;5;6;7;8;9;10;11;12;13;14;15;16;17;18;19;20;21;23;24;25;26;27;28;29;30;31;32,31,12,0.3870967741935484,1,1,457.51015323558266,0.9461277061297279,0.9461277061297279,0.8811662443086795,0.8811662443086795,M,6.496146182104834,-6.496146182104834,39.26393930926577,0.8655879206570412,0.8655879206570412,0.7992364230409005,0.7992364230409005,M,6.635149761614068,-6.635149761614068,190.34883250636136,0.761375046156962,0.761375046156962,0.828595854173587,0.828595854173587,P,-6.7220808016625,6.7220808016625,True,True
single_omission,22,1;2;3;4;5;6;7;8;9;10;11;12;13;14;15;16;17;18;19;20;21;23;24;25;26;27;28;29;30;31;32,31,13,0.41935483870967744,2,1,490.41285812052416,0.9479083547908471,0.9507428810162004,0.8871967847581147,0.8871967847581147,M,6.0711570032732425,-6.354609625808571,42.01726057754025,0.8675722455056867,0.8815417407970931,0.8123921266431441,0.8123921266431441,M,5.518011886254259,-6.914961415394904,199.6385640074173,0.7544586697189115,0.7676133018338074,0.8259805733150131,0.8259805733150131,P,-7.152190359610156,5.836727148120568,True,True
single_omission,22,1;2;3;4;5;6;7;8;9;10;11;12;13;14;15;16;17;18;19;20;21;23;24;25;26;27;28;29;30;31;32,31,14,0.45161290322580644,1,1,522.806379416265,0.9530487135040034,0.9530487135040034,0.8934218005770501,0.8934218005770501,M,5.962691292695332,-5.962691292695332,44.71789294369377,0.8834626132438058,0.8834626132438058,0.8335121554742044,0.8335121554742044,M,4.995045776960138,-4.995045776960138,208.69969526702164,0.7615603433340689,0.7615603433340689,0.823417227777865,0.823417227777865,P,-6.185688444379611,6.185688444379611,True,True
single_omission,22,1;2;3;4;5;6;7;8;9;10;11;12;13;14;15;16;17;18;19;20;21;23;24;25;26;27;28;29;30;31;32,31,15,0.4838709677419355,1,5,555.0011183247849,0.9523197208813762,0.9523197208813762,0.8961516710633813,0.9097153108106036,M,4.260441007077254,-5.616804981799484,47.41154201488302,0.9118219991635267,0.9118219991635267,0.8285720660268477,0.8647094369454837,M,4.711256221804295,-8.324993313667894,217.56540282793256,0.7690427129126046,0.7690427129126046,0.8248411712449623,0.8645823430256402,P,-9.553963011303557,5.579845833235764,True,True
single_omission,22,1;2;3;4;5;6;7;8;9;10;11;12;13;14;15;16;17;18;19;20;21;23;24;25;26;27;28;29;30;31;32,31,16,0.5161290322580645,1,10,587.0045320222459,0.9552451785486048,0.9552451785486048,0.900250279446812,0.9233428148360177,M,3.1902363712587145,-5.499489910179278,49.97752608839929,0.8972914608982964,0.8972914608982964,0.8400678259400522,0.8841008083087116,M,1.319065258958474,-5.722363495824412,226.0472821962263,0.7938441373584348,0.7938441373584348,0.8275603798698717,0.8778353236013583,P,-8.399118624292345,3.37162425114369,True,True
single_omission,22,1;2;3;4;5;6;7;8;9;10;11;12;13;14;15;16;17;18;19;20;21;23;24;25;26;27;28;29;30;31;32,31,17,0.5483870967741935,1,10,618.9984379449274,0.9432679654040206,0.9432679654040206,0.9132291171847059,0.9351280786333839,M,0.8139886770636706,-3.0038848219314684,52.52514320360358,0.8746780781809983,0.8746780781809983,0.8552947160177589,0.8971919749466735,overlap,-2.2513896765675168,-1.9383362163239437,234.42695824167464,0.8248612464549311,0.8248612464549311,0.8337242961913086,0.8822021439538296,P,-5.734089749889848,0.8863049736377526,False,True
single_omission,22,1;2;3;4;5;6;7;8;9;10;11;12;13;14;15;16;17;18;19;20;21;23;24;25;26;27;28;29;30;31;32,31,18,0.5806451612903226,1,5,650.948645413807,0.9410310756672493,0.9410310756672493,0.9254198519793654,0.9369842592199358,M,0.4046816447313528,-1.5611223687883924,54.99176072934611,0.884427771354199,0.884427771354199,0.8749027165820522,0.9060588108204028,overlap,-2.1631039466203816,-0.9525054772146824,242.74532439731342,0.817823293853832,0.817823293853832,0.8477054487325385,0.8833242771024946,P,-6.55009832486626,2.988215487870649,False,True
single_omission,22,1;2;3;4;5;6;7;8;9;10;11;12;13;14;15;16;17;18;19;20;21;23;24;25;26;27;28;29;30;31;32,31,19,0.6129032258064516,1,1,682.3842025217358,0.9292274283344615,0.9292274283344615,0.9381917030390775,0.9381917030390775,P,-0.8964274704616026,0.8964274704616026,57.42672206124378,0.8768406869634829,0.8768406869634829,0.9026588921634187,0.9026588921634187,P,-2.5818205199935718,2.5818205199935718,251.02522860101067,0.8414470188240265,0.8414470188240265,0.8845039863395279,0.8845039863395279,P,-4.305696751550137,4.305696751550137,False,False
single_omission,22,1;2;3;4;5;6;7;8;9;10;11;12;13;14;15;16;17;18;19;20;21;23;24;25;26;27;28;29;30;31;32,31,20,0.6451612903225806,1,1,713.4700168825065,0.9381889303963419,0.9381889303963419,0.939831961060148,0.939831961060148,P,-0.1643030663806111,0.1643030663806111,59.64561471648805,0.8994049646900252,0.8994049646900252,0.9062801050599341,0.9062801050599341,P,-0.6875140369908883,0.6875140369908883,258.63610163289786,0.8494804408089942,0.8494804408089942,0.8842133479869513,0.8842133479869513,P,-3.4732907177957073,3.4732907177957073,False,False
single_omission,22,1;2;3;4;5;6;7;8;9;10;11;12;13;14;15;16;17;18;19;20;21;23;24;25;26;27;28;29;30;31;32,31,21,0.6774193548387096,2,1,744.3772950480098,0.9407553868622451,0.9490927232340537,0.939340085498605,0.939340085498605,M,0.1415301363640098,-0.9752637735448655,61.84046212909806,0.9000019092166013,0.9089768112367418,0.9176723635140801,0.9176723635140801,P,-1.7670454297478821,0.8695552277338314,266.2460788090156,0.8592330895807797,0.8639954211941061,0.8782948547806432,0.8782948547806432,P,-1.9061765199863467,1.429943358653707,False,True
single_omission,22,1;2;3;4;5;6;7;8;9;10;11;12;13;14;15;16;17;18;19;20;21;23;24;25;26;27;28;29;30;31;32,31,22,0.7096774193548387,1,3,774.7120230814827,0.9518251043828971,0.9518251043828971,0.9397535411193423,0.9504907247419974,M,0.13343796408997743,-1.2071563263554852,64.02184503420516,0.9094164347409033,0.9094164347409033,0.9128526130191765,0.9249327403313267,P,-1.5516305590423385,0.343617827827325,273.5509628047086,0.8740474601515948,0.8740474601515948,0.8756494693263498,0.8815448596733003,P,-0.7497399521705472,0.1602009174754948,False,True
single_omission,22,1;2;3;4;5;6;7;8;9;10;11;12;13;14;15;16;17;18;19;20;21;23;24;25;26;27;28;29;30;31;32,31,23,0.7419354838709677,2,3,804.9905858590363,0.953706905094327,0.9636211846508312,0.9441623220039828,0.9544956419118517,overlap,-0.07887368175246712,-1.9458862646848485,66.15635215449973,0.9107728671052908,0.9136146226840397,0.9202059647954752,0.9318963318363572,P,-2.112346473106641,0.6591342111435528,280.79420516563835,0.8752075281690512,0.926431405956188,0.8788571602786904,0.8846004757597438,overlap,-0.9392947590692535,-4.757424567749757,False,False
single_omission,22,1;2;3;4;5;6;7;8;9;10;11;12;13;14;15;16;17;18;19;20;21;23;24;25;26;27;28;29;30;31;32,31,24,0.7741935483870968,1,1,833.8055209239714,0.9667010949010267,0.9667010949010267,0.9560681970108255,0.9560681970108255,M,1.0632897890201276,-1.0632897890201276,68.27114371346347,0.9150616173419308,0.9150616173419308,0.9278310563139335,0.9278310563139335,P,-1.2769438972002667,1.2769438972002667,287.9903661042103,0.9263964341958071,0.9263964341958071,0.8822617409303793,0.8822617409303793,M,4.413469326542774,-4.413469326542774,False,False
single_omission,22,1;2;3;4;5;6;7;8;9;10;11;12;13;14;15;16;17;18;19;20;21;23;24;25;26;27;28;29;30;31;32,31,25,0.8064516129032258,1,1,862.4870277732863,0.9776075966035287,0.9776075966035287,0.9686992892478661,0.9686992892478661,M,0.8908307355662615,-0.8908307355662615,70.38451944458036,0.9221809714454311,0.9221809714454311,0.9288261165345872,0.9288261165345872,P,-0.6645145089156146,0.6645145089156146,295.1656881972892,0.9286246443867513,0.9286246443867513,0.9320965775698797,0.9320965775698797,P,-0.34719331831284395,0.34719331831284395,False,True
single_omission,22,1;2;3;4;5;6;7;8;9;10;11;12;13;14;15;16;17;18;19;20;21;23;24;25;26;27;28;29;30;31;32,31,26,0.8387096774193549,1,1,889.3061545924132,0.9782828923983162,0.9782828923983162,0.9661298994246371,0.9661298994246371,M,1.215299297367911,-1.215299297367911,72.4154119170199,0.9266274975501708,0.9266274975501708,0.9449971772026653,0.9449971772026653,P,-1.8369679652494475,1.8369679652494475,302.1150371575129,0.9245294026258447,0.9245294026258447,0.9414051745379493,0.9414051745379493,P,-1.6875771912104542,1.6875771912104542,False,True
single_omission,22,1;2;3;4;5;6;7;8;9;10;11;12;13;14;15;16;17;18;19;20;21;23;24;25;26;27;28;29;30;31;32,31,27,0.8709677419354839,1,1,915.5868630289016,0.9841543690591563,0.9841543690591563,0.9735613742357302,0.9735613742357302,M,1.0592994823426127,-1.0592994823426127,74.4263839020473,0.9410920430326141,0.9410920430326141,0.9411431342982604,0.9411431342982604,P,-0.0051091265646285855,0.0051091265646285855,308.77171512324577,0.9572460869123932,0.9572460869123932,0.960391988229907,0.960391988229907,P,-0.31459013175137995,0.31459013175137995,False,True
single_omission,22,1;2;3;4;5;6;7;8;9;10;11;12;13;14;15;16;17;18;19;20;21;23;24;25;26;27;28;29;30;31;32,31,28,0.9032258064516129,1,1,939.2815579334937,0.9943573452489027,0.9943573452489027,0.9840315735795429,0.9840315735795429,M,1.0325771669359884,-1.0325771669359884,76.14422993959035,0.9610168723434225,0.9610168723434225,0.9610668109685034,0.9610668109685034,P,-0.004993862508095859,0.004993862508095859,315.4215257672403,0.9598795651408663,0.9598795651408663,0.9629591436289052,0.9629591436289052,P,-0.307957848803897,0.307957848803897,False,True
single_omission,22,1;2;3;4;5;6;7;8;9;10;11;12;13;14;15;16;17;18;19;20;21;23;24;25;26;27;28;29;30;31;32,31,29,0.9354838709677419,1,2,962.4297060816417,0.9977479069448347,0.9977479069448347,0.9828414370486771,0.9876704884703481,M,1.0077418474486621,-1.4906469896157626,77.83745542656094,0.9675341570600655,0.9675341570600655,0.9675830093527079,0.9681852359357286,P,-0.06510788756630692,0.004885229264239843,321.11372005741543,0.9635729285506637,0.9635729285506637,0.9665979171598191,0.9856779510376972,P,-2.21050224870335,0.30249886091554545,False,True
single_omission,22,1;2;3;4;5;6;7;8;9;10;11;12;13;14;15;16;17;18;19;20;21;23;24;25;26;27;28;29;30;31;32,31,30,0.967741935483871,1,1,984.0627919777181,0.999892413116827,0.999892413116827,0.9879415335542107,0.9879415335542107,M,1.1950879562616312,-1.1950879562616312,79.4509757990673,0.9863664482827831,0.9863664482827831,0.9753886782093614,0.9753886782093614,M,1.097777007342171,-1.097777007342171,326.3298226475573,0.9766383487383157,0.9766383487383157,0.9903003092343927,0.9903003092343927,P,-1.3661960496077041,1.3661960496077041,True,True
single_omission,23,1;2;3;4;5;6;7;8;9;10;11;12;13;14;15;16;17;18;19;20;21;22;24;25;26;27;28;29;30;31;32,31,1,0.03225806451612903,1,5,50.080775444264944,0.8345246956057693,0.8345246956057693,0.4298498467021304,1.0,overlap,-16.547530439423074,-40.467484890363885,4.7345054676233875,0.5997354251365439,0.5997354251365439,0.2319532472983795,1.0,overlap,-40.02645748634561,-36.77821778381644,25.248088207150722,1.0,1.0,0.5030737133639674,1.0,overlap,0.0,-49.69262866360326,False,False
single_omission,23,1;2;3;4;5;6;7;8;9;10;11;12;13;14;15;16;17;18;19;20;21;22;24;25;26;27;28;29;30;31;32,31,2,0.06451612903225806,1,10,91.87441932759103,1.0,1.0,0.48626551462919215,1.0,overlap,0.0,-51.37344853708079,8.458805932267115,0.895393058749349,0.895393058749349,0.33291104887134926,0.9378489406806406,overlap,-4.245588193129157,-56.248200987799976,46.98200691419579,0.9142015106597794,0.9142015106597794,0.5667074371455023,1.0,overlap,-8.57984893402206,-34.749407351427706,False,False
single_omission,23,1;2;3;4;5;6;7;8;9;10;11;12;13;14;15;16;17;18;19;20;21;22;24;25;26;27;28;29;30;31;32,31,3,0.0967741935483871,1,10,130.19004906962442,0.9545118195390997,0.9545118195390997,0.6354195496025693,0.9979592204092079,overlap,-4.344740087010823,-31.90922699365304,11.750281508022889,0.8244340224157465,0.8244340224157465,0.4813059670685486,0.916789340330352,overlap,-9.235531791460549,-34.312805534719786,68.02205292866945,0.7531517161383814,0.7531517161383814,0.6516708083541006,0.9509407260857325,overlap,-19.778900994735118,-10.148090778428076,False,False
single_omission,23,1;2;3;4;5;6;7;8;9;10;11;12;13;14;15;16;17;18;19;20;21;22;24;25;26;27;28;29;30;31;32,31,4,0.12903225806451613,1,5,168.2399896165923,0.9288032346062525,0.9288032346062525,0.7401269252907918,0.9098461570970676,M,1.895707750918485,-18.867630931546064,14.948858223399332,0.8579750584266351,0.8579750584266351,0.5922898717484588,0.8355406602511088,M,2.2434398175526282,-26.56851866781763,85.72498641630473,0.6786851452640312,0.6786851452640312,0.7706260179985477,0.9169828649569054,P,-23.829771969287417,9.194087273451645,True,True
single_omission,23,1;2;3;4;5;6;7;8;9;10;11;12;13;14;15;16;17;18;19;20;21;22;24;25;26;27;28;29;30;31;32,31,5,0.16129032258064516,1,1,206.09356698764054,0.936944575233537,0.936944575233537,0.8471866648832321,0.8471866648832321,M,8.97579103503049,-8.97579103503049,18.136821635016226,0.8829392074040259,0.8829392074040259,0.7492251432473391,0.7492251432473391,M,13.371406415668673,-13.371406415668673,102.57039504115394,0.6414156054330086,0.6414156054330086,0.8902178167052125,0.8902178167052125,P,-24.88022112722039,24.88022112722039,True,True
single_omission,23,1;2;3;4;5;6;7;8;9;10;11;12;13;14;15;16;17;18;19;20;21;22;24;25;26;27;28;29;30;31;32,31,6,0.1935483870967742,1,1,243.89996499345688,0.9467186581663112,0.9467186581663112,0.84868090477767,0.84868090477767,M,9.803775338864117,-9.803775338864117,21.275237294472078,0.8796302963100422,0.8796302963100422,0.7380382320221252,0.7380382320221252,M,14.159206428791704,-14.159206428791704,118.82667626458891,0.617715881434494,0.617715881434494,0.8381106033300945,0.8381106033300945,P,-22.03947218956005,22.03947218956005,True,True
single_omission,23,1;2;3;4;5;6;7;8;9;10;11;12;13;14;15;16;17;18;19;20;21;22;24;25;26;27;28;29;30;31;32,31,7,0.22580645161290322,1,4,281.0331253048963,0.9353162719487995,0.9353162719487995,0.8465212806258738,0.871238292892697,M,6.407797905610247,-8.879499132292567,24.409049316108238,0.8794961358659011,0.8794961358659011,0.7299231464073994,0.7647350140615247,M,11.476112180437648,-14.957298945850173,132.75007950517275,0.6069785228011935,0.6069785228011935,0.8169908846834948,0.8771015911605283,P,-27.012306835933487,21.00123618823013,True,True
single_omission,23,1;2;3;4;5;6;7;8;9;10;11;12;13;14;15;16;17;18;19;20;21;22;24;25;26;27;28;29;30;31;32,31,8,0.25806451612903225,1,6,318.14652736675197,0.916778166756478,0.916778166756478,0.8465787147468589,0.8760145499948326,M,4.076361676164542,-7.019945200961919,27.466429303797547,0.8432435750738719,0.8432435750738719,0.7414268148068228,0.7730323629130463,M,7.02112121608256,-10.181676026704912,145.52675080651431,0.6034608003959459,0.6034608003959459,0.8075266952986846,0.8664897139788136,P,-26.30289135828677,20.406589490273873,True,True
single_omission,23,1;2;3;4;5;6;7;8;9;10;11;12;13;14;15;16;17;18;19;20;21;22;24;25;26;27;28;29;30;31;32,31,9,0.2903225806451613,1,4,354.9829304003381,0.9170129854378688,0.9170129854378688,0.8540980958269174,0.8736660767371853,M,4.334690870068347,-6.291488961095137,30.520006753335828,0.8281676280051653,0.8281676280051653,0.7513213038146326,0.7791628636551297,M,4.900476435003565,-7.684632419053273,158.22840029622662,0.6614811117954893,0.6614811117954893,0.8037676083444649,0.8541991430689465,P,-19.27180312734572,14.228649654897563,True,True
single_omission,23,1;2;3;4;5;6;7;8;9;10;11;12;13;14;15;16;17;18;19;20;21;22;24;25;26;27;28;29;30;31;32,31,10,0.3225806451612903,1,1,390.2624847638619,0.9146652005503764,0.9146652005503764,0.8738831827081543,0.8738831827081543,M,4.078201784222202,-4.078201784222202,33.48452290665496,0.8309301223248499,0.8309301223248499,0.7733378042104421,0.7733378042104421,M,5.759231811440779,-5.759231811440779,170.3576224067916,0.6664263336299917,0.6664263336299917,0.8454231132623284,0.8454231132623284,P,-17.899677963233675,17.899677963233675,True,True
single_omission,23,1;2;3;4;5;6;7;8;9;10;11;12;13;14;15;16;17;18;19;20;21;22;24;25;26;27;28;29;30;31;32,31,11,0.3548387096774194,1,1,425.296911657341,0.928323438151304,0.928323438151304,0.8649556086890842,0.8649556086890842,M,6.336782946221986,-6.336782946221986,36.44082272241005,0.844871563484256,0.844871563484256,0.7708304240618162,0.7708304240618162,M,7.404113942243972,-7.404113942243972,180.68670578443232,0.6818040756987654,0.6818040756987654,0.8259621173862706,0.8259621173862706,P,-14.415804168750512,14.415804168750512,True,True
single_omission,23,1;2;3;4;5;6;7;8;9;10;11;12;13;14;15;16;17;18;19;20;21;22;24;25;26;27;28;29;30;31;32,31,12,0.3870967741935484,1,1,459.15107832400776,0.9427464123396547,0.9427464123396547,0.8780171113421681,0.8780171113421681,M,6.472930099748664,-6.472930099748664,39.38078847558445,0.8630195813520268,0.8630195813520268,0.7968649593567299,0.7968649593567299,M,6.6154621995296985,-6.6154621995296985,190.34883250636136,0.761375046156962,0.761375046156962,0.828595854173587,0.828595854173587,P,-6.7220808016625,6.7220808016625,True,True
single_omission,23,1;2;3;4;5;6;7;8;9;10;11;12;13;14;15;16;17;18;19;20;21;22;24;25;26;27;28;29;30;31;32,31,13,0.41935483870967744,2,1,492.5445801290619,0.9438058284744374,0.9466280869332125,0.883357016769038,0.883357016769038,M,6.04488117053994,-6.327107016417455,42.22023912502085,0.8634012943723742,0.8773036297442243,0.8084864601365567,0.8084864601365567,M,5.491483423581755,-6.881716960766759,199.6385640074173,0.7544586697189115,0.7676133018338074,0.8259805733150131,0.8259805733150131,P,-7.152190359610156,5.836727148120568,True,True
single_omission,23,1;2;3;4;5;6;7;8;9;10;11;12;13;14;15;16;17;18;19;20;21;22;24;25;26;27;28;29;30;31;32,31,14,0.45161290322580644,1,1,525.4472850140033,0.9482586769880799,0.9482586769880799,0.8889314497814941,0.8889314497814941,M,5.932722720658578,-5.932722720658578,44.97356039329534,0.8784402705346426,0.8784402705346426,0.8287737730748922,0.8287737730748922,M,4.9666497459750385,-4.9666497459750385,208.69969526702164,0.7615603433340689,0.7615603433340689,0.823417227777865,0.823417227777865,P,-6.185688444379611,6.185688444379611,True,True
single_omission,23,1;2;3;4;5;6;7;8;9;10;11;12;13;14;15;16;17;18;19;20;21;22;24;25;26;27;28;29;30;31;32,31,15,0.4838709677419355,1,5,557.8408063097443,0.9474719384340571,0.9474719384340571,0.8915898120092645,0.9050844060639042,M,4.238753237015292,-5.588212642479262,47.67419275944886,0.9067985113364707,0.9067985113364707,0.8240072258592023,0.8599455056799287,M,4.685300565654204,-8.279128547726843,217.56540282793256,0.7690427129126046,0.7690427129126046,0.8248411712449623,0.8645823430256402,P,-9.553963011303557,5.579845833235764,True,True
single_omission,23,1;2;3;4;5;6;7;8;9;10;11;12;13;14;15;16;17;18;19;20;21;22;24;25;26;27;28;29;30;31;32,31,16,0.5161290322580645,1,10,590.035545218264,0.950338083094648,0.950338083094648,0.8956256928454863,0.9185996018569061,M,3.173848123774181,-5.471239024916164,50.24017683296513,0.8926005086534214,0.8926005086534214,0.8356760332777264,0.8794788155090927,M,1.312169314432876,-5.6924475375695005,226.0472821962263,0.7938441373584348,0.7938441373584348,0.8275603798698717,0.8778353236013583,P,-8.399118624292345,3.37162425114369,True,True
single_omission,23,1;2;3;4;5;6;7;8;9;10;11;12;13;14;15;16;17;18;19;20;21;22;24;25;26;27;28;29;30;31;32,31,17,0.5483870967741935,1,10,622.0389589157252,0.9386572798693205,0.9386572798693205,0.9087652612764149,0.9305571807937651,M,0.8100099075555312,-2.989201859290558,52.78779394816942,0.8703260332988949,0.8703260332988949,0.8510391149178934,0.8927279100064031,overlap,-2.240187670750815,-1.9286918381001494,234.42695824167464,0.8248612464549311,0.8248612464549311,0.8337242961913086,0.8822021439538296,P,-5.734089749889848,0.8863049736377526,False,True
single_omission,23,1;2;3;4;5;6;7;8;9;10;11;12;13;14;15;16;17;18;19;20;21;22;24;25;26;27;28;29;30;31;32,31,18,0.5806451612903226,1,5,654.0328648384065,0.9256547237050535,0.9256547237050535,0.9210558543321066,0.9325657273567944,overlap,-0.691100365174091,-0.45988693729469565,55.25441147391195,0.8625634782763971,0.8625634782763971,0.8707438839422105,0.9017518783070636,P,-3.918840003066648,0.8180405665813351,242.74532439731342,0.848920006921702,0.848920006921702,0.8477054487325385,0.8833242771024946,overlap,-3.4404270180792618,-0.12145581891634949,False,False
single_omission,23,1;2;3;4;5;6;7;8;9;10;11;12;13;14;15;16;17;18;19;20;21;22;24;25;26;27;28;29;30;31;32,31,19,0.6129032258064516,1,1,685.9830723072861,0.933970809227997,0.933970809227997,0.9332696722930931,0.9332696722930931,M,0.07011369349039231,-0.07011369349039231,57.68937280580962,0.8832114209027664,0.8832114209027664,0.8985492265771111,0.8985492265771111,P,-1.5337805674344729,1.5337805674344729,251.02522860101067,0.8547078834729045,0.8547078834729045,0.8845039863395279,0.8845039863395279,P,-2.9796102866623375,2.9796102866623375,False,True
single_omission,23,1;2;3;4;5;6;7;8;9;10;11;12;13;14;15;16;17;18;19;20;21;22;24;25;26;27;28;29;30;31;32,31,20,0.6451612903225806,2,1,717.4186294152149,0.9361276886167292,0.9447783197014153,0.9346592040283058,0.9346592040283058,M,0.14684845884234132,-1.0119115673109524,59.908265461053894,0.8840664055991884,0.893330771446163,0.9023067777978728,0.9023067777978728,P,-1.8240372198684462,0.8976006351709809,258.8707934966684,0.8638068824799814,0.868704893958641,0.883411721523777,0.883411721523777,P,-1.9604839043795619,1.4706827565135971,False,True
single_omission,23,1;2;3;4;5;6;7;8;9;10;11;12;13;14;15;16;17;18;19;20;21;22;24;25;26;27;28;29;30;31;32,31,21,0.6774193548387096,1,4,748.5044437759856,0.9468331835301796,0.9468331835301796,0.9343389555059788,0.9454520829104619,M,0.13811006197177456,-1.249422802420086,62.1031128736639,0.89413986539313,0.89413986539313,0.8976822075248208,0.9180205492010901,P,-2.3880683807960157,0.3542342131690801,266.4816665285556,0.8778970032748877,0.8778970032748877,0.879541510973616,0.8876222567657546,P,-0.9725253490866836,0.16445076987282592,False,True
single_omission,23,1;2;3;4;5;6;7;8;9;10;11;12;13;14;15;16;17;18;19;20;21;22;24;25;26;27;28;29;30;31;32,31,22,0.7096774193548387,2,6,779.411721941489,0.9482069009424728,0.9584465489794312,0.938349082131976,0.9529103699892484,overlap,-0.47034690467755436,-2.009746684745517,64.284495778771,0.8953910388576152,0.8983155415783289,0.9050988124838919,0.9252394468148363,P,-2.98484079572211,0.6783270905562966,274.09164370467334,0.8778090830747477,0.930285575441799,0.8815479622814311,0.8896292456445698,overlap,-1.1820162569822101,-4.873761316036795,False,False
single_omission,23,1;2;3;4;5;6;7;8;9;10;11;12;13;14;15;16;17;18;19;20;21;22;24;25;26;27;28;29;30;31;32,31,23,0.7419354838709677,1,4,809.7464499749618,0.9600032246963796,0.9600032246963796,0.9464625634405385,0.9567351929120992,M,0.32680317842803674,-1.354066125584108,66.41900289906556,0.9000233593370767,0.9000233593370767,0.913148883135179,0.9321656445084857,P,-3.2142285171409046,1.3125523798102279,281.39652770036633,0.9297917873809741,0.9297917873809741,0.8846229056777083,0.8922753476715044,M,3.7516439709469718,-4.516888170326583,False,False
single_omission,23,1;2;3;4;5;6;7;8;9;10;11;12;13;14;15;16;17;18;19;20;21;22;24;25;26;27;28;29;30;31;32,31,24,0.7741935483870968,1,1,840.0250127525154,0.9696048940316622,0.9696048940316622,0.9565523036733069,0.9565523036733069,M,1.3052590358355265,-1.3052590358355265,68.53379445802932,0.9077801096075869,0.9077801096075869,0.9281076385015035,0.9281076385015035,P,-2.0327528893916536,2.0327528893916536,288.6397700612961,0.9317671795258939,0.9317671795258939,0.8896049869463388,0.8896049869463388,M,4.216219257955512,-4.216219257955512,False,False
single_omission,23,1;2;3;4;5;6;7;8;9;10;11;12;13;14;15;16;17;18;19;20;21;22;24;25;26;27;28;29;30;31;32,31,25,0.8064516129032258,1,1,868.8399478174505,0.9683158473621897,0.9683158473621897,0.9689281586883575,0.9689281586883575,P,-0.06123113261677915,0.06123113261677915,70.64717018914621,0.9116920420888849,0.9116920420888849,0.9290907254840438,0.9290907254840438,P,-1.7398683395158931,1.7398683395158931,295.835930999868,0.9267338355842941,0.9267338355842941,0.9390861480317315,0.9390861480317315,P,-1.2352312447437397,1.2352312447437397,False,False
single_omission,23,1;2;3;4;5;6;7;8;9;10;11;12;13;14;15;16;17;18;19;20;21;22;24;25;26;27;28;29;30;31;32,31,26,0.8387096774193549,2,1,895.6590746365772,0.974028320996725,0.9784369320905286,0.9663701404347897,0.9663701404347897,M,0.7658180561935235,-1.2066791655738873,72.67806266158574,0.9266679124939771,0.9268926579258516,0.9451959515209654,0.9451959515209654,P,-1.8528039026988297,1.8303293595113734,303.01125309294696,0.9306807224361138,0.9584378312626869,0.9475065809025756,0.9475065809025756,overlap,-1.6825858466461785,-1.0931250360111333,False,False
single_omission,23,1;2;3;4;5;6;7;8;9;10;11;12;13;14;15;16;17;18;19;20;21;22;24;25;26;27;28;29;30;31;32,31,27,0.8709677419354839,1,1,921.9397830730655,0.984263558431678,0.984263558431678,0.9737435580167558,0.9737435580167558,M,1.0520000414922182,-1.0520000414922182,74.68903464661314,0.9412991981904165,0.9412991981904165,0.941350109789007,0.941350109789007,P,-0.005091159859049732,0.005091159859049732,309.96060205317065,0.962261046025091,0.962261046025091,0.9653948809027588,0.9653948809027588,P,-0.31338348776678293,0.31338348776678293,False,True
single_omission,23,1;2;3;4;5;6;7;8;9;10;11;12;13;14;15;16;17;18;19;20;21;22;24;25;26;27;28;29;30;31;32,31,28,0.9032258064516129,1,1,945.6344779776576,0.9943952534843844,0.9943952534843844,0.9841388519610346,0.9841388519610346,M,1.0256401523349834,-1.0256401523349834,76.40688068415619,0.9611508779121987,0.9611508779121987,0.9612006448718885,0.9612006448718885,P,-0.0049766959689834245,0.0049766959689834245,316.6172800189035,0.9647583798287497,0.9647583798287497,0.9678263278111187,0.9678263278111187,P,-0.3067947982368979,0.3067947982368979,False,True
single_omission,23,1;2;3;4;5;6;7;8;9;10;11;12;13;14;15;16;17;18;19;20;21;22;24;25;26;27;28;29;30;31;32,31,29,0.9354838709677419,1,2,968.7826261258059,0.9977626753425389,0.9977626753425389,0.982953956591826,0.9877513408708959,M,1.001133447164304,-1.480871875071288,78.10010617112678,0.9676433397262508,0.9676433397262508,0.9676920277285783,0.9682922290229254,P,-0.06488892966746151,0.004868800232749049,323.26709066289806,0.9654833224773994,0.9654833224773994,0.9684881608091493,0.9874410973570146,P,-2.1957774879615144,0.3004838331749915,False,True
single_omission,23,1;2;3;4;5;6;7;8;9;10;11;12;13;14;15;16;17;18;19;20;21;22;24;25;26;27;28;29;30;31;32,31,30,0.967741935483871,1,1,990.4157120218823,0.9998931032218589,0.9998931032218589,0.9880188813509542,0.9880188813509542,M,1.18742218709047,-1.18742218709047,79.71362654363313,0.9864113698685254,0.9864113698685254,0.9754697707687311,0.9754697707687311,M,1.0941599099794308,-1.0941599099794308,328.95928495307317,0.9770167037167587,0.9770167037167587,0.9905694603940438,0.9905694603940438,P,-1.355275667728506,1.355275667728506,True,True
single_omission,24,1;2;3;4;5;6;7;8;9;10;11;12;13;14;15;16;17;18;19;20;21;22;23;25;26;27;28;29;30;31;32,31,1,0.03225806451612903,1,5,50.080775444264944,0.8345246956057693,0.8345246956057693,0.4298498467021304,1.0,overlap,-16.547530439423074,-40.467484890363885,4.7345054676233875,0.5997354251365439,0.5997354251365439,0.2319532472983795,1.0,overlap,-40.02645748634561,-36.77821778381644,25.248088207150722,1.0,1.0,0.5030737133639674,1.0,overlap,0.0,-49.69262866360326,False,False
single_omission,24,1;2;3;4;5;6;7;8;9;10;11;12;13;14;15;16;17;18;19;20;21;22;23;25;26;27;28;29;30;31;32,31,2,0.06451612903225806,1,10,91.87441932759103,1.0,1.0,0.48626551462919215,1.0,overlap,0.0,-51.37344853708079,8.458805932267115,0.895393058749349,0.895393058749349,0.33291104887134926,0.9378489406806406,overlap,-4.245588193129157,-56.248200987799976,46.98200691419579,0.9142015106597794,0.9142015106597794,0.5667074371455023,1.0,overlap,-8.57984893402206,-34.749407351427706,False,False
single_omission,24,1;2;3;4;5;6;7;8;9;10;11;12;13;14;15;16;17;18;19;20;21;22;23;25;26;27;28;29;30;31;32,31,3,0.0967741935483871,1,10,130.19004906962442,0.9545118195390997,0.9545118195390997,0.6354195496025693,0.9979592204092079,overlap,-4.344740087010823,-31.90922699365304,11.750281508022889,0.8244340224157465,0.8244340224157465,0.4813059670685486,0.916789340330352,overlap,-9.235531791460549,-34.312805534719786,68.02205292866945,0.7531517161383814,0.7531517161383814,0.6516708083541006,0.9509407260857325,overlap,-19.778900994735118,-10.148090778428076,False,False
single_omission,24,1;2;3;4;5;6;7;8;9;10;11;12;13;14;15;16;17;18;19;20;21;22;23;25;26;27;28;29;30;31;32,31,4,0.12903225806451613,1,5,168.2399896165923,0.9288032346062525,0.9288032346062525,0.7401269252907918,0.9098461570970676,M,1.895707750918485,-18.867630931546064,14.948858223399332,0.8579750584266351,0.8579750584266351,0.5922898717484588,0.8355406602511088,M,2.2434398175526282,-26.56851866781763,85.72498641630473,0.6786851452640312,0.6786851452640312,0.7706260179985477,0.9169828649569054,P,-23.829771969287417,9.194087273451645,True,True
single_omission,24,1;2;3;4;5;6;7;8;9;10;11;12;13;14;15;16;17;18;19;20;21;22;23;25;26;27;28;29;30;31;32,31,5,0.16129032258064516,1,1,206.09356698764054,0.9416511509234441,0.9416511509234441,0.8471866648832321,0.8471866648832321,M,9.446448604021196,-9.446448604021196,18.087273882855186,0.8584145943907779,0.8584145943907779,0.751277548819946,0.751277548819946,M,10.713704557083192,-10.713704557083192,102.57039504115394,0.6414243394909118,0.6414243394909118,0.8902178167052125,0.8902178167052125,P,-24.87934772143007,24.87934772143007,True,True
single_omission,24,1;2;3;4;5;6;7;8;9;10;11;12;13;14;15;16;17;18;19;20;21;22;23;25;26;27;28;29;30;31;32,31,6,0.1935483870967742,1,1,243.89996499345688,0.9266850531396048,0.9266850531396048,0.84868090477767,0.84868090477767,M,7.800414836193481,-7.800414836193481,21.221085904491346,0.8613932964755451,0.8613932964755451,0.7399215379143304,0.7399215379143304,M,12.147175856121473,-12.147175856121473,118.82667626458891,0.614057989985347,0.614057989985347,0.8381106033300945,0.8381106033300945,P,-22.405261334474748,22.405261334474748,True,True
single_omission,24,1;2;3;4;5;6;7;8;9;10;11;12;13;14;15;16;17;18;19;20;21;22;23;25;26;27;28;29;30;31;32,31,7,0.22580645161290322,1,4,281.0331253048963,0.9067734873217259,0.9067734873217259,0.8465212806258738,0.871238292892697,M,3.553519442902886,-6.025220669585208,24.278465892180662,0.8226601597370191,0.8226601597370191,0.7338490890137057,0.768848194728579,M,5.38119650084401,-8.88110707233134,132.75007950517275,0.6042159269778614,0.6042159269778614,0.8169908846834948,0.8771015911605283,P,-27.28856641826669,21.277495770563338,True,True
single_omission,24,1;2;3;4;5;6;7;8;9;10;11;12;13;14;15;16;17;18;19;20;21;22;23;25;26;27;28;29;30;31;32,31,8,0.25806451612903225,1,6,318.14652736675197,0.9074043842053906,0.9074043842053906,0.8465787147468589,0.8760145499948326,M,3.1389834210557965,-6.0825669458531735,27.332043341718943,0.8081253901087129,0.8081253901087129,0.7450722559680625,0.7768332019688442,M,3.129218813986867,-6.305313414065039,145.52675080651431,0.666922888277029,0.666922888277029,0.8075266952986846,0.8664897139788136,P,-19.956682570178465,14.060380702165565,True,True
single_omission,24,1;2;3;4;5;6;7;8;9;10;11;12;13;14;15;16;17;18;19;20;21;22;23;25;26;27;28;29;30;31;32,31,9,0.2903225806451613,1,4,353.42608173027577,0.9057710435319491,0.9057710435319491,0.8578604143238463,0.8775145925654113,M,2.825645096653784,-4.791062920810285,30.296559495038068,0.8131397001442985,0.8131397001442985,0.7568625496932471,0.7849094503485687,M,2.8230249795729745,-5.627715045105141,158.22840029622662,0.6694173001310996,0.6694173001310996,0.8037676083444649,0.8541991430689465,P,-18.478184293784693,13.435030821336536,True,True
single_omission,24,1;2;3;4;5;6;7;8;9;10;11;12;13;14;15;16;17;18;19;20;21;22;23;25;26;27;28;29;30;31;32,31,10,0.3225806451612903,1,1,388.4605086237549,0.9215265909513803,0.9215265909513803,0.8779369194703797,0.8779369194703797,M,4.358967148100068,-4.358967148100068,33.252859310793156,0.829999345276151,0.829999345276151,0.7787254376426478,0.7787254376426478,M,5.127390763350325,-5.127390763350325,170.3576224067916,0.6784724605764632,0.6784724605764632,0.8454231132623284,0.8454231132623284,P,-16.69506526858653,16.69506526858653,True,True
single_omission,24,1;2;3;4;5;6;7;8;9;10;11;12;13;14;15;16;17;18;19;20;21;22;23;25;26;27;28;29;30;31;32,31,11,0.3548387096774194,1,1,422.31467529042163,0.9377524674128656,0.9377524674128656,0.8710636182443514,0.8710636182443514,M,6.668884916851415,-6.668884916851415,36.19282506396756,0.8509539699501566,0.8509539699501566,0.7761122482876316,0.7761122482876316,M,7.484172166252501,-7.484172166252501,180.68670578443232,0.7599722036172512,0.7599722036172512,0.8259621173862706,0.8259621173862706,P,-6.5989913769019415,6.5989913769019415,True,True
single_omission,24,1;2;3;4;5;6;7;8;9;10;11;12;13;14;15;16;17;18;19;20;21;22;23;25;26;27;28;29;30;31;32,31,12,0.3870967741935484,2,1,455.7081770954757,0.9392634672562397,0.9423138582245411,0.8846505806175696,0.8846505806175696,M,5.461288663867004,-5.766327760697143,39.03227571340397,0.8522445870665392,0.8672823964964971,0.8039800353545888,0.8039800353545888,M,4.8264551711950325,-6.330236114190823,190.34883250636136,0.7512999495005191,0.7650965766239133,0.828595854173587,0.828595854173587,P,-7.729590467306791,6.349927754967377,True,True
single_omission,24,1;2;3;4;5;6;7;8;9;10;11;12;13;14;15;16;17;18;19;20;21;22;23;25;26;27;28;29;30;31;32,31,13,0.41935483870967744,1,1,488.6108819804172,0.9443578956132711,0.9443578956132711,0.8904687287460052,0.8904687287460052,M,5.388916686726586,-5.388916686726586,41.785596981678445,0.8691660708616901,0.8691660708616901,0.8168961111474337,0.8168961111474337,M,5.226995971425641,-5.226995971425641,199.6385640074173,0.7580070271369438,0.7580070271369438,0.8259805733150131,0.8259805733150131,P,-6.797354617806928,6.797354617806928,True,True
single_omission,24,1;2;3;4;5;6;7;8;9;10;11;12;13;14;15;16;17;18;19;20;21;22;23;25;26;27;28;29;30;31;32,31,14,0.45161290322580644,1,1,521.0044032761581,0.9437580641668747,0.9437580641668747,0.8965118411939197,0.8965118411939197,M,4.7246222972955,-4.7246222972955,44.486229347831966,0.9001195246000496,0.9001195246000496,0.8378526991876735,0.8378526991876735,M,6.226682541237616,-6.226682541237616,208.69969526702164,0.7652484123000819,0.7652484123000819,0.823417227777865,0.823417227777865,P,-5.816881547778308,5.816881547778308,True,True
single_omission,24,1;2;3;4;5;6;7;8;9;10;11;12;13;14;15;16;17;18;19;20;21;22;23;25;26;27;28;29;30;31;32,31,15,0.4838709677419355,1,4,553.199142184678,0.9470311972970281,0.9470311972970281,0.8990707716295823,0.9126785932153754,M,3.435260408165275,-4.796042566744585,47.17987841902122,0.8829281757439047,0.8829281757439047,0.8326405373896105,0.8689553507598283,M,1.397282498407637,-5.028763835429418,217.56540282793256,0.789814604379289,0.789814604379289,0.8248452888838782,0.8645823430256402,P,-7.476773864635122,3.503068450458924,True,True
single_omission,24,1;2;3;4;5;6;7;8;9;10;11;12;13;14;15;16;17;18;19;20;21;22;23;25;26;27;28;29;30;31;32,31,16,0.5161290322580645,1,6,585.202555882139,0.9347959755411056,0.9347959755411056,0.9030223615359655,0.9261860042663264,M,0.8609971274779249,-3.1773614005140116,49.74586249253749,0.8594609834799134,0.8594609834799134,0.8439799730729775,0.88323272232283,overlap,-2.377173884291661,-1.5481010406935947,226.0472821962263,0.8217738076607107,0.8217738076607107,0.8309654147008699,0.8778353236013583,P,-5.606151594064757,0.91916070401592,False,True
single_omission,24,1;2;3;4;5;6;7;8;9;10;11;12;13;14;15;16;17;18;19;20;21;22;23;25;26;27;28;29;30;31;32,31,17,0.5483870967741935,1,4,617.1964618048204,0.9328091403517683,0.9328091403517683,0.9163441967855598,0.9285410185337757,M,0.42681218179926317,-1.6464943566208534,52.293479607741766,0.8691002647747633,0.8691002647747633,0.8590837285470561,0.8918474400550331,overlap,-2.2747175280269816,-1.0016536227707262,234.42695824167464,0.8143807564712543,0.8143807564712543,0.8453232446310177,0.8822021439538296,P,-6.782138748257527,3.0942488159763415,False,True
single_omission,24,1;2;3;4;5;6;7;8;9;10;11;12;13;14;15;16;17;18;19;20;21;22;23;25;26;27;28;29;30;31;32,31,18,0.5806451612903226,1,1,649.1466692737,0.9200597382406477,0.9200597382406477,0.9294830007097277,0.9294830007097277,P,-0.9423262469079985,0.9423262469079985,54.76009713348431,0.8613228514853073,0.8613228514853073,0.8883983128476697,0.8883983128476697,P,-2.7075461362362385,2.7075461362362385,242.74532439731342,0.8387986610467374,0.8387986610467374,0.8833242771024946,0.8833242771024946,P,-4.452561605575722,4.452561605575722,False,False
single_omission,24,1;2;3;4;5;6;7;8;9;10;11;12;13;14;15;16;17;18;19;20;21;22;23;25;26;27;28;29;30;31;32,31,19,0.6129032258064516,1,1,680.5822263816289,0.9294002171320099,0.9294002171320099,0.9311226440041845,0.9311226440041845,P,-0.17224268721746094,0.17224268721746094,57.195058465381976,0.882202063259031,0.882202063259031,0.8893717731015965,0.8893717731015965,P,-0.7169709842565486,0.7169709842565486,251.02522860101067,0.844920383621004,0.844920383621004,0.8807063632253183,0.8807063632253183,P,-3.578597960431429,3.578597960431429,False,False
single_omission,24,1;2;3;4;5;6;7;8;9;10;11;12;13;14;15;16;17;18;19;20;21;22;23;25;26;27;28;29;30;31;32,31,20,0.6451612903225806,2,1,711.6680407423993,0.9322331609112118,0.9409536928742294,0.9307528103257827,0.9307528103257827,M,0.14803505854290577,-1.0200882548446644,59.413951120626244,0.8831018570854348,0.892443300938614,0.9014939861927657,0.9014939861927657,P,-1.8392129107330901,0.9050685254151647,258.8707934966684,0.8543160111670409,0.8592140226457006,0.8739208502108365,0.8739208502108365,P,-1.9604839043795619,1.4706827565135971,False,True
single_omission,24,1;2;3;4;5;6;7;8;9;10;11;12;13;14;15;16;17;18;19;20;21;22;23;25;26;27;28;29;30;31;32,31,21,0.6774193548387096,1,4,742.5753189079029,0.9434113030216631,0.9434113030216631,0.9308173142914443,0.9420191749440955,M,0.13921280775676115,-1.2593988730218775,61.60879853323625,0.893290503226336,0.893290503226336,0.8968612671184907,0.917362792206715,P,-2.4072288980379053,0.3570763892154716,266.4816665285556,0.8686771968253045,0.8686771968253045,0.8703217045240328,0.8784024503161713,P,-0.9725253490866725,0.16445076987282592,False,True
single_omission,24,1;2;3;4;5;6;7;8;9;10;11;12;13;14;15;16;17;18;19;20;21;22;23;25;26;27;28;29;30;31;32,31,22,0.7096774193548387,2,6,772.9100469413758,0.9456322635841496,0.9559580469533052,0.9356915213670165,0.9503752979428736,overlap,-0.4743034358723919,-2.026652558628872,63.79018143834335,0.8945804170900649,0.8975275819760347,0.9043634168970621,0.924660122337237,P,-3.0079705247172184,0.6835834921027462,273.7865505242486,0.8698134535648139,0.9223484229458864,0.8735564991797675,0.881646787895574,overlap,-1.183333433076017,-4.8791923766118845,False,False
single_omission,24,1;2;3;4;5;6;7;8;9;10;11;12;13;14;15;16;17;18;19;20;21;22;23;25;26;27;28;29;30;31;32,31,23,0.7419354838709677,1,4,803.1886097189291,0.9576882660815075,0.9576882660815075,0.9440370486096017,0.9543935516100803,M,0.32947144714271515,-1.3651217471905785,65.92468855863792,0.8992737177647315,0.8992737177647315,0.912497658935458,0.9316570111660117,P,-3.238329340128021,1.322394117072645,281.0297928851783,0.9222626128165119,0.9222626128165119,0.8770347871795313,0.8846972153633021,M,3.756539745320975,-4.522782563698058,False,False
single_omission,24,1;2;3;4;5;6;7;8;9;10;11;12;13;14;15;16;17;18;19;20;21;22;23;25;26;27;28;29;30;31;32,31,24,0.7741935483870968,1,1,832.0035447838642,0.9691514805974121,0.9691514805974121,0.9559730483046999,0.9559730483046999,M,1.3178432292712206,-1.3178432292712206,68.03948011760167,0.9071101219149292,0.9071101219149292,0.9275853325521562,0.9275853325521562,P,-2.0475210637227015,2.0475210637227015,288.2259538237503,0.9245807031805949,0.9245807031805949,0.8823579768438661,0.8823579768438661,M,4.222272633672885,-4.222272633672885,False,False
single_omission,24,1;2;3;4;5;6;7;8;9;10;11;12;13;14;15;16;17;18;19;20;21;22;23;25;26;27;28;29;30;31;32,31,25,0.8064516129032258,1,1,860.6850516331793,0.9680156435013725,0.9680156435013725,0.9686337564099983,0.9686337564099983,P,-0.06181129086257897,0.06181129086257897,70.15285584871856,0.9110698024175098,0.9110698024175098,0.9285910812309554,0.9285910812309554,P,-1.7521278813445562,1.7521278813445562,295.40127591682926,0.9197802440362559,0.9197802440362559,0.9321507317450423,0.9321507317450423,P,-1.2370487708786349,1.2370487708786349,False,False
single_omission,24,1;2;3;4;5;6;7;8;9;10;11;12;13;14;15;16;17;18;19;20;21;22;23;25;26;27;28;29;30;31;32,31,26,0.8387096774193549,2,1,887.5041784523063,0.9737896783501377,0.9782387982850934,0.96606113004351,0.96606113004351,M,0.7728548306627725,-1.2177668241583395,72.18374832115809,0.9261657343263036,0.926392018814995,0.944820653372743,0.944820653372743,P,-1.8654919046439455,1.8428634557748014,302.3506248770529,0.9245882083449828,0.9524059657291368,0.9414508308725874,0.9414508308725874,overlap,-1.686262252760462,-1.095513485654942,False,False
single_omission,24,1;2;3;4;5;6;7;8;9;10;11;12;13;14;15;16;17;18;19;20;21;22;23;25;26;27;28;29;30;31;32,31,27,0.8709677419354839,1,1,913.7848868887944,0.9841231216077158,0.9841231216077158,0.9735092374872593,0.9735092374872593,M,1.0613884120456496,-1.0613884120456496,74.1947203061855,0.9409081104147723,0.9409081104147723,0.9409593612064101,0.9409593612064101,P,-0.005125079163781354,0.005125079163781354,309.00730284278575,0.9572786825720851,0.9572786825720851,0.960422185448816,0.960422185448816,P,-0.31435028767308193,0.31435028767308193,False,True
single_omission,24,1;2;3;4;5;6;7;8;9;10;11;12;13;14;15;16;17;18;19;20;21;22;23;25;26;27;28;29;30;31;32,31,28,0.9032258064516129,1,1,937.4795817933865,0.9943464992215059,0.9943464992215059,0.9840008798727534,0.9840008798727534,M,1.0345619348752444,-1.0345619348752444,75.91256634372854,0.9608979069077138,0.9608979069077138,0.9609479979312976,0.9609479979312976,P,-0.005009102358377593,0.005009102358377593,315.65711348678036,0.9599095086502994,0.9599095086502994,0.9629867887238813,0.9629867887238813,P,-0.30772800735818784,0.30772800735818784,False,True
single_omission,24,1;2;3;4;5;6;7;8;9;10;11;12;13;14;15;16;17;18;19;20;21;22;23;25;26;27;28;29;30;31;32,31,29,0.9354838709677419,1,2,960.6277299415348,0.9977436823968395,0.9977436823968395,0.9828092504689302,0.9876473603793058,M,1.0096322017533743,-1.493443192790933,77.60579183069913,0.967437242206925,0.967437242206925,0.9674862403301492,0.9680902646395046,P,-0.06530224325796974,0.004899812322423092,321.3493077769554,0.9635996339783233,0.9635996339783233,0.9666224049067468,0.9856884508233588,P,-2.2088816845035497,0.30227709284235127,False,True
single_omission,24,1;2;3;4;5;6;7;8;9;10;11;12;13;14;15;16;17;18;19;20;21;22;23;25;26;27;28;29;30;31;32,31,30,0.967741935483871,1,1,982.2608158376112,0.9998922157466444,0.9998922157466444,0.9879194120682759,0.9879194120682759,M,1.1972803678368504,-1.1972803678368504,79.2193122032055,0.9863265792467193,0.9863265792467193,0.9753167065253567,0.9753167065253567,M,1.1009872721362557,-1.1009872721362557,326.5654103670973,0.9766552020790882,0.9766552020790882,0.9903073066932637,0.9903073066932637,P,-1.3652104614175542,1.3652104614175542,True,True
single_omission,25,1;2;3;4;5;6;7;8;9;10;11;12;13;14;15;16;17;18;19;20;21;22;23;24;26;27;28;29;30;31;32,31,1,0.03225806451612903,1,5,50.080775444264944,0.8345246956057693,0.8345246956057693,0.4298498467021304,1.0,overlap,-16.547530439423074,-40.467484890363885,4.7345054676233875,0.5997354251365439,0.5997354251365439,0.2319532472983795,1.0,overlap,-40.02645748634561,-36.77821778381644,25.248088207150722,1.0,1.0,0.5030737133639674,1.0,overlap,0.0,-49.69262866360326,False,False
single_omission,25,1;2;3;4;5;6;7;8;9;10;11;12;13;14;15;16;17;18;19;20;21;22;23;24;26;27;28;29;30;31;32,31,2,0.06451612903225806,1,10,91.87441932759103,1.0,1.0,0.48626551462919215,1.0,overlap,0.0,-51.37344853708079,8.458805932267115,0.895393058749349,0.895393058749349,0.33291104887134926,0.9378489406806406,overlap,-4.245588193129157,-56.248200987799976,46.98200691419579,0.9142015106597794,0.9142015106597794,0.5667074371455023,1.0,overlap,-8.57984893402206,-34.749407351427706,False,False
single_omission,25,1;2;3;4;5;6;7;8;9;10;11;12;13;14;15;16;17;18;19;20;21;22;23;24;26;27;28;29;30;31;32,31,3,0.0967741935483871,1,10,130.19004906962442,0.9545118195390997,0.9545118195390997,0.6354195496025693,0.9979592204092079,overlap,-4.344740087010823,-31.90922699365304,11.657382647643558,0.8310040204552166,0.8310040204552166,0.48514154295946077,0.924095327231436,overlap,-9.309130677621935,-34.586247749575584,68.02205292866945,0.7531517161383814,0.7531517161383814,0.6516708083541006,0.9509407260857325,overlap,-19.778900994735118,-10.148090778428076,False,False
single_omission,25,1;2;3;4;5;6;7;8;9;10;11;12;13;14;15;16;17;18;19;20;21;22;23;24;26;27;28;29;30;31;32,31,4,0.12903225806451613,1,5,168.2399896165923,0.9288032346062525,0.9288032346062525,0.7401269252907918,0.9098461570970676,M,1.895707750918485,-18.867630931546064,14.845346059260448,0.8639574622534242,0.8639574622534242,0.596419732122039,0.8413666357200116,M,2.25908265334126,-26.753773013138517,85.72498641630473,0.6786851452640312,0.6786851452640312,0.7706260179985477,0.9169828649569054,P,-23.829771969287417,9.194087273451645,True,True
single_omission,25,1;2;3;4;5;6;7;8;9;10;11;12;13;14;15;16;17;18;19;20;21;22;23;24;26;27;28;29;30;31;32,31,5,0.16129032258064516,1,1,206.09356698764054,0.936944575233537,0.936944575233537,0.8471866648832321,0.8471866648832321,M,8.97579103503049,-8.97579103503049,17.983761718716302,0.8904539089051325,0.8904539089051325,0.755601803453857,0.755601803453857,M,13.485210545127558,-13.485210545127558,102.57039504115394,0.6414156054330086,0.6414156054330086,0.8902178167052125,0.8902178167052125,P,-24.88022112722039,24.88022112722039,True,True
single_omission,25,1;2;3;4;5;6;7;8;9;10;11;12;13;14;15;16;17;18;19;20;21;22;23;24;26;27;28;29;30;31;32,31,6,0.1935483870967742,1,1,243.89996499345688,0.9467186581663112,0.9467186581663112,0.84868090477767,0.84868090477767,M,9.803775338864117,-9.803775338864117,21.117573740352462,0.8861976056294136,0.8861976056294136,0.7435484166753183,0.7435484166753183,M,14.26491889540953,-14.26491889540953,118.82667626458891,0.617715881434494,0.617715881434494,0.8381106033300945,0.8381106033300945,P,-22.03947218956005,22.03947218956005,True,True
single_omission,25,1;2;3;4;5;6;7;8;9;10;11;12;13;14;15;16;17;18;19;20;21;22;23;24;26;27;28;29;30;31;32,31,7,0.22580645161290322,1,4,281.0331253048963,0.9353162719487995,0.9353162719487995,0.8465212806258738,0.871238292892697,M,6.407797905610247,-8.879499132292567,24.17495372804178,0.8880126429684106,0.8880126429684106,0.7369912794066927,0.7721402440712967,M,11.587239889711398,-15.10213635617179,132.75007950517275,0.6069785228011935,0.6069785228011935,0.8169908846834948,0.8771015911605283,P,-27.012306835933487,21.00123618823013,True,True
single_omission,25,1;2;3;4;5;6;7;8;9;10;11;12;13;14;15;16;17;18;19;20;21;22;23;24;26;27;28;29;30;31;32,31,8,0.25806451612903225,1,6,318.14652736675197,0.916778166756478,0.916778166756478,0.8465787147468589,0.8760145499948326,M,4.076361676164542,-7.019945200961919,27.228531177580052,0.850611070042539,0.850611070042539,0.7479047275821981,0.7797864162052753,M,7.082465383726366,-10.270634246034094,145.52675080651431,0.6034608003959459,0.6034608003959459,0.8075266952986846,0.8664897139788136,P,-26.30289135828677,20.406589490273873,True,True
single_omission,25,1;2;3;4;5;6;7;8;9;10;11;12;13;14;15;16;17;18;19;20;21;22;23;24;26;27;28;29;30;31;32,31,9,0.2903225806451613,1,4,354.9829304003381,0.9170129854378688,0.9170129854378688,0.8540980958269174,0.8736660767371853,M,4.334690870068347,-6.291488961095137,30.193047330899184,0.8371358254304111,0.8371358254304111,0.7594573351620939,0.7876003902516601,M,4.953543517875103,-7.767849026831719,158.22840029622662,0.6614811117954893,0.6614811117954893,0.8037676083444649,0.8541991430689465,P,-19.27180312734572,14.228649654897563,True,True
single_omission,25,1;2;3;4;5;6;7;8;9;10;11;12;13;14;15;16;17;18;19;20;21;22;23;24;26;27;28;29;30;31;32,31,10,0.3225806451612903,1,1,390.0173572938172,0.9152400712897315,0.9152400712897315,0.8744324217860717,0.8744324217860717,M,4.080764950365978,-4.080764950365978,33.14934714665427,0.8393317247463264,0.8393317247463264,0.781157085993482,0.781157085993482,M,5.817463875284446,-5.817463875284446,170.3576224067916,0.6664263336299917,0.6664263336299917,0.8454231132623284,0.8454231132623284,P,-17.899677963233675,17.899677963233675,True,True
single_omission,25,1;2;3;4;5;6;7;8;9;10;11;12;13;14;15;16;17;18;19;20;21;22;23;24;26;27;28;29;30;31;32,31,11,0.3548387096774194,1,1,423.87152396048384,0.9314451878623519,0.9314451878623519,0.867864266179055,0.867864266179055,M,6.358092168329687,-6.358092168329687,36.08931289982868,0.8531006105212198,0.8531006105212198,0.7783383105753214,0.7783383105753214,M,7.476229994589834,-7.476229994589834,180.68670578443232,0.6818040756987654,0.6818040756987654,0.8259621173862706,0.8259621173862706,P,-14.415804168750512,14.415804168750512,True,True
single_omission,25,1;2;3;4;5;6;7;8;9;10;11;12;13;14;15;16;17;18;19;20;21;22;23;24;26;27;28;29;30;31;32,31,12,0.3870967741935484,1,1,457.26502576553804,0.9466348997217906,0.9466348997217906,0.8743576132805887,0.8743576132805887,M,7.227728644120191,-7.227728644120191,38.928763549265085,0.8730406127721266,0.8730406127721266,0.7922937511621417,0.7922937511621417,M,8.074686160998489,-8.074686160998489,190.34883250636136,0.761375046156962,0.761375046156962,0.8217318389967609,0.8217318389967609,P,-6.0356792839798885,6.0356792839798885,True,True
single_omission,25,1;2;3;4;5;6;7;8;9;10;11;12;13;14;15;16;17;18;19;20;21;22;23;24;26;27;28;29;30;31;32,31,13,0.41935483870967744,2,1,490.1677306504794,0.9483823932930059,0.9512183370336279,0.8809373516177667,0.8809373516177667,M,6.744504167523924,-7.028098541586125,41.68208481753956,0.8745486044861883,0.8886304318795426,0.8152526897049057,0.8152526897049057,M,5.92959147812826,-7.337774217463688,199.6385640074173,0.7544586697189115,0.7676133018338074,0.8183040484126746,0.8183040484126746,P,-6.384537869376306,5.069074657886718,True,True
single_omission,25,1;2;3;4;5;6;7;8;9;10;11;12;13;14;15;16;17;18;19;20;21;22;23;24;26;27;28;29;30;31;32,31,14,0.45161290322580644,1,5,522.5612519462204,0.9534957776885377,0.9534957776885377,0.8842707405960389,0.8986763919914043,M,5.481938569713341,-6.922503709249872,44.38271718369308,0.8901344727336296,0.8901344727336296,0.8109553904973337,0.8495588962837216,M,4.057557644990794,-7.917908223629588,208.69969526702164,0.7615603433340689,0.7615603433340689,0.8192394440438714,0.8606688483190176,P,-9.910850498494872,5.767910070980253,True,True
single_omission,25,1;2;3;4;5;6;7;8;9;10;11;12;13;14;15;16;17;18;19;20;21;22;23;24;26;27;28;29;30;31;32,31,15,0.4838709677419355,1,10,554.7559908547402,0.9527405180024558,0.9527405180024558,0.8889880375445688,0.9134229659686177,M,3.9317552033838132,-6.375248045788706,47.07636625488234,0.9183140174705531,0.9183140174705531,0.8219206193973215,0.8686672079756501,M,4.964680949490297,-9.639339807323156,217.56540282793256,0.7690427129126046,0.7690427129126046,0.8208377482508413,0.8730726819551614,P,-10.40299690425568,5.17950353382367,True,True
single_omission,25,1;2;3;4;5;6;7;8;9;10;11;12;13;14;15;16;17;18;19;20;21;22;23;24;26;27;28;29;30;31;32,31,16,0.5161290322580645,1,10,586.7594045522013,0.9556442464324313,0.9556442464324313,0.9032796722945101,0.9263818549339056,M,2.926239149852572,-5.236457413792117,49.64235032839861,0.9033498031274446,0.9033498031274446,0.8386589593149405,0.8829892440520993,M,2.0360559075345286,-6.469084381250411,225.94507887338096,0.7942032224470054,0.7942032224470054,0.8274823790465947,0.877780063996128,P,-8.35768415491226,3.3279156599589355,True,True
single_omission,25,1;2;3;4;5;6;7;8;9;10;11;12;13;14;15;16;17;18;19;20;21;22;23;24;26;27;28;29;30;31;32,31,17,0.5483870967741935,1,5,618.7533104748827,0.9436416537318555,0.9436416537318555,0.9165546836205756,0.9287208168772776,M,1.4920836854577901,-2.7086970111279918,52.18996744360288,0.8802954583781994,0.8802954583781994,0.8588042390410273,0.8916329332046664,overlap,-1.1337474826466964,-2.149121933717213,234.2634450290197,0.8254369901967074,0.8254369901967074,0.8421913830952854,0.879099847607306,P,-5.366285741059862,1.6754392898578052,False,True
single_omission,25,1;2;3;4;5;6;7;8;9;10;11;12;13;14;15;16;17;18;19;20;21;22;23;24;26;27;28;29;30;31;32,31,18,0.5806451612903226,1,1,650.7035179437624,0.9413855728544483,0.9413855728544483,0.9296517170198971,0.9296517170198971,M,1.1733855834551221,-1.1733855834551221,54.656584969345424,0.8898514316614725,0.8898514316614725,0.8881869543779597,0.8881869543779597,M,0.1664477283512822,-0.1664477283512822,242.54334923271693,0.8185043267286131,0.8185043267286131,0.8804650248158004,0.8804650248158004,P,-6.196069808718729,6.196069808718729,True,True
single_omission,25,1;2;3;4;5;6;7;8;9;10;11;12;13;14;15;16;17;18;19;20;21;22;23;24;26;27;28;29;30;31;32,31,19,0.6129032258064516,1,1,682.1390750516911,0.9295613472916573,0.9295613472916573,0.9312798430622673,0.9312798430622673,P,-0.17184957706100068,0.17184957706100068,57.09154630124309,0.8819884848896729,0.8819884848896729,0.8891711940680442,0.8891711940680442,P,-0.7182709178371383,0.7182709178371383,250.38891412837467,0.8435853919141372,0.8435853919141372,0.8794623145892297,0.8794623145892297,P,-3.587692267509257,3.587692267509257,False,False
single_omission,25,1;2;3;4;5;6;7;8;9;10;11;12;13;14;15;16;17;18;19;20;21;22;23;24;26;27;28;29;30;31;32,31,20,0.6451612903225806,2,1,713.2248894124617,0.9323810843991267,0.9410825809235465,0.9309039651673342,0.9309039651673342,M,0.14771192317925008,-1.0178615756212261,59.31043895648736,0.8828978393784375,0.8922555864842389,0.9013220675415252,0.9013220675415252,P,-1.8424228163087752,0.9066481057286357,257.99978716026186,0.8538207102423291,0.8587352573897992,0.8734917351509244,0.8734917351509244,P,-1.9671024908595292,1.4756477761125208,False,True
single_omission,25,1;2;3;4;5;6;7;8;9;10;11;12;13;14;15;16;17;18;19;20;21;22;23;24;26;27;28;29;30;31;32,31,21,0.6774193548387096,1,4,744.1321675779651,0.9435296960188614,0.9435296960188614,0.9309620560146616,0.9421404805055407,M,0.13892155133207185,-1.2567640004199743,61.50528636909737,0.8931109132821654,0.8931109132821654,0.896687686698378,0.9172237154423905,P,-2.4112802160225044,0.3576773416212542,265.6097643363796,0.8682461108663344,0.8682461108663344,0.8698960168977302,0.8780032888983013,P,-0.9757178031966851,0.16499060313958092,False,True
single_omission,25,1;2;3;4;5;6;7;8;9;10;11;12;13;14;15;16;17;18;19;20;21;22;23;24;26;27;28;29;30;31;32,31,22,0.7096774193548387,2,6,774.466895611438,0.9457415546831145,0.9560465809583303,0.9358207955425828,0.9504750545003685,overlap,-0.47334998172540166,-2.022578541574749,63.68666927420447,0.8944090749662893,0.8973610299821072,0.9042079754239777,0.9245376698071911,P,-3.01285948409018,0.6846945441870478,272.9146483320726,0.8693975362224418,0.9221003432598994,0.8731525400437323,0.8812686754501057,overlap,-1.1871139227663918,-4.894780321616709,False,False
single_omission,25,1;2;3;4;5;6;7;8;9;10;11;12;13;14;15;16;17;18;19;20;21;22;23;24;26;27;28;29;30;31;32,31,23,0.7419354838709677,1,4,804.7454583889916,0.9577701217365997,0.9577701217365997,0.9441453137082569,0.9544817811710946,M,0.3288340565505088,-1.362480802834276,65.82117639449903,0.8991153128860744,0.8991153128860744,0.912360050384731,0.9315495331313514,P,-3.243422024527698,1.3244737498656622,280.15789069300234,0.9220206799616788,0.9220206799616788,0.8766520971244544,0.8843383721751267,M,3.7682307786552127,-4.536858283722445,False,False
single_omission,25,1;2;3;4;5;6;7;8;9;10;11;12;13;14;15;16;17;18;19;20;21;22;23;24;26;27;28;29;30;31;32,31,24,0.7741935483870968,1,1,833.5603934539266,0.9692090966703233,0.9692090966703233,0.9560552778608685,0.9560552778608685,M,1.3153818809454765,-1.3153818809454765,67.9359679534628,0.906968588164887,0.906968588164887,0.9274749963168935,0.9274749963168935,P,-2.050640815200644,2.050640815200644,287.3540516315743,0.9243518626618833,0.9243518626618833,0.8820010222879813,0.8820010222879813,M,4.235084037390202,-4.235084037390202,False,False
single_omission,25,1;2;3;4;5;6;7;8;9;10;11;12;13;14;15;16;17;18;19;20;21;22;23;24;26;27;28;29;30;31;32,31,25,0.8064516129032258,1,1,862.2419003032416,0.9680733938877317,0.9680733938877317,0.9686903907426617,0.9686903907426617,P,-0.061699685492999645,0.061699685492999645,70.04934368457967,0.9109383899484578,0.9109383899484578,0.928485560017882,0.928485560017882,P,-1.754717006942419,1.754717006942419,294.5293737246532,0.9195427676168547,0.9195427676168547,0.9319498759696713,0.9319498759696713,P,-1.2407108352816554,1.2407108352816554,False,False
single_omission,25,1;2;3;4;5;6;7;8;9;10;11;12;13;14;15;16;17;18;19;20;21;22;23;24;26;27;28;29;30;31;32,31,26,0.8387096774193549,2,1,889.0610271223685,0.9738355756543248,0.9782769046657751,0.966120560929516,0.966120560929516,M,0.7715014724808733,-1.2156343736259068,72.08023615701921,0.9260597032554445,0.9262863127041858,0.9447414120454432,0.9447414120454432,P,-1.8681708789998641,1.845509934125733,301.4787226848769,0.9243701110083801,0.9522683197206697,0.9412815016792777,0.9412815016792777,overlap,-1.6911390670897641,-1.098681804139201,False,False
single_omission,25,1;2;3;4;5;6;7;8;9;10;11;12;13;14;15;16;17;18;19;20;21;22;23;24;26;27;28;29;30;31;32,31,27,0.8709677419354839,1,1,915.3417355588568,0.9841501256173106,0.9841501256173106,0.9735542940019843,0.9735542940019843,M,1.059583161532629,-1.059583161532629,74.09120814204661,0.9408255536644186,0.9408255536644186,0.9408768760580789,0.9408768760580789,P,-0.0051322393660346854,0.0051322393660346854,308.13540065060977,0.9571577980186083,0.9571577980186083,0.9603101957741604,0.9603101957741604,P,-0.31523977555520943,0.31523977555520943,False,True
single_omission,25,1;2;3;4;5;6;7;8;9;10;11;12;13;14;15;16;17;18;19;20;21;22;23;24;26;27;28;29;30;31;32,31,28,0.9032258064516129,1,1,939.0364304634489,0.9943558722818925,0.9943558722818925,0.9840274051576988,0.9840274051576988,M,1.0328467124193663,-1.0328467124193663,75.80905417958967,0.9608445156298228,0.9608445156298228,0.9608946750493299,0.9608946750493299,P,-0.005015941950714531,0.005015941950714531,314.7852112946043,0.9597984647192667,0.9597984647192667,0.9628842683420681,0.9628842683420681,P,-0.30858036228014196,0.30858036228014196,False,True
single_omission,25,1;2;3;4;5;6;7;8;9;10;11;12;13;14;15;16;17;18;19;20;21;22;23;24;26;27;28;29;30;31;32,31,29,0.9354838709677419,1,2,962.184578611597,0.9977473331985025,0.9977473331985025,0.982837065709519,0.9876673473869891,M,1.007998581151337,-1.4910267488983497,77.50227966656026,0.9673937513374433,0.9673937513374433,0.9674428149026364,0.9680476459477902,P,-0.06538946103469279,0.0049063565193074865,320.47740558477943,0.9635006018519479,0.9635006018519479,0.9665315966381318,0.9856495143152522,P,-2.2148912463304304,0.30309947861839603,False,True
single_omission,25,1;2;3;4;5;6;7;8;9;10;11;12;13;14;15;16;17;18;19;20;21;22;23;24;26;27;28;29;30;31;32,31,30,0.967741935483871,1,1,983.8176645076734,0.9998923863105381,0.9998923863105381,0.9879385290733205,0.9879385290733205,M,1.1953857237217647,-1.1953857237217647,79.11580003906663,0.9863086894526116,0.9863086894526116,0.9752844118241164,0.9752844118241164,M,1.1024277628495227,-1.1024277628495227,325.6935081749213,0.9765927065734296,0.9765927065734296,0.9902813587381153,0.9902813587381153,P,-1.3688652164685733,1.3688652164685733,True,True
single_omission,26,1;2;3;4;5;6;7;8;9;10;11;12;13;14;15;16;17;18;19;20;21;22;23;24;25;27;28;29;30;31;32,31,1,0.03225806451612903,1,5,50.080775444264944,0.8345246956057693,0.8345246956057693,0.4298498467021304,1.0,overlap,-16.547530439423074,-40.467484890363885,4.7345054676233875,0.5997354251365439,0.5997354251365439,0.2319532472983795,1.0,overlap,-40.02645748634561,-36.77821778381644,25.248088207150722,1.0,1.0,0.5030737133639674,1.0,overlap,0.0,-49.69262866360326,False,False
single_omission,26,1;2;3;4;5;6;7;8;9;10;11;12;13;14;15;16;17;18;19;20;21;22;23;24;25;27;28;29;30;31;32,31,2,0.06451612903225806,1,10,91.87441932759103,1.0,1.0,0.48626551462919215,1.0,overlap,0.0,-51.37344853708079,8.458805932267115,0.895393058749349,0.895393058749349,0.33291104887134926,0.9378489406806406,overlap,-4.245588193129157,-56.248200987799976,46.98200691419579,0.9142015106597794,0.9142015106597794,0.5667074371455023,1.0,overlap,-8.57984893402206,-34.749407351427706,False,False
single_omission,26,1;2;3;4;5;6;7;8;9;10;11;12;13;14;15;16;17;18;19;20;21;22;23;24;25;27;28;29;30;31;32,31,3,0.0967741935483871,1,10,130.19004906962442,0.9545118195390997,0.9545118195390997,0.6354195496025693,0.9979592204092079,overlap,-4.344740087010823,-31.90922699365304,11.750281508022889,0.8244340224157465,0.8244340224157465,0.4813059670685486,0.916789340330352,overlap,-9.235531791460549,-34.312805534719786,68.02205292866945,0.7531517161383814,0.7531517161383814,0.6516708083541006,0.9509407260857325,overlap,-19.778900994735118,-10.148090778428076,False,False
single_omission,26,1;2;3;4;5;6;7;8;9;10;11;12;13;14;15;16;17;18;19;20;21;22;23;24;25;27;28;29;30;31;32,31,4,0.12903225806451613,1,5,168.2399896165923,0.9288032346062525,0.9288032346062525,0.7401269252907918,0.9098461570970676,M,1.895707750918485,-18.867630931546064,14.948858223399332,0.8579750584266351,0.8579750584266351,0.5922898717484588,0.8355406602511088,M,2.2434398175526282,-26.56851866781763,85.72498641630473,0.6786851452640312,0.6786851452640312,0.7706260179985477,0.9169828649569054,P,-23.829771969287417,9.194087273451645,True,True
single_omission,26,1;2;3;4;5;6;7;8;9;10;11;12;13;14;15;16;17;18;19;20;21;22;23;24;25;27;28;29;30;31;32,31,5,0.16129032258064516,1,1,206.09356698764054,0.936944575233537,0.936944575233537,0.8471866648832321,0.8471866648832321,M,8.97579103503049,-8.97579103503049,18.136821635016226,0.8829392074040259,0.8829392074040259,0.7492251432473391,0.7492251432473391,M,13.371406415668673,-13.371406415668673,102.57039504115394,0.6414156054330086,0.6414156054330086,0.8902178167052125,0.8902178167052125,P,-24.88022112722039,24.88022112722039,True,True
single_omission,26,1;2;3;4;5;6;7;8;9;10;11;12;13;14;15;16;17;18;19;20;21;22;23;24;25;27;28;29;30;31;32,31,6,0.1935483870967742,1,1,243.22672729907993,0.9252620365678471,0.9252620365678471,0.8510300050675065,0.8510300050675065,M,7.423203150034063,-7.423203150034063,21.275237294472078,0.8821068328295504,0.8821068328295504,0.7380382320221252,0.7380382320221252,M,14.406860080742522,-14.406860080742522,118.82667626458891,0.6140504508047724,0.6140504508047724,0.8381106033300945,0.8381106033300945,P,-22.406015252532207,22.406015252532207,True,True
single_omission,26,1;2;3;4;5;6;7;8;9;10;11;12;13;14;15;16;17;18;19;20;21;22;23;24;25;27;28;29;30;31;32,31,7,0.22580645161290322,1,4,280.3401293609356,0.90555495102368,0.90555495102368,0.8486138665688406,0.8733919788618598,M,3.216297216182018,-5.694108445483936,24.409049316108238,0.8382242753302223,0.8382242753302223,0.7299231464073994,0.7647350140615247,M,7.34892612686976,-10.830112892282283,132.75007950517275,0.6042091785391954,0.6042091785391954,0.8169908846834948,0.8771015911605283,P,-27.28924126213329,21.278170614429936,True,True
single_omission,26,1;2;3;4;5;6;7;8;9;10;11;12;13;14;15;16;17;18;19;20;21;22;23;24;25;27;28;29;30;31;32,31,8,0.25806451612903225,1,6,317.1765323945217,0.9071212066288745,0.9071212066288745,0.8491677369885177,0.87869359343692,M,2.8427613191954526,-5.795346964035685,27.466429303797547,0.8219142351473033,0.8219142351473033,0.7414268148068228,0.7730323629130463,M,4.8881872234257,-8.04874203404805,145.52675080651431,0.6669167323245014,0.6669167323245014,0.8075266952986846,0.8664897139788136,P,-19.957298165431215,14.060996297418315,True,True
single_omission,26,1;2;3;4;5;6;7;8;9;10;11;12;13;14;15;16;17;18;19;20;21;22;23;24;25;27;28;29;30;31;32,31,9,0.2903225806451613,1,4,352.45608675804556,0.9055117158668965,0.9055117158668965,0.8602213333717295,0.8799296019093453,M,2.5582113957551167,-4.529038249516704,30.520006753335828,0.8231540232512113,0.8231540232512113,0.7513213038146326,0.7791628636551297,M,4.399115959608169,-7.183271943657877,158.22840029622662,0.6694116383423956,0.6694116383423956,0.8037676083444649,0.8541991430689465,P,-18.478750472655094,13.435597000206933,True,True
single_omission,26,1;2;3;4;5;6;7;8;9;10;11;12;13;14;15;16;17;18;19;20;21;22;23;24;25;27;28;29;30;31;32,31,10,0.3225806451612903,1,1,387.4905136515247,0.9213301504978743,0.9213301504978743,0.8801346362345825,0.8801346362345825,M,4.119551426329171,-4.119551426329171,33.48452290665496,0.8388108912371395,0.8388108912371395,0.7733378042104421,0.7733378042104421,M,6.54730870266974,-6.54730870266974,170.3576224067916,0.6784672018991185,0.6784672018991185,0.8454231132623284,0.8454231132623284,P,-16.695591136321,16.695591136321,True,True
single_omission,26,1;2;3;4;5;6;7;8;9;10;11;12;13;14;15;16;17;18;19;20;21;22;23;24;25;27;28;29;30;31;32,31,11,0.3548387096774194,1,1,421.34468031819137,0.937609164799913,0.937609164799913,0.873068929737905,0.873068929737905,M,6.454023506200802,-6.454023506200802,36.44082272241005,0.8585360285545438,0.8585360285545438,0.7708304240618162,0.7708304240618162,M,8.770560449272757,-8.770560449272757,180.68670578443232,0.7599672455559177,0.7599672455559177,0.8259621173862706,0.8259621173862706,P,-6.599487183035291,6.599487183035291,True,True
single_omission,26,1;2;3;4;5;6;7;8;9;10;11;12;13;14;15;16;17;18;19;20;21;22;23;24;25;27;28;29;30;31;32,31,12,0.3870967741935484,2,1,454.7381821232455,0.9391339110990744,0.9421908088090986,0.8865376150675315,0.8865376150675315,M,5.259629603154292,-5.565319374156708,39.38078847558445,0.8570772208897405,0.8719819484616541,0.7968649593567299,0.7968649593567299,M,6.021226153301063,-7.511698910492425,190.34883250636136,0.7512952431108993,0.7650918702342935,0.828595854173587,0.828595854173587,P,-7.730061106268771,6.350398393929357,True,True
single_omission,26,1;2;3;4;5;6;7;8;9;10;11;12;13;14;15;16;17;18;19;20;21;22;23;24;25;27;28;29;30;31;32,31,13,0.41935483870967744,1,1,487.6408870081869,0.9442472146532915,0.9442472146532915,0.8922400121080533,0.8922400121080533,M,5.200720254523827,-5.200720254523827,42.22023912502085,0.871760912666805,0.871760912666805,0.8084864601365567,0.8084864601365567,M,6.327445253024832,-6.327445253024832,199.6385640074173,0.7580025397485779,0.7580025397485779,0.8259805733150131,0.8259805733150131,P,-6.7978033566435165,6.7978033566435165,True,True
single_omission,26,1;2;3;4;5;6;7;8;9;10;11;12;13;14;15;16;17;18;19;20;21;22;23;24;25;27;28;29;30;31;32,31,14,0.45161290322580644,1,1,520.0344083039279,0.9436531588103915,0.9436531588103915,0.8981840612713164,0.8981840612713164,M,4.546909753907502,-4.546909753907502,44.97356039329534,0.9012018239793375,0.9012018239793375,0.8287737730748922,0.8287737730748922,M,7.242805090444526,-7.242805090444526,208.69969526702164,0.7652441197410135,0.7652441197410135,0.823417227777865,0.823417227777865,P,-5.8173108036851495,5.8173108036851495,True,True
single_omission,26,1;2;3;4;5;6;7;8;9;10;11;12;13;14;15;16;17;18;19;20;21;22;23;24;25;27;28;29;30;31;32,31,15,0.4838709677419355,1,4,552.2291472124476,0.9469381571658321,0.9469381571658321,0.9006499967258346,0.9130268140648019,M,3.3911343101030167,-4.62881604399975,47.667209464484586,0.8841250726285765,0.8841250726285765,0.824127943760995,0.8600714885764906,M,2.405358405208591,-5.999712886758157,217.56540282793256,0.7898104867403731,0.7898104867403731,0.8248411712449623,0.8645823430256402,P,-7.477185628526706,3.5030684504589127,True,True
single_omission,26,1;2;3;4;5;6;7;8;9;10;11;12;13;14;15;16;17;18;19;20;21;22;23;24;25;27;28;29;30;31;32,31,16,0.5161290322580645,1,6,584.2325609099087,0.9346877180078458,0.9346877180078458,0.9045216397499994,0.9260634516913204,M,0.8624266316525353,-3.016607825784634,50.23319353800086,0.8608244051743218,0.8608244051743218,0.8405566538791297,0.8796010784900214,overlap,-1.8776673315699655,-2.0267751295192094,226.0472821962263,0.8217698445262693,0.8217698445262693,0.8309614515664285,0.8778353236013583,P,-5.606547907508896,0.91916070401592,False,True
single_omission,26,1;2;3;4;5;6;7;8;9;10;11;12;13;14;15;16;17;18;19;20;21;22;23;24;25;27;28;29;30;31;32,31,17,0.5483870967741935,1,4,616.2264668325902,0.932703375994756,0.932703375994756,0.9173370951246879,0.9284285357754494,M,0.4274840219306575,-1.5366280870068083,52.78081065320515,0.8703088764658062,0.8703088764658062,0.8603848240217196,0.8928460245681398,overlap,-2.2537148102333537,-0.9924052444086673,234.42695824167464,0.8143769350004806,0.8143769350004806,0.8453194231602439,0.8822021439538296,P,-6.782520895334898,3.0942488159763304,False,True
single_omission,26,1;2;3;4;5;6;7;8;9;10;11;12;13;14;15;16;17;18;19;20;21;22;23;24;25;27;28;29;30;31;32,31,18,0.5806451612903226,1,1,648.1766743014697,0.9199401078141612,0.9199401078141612,0.9293774721748695,0.9293774721748695,P,-0.94373643607083,0.94373643607083,55.24742817894768,0.8625461062501926,0.8625461062501926,0.8893827381624418,0.8893827381624418,P,-2.6836631912249276,2.6836631912249276,242.74532439731342,0.8387949705296424,0.8387949705296424,0.8833205865853996,0.8833205865853996,P,-4.452561605575722,4.452561605575722,False,False
single_omission,26,1;2;3;4;5;6;7;8;9;10;11;12;13;14;15;16;17;18;19;20;21;22;23;24;25;27;28;29;30;31;32,31,19,0.6129032258064516,1,1,679.6122314093985,0.9292994516789215,0.9292994516789215,0.9310243369315208,0.9310243369315208,P,-0.17248852525992842,0.17248852525992842,57.68238951084535,0.8831972819410623,0.8831972819410623,0.8903064183187822,0.8903064183187822,P,-0.7109136377719927,0.7109136377719927,251.02522860101067,0.8449168148332195,0.8449168148332195,0.8807027944375337,0.8807027944375337,P,-3.578597960431429,3.578597960431429,False,False
single_omission,26,1;2;3;4;5;6;7;8;9;10;11;12;13;14;15;16;17;18;19;20;21;22;23;24;25;27;28;29;30;31;32,31,20,0.6451612903225806,2,1,710.6980457701692,0.9321406694606001,0.9408731036262615,0.9306582984212898,0.9306582984212898,M,0.14823710393103706,-1.0214805204971755,59.90128216608962,0.8840528900539998,0.8933183359412846,0.9022953887163377,0.9022953887163377,P,-1.8242498662337958,0.8977052775053118,258.8707934966684,0.8543125505380632,0.8592105620167226,0.8739173895818587,0.8739173895818587,P,-1.9604839043795508,1.4706827565136082,False,True
single_omission,26,1;2;3;4;5;6;7;8;9;10;11;12;13;14;15;16;17;18;19;20;21;22;23;24;25;27;28;29;30;31;32,31,21,0.6774193548387096,1,4,741.6053239356726,0.9433372868977459,0.9433372868977459,0.9307268256512785,0.9419433379631911,M,0.13939489345548006,-1.2610461246467364,62.09612957869963,0.8941279604233688,0.8941279604233688,0.8976707009248154,0.9180113298392745,P,-2.388336941590563,0.35427405014465396,266.48077067278615,0.8686767553439525,0.8686767553439525,0.8703212685711913,0.8784020415292024,P,-0.9725286185249926,0.16445132272387974,False,True
single_omission,26,1;2;3;4;5;6;7;8;9;10;11;12;13;14;15;16;17;18;19;20;21;22;23;24;25;27;28;29;30;31;32,31,22,0.7096774193548387,2,6,771.9400519691454,0.9455639468400704,0.9559027052555744,0.9356107134068821,0.9503129411427944,overlap,-0.4748994302724019,-2.029199184869235,64.27751248380673,0.8953796738373564,0.8983044942845088,0.9050885021442525,0.9252313246119941,P,-2.9851650774637695,0.6784007859743757,273.78565466847914,0.8698130275805931,0.9223481688616705,0.8735560854431901,0.8816464006312812,overlap,-1.18333730506881,-4.87920834184804,False,False
single_omission,26,1;2;3;4;5;6;7;8;9;10;11;12;13;14;15;16;17;18;19;20;21;22;23;24;25;27;28;29;30;31;32,31,23,0.7419354838709677,1,4,802.218614746699,0.9576371052527597,0.9576371052527597,0.9439693815416952,0.9543384070088127,M,0.3298698243947018,-1.3667723711064506,66.41201960410129,0.9000128466862727,0.9000128466862727,0.9131397506472549,0.93215851165338,P,-3.2145664967107357,1.3126903960982261,281.0288970294089,0.9222623650075228,0.9222623650075228,0.8770343951945913,0.8846968478044284,M,3.7565517203094423,-4.522796981293153,False,False
single_omission,26,1;2;3;4;5;6;7;8;9;10;11;12;13;14;15;16;17;18;19;20;21;22;23;24;25;27;28;29;30;31;32,31,24,0.7741935483870968,1,1,831.0335498116341,0.9691154737373663,0.9691154737373663,0.9559216593784682,0.9559216593784682,M,1.3193814358898104,-1.3193814358898104,68.52681116306505,0.9077707118450871,0.9077707118450871,0.928100312236681,0.928100312236681,P,-2.0329600391593927,2.0329600391593927,288.22505796798083,0.9245804687637378,0.9245804687637378,0.8823576111911157,0.8823576111911157,M,4.2222857572622114,-4.2222857572622114,False,False
single_omission,26,1;2;3;4;5;6;7;8;9;10;11;12;13;14;15;16;17;18;19;20;21;22;23;24;25;27;28;29;30;31;32,31,25,0.8064516129032258,1,1,859.715056660949,0.9679795563527838,0.9679795563527838,0.9685983666627277,0.9685983666627277,P,-0.061881030994392905,0.061881030994392905,70.64018689418194,0.9116833122065771,0.9116833122065771,0.9290837155878159,0.9290837155878159,P,-1.7400403381238827,1.7400403381238827,295.40038006105976,0.9197800007551499,0.9197800007551499,0.9321505259797065,0.9321505259797065,P,-1.2370525224556617,1.2370525224556617,False,False
single_omission,26,1;2;3;4;5;6;7;8;9;10;11;12;13;14;15;16;17;18;19;20;21;22;23;24;25;27;28;29;30;31;32,31,26,0.8387096774193549,2,1,886.534183480076,0.973761000516057,0.9782149884234473,0.9660239960741331,0.9660239960741331,M,0.7737004441923823,-1.21909923493142,72.67107936662147,0.9266608656797304,0.926885632708417,0.9451906851503665,0.9451906851503665,P,-1.8529819470636144,1.8305052441949576,302.34972902128345,0.9245879849014597,0.9524058247090328,0.9414506573926537,0.9414506573926537,overlap,-1.6862672491193997,-1.0955167316379133,False,False
single_omission,26,1;2;3;4;5;6;7;8;9;10;11;12;13;14;15;16;17;18;19;20;21;22;23;24;25;27;28;29;30;31;32,31,27,0.8709677419354839,1,1,912.8148919165643,0.9841062501780844,0.9841062501780844,0.973481087304045,0.973481087304045,M,1.0625162874039362,-1.0625162874039362,74.68205135164888,0.9412937092542362,0.9412937092542362,0.9413446256134177,0.9413446256134177,P,-0.005091635918152981,0.005091635918152981,309.0064069870163,0.9572785587165992,0.9572785587165992,0.9604220707068148,0.9604220707068148,P,-0.3143511990215675,0.3143511990215675,False,True
single_omission,26,1;2;3;4;5;6;7;8;9;10;11;12;13;14;15;16;17;18;19;20;21;22;23;24;25;27;28;29;30;31;32,31,28,0.9032258064516129,1,1,936.5095868211564,0.9943406435768782,0.9943406435768782,0.983984308695798,0.983984308695798,M,1.0356334881080231,-1.0356334881080231,76.39989738919192,0.9611473269273425,0.9611473269273425,0.9611970984359567,0.9611970984359567,P,-0.004977150861418256,0.004977150861418256,315.6562176310109,0.9599093948705101,0.9599093948705101,0.9629866836776411,0.9629866836776411,P,-0.30772888071309845,0.30772888071309845,False,True
single_omission,26,1;2;3;4;5;6;7;8;9;10;11;12;13;14;15;16;17;18;19;20;21;22;23;24;25;27;28;29;30;31;32,31,29,0.9354838709677419,1,2,959.6577349693044,0.9977414017746437,0.9977414017746437,0.9827918745441537,0.9876348746795724,M,1.0106527095071205,-1.4949527230489923,78.09312287616251,0.9676404463075422,0.9676404463075422,0.9676891386636804,0.9682893936296253,P,-0.06489473220830932,0.004869235613824685,321.34841192118597,0.9635995325013074,0.9635995325013074,0.966622311856618,0.9856884109255923,P,-2.2088878424284974,0.30227793553105897,False,True
single_omission,26,1;2;3;4;5;6;7;8;9;10;11;12;13;14;15;16;17;18;19;20;21;22;23;24;25;27;28;29;30;31;32,31,30,0.967741935483871,1,1,981.2908208653809,0.9998921092031187,0.9998921092031187,0.9879074705425773,0.9879074705425773,M,1.1984638660541336,-1.1984638660541336,79.70664324866885,0.9864101793352339,0.9864101793352339,0.9754676216150435,0.9754676216150435,M,1.0942557720190371,-1.0942557720190371,326.56451451132784,0.9766551380379234,0.9766551380379234,0.9903072801035553,0.9903072801035553,P,-1.3652142065631923,1.3652142065631923,True,True
single_omission,27,1;2;3;4;5;6;7;8;9;10;11;12;13;14;15;16;17;18;19;20;21;22;23;24;25;26;28;29;30;31;32,31,1,0.03225806451612903,1,5,50.080775444264944,0.8345246956057693,0.8345246956057693,0.4298498467021304,1.0,overlap,-16.547530439423074,-40.467484890363885,4.7345054676233875,0.5997354251365439,0.5997354251365439,0.2319532472983795,1.0,overlap,-40.02645748634561,-36.77821778381644,25.248088207150722,1.0,1.0,0.5030737133639674,1.0,overlap,0.0,-49.69262866360326,False,False
single_omission,27,1;2;3;4;5;6;7;8;9;10;11;12;13;14;15;16;17;18;19;20;21;22;23;24;25;26;28;29;30;31;32,31,2,0.06451612903225806,1,10,91.87441932759103,1.0,1.0,0.48626551462919215,1.0,overlap,0.0,-51.37344853708079,8.458805932267115,0.895393058749349,0.895393058749349,0.33291104887134926,0.9378489406806406,overlap,-4.245588193129157,-56.248200987799976,46.98200691419579,0.9142015106597794,0.9142015106597794,0.5667074371455023,1.0,overlap,-8.57984893402206,-34.749407351427706,False,False
single_omission,27,1;2;3;4;5;6;7;8;9;10;11;12;13;14;15;16;17;18;19;20;21;22;23;24;25;26;28;29;30;31;32,31,3,0.0967741935483871,1,10,130.19004906962442,0.9545118195390997,0.9545118195390997,0.6354195496025693,0.9979592204092079,overlap,-4.344740087010823,-31.90922699365304,11.750281508022889,0.8244340224157465,0.8244340224157465,0.4813059670685486,0.916789340330352,overlap,-9.235531791460549,-34.312805534719786,68.02205292866945,0.7531517161383814,0.7531517161383814,0.6516708083541006,0.9509407260857325,overlap,-19.778900994735118,-10.148090778428076,False,False
single_omission,27,1;2;3;4;5;6;7;8;9;10;11;12;13;14;15;16;17;18;19;20;21;22;23;24;25;26;28;29;30;31;32,31,4,0.12903225806451613,1,5,168.2399896165923,0.9288032346062525,0.9288032346062525,0.7401269252907918,0.9098461570970676,M,1.895707750918485,-18.867630931546064,14.948858223399332,0.8579750584266351,0.8579750584266351,0.5922898717484588,0.8355406602511088,M,2.2434398175526282,-26.56851866781763,85.72498641630473,0.6786851452640312,0.6786851452640312,0.7706260179985477,0.9169828649569054,P,-23.829771969287417,9.194087273451645,True,True
single_omission,27,1;2;3;4;5;6;7;8;9;10;11;12;13;14;15;16;17;18;19;20;21;22;23;24;25;26;28;29;30;31;32,31,5,0.16129032258064516,1,1,206.09356698764054,0.936944575233537,0.936944575233537,0.8471866648832321,0.8471866648832321,M,8.97579103503049,-8.97579103503049,18.136821635016226,0.8829392074040259,0.8829392074040259,0.7492251432473391,0.7492251432473391,M,13.371406415668673,-13.371406415668673,102.57039504115394,0.6414156054330086,0.6414156054330086,0.8902178167052125,0.8902178167052125,P,-24.88022112722039,24.88022112722039,True,True
single_omission,27,1;2;3;4;5;6;7;8;9;10;11;12;13;14;15;16;17;18;19;20;21;22;23;24;25;26;28;29;30;31;32,31,6,0.1935483870967742,1,1,243.89996499345688,0.9467186581663112,0.9467186581663112,0.84868090477767,0.84868090477767,M,9.803775338864117,-9.803775338864117,21.275237294472078,0.8796302963100422,0.8796302963100422,0.7380382320221252,0.7380382320221252,M,14.159206428791704,-14.159206428791704,118.82667626458891,0.617715881434494,0.617715881434494,0.8381106033300945,0.8381106033300945,P,-22.03947218956005,22.03947218956005,True,True
single_omission,27,1;2;3;4;5;6;7;8;9;10;11;12;13;14;15;16;17;18;19;20;21;22;23;24;25;26;28;29;30;31;32,31,7,0.22580645161290322,1,4,281.0331253048963,0.9353162719487995,0.9353162719487995,0.8465212806258738,0.871238292892697,M,6.407797905610247,-8.879499132292567,24.409049316108238,0.8794961358659011,0.8794961358659011,0.7299231464073994,0.7647350140615247,M,11.476112180437648,-14.957298945850173,132.75007950517275,0.6069785228011935,0.6069785228011935,0.8169908846834948,0.8771015911605283,P,-27.012306835933487,21.00123618823013,True,True
single_omission,27,1;2;3;4;5;6;7;8;9;10;11;12;13;14;15;16;17;18;19;20;21;22;23;24;25;26;28;29;30;31;32,31,8,0.25806451612903225,1,6,318.14652736675197,0.916778166756478,0.916778166756478,0.8465787147468589,0.8760145499948326,M,4.076361676164542,-7.019945200961919,27.466429303797547,0.8432435750738719,0.8432435750738719,0.7414268148068228,0.7730323629130463,M,7.02112121608256,-10.181676026704912,145.45172899488506,0.6037720563899845,0.6037720563899845,0.807943205408526,0.8669366363258356,P,-26.316457993585107,20.41711490185415,True,True
single_omission,27,1;2;3;4;5;6;7;8;9;10;11;12;13;14;15;16;17;18;19;20;21;22;23;24;25;26;28;29;30;31;32,31,9,0.2903225806451613,1,4,354.9829304003381,0.9170129854378688,0.9170129854378688,0.8540980958269174,0.8736660767371853,M,4.334690870068347,-6.291488961095137,30.520006753335828,0.8281676280051653,0.8281676280051653,0.7513213038146326,0.7791628636551297,M,4.900476435003565,-7.684632419053273,157.58095110545005,0.6641989238631382,0.6641989238631382,0.8070700296329797,0.8577087712318832,P,-19.350984736874498,14.287110576984151,True,True
single_omission,27,1;2;3;4;5;6;7;8;9;10;11;12;13;14;15;16;17;18;19;20;21;22;23;24;25;26;28;29;30;31;32,31,10,0.3225806451612903,1,1,390.2624847638619,0.9146652005503764,0.9146652005503764,0.8738831827081543,0.8738831827081543,M,4.078201784222202,-4.078201784222202,33.48452290665496,0.8309301223248499,0.8309301223248499,0.7733378042104421,0.7733378042104421,M,5.759231811440779,-5.759231811440779,167.91003448309078,0.6761406848374726,0.6761406848374726,0.8577466614576973,0.8577466614576973,P,-18.16059766202247,18.16059766202247,True,True
single_omission,27,1;2;3;4;5;6;7;8;9;10;11;12;13;14;15;16;17;18;19;20;21;22;23;24;25;26;28;29;30;31;32,31,11,0.3548387096774194,1,1,425.296911657341,0.928323438151304,0.928323438151304,0.8649556086890842,0.8649556086890842,M,6.336782946221986,-6.336782946221986,36.44082272241005,0.844871563484256,0.844871563484256,0.7708304240618162,0.7708304240618162,M,7.404113942243972,-7.404113942243972,177.5721612050198,0.6937626460837776,0.6937626460837776,0.8404491620786836,0.8404491620786836,P,-14.668651599490602,14.668651599490602,True,True
single_omission,27,1;2;3;4;5;6;7;8;9;10;11;12;13;14;15;16;17;18;19;20;21;22;23;24;25;26;28;29;30;31;32,31,12,0.3870967741935484,1,1,459.15107832400776,0.9427464123396547,0.9427464123396547,0.8780171113421681,0.8780171113421681,M,6.472930099748664,-6.472930099748664,39.38078847558445,0.8630195813520268,0.8630195813520268,0.7968649593567299,0.7968649593567299,M,6.6154621995296985,-6.6154621995296985,186.86189270607576,0.7755826992687977,0.7755826992687977,0.844057882415023,0.844057882415023,P,-6.8475183146225245,6.8475183146225245,True,True
single_omission,27,1;2;3;4;5;6;7;8;9;10;11;12;13;14;15;16;17;18;19;20;21;22;23;24;25;26;28;29;30;31;32,31,13,0.41935483870967744,2,1,492.5445801290619,0.9438058284744374,0.9466280869332125,0.883357016769038,0.883357016769038,M,6.04488117053994,-6.327107016417455,42.22023912502085,0.8634012943723742,0.8773036297442243,0.8084864601365567,0.8084864601365567,M,5.491483423581755,-6.881716960766759,195.9230239656801,0.768766438864346,0.7821705391702075,0.84164470421566,0.84164470421566,P,-7.2878265351313924,5.947416504545244,True,True
single_omission,27,1;2;3;4;5;6;7;8;9;10;11;12;13;14;15;16;17;18;19;20;21;22;23;24;25;26;28;29;30;31;32,31,14,0.45161290322580644,1,1,525.4472850140033,0.9482586769880799,0.9482586769880799,0.8889314497814941,0.8889314497814941,M,5.932722720658578,-5.932722720658578,44.97356039329534,0.8784402705346426,0.8784402705346426,0.8287737730748922,0.8287737730748922,M,4.9666497459750385,-4.9666497459750385,204.788731526591,0.776104282674514,0.776104282674514,0.8391424822734572,0.8391424822734572,P,-6.303819959894319,6.303819959894319,True,True
single_omission,27,1;2;3;4;5;6;7;8;9;10;11;12;13;14;15;16;17;18;19;20;21;22;23;24;25;26;28;29;30;31;32,31,15,0.4838709677419355,1,5,557.8408063097443,0.9474719384340571,0.9474719384340571,0.8915898120092645,0.9050844060639042,M,4.238753237015292,-5.588212642479262,47.67419275944886,0.9067985113364707,0.9067985113364707,0.8240072258592023,0.8599455056799287,M,4.685300565654204,-8.279128547726843,213.27061089488473,0.7845295088932013,0.7845295088932013,0.841451623071607,0.8819930929489489,P,-9.746358405574762,5.692211417840576,True,True
single_omission,27,1;2;3;4;5;6;7;8;9;10;11;12;13;14;15;16;17;18;19;20;21;22;23;24;25;26;28;29;30;31;32,31,16,0.5161290322580645,1,10,590.035545218264,0.950338083094648,0.950338083094648,0.8956256928454863,0.9185996018569061,M,3.173848123774181,-5.471239024916164,50.36784183063811,0.8903380761624025,0.8903380761624025,0.8335578845747803,0.8772496419559962,M,1.3088434206406263,-5.678019158762215,221.6502869403331,0.8095920479705393,0.8095920479705393,0.8439771376123624,0.8952494122840844,P,-8.565736431354509,3.4385089641823074,True,True
single_omission,27,1;2;3;4;5;6;7;8;9;10;11;12;13;14;15;16;17;18;19;20;21;22;23;24;25;26;28;29;30;31;32,31,17,0.5483870967741935,1,10,622.0389589157252,0.9386572798693205,0.9386572798693205,0.9087652612764149,0.9305571807937651,M,0.8100099075555312,-2.989201859290558,52.93382590415438,0.8679250087967666,0.8679250087967666,0.8486912984801359,0.8902650840036755,overlap,-2.234007520690895,-1.923371031663068,229.9686530959719,0.8408524830432764,0.8408524830432764,0.8498873569814065,0.8993050243029089,P,-5.845254125963251,0.9034873938130072,False,True
single_omission,27,1;2;3;4;5;6;7;8;9;10;11;12;13;14;15;16;17;18;19;20;21;22;23;24;25;26;28;29;30;31;32,31,18,0.5806451612903226,1,5,654.0328648384065,0.9365934602525533,0.9365934602525533,0.9210558543321066,0.9325657273567944,M,0.4027732895758862,-1.5537605920446729,55.48144301935866,0.8766217628429153,0.8766217628429153,0.8671807767319187,0.8980618855563327,overlap,-2.144012271341744,-0.944098611099653,238.24855729966907,0.8332591097982006,0.8332591097982006,0.8637052684735649,0.8999963761525169,P,-6.673726635431631,3.0446158675364265,False,True
single_omission,27,1;2;3;4;5;6;7;8;9;10;11;12;13;14;15;16;17;18;19;20;21;22;23;24;25;26;28;29;30;31;32,31,19,0.6129032258064516,1,1,685.9830723072861,0.9243524268209555,0.9243524268209555,0.9332696722930931,0.9332696722930931,P,-0.8917245472137569,0.8917245472137569,57.9480605451012,0.8689520572142568,0.8689520572142568,0.8945379850294407,0.8945379850294407,P,-2.5585927815183873,2.5585927815183873,246.0941221953268,0.858307497845437,0.858307497845437,0.9022272185483408,0.9022272185483408,P,-4.3919720702903735,4.3919720702903735,False,False
single_omission,27,1;2;3;4;5;6;7;8;9;10;11;12;13;14;15;16;17;18;19;20;21;22;23;24;25;26;28;29;30;31;32,31,20,0.6451612903225806,1,1,717.4186294152149,0.9330252164687693,0.9330252164687693,0.9346592040283058,0.9346592040283058,P,-0.1633987559536476,0.1633987559536476,60.38302187699887,0.8884212868192422,0.8884212868192422,0.8952124668708248,0.8952124668708248,P,-0.6791180051582635,0.6791180051582635,253.70499522721406,0.8659912644899582,0.8659912644899582,0.9013992536107042,0.9013992536107042,P,-3.540798912074594,3.540798912074594,False,False
single_omission,27,1;2;3;4;5;6;7;8;9;10;11;12;13;14;15;16;17;18;19;20;21;22;23;24;25;26;28;29;30;31;32,31,21,0.6774193548387096,2,1,748.5044437759856,0.9355681933452127,0.9438595588113201,0.934160695755179,0.934160695755179,M,0.14074975900336684,-0.9698863056141094,62.601914532243136,0.8890548220271963,0.8979205586845473,0.9065103434429892,0.9065103434429892,P,-1.7455521415792874,0.8589784758441854,261.3149724033318,0.8754471233693513,0.8802993218728465,0.8948685908534589,0.8948685908534589,P,-1.9421467484107668,1.4569268980612393,False,True
single_omission,27,1;2;3;4;5;6;7;8;9;10;11;12;13;14;15;16;17;18;19;20;21;22;23;24;25;26;28;29;30;31;32,31,22,0.7096774193548387,1,4,779.411721941489,0.9460857868539655,0.9460857868539655,0.9340870127344677,0.9447594532589495,M,0.13263335950159938,-1.199877411949779,64.79676194485315,0.8985405490801089,0.8985405490801089,0.9019356334429471,0.9214284952908812,P,-2.288794621077228,0.33950843628381966,268.6198563990248,0.8900925176071495,0.8900925176071495,0.8917239351726671,0.8997403589558884,P,-0.9647841348738972,0.16314175655176566,False,True
single_omission,27,1;2;3;4;5;6;7;8;9;10;11;12;13;14;15;16;17;18;19;20;21;22;23;24;25;26;28;29;30;31;32,31,23,0.7419354838709677,2,6,809.7464499749618,0.9481055215412546,0.9579615718009469,0.9386169964184659,0.9526327891927019,overlap,-0.45272676514472865,-1.9344575382481022,66.93126906514772,0.9002281201381852,0.9030369744364914,0.9095520033009594,0.9288961833936622,P,-2.8668063255476994,0.6515028864467975,275.86309875995454,0.8908520325186978,0.9429915470583236,0.8945669025102977,0.9025962919074396,overlap,-1.1744259388741796,-4.842464454802586,False,False
single_omission,27,1;2;3;4;5;6;7;8;9;10;11;12;13;14;15;16;17;18;19;20;21;22;23;24;25;26;28;29;30;31;32,31,24,0.7741935483870968,1,4,840.0250127525154,0.9595437014078488,0.9595437014078488,0.9464911110494936,0.9563934652892176,M,0.3150236118631189,-1.3052590358355265,69.04606062411148,0.904791708890187,0.904791708890187,0.9174178340495052,0.9357110475560758,P,-3.0919338665888807,1.2626125159318158,283.0592596985265,0.9425349607917253,0.9425349607917253,0.8976314077868004,0.905238898203387,M,3.7296062588338286,-4.490355300492488,False,False
single_omission,27,1;2;3;4;5;6;7;8;9;10;11;12;13;14;15;16;17;18;19;20;21;22;23;24;25;26;28;29;30;31;32,31,25,0.8064516129032258,1,1,868.8399478174505,0.9704593722252746,0.9704593722252746,0.957839668895825,0.957839668895825,M,1.2619703329449616,-1.2619703329449616,71.15943635522837,0.9121385418527694,0.9121385418527694,0.931716025295736,0.931716025295736,P,-1.9577483442966614,1.9577483442966614,290.2345817916054,0.9444020438411667,0.9444020438411667,0.9024715285444715,0.9024715285444715,M,4.1930515296695114,-4.1930515296695114,False,False
single_omission,27,1;2;3;4;5;6;7;8;9;10;11;12;13;14;15;16;17;18;19;20;21;22;23;24;25;26;28;29;30;31;32,31,26,0.8387096774193549,1,1,897.5214546667654,0.9693283571313668,0.9693283571313668,0.9699211012244574,0.9699211012244574,P,-0.05927440930906247,0.05927440930906247,73.1903288276679,0.9168166478214616,0.9168166478214616,0.933610775769418,0.933610775769418,P,-1.6794127947956428,1.6794127947956428,297.18393075182905,0.9398699119461096,0.9398699119461096,0.9521661954081536,0.9521661954081536,P,-1.2296283462044033,1.2296283462044033,False,False
single_omission,27,1;2;3;4;5;6;7;8;9;10;11;12;13;14;15;16;17;18;19;20;21;22;23;24;25;26;28;29;30;31;32,31,27,0.8709677419354839,2,1,924.3405814858924,0.9748342002409568,0.9791060158593525,0.9674136465479917,0.9674136465479917,M,0.7420553692965126,-1.1692369311360862,75.2013008126953,0.9313944961718406,0.9316117006936262,0.9493008617113637,0.9493008617113637,P,-1.7906365539523184,1.7689161017737542,303.8406087175619,0.9451001330441327,0.9727814767699658,0.9618800640737815,0.9618800640737815,overlap,-1.677993102964881,-1.0901412696184387,False,False
single_omission,27,1;2;3;4;5;6;7;8;9;10;11;12;13;14;15;16;17;18;19;20;21;22;23;24;25;26;28;29;30;31;32,31,28,0.9032258064516129,1,1,950.6212899223807,0.9847383477735646,0.9847383477735646,0.9745357497429082,0.9745357497429082,M,1.0202598030656373,-1.0202598030656373,76.91914685023835,0.9490273941778156,0.9490273941778156,0.9490768296994867,0.9490768296994867,P,-0.0049435521671137295,0.0049435521671137295,310.4904193615565,0.9772155983766261,0.9772155983766261,0.9803440857142209,0.9803440857142209,P,-0.3128487337594854,0.3128487337594854,False,True
single_omission,27,1;2;3;4;5;6;7;8;9;10;11;12;13;14;15;16;17;18;19;20;21;22;23;24;25;26;28;29;30;31;32,31,29,0.9354838709677419,1,1,974.3159848269728,0.9945602436704015,0.9945602436704015,0.9846057658095212,0.9846057658095212,M,0.9954477860880329,-0.9954477860880329,78.61237233720894,0.9684504773972272,0.9684504773972272,0.9684988481312222,0.9684988481312222,P,-0.00483707339949957,0.00483707339949957,316.1826136517316,0.9823824222900431,0.9823824222900431,0.9854545878787784,0.9854545878787784,P,-0.3072165588735243,0.3072165588735243,False,True
single_omission,27,1;2;3;4;5;6;7;8;9;10;11;12;13;14;15;16;17;18;19;20;21;22;23;24;25;26;28;29;30;31;32,31,30,0.967741935483871,1,1,997.4641329751208,0.9978270083249147,0.9978270083249147,0.9881035440119338,0.9881035440119338,M,0.9723464312980878,-0.9723464312980878,80.22589270971528,0.9755790056807322,0.9755790056807322,0.9756264035721436,0.9756264035721436,P,-0.004739789141139372,0.004739789141139372,321.39871624187344,0.9871291840830477,0.9871291840830477,0.9901514903223988,0.9901514903223988,P,-0.3022306239351069,0.3022306239351069,False,True
single_omission,28,1;2;3;4;5;6;7;8;9;10;11;12;13;14;15;16;17;18;19;20;21;22;23;24;25;26;27;29;30;31;32,31,1,0.03225806451612903,1,5,50.080775444264944,0.8345246956057693,0.8345246956057693,0.4298498467021304,1.0,overlap,-16.547530439423074,-40.467484890363885,4.7345054676233875,0.5997354251365439,0.5997354251365439,0.2319532472983795,1.0,overlap,-40.02645748634561,-36.77821778381644,25.248088207150722,1.0,1.0,0.5030737133639674,1.0,overlap,0.0,-49.69262866360326,False,False
single_omission,28,1;2;3;4;5;6;7;8;9;10;11;12;13;14;15;16;17;18;19;20;21;22;23;24;25;26;27;29;30;31;32,31,2,0.06451612903225806,1,10,91.87441932759103,1.0,1.0,0.48626551462919215,1.0,overlap,0.0,-51.37344853708079,8.458805932267115,0.895393058749349,0.895393058749349,0.33291104887134926,0.9378489406806406,overlap,-4.245588193129157,-56.248200987799976,46.98200691419579,0.9142015106597794,0.9142015106597794,0.5667074371455023,1.0,overlap,-8.57984893402206,-34.749407351427706,False,False
single_omission,28,1;2;3;4;5;6;7;8;9;10;11;12;13;14;15;16;17;18;19;20;21;22;23;24;25;26;27;29;30;31;32,31,3,0.0967741935483871,1,10,130.19004906962442,0.9545118195390997,0.9545118195390997,0.6354195496025693,0.9979592204092079,overlap,-4.344740087010823,-31.90922699365304,11.750281508022889,0.8244340224157465,0.8244340224157465,0.4813059670685486,0.916789340330352,overlap,-9.235531791460549,-34.312805534719786,68.02205292866945,0.7531517161383814,0.7531517161383814,0.6516708083541006,0.9509407260857325,overlap,-19.778900994735118,-10.148090778428076,False,False
single_omission,28,1;2;3;4;5;6;7;8;9;10;11;12;13;14;15;16;17;18;19;20;21;22;23;24;25;26;27;29;30;31;32,31,4,0.12903225806451613,1,5,168.2399896165923,0.9288032346062525,0.9288032346062525,0.7401269252907918,0.9098461570970676,M,1.895707750918485,-18.867630931546064,14.948858223399332,0.8579750584266351,0.8579750584266351,0.5922898717484588,0.8355406602511088,M,2.2434398175526282,-26.56851866781763,85.72498641630473,0.6786851452640312,0.6786851452640312,0.7706260179985477,0.9169828649569054,P,-23.829771969287417,9.194087273451645,True,True
single_omission,28,1;2;3;4;5;6;7;8;9;10;11;12;13;14;15;16;17;18;19;20;21;22;23;24;25;26;27;29;30;31;32,31,5,0.16129032258064516,1,1,206.09356698764054,0.936944575233537,0.936944575233537,0.8471866648832321,0.8471866648832321,M,8.97579103503049,-8.97579103503049,18.136821635016226,0.8829392074040259,0.8829392074040259,0.7492251432473391,0.7492251432473391,M,13.371406415668673,-13.371406415668673,102.57039504115394,0.6414156054330086,0.6414156054330086,0.8902178167052125,0.8902178167052125,P,-24.88022112722039,24.88022112722039,True,True
single_omission,28,1;2;3;4;5;6;7;8;9;10;11;12;13;14;15;16;17;18;19;20;21;22;23;24;25;26;27;29;30;31;32,31,6,0.1935483870967742,1,1,243.89996499345688,0.9467186581663112,0.9467186581663112,0.84868090477767,0.84868090477767,M,9.803775338864117,-9.803775338864117,21.275237294472078,0.8796302963100422,0.8796302963100422,0.7380382320221252,0.7380382320221252,M,14.159206428791704,-14.159206428791704,118.82667626458891,0.617715881434494,0.617715881434494,0.8381106033300945,0.8381106033300945,P,-22.03947218956005,22.03947218956005,True,True
single_omission,28,1;2;3;4;5;6;7;8;9;10;11;12;13;14;15;16;17;18;19;20;21;22;23;24;25;26;27;29;30;31;32,31,7,0.22580645161290322,1,4,281.0331253048963,0.9353162719487995,0.9353162719487995,0.8465212806258738,0.871238292892697,M,6.407797905610247,-8.879499132292567,24.409049316108238,0.8794961358659011,0.8794961358659011,0.7299231464073994,0.7647350140615247,M,11.476112180437648,-14.957298945850173,132.75007950517275,0.6069785228011935,0.6069785228011935,0.8169908846834948,0.8771015911605283,P,-27.012306835933487,21.00123618823013,True,True
single_omission,28,1;2;3;4;5;6;7;8;9;10;11;12;13;14;15;16;17;18;19;20;21;22;23;24;25;26;27;29;30;31;32,31,8,0.25806451612903225,1,6,318.14652736675197,0.916778166756478,0.916778166756478,0.8465787147468589,0.8760145499948326,M,4.076361676164542,-7.019945200961919,27.466429303797547,0.8432435750738719,0.8432435750738719,0.7414268148068228,0.7730323629130463,M,7.02112121608256,-10.181676026704912,145.52675080651431,0.6034608003959459,0.6034608003959459,0.8075266952986846,0.8664897139788136,P,-26.30289135828677,20.406589490273873,True,True
single_omission,28,1;2;3;4;5;6;7;8;9;10;11;12;13;14;15;16;17;18;19;20;21;22;23;24;25;26;27;29;30;31;32,31,9,0.2903225806451613,1,4,354.9829304003381,0.9170129854378688,0.9170129854378688,0.8540980958269174,0.8736660767371853,M,4.334690870068347,-6.291488961095137,30.520006753335828,0.8281676280051653,0.8281676280051653,0.7513213038146326,0.7791628636551297,M,4.900476435003565,-7.684632419053273,158.22840029622662,0.6614811117954893,0.6614811117954893,0.8037676083444649,0.8541991430689465,P,-19.27180312734572,14.228649654897563,True,True
single_omission,28,1;2;3;4;5;6;7;8;9;10;11;12;13;14;15;16;17;18;19;20;21;22;23;24;25;26;27;29;30;31;32,31,10,0.3225806451612903,1,1,390.2624847638619,0.9146652005503764,0.9146652005503764,0.8738831827081543,0.8738831827081543,M,4.078201784222202,-4.078201784222202,33.48452290665496,0.8309301223248499,0.8309301223248499,0.7733378042104421,0.7733378042104421,M,5.759231811440779,-5.759231811440779,170.3576224067916,0.6664263336299917,0.6664263336299917,0.8454231132623284,0.8454231132623284,P,-17.899677963233675,17.899677963233675,True,True
single_omission,28,1;2;3;4;5;6;7;8;9;10;11;12;13;14;15;16;17;18;19;20;21;22;23;24;25;26;27;29;30;31;32,31,11,0.3548387096774194,1,1,425.296911657341,0.928323438151304,0.928323438151304,0.8649556086890842,0.8649556086890842,M,6.336782946221986,-6.336782946221986,36.44082272241005,0.844871563484256,0.844871563484256,0.7708304240618162,0.7708304240618162,M,7.404113942243972,-7.404113942243972,180.68670578443232,0.6818040756987654,0.6818040756987654,0.8259621173862706,0.8259621173862706,P,-14.415804168750512,14.415804168750512,True,True
single_omission,28,1;2;3;4;5;6;7;8;9;10;11;12;13;14;15;16;17;18;19;20;21;22;23;24;25;26;27;29;30;31;32,31,12,0.3870967741935484,1,1,459.15107832400776,0.9427464123396547,0.9427464123396547,0.8780171113421681,0.8780171113421681,M,6.472930099748664,-6.472930099748664,39.38078847558445,0.8630195813520268,0.8630195813520268,0.7968649593567299,0.7968649593567299,M,6.6154621995296985,-6.6154621995296985,190.34883250636136,0.761375046156962,0.761375046156962,0.828595854173587,0.828595854173587,P,-6.7220808016625,6.7220808016625,True,True
single_omission,28,1;2;3;4;5;6;7;8;9;10;11;12;13;14;15;16;17;18;19;20;21;22;23;24;25;26;27;29;30;31;32,31,13,0.41935483870967744,2,1,492.5445801290619,0.9438058284744374,0.9466280869332125,0.883357016769038,0.883357016769038,M,6.04488117053994,-6.327107016417455,42.22023912502085,0.8634012943723742,0.8773036297442243,0.8084864601365567,0.8084864601365567,M,5.491483423581755,-6.881716960766759,199.6385640074173,0.7544586697189115,0.7676133018338074,0.8259805733150131,0.8259805733150131,P,-7.152190359610156,5.836727148120568,True,True
single_omission,28,1;2;3;4;5;6;7;8;9;10;11;12;13;14;15;16;17;18;19;20;21;22;23;24;25;26;27;29;30;31;32,31,14,0.45161290322580644,1,1,525.4472850140033,0.9482586769880799,0.9482586769880799,0.8889314497814941,0.8889314497814941,M,5.932722720658578,-5.932722720658578,44.97356039329534,0.8784402705346426,0.8784402705346426,0.8287737730748922,0.8287737730748922,M,4.9666497459750385,-4.9666497459750385,208.69969526702164,0.7615603433340689,0.7615603433340689,0.823417227777865,0.823417227777865,P,-6.185688444379611,6.185688444379611,True,True
single_omission,28,1;2;3;4;5;6;7;8;9;10;11;12;13;14;15;16;17;18;19;20;21;22;23;24;25;26;27;29;30;31;32,31,15,0.4838709677419355,1,5,557.8408063097443,0.9474719384340571,0.9474719384340571,0.8915898120092645,0.9050844060639042,M,4.238753237015292,-5.588212642479262,47.67419275944886,0.9067985113364707,0.9067985113364707,0.8240072258592023,0.8599455056799287,M,4.685300565654204,-8.279128547726843,217.56540282793256,0.7690427129126046,0.7690427129126046,0.8248411712449623,0.8645823430256402,P,-9.553963011303557,5.579845833235764,True,True
single_omission,28,1;2;3;4;5;6;7;8;9;10;11;12;13;14;15;16;17;18;19;20;21;22;23;24;25;26;27;29;30;31;32,31,16,0.5161290322580645,1,10,590.035545218264,0.950338083094648,0.950338083094648,0.8956256928454863,0.9185996018569061,M,3.173848123774181,-5.471239024916164,50.36784183063811,0.8903380761624025,0.8903380761624025,0.8335578845747803,0.8772496419559962,M,1.3088434206406263,-5.678019158762215,226.0472821962263,0.7938441373584348,0.7938441373584348,0.8275603798698717,0.8778353236013583,P,-8.399118624292345,3.37162425114369,True,True
single_omission,28,1;2;3;4;5;6;7;8;9;10;11;12;13;14;15;16;17;18;19;20;21;22;23;24;25;26;27;29;30;31;32,31,17,0.5483870967741935,1,10,622.0389589157252,0.9386572798693205,0.9386572798693205,0.9087652612764149,0.9305571807937651,M,0.8100099075555312,-2.989201859290558,52.93382590415438,0.8679250087967666,0.8679250087967666,0.8486912984801359,0.8902650840036755,overlap,-2.234007520690895,-1.923371031663068,234.42695824167464,0.8248612464549311,0.8248612464549311,0.8337242961913086,0.8822021439538296,P,-5.734089749889848,0.8863049736377526,False,True
single_omission,28,1;2;3;4;5;6;7;8;9;10;11;12;13;14;15;16;17;18;19;20;21;22;23;24;25;26;27;29;30;31;32,31,18,0.5806451612903226,1,5,654.0328648384065,0.9365934602525533,0.9365934602525533,0.9210558543321066,0.9325657273567944,M,0.4027732895758862,-1.5537605920446729,55.48144301935866,0.8766217628429153,0.8766217628429153,0.8671807767319187,0.8980618855563327,overlap,-2.144012271341744,-0.944098611099653,242.74532439731342,0.817823293853832,0.817823293853832,0.8477054487325385,0.8833242771024946,P,-6.55009832486626,2.988215487870649,False,True
single_omission,28,1;2;3;4;5;6;7;8;9;10;11;12;13;14;15;16;17;18;19;20;21;22;23;24;25;26;27;29;30;31;32,31,19,0.6129032258064516,1,1,685.9830723072861,0.9243524268209555,0.9243524268209555,0.9332696722930931,0.9332696722930931,P,-0.8917245472137569,0.8917245472137569,57.9480605451012,0.8689520572142568,0.8689520572142568,0.8945379850294407,0.8945379850294407,P,-2.5585927815183873,2.5585927815183873,251.02522860101067,0.8414470188240265,0.8414470188240265,0.8845039863395279,0.8845039863395279,P,-4.305696751550137,4.305696751550137,False,False
single_omission,28,1;2;3;4;5;6;7;8;9;10;11;12;13;14;15;16;17;18;19;20;21;22;23;24;25;26;27;29;30;31;32,31,20,0.6451612903225806,1,1,717.4186294152149,0.9330252164687693,0.9330252164687693,0.9346592040283058,0.9346592040283058,P,-0.1633987559536476,0.1633987559536476,60.38302187699887,0.8884212868192422,0.8884212868192422,0.8952124668708248,0.8952124668708248,P,-0.6791180051582635,0.6791180051582635,258.8707934966684,0.8487103031461194,0.8487103031461194,0.883411721523777,0.883411721523777,P,-3.470141837765761,3.470141837765761,False,False
single_omission,28,1;2;3;4;5;6;7;8;9;10;11;12;13;14;15;16;17;18;19;20;21;22;23;24;25;26;27;29;30;31;32,31,21,0.6774193548387096,2,1,748.5044437759856,0.9355681933452127,0.9438595588113201,0.934160695755179,0.934160695755179,M,0.14074975900336684,-0.9698863056141094,62.601914532243136,0.8890548220271963,0.8979205586845473,0.9065103434429892,0.9065103434429892,P,-1.7455521415792874,0.8589784758441854,266.4816665285556,0.8584734697286353,0.8632315911204516,0.8775183830457695,0.8775183830457695,P,-1.9044913317134204,1.4286791925317899,False,True
single_omission,28,1;2;3;4;5;6;7;8;9;10;11;12;13;14;15;16;17;18;19;20;21;22;23;24;25;26;27;29;30;31;32,31,22,0.7096774193548387,1,4,779.411721941489,0.9460857868539655,0.9460857868539655,0.9340870127344677,0.9447594532589495,M,0.13263335950159938,-1.199877411949779,64.79676194485315,0.8985405490801089,0.8985405490801089,0.9019356334429471,0.9214284952908812,P,-2.288794621077228,0.33950843628381966,274.09164370467334,0.8723232895020298,0.8723232895020298,0.8739221385083438,0.8817785276210408,P,-0.9455238119011056,0.15988490063140182,False,True
single_omission,28,1;2;3;4;5;6;7;8;9;10;11;12;13;14;15;16;17;18;19;20;21;22;23;24;25;26;27;29;30;31;32,31,23,0.7419354838709677,2,6,809.7464499749618,0.9481055215412546,0.9579615718009469,0.9386169964184659,0.9526327891927019,overlap,-0.45272676514472865,-1.9344575382481022,66.97814484996024,0.8995980802985284,0.9024049687727593,0.9089154379843468,0.9282460797262124,P,-2.8647999427684034,0.6510469211587488,281.39652770036633,0.873334167395598,0.924448401697936,0.8769759875550291,0.8848474856802813,overlap,-1.1513318284683272,-4.747241414290682,False,False
single_omission,28,1;2;3;4;5;6;7;8;9;10;11;12;13;14;15;16;17;18;19;20;21;22;23;24;25;26;27;29;30;31;32,31,24,0.7741935483870968,1,4,840.0250127525154,0.9595437014078488,0.9595437014078488,0.9464911110494936,0.9563934652892176,M,0.3150236118631189,-1.3052590358355265,69.092936408924,0.9041778571182044,0.9041778571182044,0.9167954161410006,0.9350762187010342,P,-3.089836158282977,1.2617559022796154,288.6397700612961,0.924312156238999,0.924312156238999,0.8802767606013557,0.887737169141126,M,3.657498709787299,-4.403539563764324,False,False
single_omission,28,1;2;3;4;5;6;7;8;9;10;11;12;13;14;15;16;17;18;19;20;21;22;23;24;25;26;27;29;30;31;32,31,25,0.8064516129032258,1,1,868.8399478174505,0.9704593722252746,0.9704593722252746,0.957839668895825,0.957839668895825,M,1.2619703329449616,-1.2619703329449616,71.2063121400409,0.9115380724741136,0.9115380724741136,0.9311026678756488,0.9311026678756488,P,-1.9564595401535212,1.9564595401535212,295.835930999868,0.9265207620689615,0.9265207620689615,0.8853841579711711,0.8853841579711711,M,4.11366040977904,-4.11366040977904,False,False
single_omission,28,1;2;3;4;5;6;7;8;9;10;11;12;13;14;15;16;17;18;19;20;21;22;23;24;25;26;27;29;30;31;32,31,26,0.8387096774193549,1,1,897.5214546667654,0.9693283571313668,0.9693283571313668,0.9699211012244574,0.9699211012244574,P,-0.05927440930906247,0.05927440930906247,73.23720461248043,0.9162298354202616,0.9162298354202616,0.9330132142150797,0.9330132142150797,P,-1.678337879481806,1.678337879481806,303.01125309294696,0.9217949233781171,0.9217949233781171,0.9338547324300537,0.9338547324300537,P,-1.2059809051936599,1.2059809051936599,False,False
single_omission,28,1;2;3;4;5;6;7;8;9;10;11;12;13;14;15;16;17;18;19;20;21;22;23;24;25;26;27;29;30;31;32,31,27,0.8709677419354839,2,1,924.3405814858924,0.9748342002409568,0.9791060158593525,0.9674136465479917,0.9674136465479917,M,0.7420553692965126,-1.1692369311360862,75.24817659750782,0.9308142847972626,0.9310313540116842,0.9487094955822687,0.9487094955822687,P,-1.789521078500611,1.767814157058445,309.96060205317065,0.9264396759492635,0.9535744675068513,0.9428882969175909,0.9428882969175909,overlap,-1.6448620968327443,-1.0686170589260358,False,False
single_omission,28,1;2;3;4;5;6;7;8;9;10;11;12;13;14;15;16;17;18;19;20;21;22;23;24;25;26;27;29;30;31;32,31,28,0.9032258064516129,1,1,948.0352763904845,0.9874244785074496,0.9874244785074496,0.9771940502290958,0.9771940502290958,M,1.0230428278353854,-1.0230428278353854,76.96602263505088,0.9484493936213673,0.9484493936213673,0.9484987990345723,0.9484987990345723,P,-0.004940541320508363,0.004940541320508363,316.6172800189035,0.9583055003457098,0.9583055003457098,0.9613734483280788,0.9613734483280788,P,-0.3067947982368979,0.3067947982368979,False,True
single_omission,28,1;2;3;4;5;6;7;8;9;10;11;12;13;14;15;16;17;18;19;20;21;22;23;24;25;26;27;29;30;31;32,31,29,0.9354838709677419,1,1,971.1834245386327,0.9977682060850852,0.9977682060850852,0.9877816199723028,0.9877816199723028,M,0.9986586112782359,-0.9986586112782359,78.65924812202147,0.9678733440370197,0.9678733440370197,0.96792168594521,0.96792168594521,P,-0.0048341908190252525,0.0048341908190252525,322.30947430907855,0.963708071415001,0.963708071415001,0.9667218374468544,0.9667218374468544,P,-0.30137660318533266,0.30137660318533266,False,True
single_omission,28,1;2;3;4;5;6;7;8;9;10;11;12;13;14;15;16;17;18;19;20;21;22;23;24;25;26;27;29;30;31;32,31,30,0.967741935483871,1,1,992.8165104347089,0.9998933617163668,0.9998933617163668,0.9880478537243328,0.9880478537243328,M,1.1845507992033988,-1.1845507992033988,80.27276849452781,0.9865060218072117,0.9865060218072117,0.9756406366860964,0.9756406366860964,M,1.0865385121115345,-1.0865385121115345,327.5255768992204,0.9767236391577282,0.9767236391577282,0.9903357215725148,0.9903357215725148,P,-1.361208241478662,1.361208241478662,True,True
single_omission,29,1;2;3;4;5;6;7;8;9;10;11;12;13;14;15;16;17;18;19;20;21;22;23;24;25;26;27;28;30;31;32,31,1,0.03225806451612903,1,5,50.080775444264944,0.8345246956057693,0.8345246956057693,0.4298498467021304,1.0,overlap,-16.547530439423074,-40.467484890363885,4.7345054676233875,0.5997354251365439,0.5997354251365439,0.2319532472983795,1.0,overlap,-40.02645748634561,-36.77821778381644,25.248088207150722,1.0,1.0,0.5030737133639674,1.0,overlap,0.0,-49.69262866360326,False,False
single_omission,29,1;2;3;4;5;6;7;8;9;10;11;12;13;14;15;16;17;18;19;20;21;22;23;24;25;26;27;28;30;31;32,31,2,0.06451612903225806,1,10,91.87441932759103,1.0,1.0,0.48626551462919215,1.0,overlap,0.0,-51.37344853708079,8.458805932267115,0.895393058749349,0.895393058749349,0.33291104887134926,0.9378489406806406,overlap,-4.245588193129157,-56.248200987799976,46.98200691419579,0.9142015106597794,0.9142015106597794,0.5667074371455023,1.0,overlap,-8.57984893402206,-34.749407351427706,False,False
single_omission,29,1;2;3;4;5;6;7;8;9;10;11;12;13;14;15;16;17;18;19;20;21;22;23;24;25;26;27;28;30;31;32,31,3,0.0967741935483871,1,10,130.19004906962442,0.9545118195390997,0.9545118195390997,0.6354195496025693,0.9979592204092079,overlap,-4.344740087010823,-31.90922699365304,11.750281508022889,0.8244340224157465,0.8244340224157465,0.4813059670685486,0.916789340330352,overlap,-9.235531791460549,-34.312805534719786,68.02205292866945,0.7531517161383814,0.7531517161383814,0.6516708083541006,0.9509407260857325,overlap,-19.778900994735118,-10.148090778428076,False,False
single_omission,29,1;2;3;4;5;6;7;8;9;10;11;12;13;14;15;16;17;18;19;20;21;22;23;24;25;26;27;28;30;31;32,31,4,0.12903225806451613,1,5,168.2399896165923,0.9288032346062525,0.9288032346062525,0.7401269252907918,0.9098461570970676,M,1.895707750918485,-18.867630931546064,14.948858223399332,0.8579750584266351,0.8579750584266351,0.5922898717484588,0.8355406602511088,M,2.2434398175526282,-26.56851866781763,85.72498641630473,0.6786851452640312,0.6786851452640312,0.7706260179985477,0.9169828649569054,P,-23.829771969287417,9.194087273451645,True,True
single_omission,29,1;2;3;4;5;6;7;8;9;10;11;12;13;14;15;16;17;18;19;20;21;22;23;24;25;26;27;28;30;31;32,31,5,0.16129032258064516,1,1,206.09356698764054,0.936944575233537,0.936944575233537,0.8471866648832321,0.8471866648832321,M,8.97579103503049,-8.97579103503049,18.136821635016226,0.8829392074040259,0.8829392074040259,0.7492251432473391,0.7492251432473391,M,13.371406415668673,-13.371406415668673,102.57039504115394,0.6414156054330086,0.6414156054330086,0.8902178167052125,0.8902178167052125,P,-24.88022112722039,24.88022112722039,True,True
single_omission,29,1;2;3;4;5;6;7;8;9;10;11;12;13;14;15;16;17;18;19;20;21;22;23;24;25;26;27;28;30;31;32,31,6,0.1935483870967742,1,1,243.89996499345688,0.9467186581663112,0.9467186581663112,0.84868090477767,0.84868090477767,M,9.803775338864117,-9.803775338864117,21.275237294472078,0.8796302963100422,0.8796302963100422,0.7380382320221252,0.7380382320221252,M,14.159206428791704,-14.159206428791704,118.82667626458891,0.617715881434494,0.617715881434494,0.8381106033300945,0.8381106033300945,P,-22.03947218956005,22.03947218956005,True,True
single_omission,29,1;2;3;4;5;6;7;8;9;10;11;12;13;14;15;16;17;18;19;20;21;22;23;24;25;26;27;28;30;31;32,31,7,0.22580645161290322,1,4,281.0331253048963,0.9241600340478648,0.9241600340478648,0.8465212806258738,0.871238292892697,M,5.292174115516779,-7.7638753421991,24.409049316108238,0.8360656946563657,0.8360656946563657,0.7299231464073994,0.7647350140615247,M,7.1330680594841045,-10.61425482489663,132.75007950517275,0.6074901629305551,0.6074901629305551,0.8169908846834948,0.8771015911605283,P,-26.96114282299732,20.950072175293965,True,True
single_omission,29,1;2;3;4;5;6;7;8;9;10;11;12;13;14;15;16;17;18;19;20;21;22;23;24;25;26;27;28;30;31;32,31,8,0.25806451612903225,1,6,318.14652736675197,0.922762702289667,0.922762702289667,0.8465787147468589,0.8760145499948326,M,4.674815229483431,-7.6183987542808085,27.466429303797547,0.8199959332982284,0.8199959332982284,0.7414268148068228,0.7730323629130463,M,4.696357038518206,-7.856911849140557,145.52675080651431,0.6699096593045543,0.6699096593045543,0.8075266952986846,0.8664897139788136,P,-19.65800546742593,13.761703599413034,True,True
single_omission,29,1;2;3;4;5;6;7;8;9;10;11;12;13;14;15;16;17;18;19;20;21;22;23;24;25;26;27;28;30;31;32,31,9,0.2903225806451613,1,4,354.9829304003381,0.9155631964004901,0.9155631964004901,0.8540980958269174,0.8736660767371853,M,4.189711966330478,-6.146510057357268,30.520006753335828,0.8214276506934725,0.8214276506934725,0.7513213038146326,0.7791628636551297,M,4.22647870383428,-7.010634687883988,158.22840029622662,0.6721643106691891,0.6721643106691891,0.8037676083444649,0.8541991430689465,P,-18.20348323997574,13.160329767527578,True,True
single_omission,29,1;2;3;4;5;6;7;8;9;10;11;12;13;14;15;16;17;18;19;20;21;22;23;24;25;26;27;28;30;31;32,31,10,0.3225806451612903,1,1,390.2624847638619,0.9297918656351348,0.9297918656351348,0.8738831827081543,0.8738831827081543,M,5.5908682926980475,-5.5908682926980475,33.48452290665496,0.8372373612134971,0.8372373612134971,0.7733378042104421,0.7733378042104421,M,6.389955700305505,-6.389955700305505,170.3576224067916,0.6810238878439845,0.6810238878439845,0.8454231132623284,0.8454231132623284,P,-16.439922541834395,16.439922541834395,True,True
single_omission,29,1;2;3;4;5;6;7;8;9;10;11;12;13;14;15;16;17;18;19;20;21;22;23;24;25;26;27;28;30;31;32,31,11,0.3548387096774194,1,1,425.296911657341,0.9426657315254039,0.9426657315254039,0.8649556086890842,0.8649556086890842,M,7.771012283631973,-7.771012283631973,36.44082272241005,0.8570901527980517,0.8570901527980517,0.7708304240618162,0.7708304240618162,M,8.625972873623544,-8.625972873623544,180.68670578443232,0.7623777767398106,0.7623777767398106,0.8259621173862706,0.8259621173862706,P,-6.358434064646001,6.358434064646001,True,True
single_omission,29,1;2;3;4;5;6;7;8;9;10;11;12;13;14;15;16;17;18;19;20;21;22;23;24;25;26;27;28;30;31;32,31,12,0.3870967741935484,2,1,459.15107832400776,0.9428622919076077,0.9458898098057845,0.8780171113421681,0.8780171113421681,M,6.484518056543964,-6.787269846361643,39.38078847558445,0.855739286730458,0.8706440143023717,0.7968649593567299,0.7968649593567299,M,5.88743273737281,-7.377905494564185,190.34883250636136,0.7535834154788265,0.7673800426022206,0.828595854173587,0.828595854173587,P,-7.50124386947606,6.121581157136646,True,True
single_omission,29,1;2;3;4;5;6;7;8;9;10;11;12;13;14;15;16;17;18;19;20;21;22;23;24;25;26;27;28;30;31;32,31,13,0.41935483870967744,1,1,492.5445801290619,0.9467361101066021,0.9467361101066021,0.8834457365632753,0.8834457365632753,M,6.329037354332678,-6.329037354332678,42.22023912502085,0.8705129590025696,0.8705129590025696,0.8176075451697571,0.8176075451697571,M,5.290541383281255,-5.290541383281255,199.6385640074173,0.7601842371624707,0.7601842371624707,0.8248486620834394,0.8248486620834394,P,-6.466442492096869,6.466442492096869,True,True
single_omission,29,1;2;3;4;5;6;7;8;9;10;11;12;13;14;15;16;17;18;19;20;21;22;23;24;25;26;27;28;30;31;32,31,14,0.45161290322580644,1,5,525.4472850140033,0.945077302302165,0.945077302302165,0.8857500750955793,0.9000766030708115,M,4.500069923135353,-5.9327227206585675,44.920871491174374,0.9010859409331438,0.9010859409331438,0.8132201544596706,0.8513611882985386,M,4.9724752634605185,-8.786578647347321,208.69969526702164,0.7673310942248573,0.7673310942248573,0.8254999097026405,0.8669293139777867,P,-9.959821975292938,5.816881547778319,True,True
single_omission,29,1;2;3;4;5;6;7;8;9;10;11;12;13;14;15;16;17;18;19;20;21;22;23;24;25;26;27;28;30;31;32,31,15,0.4838709677419355,1,10,557.8408063097443,0.9479102918798327,0.9479102918798327,0.8900402783460187,0.9143400835521319,M,3.3570208327700746,-5.7870013533813935,47.61452056236362,0.8839968486617186,0.8839968486617186,0.8239333286425911,0.870151572554075,M,1.3845276107643523,-6.006352001912751,217.56540282793256,0.791812417806374,0.791812417806374,0.8268431023109631,0.8790780360152833,P,-8.726561820890932,3.5030684504589127,True,True
single_omission,29,1;2;3;4;5;6;7;8;9;10;11;12;13;14;15;16;17;18;19;20;21;22;23;24;25;26;27;28;30;31;32,31,16,0.5161290322580645,1,10,590.035545218264,0.9354202372257596,0.9354202372257596,0.9039068813337137,0.9268807903451335,M,0.8539446880626134,-3.1513355892045958,50.1805046358799,0.86067827254081,0.86067827254081,0.8403892403603028,0.8842441107138025,overlap,-2.3565838172992515,-2.028903218050715,226.0472821962263,0.8236966579547544,0.8236966579547544,0.8328882649949135,0.8831632087264003,P,-5.9466550771645865,0.9191607040159089,False,True
single_omission,29,1;2;3;4;5;6;7;8;9;10;11;12;13;14;15;16;17;18;19;20;21;22;23;24;25;26;27;28;30;31;32,31,17,0.5483870967741935,1,5,622.0389589157252,0.9334024633136786,0.9334024633136786,0.9170656973165882,0.9291675683013005,M,0.42348950123780593,-1.633676599709044,52.72812175108419,0.8701792818076443,0.8701792818076443,0.8602453126927091,0.8927389502947559,overlap,-2.255966848711166,-0.9933969114935159,234.42695824167464,0.8162348737890701,0.8162348737890701,0.8471773619488334,0.8840600827424191,P,-6.782520895334898,3.0942488159763304,False,True
single_omission,29,1;2;3;4;5;6;7;8;9;10;11;12;13;14;15;16;17;18;19;20;21;22;23;24;25;26;27;28;30;31;32,31,18,0.5806451612903226,1,1,654.0328648384065,0.9206569616730613,0.9206569616730613,0.9300098241580474,0.9300098241580474,P,-0.9352862484986124,0.9352862484986124,55.194739276826716,0.8624148927532393,0.8624148927532393,0.8892771429162607,0.8892771429162607,P,-2.686225016302135,2.686225016302135,242.74532439731342,0.8405892417061918,0.8405892417061918,0.885114857761949,0.885114857761949,P,-4.452561605575722,4.452561605575722,False,False
single_omission,29,1;2;3;4;5;6;7;8;9;10;11;12;13;14;15;16;17;18;19;20;21;22;23;24;25;26;27;28;30;31;32,31,19,0.6129032258064516,1,1,685.4684219463353,0.9299034705786667,0.9299034705786667,0.9316136195482073,0.9316136195482073,P,-0.17101489695405814,0.17101489695405814,57.629700608724384,0.8830904931340018,0.8830904931340018,0.8902061291566409,0.8902061291566409,P,-0.7115636022639094,0.7115636022639094,251.02522860101067,0.8466519031398235,0.8466519031398235,0.8824378827441378,0.8824378827441378,P,-3.578597960431429,3.578597960431429,False,False
single_omission,29,1;2;3;4;5;6;7;8;9;10;11;12;13;14;15;16;17;18;19;20;21;22;23;24;25;26;27;28;30;31;32,31,20,0.6451612903225806,2,1,716.554236307106,0.9326952641433359,0.94135633065009,0.9312250080938096,0.9312250080938096,M,0.14702560495263306,-1.0131322556280353,59.84859326396866,0.8839508137044322,0.893224416611704,0.9022093725141191,0.9022093725141191,P,-1.8258558809686964,0.8984955902415104,258.8707934966684,0.8559950537394676,0.8608930652181271,0.8755998927832631,0.8755998927832631,P,-1.9604839043795508,1.4706827565135971,False,True
single_omission,29,1;2;3;4;5;6;7;8;9;10;11;12;13;14;15;16;17;18;19;20;21;22;23;24;25;26;27;28;30;31;32,31,21,0.6774193548387096,1,4,747.4615144726093,0.9437812263352174,0.9437812263352174,0.9312695651773005,0.9423981986727301,M,0.1383027662487324,-1.251166115791691,62.04344067657867,0.8940380511361056,0.8940380511361056,0.8975838002248495,0.9179417029299668,P,-2.3903651793861225,0.35457490887439436,266.4816665285556,0.8703082849549346,0.8703082849549346,0.871952792653663,0.8800335384458013,P,-0.9725253490866725,0.16445076987283702,False,True
single_omission,29,1;2;3;4;5;6;7;8;9;10;11;12;13;14;15;16;17;18;19;20;21;22;23;24;25;26;27;28;30;31;32,31,22,0.7096774193548387,2,6,777.7962425060822,0.9459738072661843,0.9562347230078777,0.9360955138086066,0.9506870453978501,overlap,-0.4713238131665798,-2.0139209199271146,64.22482358168577,0.8952938451839225,0.8982210651017104,0.9050106384407529,0.9251699857215225,P,-2.9876140537600016,0.678957333904251,274.09164370467334,0.8704310606097657,0.922907552976817,0.8741699398164492,0.8822512231795878,overlap,-1.1820162569822101,-4.873761316036784,False,False
single_omission,29,1;2;3;4;5;6;7;8;9;10;11;12;13;14;15;16;17;18;19;20;21;22;23;24;25;26;27;28;30;31;32,31,23,0.7419354838709677,1,4,808.0748052836356,0.9579441129477331,0.9579441129477331,0.9443754404553614,0.9546693206656031,M,0.32747922821300124,-1.3568672492371703,66.35933070198033,0.8999334574989711,0.8999334574989711,0.9130707841412952,0.9321046459271676,P,-3.217118842819644,1.3137326642324032,281.39652770036633,0.922605293925482,0.922605293925482,0.8774364122222162,0.8850888542160121,M,3.751643970946983,-4.516888170326572,False,False
single_omission,29,1;2;3;4;5;6;7;8;9;10;11;12;13;14;15;16;17;18;19;20;21;22;23;24;25;26;27;28;30;31;32,31,24,0.7741935483870968,1,1,836.8897403485709,0.9693315902240635,0.9693315902240635,0.9562301004415934,0.9562301004415934,M,1.3101489782470055,-1.3101489782470055,68.47412226094409,0.90769974401409,0.90769974401409,0.9280449874587064,0.9280449874587064,P,-2.034524344461641,2.034524344461641,288.6397700612961,0.9247610268245962,0.9247610268245962,0.8825988342450412,0.8825988342450412,M,4.2162192579555,-4.2162192579555,False,False
single_omission,29,1;2;3;4;5;6;7;8;9;10;11;12;13;14;15;16;17;18;19;20;21;22;23;24;25;26;27;28;30;31;32,31,25,0.8064516129032258,1,1,865.5712471978858,0.9681961968889411,0.9681961968889411,0.9688108205174386,0.9688108205174386,P,-0.06146236284975126,0.06146236284975126,70.58749799206097,0.9116173896359921,0.9116173896359921,0.9290307812683618,0.9290307812683618,P,-1.7413391632369657,1.7413391632369657,295.835930999868,0.9198981064087268,0.9198981064087268,0.9322504188561644,0.9322504188561644,P,-1.235231244743762,1.235231244743762,False,False
single_omission,29,1;2;3;4;5;6;7;8;9;10;11;12;13;14;15;16;17;18;19;20;21;22;23;24;25;26;27;28;30;31;32,31,26,0.8387096774193549,2,1,892.3903740170127,0.9739331903837993,0.9783579496009278,0.966246958981922,0.966246958981922,M,0.7686231401877297,-1.211099061900578,72.61839046450051,0.9266076538356628,0.9268325839460136,0.9451509177772953,0.9451509177772953,P,-1.8543263941632526,1.8318333831281675,302.7852799600917,0.9246964636689147,0.9524742880363534,0.9415348795224171,0.9415348795224171,overlap,-1.683841585350243,-1.0939408513936266,False,False
single_omission,29,1;2;3;4;5;6;7;8;9;10;11;12;13;14;15;16;17;18;19;20;21;22;23;24;25;26;27;28;30;31;32,31,27,0.8709677419354839,1,1,918.6710824535011,0.9842075669922101,0.9842075669922101,0.9736501356267213,0.9736501356267213,M,1.0557431365488812,-1.0557431365488812,74.62936244952792,0.9412522621628305,0.9412522621628305,0.9413032144693522,0.9413032144693522,P,-0.0050952306521634405,0.0050952306521634405,309.4419579258245,0.9573386907167423,0.9573386907167423,0.9604777780981956,0.9604777780981956,P,-0.3139087381453298,0.3139087381453298,False,True
single_omission,29,1;2;3;4;5;6;7;8;9;10;11;12;13;14;15;16;17;18;19;20;21;22;23;24;25;26;27;28;30;31;32,31,28,0.9032258064516129,1,1,942.3657773580932,0.9943758127970754,0.9943758127970754,0.9840838358031184,0.9840838358031184,M,1.0291976993957008,-1.0291976993957008,76.34720848707096,0.9611205138358198,0.9611205138358198,0.9611703196928562,0.9611703196928562,P,-0.004980585703640017,0.004980585703640017,316.0917685698191,0.959964636741504,0.959964636741504,0.9630376852736193,0.9630376852736193,P,-0.3073048532115319,0.3073048532115319,False,True
single_omission,29,1;2;3;4;5;6;7;8;9;10;11;12;13;14;15;16;17;18;19;20;21;22;23;24;25;26;27;28;30;31;32,31,29,0.9354838709677419,1,2,965.5139255062412,0.9977551009883004,0.9977551009883004,0.9828962480376796,0.9877098736288125,M,1.0045227359487985,-1.4858852950620838,78.04043397404155,0.9676185987950366,0.9676185987950366,0.9676673240257587,0.9682679842530987,P,-0.06493854580620351,0.004872523072207979,321.78396285999423,0.9636488023830354,0.9636488023830354,0.966667490252946,0.9857077823883644,P,-2.205898000532902,0.30186878699105524,False,True
single_omission,29,1;2;3;4;5;6;7;8;9;10;11;12;13;14;15;16;17;18;19;20;21;22;23;24;25;26;27;28;30;31;32,31,30,0.967741935483871,1,1,987.1470114023176,0.9998927492588109,0.9998927492588109,0.9879792087495092,0.9879792087495092,M,1.1913540509301712,-1.1913540509301712,79.6539543465479,0.9864011900422761,0.9864011900422761,0.9754513941208264,0.9754513941208264,M,1.0949795921449734,-1.0949795921449734,327.0000654501361,0.9766862324553814,0.9766862324553814,0.990320190416722,0.990320190416722,P,-1.3633957961340593,1.3633957961340593,True,True
single_omission,30,1;2;3;4;5;6;7;8;9;10;11;12;13;14;15;16;17;18;19;20;21;22;23;24;25;26;27;28;29;31;32,31,1,0.03225806451612903,1,5,50.080775444264944,0.8345246956057693,0.8345246956057693,0.4298498467021304,1.0,overlap,-16.547530439423074,-40.467484890363885,4.7345054676233875,0.5997354251365439,0.5997354251365439,0.2319532472983795,1.0,overlap,-40.02645748634561,-36.77821778381644,25.248088207150722,1.0,1.0,0.5030737133639674,1.0,overlap,0.0,-49.69262866360326,False,False
single_omission,30,1;2;3;4;5;6;7;8;9;10;11;12;13;14;15;16;17;18;19;20;21;22;23;24;25;26;27;28;29;31;32,31,2,0.06451612903225806,1,10,91.87441932759103,1.0,1.0,0.48626551462919215,1.0,overlap,0.0,-51.37344853708079,8.458805932267115,0.895393058749349,0.895393058749349,0.33291104887134926,0.9378489406806406,overlap,-4.245588193129157,-56.248200987799976,46.98200691419579,0.9142015106597794,0.9142015106597794,0.5667074371455023,1.0,overlap,-8.57984893402206,-34.749407351427706,False,False
single_omission,30,1;2;3;4;5;6;7;8;9;10;11;12;13;14;15;16;17;18;19;20;21;22;23;24;25;26;27;28;29;31;32,31,3,0.0967741935483871,1,10,130.19004906962442,0.9545118195390997,0.9545118195390997,0.6354195496025693,0.9979592204092079,overlap,-4.344740087010823,-31.90922699365304,11.750281508022889,0.8244340224157465,0.8244340224157465,0.4813059670685486,0.916789340330352,overlap,-9.235531791460549,-34.312805534719786,68.02205292866945,0.7531517161383814,0.7531517161383814,0.6516708083541006,0.9509407260857325,overlap,-19.778900994735118,-10.148090778428076,False,False
single_omission,30,1;2;3;4;5;6;7;8;9;10;11;12;13;14;15;16;17;18;19;20;21;22;23;24;25;26;27;28;29;31;32,31,4,0.12903225806451613,1,5,168.2399896165923,0.9288032346062525,0.9288032346062525,0.7401269252907918,0.9098461570970676,M,1.895707750918485,-18.867630931546064,14.948858223399332,0.8579750584266351,0.8579750584266351,0.5922898717484588,0.8355406602511088,M,2.2434398175526282,-26.56851866781763,85.72498641630473,0.6786851452640312,0.6786851452640312,0.7706260179985477,0.9169828649569054,P,-23.829771969287417,9.194087273451645,True,True
single_omission,30,1;2;3;4;5;6;7;8;9;10;11;12;13;14;15;16;17;18;19;20;21;22;23;24;25;26;27;28;29;31;32,31,5,0.16129032258064516,1,1,206.09356698764054,0.936944575233537,0.936944575233537,0.8471866648832321,0.8471866648832321,M,8.97579103503049,-8.97579103503049,18.136821635016226,0.8829392074040259,0.8829392074040259,0.7492251432473391,0.7492251432473391,M,13.371406415668673,-13.371406415668673,102.57039504115394,0.6414156054330086,0.6414156054330086,0.8902178167052125,0.8902178167052125,P,-24.88022112722039,24.88022112722039,True,True
single_omission,30,1;2;3;4;5;6;7;8;9;10;11;12;13;14;15;16;17;18;19;20;21;22;23;24;25;26;27;28;29;31;32,31,6,0.1935483870967742,1,1,243.89996499345688,0.9467186581663112,0.9467186581663112,0.84868090477767,0.84868090477767,M,9.803775338864117,-9.803775338864117,21.275237294472078,0.8796302963100422,0.8796302963100422,0.7380382320221252,0.7380382320221252,M,14.159206428791704,-14.159206428791704,118.82667626458891,0.617715881434494,0.617715881434494,0.8381106033300945,0.8381106033300945,P,-22.03947218956005,22.03947218956005,True,True
single_omission,30,1;2;3;4;5;6;7;8;9;10;11;12;13;14;15;16;17;18;19;20;21;22;23;24;25;26;27;28;29;31;32,31,7,0.22580645161290322,1,4,281.0331253048963,0.9353162719487995,0.9353162719487995,0.8465212806258738,0.871238292892697,M,6.407797905610247,-8.879499132292567,24.409049316108238,0.8794961358659011,0.8794961358659011,0.7299231464073994,0.7647350140615247,M,11.476112180437648,-14.957298945850173,132.75007950517275,0.6069785228011935,0.6069785228011935,0.8169908846834948,0.8771015911605283,P,-27.012306835933487,21.00123618823013,True,True
single_omission,30,1;2;3;4;5;6;7;8;9;10;11;12;13;14;15;16;17;18;19;20;21;22;23;24;25;26;27;28;29;31;32,31,8,0.25806451612903225,1,6,318.14652736675197,0.916778166756478,0.916778166756478,0.8465787147468589,0.8760145499948326,M,4.076361676164542,-7.019945200961919,27.466429303797547,0.8432435750738719,0.8432435750738719,0.7414268148068228,0.7730323629130463,M,7.02112121608256,-10.181676026704912,145.52675080651431,0.6034608003959459,0.6034608003959459,0.8075266952986846,0.8664897139788136,P,-26.30289135828677,20.406589490273873,True,True
single_omission,30,1;2;3;4;5;6;7;8;9;10;11;12;13;14;15;16;17;18;19;20;21;22;23;24;25;26;27;28;29;31;32,31,9,0.2903225806451613,1,4,354.9829304003381,0.9170129854378688,0.9170129854378688,0.8540980958269174,0.8736660767371853,M,4.334690870068347,-6.291488961095137,30.520006753335828,0.8281676280051653,0.8281676280051653,0.7513213038146326,0.7791628636551297,M,4.900476435003565,-7.684632419053273,158.22840029622662,0.6614811117954893,0.6614811117954893,0.8037676083444649,0.8541991430689465,P,-19.27180312734572,14.228649654897563,True,True
single_omission,30,1;2;3;4;5;6;7;8;9;10;11;12;13;14;15;16;17;18;19;20;21;22;23;24;25;26;27;28;29;31;32,31,10,0.3225806451612903,1,1,390.2624847638619,0.9146652005503764,0.9146652005503764,0.8738831827081543,0.8738831827081543,M,4.078201784222202,-4.078201784222202,33.48452290665496,0.8309301223248499,0.8309301223248499,0.7733378042104421,0.7733378042104421,M,5.759231811440779,-5.759231811440779,170.3576224067916,0.6664263336299917,0.6664263336299917,0.8454231132623284,0.8454231132623284,P,-17.899677963233675,17.899677963233675,True,True
single_omission,30,1;2;3;4;5;6;7;8;9;10;11;12;13;14;15;16;17;18;19;20;21;22;23;24;25;26;27;28;29;31;32,31,11,0.3548387096774194,1,1,425.296911657341,0.928323438151304,0.928323438151304,0.8649556086890842,0.8649556086890842,M,6.336782946221986,-6.336782946221986,36.44082272241005,0.844871563484256,0.844871563484256,0.7708304240618162,0.7708304240618162,M,7.404113942243972,-7.404113942243972,180.68670578443232,0.6818040756987654,0.6818040756987654,0.8259621173862706,0.8259621173862706,P,-14.415804168750512,14.415804168750512,True,True
single_omission,30,1;2;3;4;5;6;7;8;9;10;11;12;13;14;15;16;17;18;19;20;21;22;23;24;25;26;27;28;29;31;32,31,12,0.3870967741935484,1,1,459.15107832400776,0.9427464123396547,0.9427464123396547,0.8780171113421681,0.8780171113421681,M,6.472930099748664,-6.472930099748664,39.38078847558445,0.8630195813520268,0.8630195813520268,0.7968649593567299,0.7968649593567299,M,6.6154621995296985,-6.6154621995296985,190.34883250636136,0.761375046156962,0.761375046156962,0.828595854173587,0.828595854173587,P,-6.7220808016625,6.7220808016625,True,True
single_omission,30,1;2;3;4;5;6;7;8;9;10;11;12;13;14;15;16;17;18;19;20;21;22;23;24;25;26;27;28;29;31;32,31,13,0.41935483870967744,2,1,492.5445801290619,0.9438058284744374,0.9466280869332125,0.883357016769038,0.883357016769038,M,6.04488117053994,-6.327107016417455,42.22023912502085,0.8634012943723742,0.8773036297442243,0.8084864601365567,0.8084864601365567,M,5.491483423581755,-6.881716960766759,199.6385640074173,0.7544586697189115,0.7676133018338074,0.8259805733150131,0.8259805733150131,P,-7.152190359610156,5.836727148120568,True,True
single_omission,30,1;2;3;4;5;6;7;8;9;10;11;12;13;14;15;16;17;18;19;20;21;22;23;24;25;26;27;28;29;31;32,31,14,0.45161290322580644,1,1,525.4472850140033,0.9482586769880799,0.9482586769880799,0.8889314497814941,0.8889314497814941,M,5.932722720658578,-5.932722720658578,44.97356039329534,0.8784402705346426,0.8784402705346426,0.8287737730748922,0.8287737730748922,M,4.9666497459750385,-4.9666497459750385,208.69969526702164,0.7615603433340689,0.7615603433340689,0.823417227777865,0.823417227777865,P,-6.185688444379611,6.185688444379611,True,True
single_omission,30,1;2;3;4;5;6;7;8;9;10;11;12;13;14;15;16;17;18;19;20;21;22;23;24;25;26;27;28;29;31;32,31,15,0.4838709677419355,1,5,557.8408063097443,0.9474719384340571,0.9474719384340571,0.8915898120092645,0.9050844060639042,M,4.238753237015292,-5.588212642479262,47.67419275944886,0.9067985113364707,0.9067985113364707,0.8240072258592023,0.8599455056799287,M,4.685300565654204,-8.279128547726843,217.56540282793256,0.7690427129126046,0.7690427129126046,0.8248411712449623,0.8645823430256402,P,-9.553963011303557,5.579845833235764,True,True
single_omission,30,1;2;3;4;5;6;7;8;9;10;11;12;13;14;15;16;17;18;19;20;21;22;23;24;25;26;27;28;29;31;32,31,16,0.5161290322580645,1,10,590.035545218264,0.950338083094648,0.950338083094648,0.8956256928454863,0.9185996018569061,M,3.173848123774181,-5.471239024916164,50.36784183063811,0.8903380761624025,0.8903380761624025,0.8335578845747803,0.8772496419559962,M,1.3088434206406263,-5.678019158762215,226.0472821962263,0.7938441373584348,0.7938441373584348,0.8275603798698717,0.8778353236013583,P,-8.399118624292345,3.37162425114369,True,True
single_omission,30,1;2;3;4;5;6;7;8;9;10;11;12;13;14;15;16;17;18;19;20;21;22;23;24;25;26;27;28;29;31;32,31,17,0.5483870967741935,1,10,622.0389589157252,0.9386572798693205,0.9386572798693205,0.9087652612764149,0.9305571807937651,M,0.8100099075555312,-2.989201859290558,52.93382590415438,0.8679250087967666,0.8679250087967666,0.8486912984801359,0.8902650840036755,overlap,-2.234007520690895,-1.923371031663068,234.42695824167464,0.8248612464549311,0.8248612464549311,0.8337242961913086,0.8822021439538296,P,-5.734089749889848,0.8863049736377526,False,True
single_omission,30,1;2;3;4;5;6;7;8;9;10;11;12;13;14;15;16;17;18;19;20;21;22;23;24;25;26;27;28;29;31;32,31,18,0.5806451612903226,1,5,654.0328648384065,0.9365934602525533,0.9365934602525533,0.9210558543321066,0.9325657273567944,M,0.4027732895758862,-1.5537605920446729,55.48144301935866,0.8766217628429153,0.8766217628429153,0.8671807767319187,0.8980618855563327,overlap,-2.144012271341744,-0.944098611099653,242.74532439731342,0.817823293853832,0.817823293853832,0.8477054487325385,0.8833242771024946,P,-6.55009832486626,2.988215487870649,False,True
single_omission,30,1;2;3;4;5;6;7;8;9;10;11;12;13;14;15;16;17;18;19;20;21;22;23;24;25;26;27;28;29;31;32,31,19,0.6129032258064516,1,1,685.9830723072861,0.9243524268209555,0.9243524268209555,0.9332696722930931,0.9332696722930931,P,-0.8917245472137569,0.8917245472137569,57.9480605451012,0.8689520572142568,0.8689520572142568,0.8945379850294407,0.8945379850294407,P,-2.5585927815183873,2.5585927815183873,251.02522860101067,0.8414470188240265,0.8414470188240265,0.8845039863395279,0.8845039863395279,P,-4.305696751550137,4.305696751550137,False,False
single_omission,30,1;2;3;4;5;6;7;8;9;10;11;12;13;14;15;16;17;18;19;20;21;22;23;24;25;26;27;28;29;31;32,31,20,0.6451612903225806,1,1,717.4186294152149,0.9330252164687693,0.9330252164687693,0.932354801666319,0.932354801666319,M,0.06704148024503365,-0.06704148024503365,60.38302187699887,0.8884212868192422,0.8884212868192422,0.9030748825166011,0.9030748825166011,P,-1.4653595697358912,1.4653595697358912,258.8707934966684,0.8487103031461194,0.8487103031461194,0.8776033792343246,0.8776033792343246,P,-2.889307608820524,2.889307608820524,False,True
single_omission,30,1;2;3;4;5;6;7;8;9;10;11;12;13;14;15;16;17;18;19;20;21;22;23;24;25;26;27;28;29;31;32,31,21,0.6774193548387096,2,4,748.5044437759856,0.9355681933452127,0.9438595588113201,0.9321302562819397,0.943243383686423,overlap,-0.7675190341210336,-1.1729302529380425,62.57786928960888,0.8893964370286894,0.8982655803023327,0.8984584568441784,0.9186424986328021,P,-2.9246061604112694,0.01928765418456324,266.4816665285556,0.8584734697286353,0.8632315911204516,0.8738990583540486,0.8819798041461868,P,-2.3506334417551566,1.0667467233597017,False,False
single_omission,30,1;2;3;4;5;6;7;8;9;10;11;12;13;14;15;16;17;18;19;20;21;22;23;24;25;26;27;28;29;31;32,31,22,0.7096774193548387,1,6,779.411721941489,0.9460857868539655,0.9460857868539655,0.9362279680434688,0.9507892559007413,overlap,-0.47034690467757656,-0.9857818810496743,64.75925219471597,0.8990610002950609,0.8990610002950609,0.9057945423777238,0.9257875237471876,P,-2.6726523452126782,0.6733542082662969,274.09164370467334,0.8723232895020298,0.8723232895020298,0.8760621687087132,0.8841434520718517,P,-1.182016256982199,0.37388792066834764,False,False
single_omission,30,1;2;3;4;5;6;7;8;9;10;11;12;13;14;15;16;17;18;19;20;21;22;23;24;25;26;27;28;29;31;32,31,23,0.7419354838709677,1,4,809.6902847190426,0.9580280220941718,0.9580280220941718,0.9444864215721459,0.9547597636184699,M,0.32682584757018907,-1.354160052202591,66.89375931501054,0.9007329106029254,0.9007329106029254,0.9137652803205931,0.9326470764958766,P,-3.1914165892951263,1.3032369717667747,281.39652770036633,0.924448401697936,0.924448401697936,0.8792795199946702,0.8869319619884661,M,3.751643970946983,-4.516888170326572,False,False
single_omission,30,1;2;3;4;5;6;7;8;9;10;11;12;13;14;15;16;17;18;19;20;21;22;23;24;25;26;27;28;29;31;32,31,24,0.7741935483870968,1,1,838.5052197839776,0.9693906765411676,0.9693906765411676,0.9563144283276436,0.9563144283276436,M,1.3076248213524044,-1.3076248213524044,69.0085508739743,0.9084145525003452,0.9084145525003452,0.9286022345978795,0.9286022345978795,P,-2.01876820975343,2.01876820975343,288.6397700612961,0.926557882910076,0.926557882910076,0.884395690330521,0.884395690330521,M,4.2162192579555,-4.2162192579555,False,False
single_omission,30,1;2;3;4;5;6;7;8;9;10;11;12;13;14;15;16;17;18;19;20;21;22;23;24;25;26;27;28;29;31;32,31,25,0.8064516129032258,1,1,867.1867266332928,0.9682554440940879,0.9682554440940879,0.9688689227421541,0.9688689227421541,P,-0.06134786480661569,0.06134786480661569,71.12192660509119,0.9122815195060264,0.9122815195060264,0.9295640623948023,0.9295640623948023,P,-1.7282542888775843,1.7282542888775843,295.835930999868,0.9216512542619751,0.9216512542619751,0.9340035667094128,0.9340035667094128,P,-1.235231244743762,1.235231244743762,False,False
single_omission,30,1;2;3;4;5;6;7;8;9;10;11;12;13;14;15;16;17;18;19;20;21;22;23;24;25;26;27;28;29;31;32,31,26,0.8387096774193549,2,1,894.0058534524195,0.9739802934253723,0.9783970570488542,0.9663079511369919,0.9663079511369919,M,0.7672342288380429,-1.2089105911862297,73.15281907753072,0.9271438323488388,0.927367119199389,0.9455516257651472,0.9455516257651472,P,-1.8407793416308382,1.8184506565758207,303.01125309294696,0.9257184969015079,0.9534756057280809,0.9425443553679698,0.9425443553679698,overlap,-1.6825858466461896,-1.093125036011111,False,False
single_omission,30,1;2;3;4;5;6;7;8;9;10;11;12;13;14;15;16;17;18;19;20;21;22;23;24;25;26;27;28;29;31;32,31,27,0.8709677419354839,1,1,920.2865618889078,0.9842352891733389,0.9842352891733389,0.9736963904192866,0.9736963904192866,M,1.053889875405234,-1.053889875405234,75.16379106255812,0.9416699695669828,0.9416699695669828,0.9417205595930749,0.9417205595930749,P,-0.005059002609208996,0.005059002609208996,309.96060205317065,0.9574100741034633,0.9574100741034633,0.9605439089811312,0.9605439089811312,P,-0.31338348776678293,0.31338348776678293,False,True
single_omission,30,1;2;3;4;5;6;7;8;9;10;11;12;13;14;15;16;17;18;19;20;21;22;23;24;25;26;27;28;29;31;32,31,28,0.9032258064516129,1,1,943.9812567934999,0.9943854377326362,0.9943854377326362,0.9841110738820162,0.9841110738820162,M,1.0274363850619972,-1.0274363850619972,76.88163710010117,0.9613907774598759,0.9613907774598759,0.9614402371006232,0.9614402371006232,P,-0.004945964074731801,0.004945964074731801,316.61041269716526,0.9600302192530308,0.9600302192530308,0.9630982337795976,0.9630982337795976,P,-0.3068014526566798,0.3068014526566798,False,True
single_omission,30,1;2;3;4;5;6;7;8;9;10;11;12;13;14;15;16;17;18;19;20;21;22;23;24;25;26;27;28;29;31;32,31,29,0.9354838709677419,1,2,967.1294049416482,0.9977588508362206,0.9977588508362206,0.982924817905809,0.9877304028840594,M,1.002844795216118,-1.4834032930411634,78.57486258707176,0.967838841589795,0.967838841589795,0.9678872354148154,0.9684838102387371,P,-0.06449686489420348,0.0048393825020309755,322.3026069873403,0.9637072981406165,0.9637072981406165,0.9667211283869706,0.9857307811931224,P,-2.20234830525059,0.30138302463540434,False,True
single_omission,30,1;2;3;4;5;6;7;8;9;10;11;12;13;14;15;16;17;18;19;20;21;22;23;24;25;26;27;28;29;31;32,31,30,0.967741935483871,1,1,988.7624908377244,0.9998929244893323,0.9998929244893323,0.9879988487957715,0.9879988487957715,M,1.1894075693560824,-1.1894075693560824,80.1883829595781,0.9864918215387142,0.9864918215387142,0.975615002325751,0.975615002325751,M,1.087681921296313,-1.087681921296313,327.51870957748224,0.9767231511054303,0.9767231511054303,0.9903355189345971,0.9903355189345971,P,-1.361236782916686,1.361236782916686,True,True
single_omission,31,1;2;3;4;5;6;7;8;9;10;11;12;13;14;15;16;17;18;19;20;21;22;23;24;25;26;27;28;29;30;32,31,1,0.03225806451612903,1,5,50.080775444264944,0.8345246956057693,0.8345246956057693,0.4298498467021304,1.0,overlap,-16.547530439423074,-40.467484890363885,4.7345054676233875,0.5997354251365439,0.5997354251365439,0.2319532472983795,1.0,overlap,-40.02645748634561,-36.77821778381644,25.248088207150722,1.0,1.0,0.5030737133639674,1.0,overlap,0.0,-49.69262866360326,False,False
single_omission,31,1;2;3;4;5;6;7;8;9;10;11;12;13;14;15;16;17;18;19;20;21;22;23;24;25;26;27;28;29;30;32,31,2,0.06451612903225806,1,10,91.87441932759103,1.0,1.0,0.48626551462919215,1.0,overlap,0.0,-51.37344853708079,8.458805932267115,0.895393058749349,0.895393058749349,0.33291104887134926,0.9378489406806406,overlap,-4.245588193129157,-56.248200987799976,46.98200691419579,0.9142015106597794,0.9142015106597794,0.5667074371455023,1.0,overlap,-8.57984893402206,-34.749407351427706,False,False
single_omission,31,1;2;3;4;5;6;7;8;9;10;11;12;13;14;15;16;17;18;19;20;21;22;23;24;25;26;27;28;29;30;32,31,3,0.0967741935483871,1,10,130.19004906962442,0.9514423424483756,0.9514423424483756,0.6354195496025693,0.9979592204092079,overlap,-4.6516877960832375,-31.602279284580625,11.750281508022889,0.9116693731296073,0.9116693731296073,0.4813059670685486,0.916789340330352,overlap,-0.5119967200744702,-43.03634060610587,68.02205292866945,0.7335910709330857,0.7335910709330857,0.6516708083541006,0.9509407260857325,overlap,-21.734965515264683,-8.19202625789851,False,False
single_omission,31,1;2;3;4;5;6;7;8;9;10;11;12;13;14;15;16;17;18;19;20;21;22;23;24;25;26;27;28;29;30;32,31,4,0.12903225806451613,1,5,168.2399896165923,0.9552112351533893,0.9552112351533893,0.7401269252907918,0.9098461570970676,M,4.536507805632173,-21.508430986259754,14.948858223399332,0.9298593230601683,0.9298593230601683,0.5922898717484588,0.8355406602511088,M,9.431866280905943,-33.756945131170944,85.72498641630473,0.6708703055587658,0.6708703055587658,0.7706260179985477,0.9169828649569054,P,-24.611255939813958,9.975571243978187,True,True
single_omission,31,1;2;3;4;5;6;7;8;9;10;11;12;13;14;15;16;17;18;19;20;21;22;23;24;25;26;27;28;29;30;32,31,5,0.16129032258064516,1,1,206.09356698764054,0.9632087463534447,0.9632087463534447,0.8471866648832321,0.8471866648832321,M,11.602208147021253,-11.602208147021253,18.136821635016226,0.9153184548187348,0.9153184548187348,0.7492251432473391,0.7492251432473391,M,16.60933115713956,-16.60933115713956,102.57039504115394,0.6348929516834388,0.6348929516834388,0.8902178167052125,0.8902178167052125,P,-25.532486502177363,25.532486502177363,True,True
single_omission,31,1;2;3;4;5;6;7;8;9;10;11;12;13;14;15;16;17;18;19;20;21;22;23;24;25;26;27;28;29;30;32,31,6,0.1935483870967742,1,4,243.89996499345688,0.944901053039254,0.944901053039254,0.8425872461325068,0.8710673617640574,M,7.383369127519657,-10.231380690674719,21.275237294472078,0.9097096570382007,0.9097096570382007,0.7381047801798389,0.7780443861449465,M,13.16652708932542,-17.16048768583618,118.82667626458891,0.6084201395578238,0.6084201395578238,0.8430405010233474,0.9101946225959315,P,-30.17744830381077,23.462036146552357,True,True
single_omission,31,1;2;3;4;5;6;7;8;9;10;11;12;13;14;15;16;17;18;19;20;21;22;23;24;25;26;27;28;29;30;32,31,7,0.22580645161290322,1,6,281.0331253048963,0.922582590725551,0.922582590725551,0.8431125572350892,0.8764357064336847,M,4.61468842918663,-7.947003349046189,24.409049316108238,0.8622832473709353,0.8622832473709353,0.7477133265354243,0.783277659313206,M,7.900558805772928,-11.456992083551098,132.75007950517275,0.5991693987190714,0.5991693987190714,0.8228758307326358,0.8875138072841198,P,-28.83444085650484,22.370643201356444,True,True
single_omission,31,1;2;3;4;5;6;7;8;9;10;11;12;13;14;15;16;17;18;19;20;21;22;23;24;25;26;27;28;29;30;32,31,8,0.25806451612903225,1,4,318.14652736675197,0.9213692757118872,0.9213692757118872,0.851169823702268,0.8730034714338281,M,4.836580427805915,-7.019945200961919,27.466429303797547,0.8432951226496858,0.8432951226496858,0.7579054162803973,0.7888422586692218,M,5.445286398046401,-8.538970636928845,145.52675080651431,0.6623194251758003,0.6623194251758003,0.8170247601601034,0.8718579851150654,P,-20.953855993926506,15.470533498430306,True,True
single_omission,31,1;2;3;4;5;6;7;8;9;10;11;12;13;14;15;16;17;18;19;20;21;22;23;24;25;26;27;28;29;30;32,31,9,0.2903225806451613,1,1,354.9829304003381,0.9143143650091857,0.9143143650091857,0.8694792750547461,0.8694792750547461,M,4.483508995443963,-4.483508995443963,30.520006753335828,0.8423957173891868,0.8423957173891868,0.7792092538102274,0.7792092538102274,M,6.318646357895941,-6.318646357895941,158.22840029622662,0.6651833760926509,0.6651833760926509,0.8579014073661081,0.8579014073661081,P,-19.27180312734572,19.27180312734572,True,True
single_omission,31,1;2;3;4;5;6;7;8;9;10;11;12;13;14;15;16;17;18;19;20;21;22;23;24;25;26;27;28;29;30;32,31,10,0.3225806451612903,1,1,390.2624847638619,0.928655928043979,0.928655928043979,0.8595994770120073,0.8595994770120073,M,6.905645103197166,-6.905645103197166,33.48452290665496,0.8563490427190565,0.8563490427190565,0.7757709188084982,0.7757709188084982,M,8.05781239105583,-8.05781239105583,170.3576224067916,0.6745399859497642,0.6745399859497642,0.8274385841859635,0.8274385841859635,P,-15.289859823619933,15.289859823619933,True,True
single_omission,31,1;2;3;4;5;6;7;8;9;10;11;12;13;14;15;16;17;18;19;20;21;22;23;24;25;26;27;28;29;30;32,31,11,0.3548387096774194,1,1,425.296911657341,0.9416233683793053,0.9416233683793053,0.8717415339772231,0.8717415339772231,M,6.988183440208218,-6.988183440208218,36.44082272241005,0.8746513791740974,0.8746513791740974,0.8031595471887317,0.8031595471887317,M,7.149183198536568,-7.149183198536568,180.68670578443232,0.7562645316849359,0.7562645316849359,0.8270799371158387,0.8270799371158387,P,-7.081540543090281,7.081540543090281,True,True
single_omission,31,1;2;3;4;5;6;7;8;9;10;11;12;13;14;15;16;17;18;19;20;21;22;23;24;25;26;27;28;29;30;32,31,12,0.3870967741935484,2,1,459.15107832400776,0.9418967843703515,0.9449243022685283,0.8770516038049118,0.8770516038049118,M,6.484518056543975,-6.787269846361655,39.38078847558445,0.8719894828776061,0.8868942104495199,0.8131151555038779,0.8131151555038779,M,5.887432737372822,-7.377905494564196,190.34883250636136,0.7477804793847407,0.7615771065081348,0.8227929180795012,0.8227929180795012,P,-7.501243869476049,6.121581157136635,True,True
single_omission,31,1;2;3;4;5;6;7;8;9;10;11;12;13;14;15;16;17;18;19;20;21;22;23;24;25;26;27;28;29;30;32,31,13,0.41935483870967744,1,1,492.5445801290619,0.9458360619794964,0.9458360619794964,0.8825456884361697,0.8825456884361697,M,6.329037354332678,-6.329037354332678,42.22023912502085,0.8856702757402275,0.8856702757402275,0.8327648619074149,0.8327648619074149,M,5.290541383281255,-5.290541383281255,199.6385640074173,0.7546513276461649,0.7546513276461649,0.8193157525671335,0.8193157525671335,P,-6.466442492096858,6.466442492096858,True,True
single_omission,31,1;2;3;4;5;6;7;8;9;10;11;12;13;14;15;16;17;18;19;20;21;22;23;24;25;26;27;28;29;30;32,31,14,0.45161290322580644,1,5,525.4472850140033,0.9442336138114169,0.9442336138114169,0.8849063866048311,0.8992329145800633,M,4.500069923135364,-5.932722720658578,44.97356039329534,0.914259643504878,0.914259643504878,0.8264967964425343,0.8645931460451276,M,4.9666497459750385,-8.776284706234371,208.69969526702164,0.7620384074808493,0.7620384074808493,0.8202072229586327,0.8616366272337788,P,-9.959821975292948,5.81688154777834,True,True
single_omission,31,1;2;3;4;5;6;7;8;9;10;11;12;13;14;15;16;17;18;19;20;21;22;23;24;25;26;27;28;29;30;32,31,15,0.4838709677419355,1,10,557.6420239225232,0.9474532137809172,0.9474532137809172,0.8895625713508843,0.9138710386970097,M,3.3582175083907484,-5.789064243003283,47.67419275944886,0.8963136907306416,0.8963136907306416,0.8363253502163313,0.8824857442933456,M,1.3827946437296013,-5.998834051431034,217.56540282793256,0.7867354060376791,0.7867354060376791,0.8217660905422683,0.8740010242465884,P,-8.726561820890932,3.503068450458924,True,True
single_omission,31,1;2;3;4;5;6;7;8;9;10;11;12;13;14;15;16;17;18;19;20;21;22;23;24;25;26;27;28;29;30;32,31,16,0.5161290322580645,1,10,589.6454376199842,0.9352872771793779,0.9352872771793779,0.9037530721485165,0.9267421806271005,M,0.854509655227742,-3.153420503086135,50.36784183063811,0.8701825210174494,0.8701825210174494,0.849968951478082,0.8936607088592979,overlap,-2.347818784184852,-2.021356953936737,226.0472821962263,0.8188101488143376,0.8188101488143376,0.8280017558544966,0.8782766995859833,P,-5.946655077164575,0.9191607040159089,False,True
single_omission,31,1;2;3;4;5;6;7;8;9;10;11;12;13;14;15;16;17;18;19;20;21;22;23;24;25;26;27;28;29;30;32,31,17,0.5483870967741935,1,5,621.6393435426658,0.9332893561656194,0.9332893561656194,0.9169420882224949,0.9290517387883077,M,0.4237617377311653,-1.6347267943124466,52.93382590415438,0.8788872494842817,0.8788872494842817,0.8689918843936826,0.9013592496908484,overlap,-2.24720002065667,-0.9895365090599073,234.42695824167464,0.8115230346776333,0.8115230346776333,0.8424655228373966,0.8793482436309823,P,-6.782520895334898,3.0942488159763304,False,True
single_omission,31,1;2;3;4;5;6;7;8;9;10;11;12;13;14;15;16;17;18;19;20;21;22;23;24;25;26;27;28;29;30;32,31,18,0.5806451612903226,1,1,653.5895510115453,0.92060314522832,0.92060314522832,0.9299623515314622,0.9299623515314622,P,-0.9359206303142242,0.9359206303142242,55.48144301935866,0.8694927180299349,0.8694927180299349,0.8962161558759825,0.8962161558759825,P,-2.672343784604758,2.672343784604758,242.74532439731342,0.8360388673030567,0.8360388673030567,0.8805644833588139,0.8805644833588139,P,-4.452561605575722,4.452561605575722,False,False
single_omission,31,1;2;3;4;5;6;7;8;9;10;11;12;13;14;15;16;17;18;19;20;21;22;23;24;25;26;27;28;29;30;32,31,19,0.6129032258064516,1,1,685.0251081194741,0.9298581076272374,0.9298581076272374,0.9315693633192547,0.9315693633192547,P,-0.1711255692017244,0.1711255692017244,57.9480605451012,0.8892823294193462,0.8892823294193462,0.8963588729614065,0.8963588729614065,P,-0.7076543542060332,0.7076543542060332,250.59088929297116,0.8437114614065381,0.8437114614065381,0.8795594674383204,0.8795594674383204,P,-3.5848006031782287,3.5848006031782287,False,False
single_omission,31,1;2;3;4;5;6;7;8;9;10;11;12;13;14;15;16;17;18;19;20;21;22;23;24;25;26;27;28;29;30;32,31,20,0.6451612903225806,2,1,716.1109224802448,0.9326535986428082,0.9413200268476138,0.9311824324202692,0.9311824324202692,M,0.14711662225389555,-1.0137594427344632,60.38302187699887,0.8867253838500584,0.8959169094020494,0.9048223426609829,0.9048223426609829,P,-1.8096958810924546,0.8905433258933559,258.20176232485835,0.8539350572004737,0.8588457600036602,0.8735906946908812,0.8735906946908812,P,-1.9655637490407551,1.4744934687221045,False,True
single_omission,31,1;2;3;4;5;6;7;8;9;10;11;12;13;14;15;16;17;18;19;20;21;22;23;24;25;26;27;28;29;30;32,31,21,0.6774193548387096,1,4,747.0182006457482,0.9437478636143718,0.9437478636143718,0.9312287774802179,0.9423640152017538,M,0.13838484126179607,-1.2519086134153867,62.601914532243136,0.8962847661236549,0.8962847661236549,0.8997988834615234,0.9199751726089416,P,-2.369040648528664,0.35141173378684387,265.8117395009761,0.8683462231243332,0.8683462231243332,0.8699948754863355,0.8780959872337898,P,-0.9749764109456605,0.16486523620022897,False,True
single_omission,31,1;2;3;4;5;6;7;8;9;10;11;12;13;14;15;16;17;18;19;20;21;22;23;24;25;26;27;28;29;30;32,31,22,0.7096774193548387,2,6,777.352928679221,0.9459429968615818,0.9562097642642862,0.9360590699472896,0.9506589228889972,overlap,-0.471592602741544,-2.0150694316996565,64.79676194485315,0.8972675956762408,0.9001689780472415,0.9068986221962196,0.9268800299667388,P,-2.961243429049798,0.6729644148978142,273.11662349666915,0.8694941193369385,0.9221579516024112,0.8732463462583644,0.8813564796214948,overlap,-1.1862360284556228,-4.891160534404682,False,False
single_omission,31,1;2;3;4;5;6;7;8;9;10;11;12;13;14;15;16;17;18;19;20;21;22;23;24;25;26;27;28;29;30;32,31,23,0.7419354838709677,1,4,807.6314914567744,0.9579210282161094,0.9579210282161094,0.9443449077970635,0.9546444383806223,M,0.3276589835487065,-1.3576120419045878,66.97814484996024,0.9011734736505503,0.9011734736505503,0.9141894239303141,0.9330474309953641,P,-3.1873957344813797,1.3015950279763766,280.3598658575989,0.9220768573533736,0.9220768573533736,0.8767409586771223,0.8844216964278543,M,3.765516092551935,-4.533589867625132,False,False
single_omission,31,1;2;3;4;5;6;7;8;9;10;11;12;13;14;15;16;17;18;19;20;21;22;23;24;25;26;27;28;29;30;32,31,24,0.7741935483870968,1,1,836.4464265217094,0.969315336068782,0.969315336068782,0.9562069025402585,0.9562069025402585,M,1.3108433528523422,-1.3108433528523422,69.11265197025482,0.90857298909658,0.90857298909658,0.9287302634499779,0.9287302634499779,P,-2.015727435339787,2.015727435339787,287.5560267961708,0.9244049968116367,0.9244049968116367,0.8820839030511187,0.8820839030511187,M,4.232109376051795,-4.232109376051795,False,False
single_omission,31,1;2;3;4;5;6;7;8;9;10;11;12;13;14;15;16;17;18;19;20;21;22;23;24;25;26;27;28;29;30;32,31,25,0.8064516129032258,1,1,865.1279333710246,0.9681798998013983,0.9681798998013983,0.9687948383788673,0.9687948383788673,P,-0.061493857746897085,0.061493857746897085,71.22744352921858,0.9124114663887483,0.9124114663887483,0.9296684067755057,0.9296684067755057,P,-1.7256940386757402,1.7256940386757402,294.7313488892498,0.9195979038038086,0.9195979038038086,0.9319965097432877,0.9319965097432877,P,-1.2398605939479168,1.2398605939479168,False,False
single_omission,31,1;2;3;4;5;6;7;8;9;10;11;12;13;14;15;16;17;18;19;20;21;22;23;24;25;26;27;28;29;30;32,31,26,0.8387096774193549,2,1,891.9470601901515,0.9739202347077949,0.9783471931103112,0.9662301831098442,0.9662301831098442,M,0.7690051597950665,-1.2117010000466943,73.25833600165811,0.927248770013736,0.9274717352552657,0.9456300499457465,0.9456300499457465,P,-1.8381279932010552,1.8158314690480792,301.68069784947346,0.9244207452033628,0.9523002760707099,0.9413208137017163,0.9413208137017163,overlap,-1.690006849835346,-1.0979462368993609,False,False
single_omission,31,1;2;3;4;5;6;7;8;9;10;11;12;13;14;15;16;17;18;19;20;21;22;23;24;25;26;27;28;29;30;32,31,27,0.8709677419354839,1,1,918.2277686266399,0.9841999425180313,0.9841999425180313,0.9736374140998717,0.9736374140998717,M,1.0562528418159634,-1.0562528418159634,75.2693079866855,0.9417517400197766,0.9417517400197766,0.9418022591258073,0.9418022591258073,P,-0.005051910603071086,0.005051910603071086,308.33737581520626,0.957185861631636,0.957185861631636,0.9603361944216489,0.9603361944216489,P,-0.31503327900128664,0.31503327900128664,False,True
single_omission,31,1;2;3;4;5;6;7;8;9;10;11;12;13;14;15;16;17;18;19;20;21;22;23;24;25;26;27;28;29;30;32,31,28,0.9032258064516129,1,1,941.922463531232,0.9943731657851944,0.9943731657851944,0.9840763448939064,0.9840763448939064,M,1.0296820891288028,-1.0296820891288028,76.98715402422856,0.9614436944231929,0.9614436944231929,0.9614930862756289,0.9614930862756289,P,-0.00493918524360204,0.00493918524360204,314.98718645920087,0.9598242426304147,0.9598242426304147,0.9629080675832212,0.9629080675832212,P,-0.30838249528065687,0.30838249528065687,False,True
single_omission,31,1;2;3;4;5;6;7;8;9;10;11;12;13;14;15;16;17;18;19;20;21;22;23;24;25;26;27;28;29;30;32,31,29,0.9354838709677419,1,2,965.07061167938,0.9977540697738382,0.9977540697738382,0.9828883912760662,0.9877042280492162,M,1.0049841724621977,-1.4865678497771984,78.68037951119915,0.9678819723745332,0.9678819723745332,0.9679303012994146,0.9685260760669459,P,-0.06441036924126342,0.0048328924881380075,320.6793807493759,0.9635235904579861,0.9635235904579861,0.9665526762169373,0.9856585527563937,P,-2.213496229840761,0.3029085758951222,False,True
single_omission,31,1;2;3;4;5;6;7;8;9;10;11;12;13;14;15;16;17;18;19;20;21;22;23;24;25;26;27;28;29;30;32,31,30,0.967741935483871,1,1,986.7036975754564,0.9998927010723729,0.9998927010723729,0.9879738079559536,0.9879738079559536,M,1.191889311641936,-1.191889311641936,80.29389988370549,0.9865095730919936,0.9865095730919936,0.9756470474743011,0.9756470474743011,M,1.086252561769252,-1.086252561769252,325.8954833395178,0.9766072133468715,0.9766072133468715,0.9902873819089443,0.9902873819089443,P,-1.368016856207277,1.368016856207277,True,True
single_omission,32,1;2;3;4;5;6;7;8;9;10;11;12;13;14;15;16;17;18;19;20;21;22;23;24;25;26;27;28;29;30;31,31,1,0.03225806451612903,1,5,50.080775444264944,0.8345246956057693,0.8345246956057693,0.4298498467021304,1.0,overlap,-16.547530439423074,-40.467484890363885,4.7345054676233875,0.5997354251365439,0.5997354251365439,0.2319532472983795,1.0,overlap,-40.02645748634561,-36.77821778381644,25.248088207150722,1.0,1.0,0.5030737133639674,1.0,overlap,0.0,-49.69262866360326,False,False
single_omission,32,1;2;3;4;5;6;7;8;9;10;11;12;13;14;15;16;17;18;19;20;21;22;23;24;25;26;27;28;29;30;31,31,2,0.06451612903225806,1,10,91.87441932759103,1.0,1.0,0.48626551462919215,1.0,overlap,0.0,-51.37344853708079,8.458805932267115,0.895393058749349,0.895393058749349,0.33291104887134926,0.9378489406806406,overlap,-4.245588193129157,-56.248200987799976,46.98200691419579,0.9142015106597794,0.9142015106597794,0.5667074371455023,1.0,overlap,-8.57984893402206,-34.749407351427706,False,False
single_omission,32,1;2;3;4;5;6;7;8;9;10;11;12;13;14;15;16;17;18;19;20;21;22;23;24;25;26;27;28;29;30;31,31,3,0.0967741935483871,1,10,130.19004906962442,0.9545118195390997,0.9545118195390997,0.6354195496025693,0.9979592204092079,overlap,-4.344740087010823,-31.90922699365304,11.750281508022889,0.8244340224157465,0.8244340224157465,0.4813059670685486,0.916789340330352,overlap,-9.235531791460549,-34.312805534719786,68.02205292866945,0.7531517161383814,0.7531517161383814,0.6516708083541006,0.9509407260857325,overlap,-19.778900994735118,-10.148090778428076,False,False
single_omission,32,1;2;3;4;5;6;7;8;9;10;11;12;13;14;15;16;17;18;19;20;21;22;23;24;25;26;27;28;29;30;31,31,4,0.12903225806451613,1,5,168.2399896165923,0.9288032346062525,0.9288032346062525,0.7401269252907918,0.9098461570970676,M,1.895707750918485,-18.867630931546064,14.948858223399332,0.8579750584266351,0.8579750584266351,0.5922898717484588,0.8355406602511088,M,2.2434398175526282,-26.56851866781763,85.72498641630473,0.6786851452640312,0.6786851452640312,0.7706260179985477,0.9169828649569054,P,-23.829771969287417,9.194087273451645,True,True
single_omission,32,1;2;3;4;5;6;7;8;9;10;11;12;13;14;15;16;17;18;19;20;21;22;23;24;25;26;27;28;29;30;31,31,5,0.16129032258064516,1,1,206.09356698764054,0.936944575233537,0.936944575233537,0.8471866648832321,0.8471866648832321,M,8.97579103503049,-8.97579103503049,18.136821635016226,0.8829392074040259,0.8829392074040259,0.7492251432473391,0.7492251432473391,M,13.371406415668673,-13.371406415668673,102.57039504115394,0.6414156054330086,0.6414156054330086,0.8902178167052125,0.8902178167052125,P,-24.88022112722039,24.88022112722039,True,True
single_omission,32,1;2;3;4;5;6;7;8;9;10;11;12;13;14;15;16;17;18;19;20;21;22;23;24;25;26;27;28;29;30;31,31,6,0.1935483870967742,1,1,243.89996499345688,0.9467186581663112,0.9467186581663112,0.84868090477767,0.84868090477767,M,9.803775338864117,-9.803775338864117,21.275237294472078,0.8796302963100422,0.8796302963100422,0.7380382320221252,0.7380382320221252,M,14.159206428791704,-14.159206428791704,118.82667626458891,0.617715881434494,0.617715881434494,0.8381106033300945,0.8381106033300945,P,-22.03947218956005,22.03947218956005,True,True
single_omission,32,1;2;3;4;5;6;7;8;9;10;11;12;13;14;15;16;17;18;19;20;21;22;23;24;25;26;27;28;29;30;31,31,7,0.22580645161290322,1,4,281.0331253048963,0.9353162719487995,0.9353162719487995,0.8465212806258738,0.871238292892697,M,6.407797905610247,-8.879499132292567,24.409049316108238,0.8794961358659011,0.8794961358659011,0.7299231464073994,0.7647350140615247,M,11.476112180437648,-14.957298945850173,132.75007950517275,0.6069785228011935,0.6069785228011935,0.8169908846834948,0.8771015911605283,P,-27.012306835933487,21.00123618823013,True,True
single_omission,32,1;2;3;4;5;6;7;8;9;10;11;12;13;14;15;16;17;18;19;20;21;22;23;24;25;26;27;28;29;30;31,31,8,0.25806451612903225,1,6,318.14652736675197,0.916778166756478,0.916778166756478,0.8465787147468589,0.8760145499948326,M,4.076361676164542,-7.019945200961919,27.466429303797547,0.8432435750738719,0.8432435750738719,0.7414268148068228,0.7730323629130463,M,7.02112121608256,-10.181676026704912,145.52675080651431,0.6034608003959459,0.6034608003959459,0.8075266952986846,0.8664897139788136,P,-26.30289135828677,20.406589490273873,True,True
single_omission,32,1;2;3;4;5;6;7;8;9;10;11;12;13;14;15;16;17;18;19;20;21;22;23;24;25;26;27;28;29;30;31,31,9,0.2903225806451613,1,4,354.9829304003381,0.9170129854378688,0.9170129854378688,0.8540980958269174,0.8736660767371853,M,4.334690870068347,-6.291488961095137,30.520006753335828,0.8281676280051653,0.8281676280051653,0.7513213038146326,0.7791628636551297,M,4.900476435003565,-7.684632419053273,158.22840029622662,0.6614811117954893,0.6614811117954893,0.8037676083444649,0.8541991430689465,P,-19.27180312734572,14.228649654897563,True,True
single_omission,32,1;2;3;4;5;6;7;8;9;10;11;12;13;14;15;16;17;18;19;20;21;22;23;24;25;26;27;28;29;30;31,31,10,0.3225806451612903,1,1,390.2624847638619,0.9146652005503764,0.9146652005503764,0.8738831827081543,0.8738831827081543,M,4.078201784222202,-4.078201784222202,33.48452290665496,0.8309301223248499,0.8309301223248499,0.7733378042104421,0.7733378042104421,M,5.759231811440779,-5.759231811440779,170.3576224067916,0.6664263336299917,0.6664263336299917,0.8454231132623284,0.8454231132623284,P,-17.899677963233675,17.899677963233675,True,True
single_omission,32,1;2;3;4;5;6;7;8;9;10;11;12;13;14;15;16;17;18;19;20;21;22;23;24;25;26;27;28;29;30;31,31,11,0.3548387096774194,1,1,425.296911657341,0.928323438151304,0.928323438151304,0.8848485994738691,0.8848485994738691,M,4.347483867743495,-4.347483867743495,36.44082272241005,0.844871563484256,0.844871563484256,0.8009238215544962,0.8009238215544962,M,4.394774192975981,-4.394774192975981,180.68670578443232,0.6818040756987654,0.6818040756987654,0.8440363678629387,0.8440363678629387,P,-16.223229216417323,16.223229216417323,True,True
single_omission,32,1;2;3;4;5;6;7;8;9;10;11;12;13;14;15;16;17;18;19;20;21;22;23;24;25;26;27;28;29;30;31,31,12,0.3870967741935484,1,1,459.15107832400776,0.9427464123396547,0.9427464123396547,0.8891922580247857,0.8891922580247857,M,5.3554154314868985,-5.3554154314868985,39.38078847558445,0.8630195813520268,0.8630195813520268,0.8110463375688679,0.8110463375688679,M,5.1973243783158924,-5.1973243783158924,190.34883250636136,0.761375046156962,0.761375046156962,0.8388886386216954,0.8388886386216954,P,-7.751359246473333,7.751359246473333,True,True
single_omission,32,1;2;3;4;5;6;7;8;9;10;11;12;13;14;15;16;17;18;19;20;21;22;23;24;25;26;27;28;29;30;31,31,13,0.41935483870967744,2,1,492.5445801290619,0.9438058284744374,0.9466280869332125,0.8938632314596933,0.8938632314596933,M,4.994259701474412,-5.276485547351928,42.22023912502085,0.8634012943723742,0.8773036297442243,0.8308351788174666,0.8308351788174666,M,3.2566115554907626,-4.6468450926757665,199.6385640074173,0.7544586697189115,0.7676133018338074,0.834662494960259,0.834662494960259,P,-8.02038252413475,6.704919312645163,True,True
single_omission,32,1;2;3;4;5;6;7;8;9;10;11;12;13;14;15;16;17;18;19;20;21;22;23;24;25;26;27;28;29;30;31,31,14,0.45161290322580644,1,5,525.4472850140033,0.9482586769880799,0.9482586769880799,0.8955152424036873,0.9098417703789194,M,3.8416906609160417,-5.274343458439256,44.97356039329534,0.8784402705346426,0.8784402705346426,0.8246852502633869,0.8627815998659802,M,1.5658670668662333,-5.375502027125567,208.69969526702164,0.7615603433340689,0.7615603433340689,0.834887654617315,0.8763170588924611,P,-11.475671555839229,7.33273112832461,True,True
single_omission,32,1;2;3;4;5;6;7;8;9;10;11;12;13;14;15;16;17;18;19;20;21;22;23;24;25;26;27;28;29;30;31,31,15,0.4838709677419355,1,10,557.8408063097443,0.9474719384340571,0.9474719384340571,0.8992383875408198,0.9235381927469328,M,2.3933745687124253,-4.823355089323734,47.67419275944886,0.9067985113364707,0.9067985113364707,0.834616423923563,0.8807768180005773,M,2.6021693335893437,-7.218208741290777,217.56540282793256,0.7690427129126046,0.7690427129126046,0.8358483001846646,0.8880832338889847,P,-11.904052097638008,6.680558727205998,True,True
single_omission,32,1;2;3;4;5;6;7;8;9;10;11;12;13;14;15;16;17;18;19;20;21;22;23;24;25;26;27;28;29;30;31,31,16,0.5161290322580645,1,10,590.035545218264,0.950338083094648,0.950338083094648,0.9126031042839,0.9355770132953198,M,1.476106979932812,-3.7734978810747943,50.36784183063811,0.8903380761624025,0.8903380761624025,0.8483514177793566,0.8920431751605726,overlap,-0.17050989981701736,-4.198665838304583,226.0472821962263,0.7938441373584348,0.7938441373584348,0.8415555645257982,0.8918305082572847,P,-9.798637089884988,4.771142716736332,False,True
single_omission,32,1;2;3;4;5;6;7;8;9;10;11;12;13;14;15;16;17;18;19;20;21;22;23;24;25;26;27;28;29;30;31,31,17,0.5483870967741935,1,5,622.0389589157252,0.9386572798693205,0.9386572798693205,0.9253145064566085,0.9374163774413209,M,0.12409024279995684,-1.334277341271195,52.93382590415438,0.8679250087967666,0.8679250087967666,0.867452761156291,0.8998201264534567,overlap,-3.1895117656690064,-0.04722476404755982,234.42695824167464,0.8248612464549311,0.8248612464549311,0.8555348457366718,0.8924175665302575,P,-6.7556320075326415,3.0673599281740738,False,True
single_omission,32,1;2;3;4;5;6;7;8;9;10;11;12;13;14;15;16;17;18;19;20;21;22;23;24;25;26;27;28;29;30;31,31,18,0.5806451612903226,1,1,654.0328648384065,0.9365934602525533,0.9365934602525533,0.9378551189828275,0.9378551189828275,P,-0.12616587302741733,0.12616587302741733,55.48144301935866,0.8766217628429153,0.8766217628429153,0.8947477066601843,0.8947477066601843,P,-1.8125943817269063,1.8125943817269063,242.74532439731342,0.817823293853832,0.817823293853832,0.8931859483495902,0.8931859483495902,P,-7.536265449575819,7.536265449575819,False,False
single_omission,32,1;2;3;4;5;6;7;8;9;10;11;12;13;14;15;16;17;18;19;20;21;22;23;24;25;26;27;28;29;30;31,31,19,0.6129032258064516,1,1,685.9830723072861,0.9243524268209555,0.9243524268209555,0.9383945818663298,0.9383945818663298,P,-1.4042155045374316,1.4042155045374316,57.9480605451012,0.8689520572142568,0.8689520572142568,0.8949529297645722,0.8949529297645722,P,-2.6000872550315357,2.6000872550315357,251.02522860101067,0.8414470188240265,0.8414470188240265,0.8902427536483734,0.8902427536483734,P,-4.879573482434685,4.879573482434685,False,False
single_omission,32,1;2;3;4;5;6;7;8;9;10;11;12;13;14;15;16;17;18;19;20;21;22;23;24;25;26;27;28;29;30;31,31,20,0.6451612903225806,1,1,717.4186294152149,0.9330252164687693,0.9330252164687693,0.9372551500406171,0.9372551500406171,P,-0.4229933571847755,0.4229933571847755,60.38302187699887,0.8884212868192422,0.8884212868192422,0.903473094495512,0.903473094495512,P,-1.5051807676269902,1.5051807676269902,258.8707934966684,0.8487103031461194,0.8487103031461194,0.8831682224371152,0.8831682224371152,P,-3.445791929099584,3.445791929099584,False,False
single_omission,32,1;2;3;4;5;6;7;8;9;10;11;12;13;14;15;16;17;18;19;20;21;22;23;24;25;26;27;28;29;30;31,31,21,0.6774193548387096,2,4,748.5044437759856,0.9355681933452127,0.9438595588113201,0.9368270904070798,0.947940217811563,overlap,-1.2372024466350329,-0.7032468404240322,62.601914532243136,0.8890548220271963,0.8979205586845473,0.8984974587031613,0.9186737478505795,P,-2.9618925823383213,0.057690001861399054,266.4816665285556,0.8584734697286353,0.8632315911204516,0.8793049663639964,0.8873857121561347,P,-2.8912242427499457,1.6073375243544796,False,False
single_omission,32,1;2;3;4;5;6;7;8;9;10;11;12;13;14;15;16;17;18;19;20;21;22;23;24;25;26;27;28;29;30;31,31,22,0.7096774193548387,1,6,779.411721941489,0.9460857868539655,0.9460857868539655,0.9407385509810576,0.95529983883833,overlap,-0.9214051984364535,-0.5347235872907863,64.78329743735024,0.898727301012217,0.898727301012217,0.9058295080737535,0.9258150687637053,P,-2.7087767751488356,0.7102207061536525,274.09164370467334,0.8723232895020298,0.8723232895020298,0.8813179851798755,0.889399268543014,P,-1.7075979040984235,0.8994695677845721,False,False
single_omission,32,1;2;3;4;5;6;7;8;9;10;11;12;13;14;15;16;17;18;19;20;21;22;23;24;25;26;27;28;29;30;31,31,23,0.7419354838709677,2,4,809.7464499749618,0.9481055215412546,0.9579615718009469,0.9487625179883429,0.9590351474599033,overlap,-1.0929625918648656,-0.9199053812603997,66.9178045576448,0.9004092547160164,0.9032186741828906,0.9137962666144787,0.9326712780876427,P,-3.2262023371626314,1.0577592431588068,281.39652770036633,0.873334167395598,0.924448401697936,0.8843988986428848,0.8920513406366807,overlap,-1.8717173241082685,-4.004950305505117,False,False
single_omission,32,1;2;3;4;5;6;7;8;9;10;11;12;13;14;15;16;17;18;19;20;21;22;23;24;25;26;27;28;29;30;31,31,24,0.7741935483870968,1,1,840.0250127525154,0.9595437014078488,0.9595437014078488,0.9587693567394836,0.9587693567394836,M,0.07743446683652344,-0.07743446683652344,69.03259611660856,0.9049681845761419,0.9049681845761419,0.9286271036697271,0.9286271036697271,P,-2.3658919093585196,2.3658919093585196,288.6397700612961,0.924312156238999,0.924312156238999,0.8893866012340498,0.8893866012340498,M,3.4925555004949205,-3.4925555004949205,False,False
single_omission,32,1;2;3;4;5;6;7;8;9;10;11;12;13;14;15;16;17;18;19;20;21;22;23;24;25;26;27;28;29;30;31,31,25,0.8064516129032258,1,1,868.8399478174505,0.9704593722252746,0.9704593722252746,0.9710716835514427,0.9710716835514427,P,-0.061231132616812456,0.061231132616812456,71.14597184772545,0.9123111657683829,0.9123111657683829,0.9295878676667793,0.9295878676667793,P,-1.7276701898396363,1.7276701898396363,295.835930999868,0.9265207620689615,0.9265207620689615,0.9388730745163991,0.9388730745163991,P,-1.235231244743762,1.235231244743762,False,False
single_omission,32,1;2;3;4;5;6;7;8;9;10;11;12;13;14;15;16;17;18;19;20;21;22;23;24;25;26;27;28;29;30;31,31,26,0.8387096774193549,2,1,897.5214546667654,0.9740822128965506,0.9784816760093009,0.9664399232556313,0.9664399232556313,M,0.7642289640919286,-1.2041752753669588,73.17686432016498,0.9271677722135058,0.9273909856940565,0.9455695169986906,0.9455695169986906,P,-1.840174478518486,1.8178531304634094,303.01125309294696,0.930472694512608,0.958229803339181,0.9472985529790697,0.9472985529790697,overlap,-1.6825858466461785,-1.0931250360111222,False,False
single_omission,32,1;2;3;4;5;6;7;8;9;10;11;12;13;14;15;16;17;18;19;20;21;22;23;24;25;26;27;28;29;30;31,31,27,0.8709677419354839,1,1,923.802163103254,0.9842952830104823,0.9842952830104823,0.9737964908579702,0.9737964908579702,M,1.0498792152512149,-1.0498792152512149,75.18783630519238,0.9416886236446044,0.9416886236446044,0.9417391974918901,0.9417391974918901,P,-0.005057384728568426,0.005057384728568426,309.96060205317065,0.9620576821092828,0.9620576821092828,0.9651915169869506,0.9651915169869506,P,-0.31338348776678293,0.31338348776678293,False,True
single_omission,32,1;2;3;4;5;6;7;8;9;10;11;12;13;14;15;16;17;18;19;20;21;22;23;24;25;26;27;28;29;30;31,31,28,0.9032258064516129,1,1,947.4968580078461,0.9944062700570478,0.9944062700570478,0.9841700283022687,0.9841700283022687,M,1.0236241754779107,-1.0236241754779107,76.90568234273543,0.961402848975213,0.961402848975213,0.9614522931519656,0.9614522931519656,P,-0.004944417675256663,0.004944417675256663,316.6172800189035,0.9645592915105881,0.9645592915105881,0.9676272394929573,0.9676272394929573,P,-0.30679479823692013,0.30679479823692013,False,True
single_omission,32,1;2;3;4;5;6;7;8;9;10;11;12;13;14;15;16;17;18;19;20;21;22;23;24;25;26;27;28;29;30;31,31,29,0.9354838709677419,1,2,970.6450061559941,0.9977669681053272,0.9977669681053272,0.9829866628960215,0.9877748424167897,M,0.9992125688537468,-1.4780305209305622,78.59890782970602,0.9678486804397071,0.9678486804397071,0.9678970594599254,0.9684934517776673,P,-0.06447713379602593,0.004837902021836982,323.26709066289806,0.965288329533173,0.965288329533173,0.9682931678649231,0.9872461044127884,P,-2.1957774879615366,0.3004838331750137,False,True
single_omission,32,1;2;3;4;5;6;7;8;9;10;11;12;13;14;15;16;17;18;19;20;21;22;23;24;25;26;27;28;29;30;31,31,30,0.967741935483871,1,1,992.2780920520705,0.999893303853543,0.999893303853543,0.9880413683899105,0.9880413683899105,M,1.1851935463632501,-1.1851935463632501,80.21242820221237,0.9864958708791459,0.9864958708791459,0.9756223122052654,0.9756223122052654,M,1.0873558673880512,-1.0873558673880512,328.95928495307317,0.976825084860982,0.976825084860982,0.9903778415382672,0.9903778415382672,P,-1.3552756677285283,1.3552756677285283,True,True
