sheet,cell,record_id,value,xml_value,source_sha256
All rsults,B4,1,0.0541546943660694,0.0541546943660694,1f403f49d399643455cffaad47d4445dee8acfba40ca14b6452283bd9e7e6b8b
All rsults,C4,1,16.270840751952235,16.270840751952235,1f403f49d399643455cffaad47d4445dee8acfba40ca14b6452283bd9e7e6b8b
All rsults,D4,1,0.6470267844813883,0.6470267844813883,1f403f49d399643455cffaad47d4445dee8acfba40ca14b6452283bd9e7e6b8b
All rsults,E4,1,1.6135203725063514,1.6135203725063514,1f403f49d399643455cffaad47d4445dee8acfba40ca14b6452283bd9e7e6b8b
All rsults,F4,1,33.04269918803673,33.04269918803673,1f403f49d399643455cffaad47d4445dee8acfba40ca14b6452283bd9e7e6b8b
All rsults,G4,1,85.28647149446198,85.28647149446198,1f403f49d399643455cffaad47d4445dee8acfba40ca14b6452283bd9e7e6b8b
All rsults,H4,1,9.135797648770337,9.135797648770337,1f403f49d399643455cffaad47d4445dee8acfba40ca14b6452283bd9e7e6b8b
All rsults,I4,1,806.0582265529264,806.0582265529264,1f403f49d399643455cffaad47d4445dee8acfba40ca14b6452283bd9e7e6b8b
All rsults,J4,1,15.913524698739336,15.913524698739336,1f403f49d399643455cffaad47d4445dee8acfba40ca14b6452283bd9e7e6b8b
All rsults,L4,1,0.029538924199674216,0.029538924199674216,1f403f49d399643455cffaad47d4445dee8acfba40ca14b6452283bd9e7e6b8b
All rsults,M4,1,34.698057989102956,34.698057989102956,1f403f49d399643455cffaad47d4445dee8acfba40ca14b6452283bd9e7e6b8b
All rsults,N4,1,0.3169286265360984,0.3169286265360984,1f403f49d399643455cffaad47d4445dee8acfba40ca14b6452283bd9e7e6b8b
All rsults,O4,1,9.180374533225791,9.180374533225791,1f403f49d399643455cffaad47d4445dee8acfba40ca14b6452283bd9e7e6b8b
All rsults,P4,1,8105.250893955193,8105.250893955193,1f403f49d399643455cffaad47d4445dee8acfba40ca14b6452283bd9e7e6b8b
All rsults,Q4,1,772.5447247219239,772.5447247219239,1f403f49d399643455cffaad47d4445dee8acfba40ca14b6452283bd9e7e6b8b
All rsults,R4,1,23.5607413047235,23.5607413047235,1f403f49d399643455cffaad47d4445dee8acfba40ca14b6452283bd9e7e6b8b
All rsults,S4,1,3197.3642986599402,3197.3642986599402,1f403f49d399643455cffaad47d4445dee8acfba40ca14b6452283bd9e7e6b8b
All rsults,T4,1,112.89241639223316,112.89241639223316,1f403f49d399643455cffaad47d4445dee8acfba40ca14b6452283bd9e7e6b8b
All rsults,V4,1,0.027692741437194576,0.027692741437194576,1f403f49d399643455cffaad47d4445dee8acfba40ca14b6452283bd9e7e6b8b
All rsults,W4,1,8.42947171486682,8.42947171486682,1f403f49d399643455cffaad47d4445dee8acfba40ca14b6452283bd9e7e6b8b
All rsults,X4,1,2.528437939644608,2.528437939644608,1f403f49d399643455cffaad47d4445dee8acfba40ca14b6452283bd9e7e6b8b
All rsults,Y4,1,1.3353272048328424,1.3353272048328424,1f403f49d399643455cffaad47d4445dee8acfba40ca14b6452283bd9e7e6b8b
All rsults,Z4,1,477.38004879558326,477.38004879558326,1f403f49d399643455cffaad47d4445dee8acfba40ca14b6452283bd9e7e6b8b
All rsults,AA4,1,91.70864555277991,91.70864555277991,1f403f49d399643455cffaad47d4445dee8acfba40ca14b6452283bd9e7e6b8b
All rsults,AB4,1,14.745497959418792,14.745497959418792,1f403f49d399643455cffaad47d4445dee8acfba40ca14b6452283bd9e7e6b8b
All rsults,AC4,1,4809.480751765793,4809.480751765793,1f403f49d399643455cffaad47d4445dee8acfba40ca14b6452283bd9e7e6b8b
All rsults,AD4,1,30.610132802869185,30.610132802869185,1f403f49d399643455cffaad47d4445dee8acfba40ca14b6452283bd9e7e6b8b
All rsults,AF4,1,0.023613639997061835,0.023613639997061835,1f403f49d399643455cffaad47d4445dee8acfba40ca14b6452283bd9e7e6b8b
All rsults,AG4,1,30.457528154573875,30.457528154573875,1f403f49d399643455cffaad47d4445dee8acfba40ca14b6452283bd9e7e6b8b
All rsults,AH4,1,49.02036675927116,49.02036675927116,1f403f49d399643455cffaad47d4445dee8acfba40ca14b6452283bd9e7e6b8b
All rsults,AI4,1,20.065516797954846,20.065516797954846,1f403f49d399643455cffaad47d4445dee8acfba40ca14b6452283bd9e7e6b8b
All rsults,AJ4,1,11392.586649006997,11392.586649006997,1f403f49d399643455cffaad47d4445dee8acfba40ca14b6452283bd9e7e6b8b
All rsults,AK4,1,219.13424665871256,219.13424665871256,1f403f49d399643455cffaad47d4445dee8acfba40ca14b6452283bd9e7e6b8b
All rsults,AL4,1,39.588456478004794,39.588456478004794,1f403f49d399643455cffaad47d4445dee8acfba40ca14b6452283bd9e7e6b8b
All rsults,AM4,1,1827.0653135199661,1827.0653135199661,1f403f49d399643455cffaad47d4445dee8acfba40ca14b6452283bd9e7e6b8b
All rsults,AN4,1,225.85076498852075,225.85076498852075,1f403f49d399643455cffaad47d4445dee8acfba40ca14b6452283bd9e7e6b8b
All rsults,AP4,1,0.135,0.135,1f403f49d399643455cffaad47d4445dee8acfba40ca14b6452283bd9e7e6b8b
All rsults,AQ4,1,89.85589861049587,89.85589861049587,1f403f49d399643455cffaad47d4445dee8acfba40ca14b6452283bd9e7e6b8b
All rsults,AR4,1,52.512760109933254,52.512760109933254,1f403f49d399643455cffaad47d4445dee8acfba40ca14b6452283bd9e7e6b8b
All rsults,AS4,1,32.19473890851983,32.19473890851983,1f403f49d399643455cffaad47d4445dee8acfba40ca14b6452283bd9e7e6b8b
All rsults,AT4,1,20008.260290945807,20008.260290945807,1f403f49d399643455cffaad47d4445dee8acfba40ca14b6452283bd9e7e6b8b
All rsults,AU4,1,1168.6740884278784,1168.6740884278784,1f403f49d399643455cffaad47d4445dee8acfba40ca14b6452283bd9e7e6b8b
All rsults,AV4,1,87.03049339091741,87.03049339091741,1f403f49d399643455cffaad47d4445dee8acfba40ca14b6452283bd9e7e6b8b
All rsults,AW4,1,10639.968590498627,10639.968590498627,1f403f49d399643455cffaad47d4445dee8acfba40ca14b6452283bd9e7e6b8b
All rsults,AX4,1,385.26683888236244,385.26683888236244,1f403f49d399643455cffaad47d4445dee8acfba40ca14b6452283bd9e7e6b8b
All rsults,BA4,1,800,800.0,1f403f49d399643455cffaad47d4445dee8acfba40ca14b6452283bd9e7e6b8b
All rsults,BD4,1,124,124.0,1f403f49d399643455cffaad47d4445dee8acfba40ca14b6452283bd9e7e6b8b
All rsults,BE4,1,120,120.0,1f403f49d399643455cffaad47d4445dee8acfba40ca14b6452283bd9e7e6b8b
All rsults,BF4,1,13.04,13.04,1f403f49d399643455cffaad47d4445dee8acfba40ca14b6452283bd9e7e6b8b
All rsults,BG4,1,9.5,9.5,1f403f49d399643455cffaad47d4445dee8acfba40ca14b6452283bd9e7e6b8b
All rsults,BH4,1,9.2,9.2,1f403f49d399643455cffaad47d4445dee8acfba40ca14b6452283bd9e7e6b8b
All rsults,B5,2,0.6617852846371289,0.6617852846371289,1f403f49d399643455cffaad47d4445dee8acfba40ca14b6452283bd9e7e6b8b
All rsults,C5,2,21.468266065996026,21.468266065996026,1f403f49d399643455cffaad47d4445dee8acfba40ca14b6452283bd9e7e6b8b
All rsults,D5,2,0.5292612370362386,0.5292612370362386,1f403f49d399643455cffaad47d4445dee8acfba40ca14b6452283bd9e7e6b8b
All rsults,E5,2,3.198576715376445,3.198576715376445,1f403f49d399643455cffaad47d4445dee8acfba40ca14b6452283bd9e7e6b8b
All rsults,F5,2,25.112358718783277,25.112358718783277,1f403f49d399643455cffaad47d4445dee8acfba40ca14b6452283bd9e7e6b8b
All rsults,G5,2,54.25036507603084,54.25036507603084,1f403f49d399643455cffaad47d4445dee8acfba40ca14b6452283bd9e7e6b8b
All rsults,H5,2,12.308079178374319,12.308079178374319,1f403f49d399643455cffaad47d4445dee8acfba40ca14b6452283bd9e7e6b8b
All rsults,I5,2,65.3168668517327,65.3168668517327,1f403f49d399643455cffaad47d4445dee8acfba40ca14b6452283bd9e7e6b8b
All rsults,J5,2,11.73176882548277,11.73176882548277,1f403f49d399643455cffaad47d4445dee8acfba40ca14b6452283bd9e7e6b8b
All rsults,L5,2,0.5046112795358106,0.5046112795358106,1f403f49d399643455cffaad47d4445dee8acfba40ca14b6452283bd9e7e6b8b
All rsults,M5,2,40.08870091915585,40.08870091915585,1f403f49d399643455cffaad47d4445dee8acfba40ca14b6452283bd9e7e6b8b
All rsults,N5,2,1.0342786515118707,1.0342786515118707,1f403f49d399643455cffaad47d4445dee8acfba40ca14b6452283bd9e7e6b8b
All rsults,O5,2,14.270573037833369,14.270573037833369,1f403f49d399643455cffaad47d4445dee8acfba40ca14b6452283bd9e7e6b8b
All rsults,P5,2,6941.865104558875,6941.865104558875,1f403f49d399643455cffaad47d4445dee8acfba40ca14b6452283bd9e7e6b8b
All rsults,Q5,2,737.7722840912026,737.7722840912026,1f403f49d399643455cffaad47d4445dee8acfba40ca14b6452283bd9e7e6b8b
All rsults,R5,2,32.74828209960311,32.74828209960311,1f403f49d399643455cffaad47d4445dee8acfba40ca14b6452283bd9e7e6b8b
All rsults,S5,2,111.97177174582747,111.97177174582747,1f403f49d399643455cffaad47d4445dee8acfba40ca14b6452283bd9e7e6b8b
All rsults,T5,2,108.0779618269148,108.0779618269148,1f403f49d399643455cffaad47d4445dee8acfba40ca14b6452283bd9e7e6b8b
All rsults,V5,2,0.16544632115928223,0.16544632115928223,1f403f49d399643455cffaad47d4445dee8acfba40ca14b6452283bd9e7e6b8b
All rsults,W5,2,8.981621517406502,8.981621517406502,1f403f49d399643455cffaad47d4445dee8acfba40ca14b6452283bd9e7e6b8b
All rsults,X5,2,4.131283756721718,4.131283756721718,1f403f49d399643455cffaad47d4445dee8acfba40ca14b6452283bd9e7e6b8b
All rsults,Y5,2,4.264768953835259,4.264768953835259,1f403f49d399643455cffaad47d4445dee8acfba40ca14b6452283bd9e7e6b8b
All rsults,Z5,2,3942.79166232313,3942.79166232313,1f403f49d399643455cffaad47d4445dee8acfba40ca14b6452283bd9e7e6b8b
All rsults,AA5,2,99.84028030558687,99.84028030558687,1f403f49d399643455cffaad47d4445dee8acfba40ca14b6452283bd9e7e6b8b
All rsults,AB5,2,25.49530686948966,25.49530686948966,1f403f49d399643455cffaad47d4445dee8acfba40ca14b6452283bd9e7e6b8b
All rsults,AC5,2,142.76400897593004,142.76400897593004,1f403f49d399643455cffaad47d4445dee8acfba40ca14b6452283bd9e7e6b8b
All rsults,AD5,2,34.160150403611595,34.160150403611595,1f403f49d399643455cffaad47d4445dee8acfba40ca14b6452283bd9e7e6b8b
All rsults,AF5,2,0.17091937955592582,0.17091937955592582,1f403f49d399643455cffaad47d4445dee8acfba40ca14b6452283bd9e7e6b8b
All rsults,AG5,2,36.927533669089264,36.927533669089264,1f403f49d399643455cffaad47d4445dee8acfba40ca14b6452283bd9e7e6b8b
All rsults,AH5,2,87.44825998532866,87.44825998532866,1f403f49d399643455cffaad47d4445dee8acfba40ca14b6452283bd9e7e6b8b
All rsults,AI5,2,16.316021839922815,16.316021839922815,1f403f49d399643455cffaad47d4445dee8acfba40ca14b6452283bd9e7e6b8b
All rsults,AJ5,2,9633.698504668268,9633.698504668268,1f403f49d399643455cffaad47d4445dee8acfba40ca14b6452283bd9e7e6b8b
All rsults,AK5,2,234.86792089732265,234.86792089732265,1f403f49d399643455cffaad47d4445dee8acfba40ca14b6452283bd9e7e6b8b
All rsults,AL5,2,47.69380681620049,47.69380681620049,1f403f49d399643455cffaad47d4445dee8acfba40ca14b6452283bd9e7e6b8b
All rsults,AM5,2,167.95765761874122,167.95765761874122,1f403f49d399643455cffaad47d4445dee8acfba40ca14b6452283bd9e7e6b8b
All rsults,AN5,2,87.99365684181402,87.99365684181402,1f403f49d399643455cffaad47d4445dee8acfba40ca14b6452283bd9e7e6b8b
All rsults,AP5,2,1.5027622648881476,1.5027622648881476,1f403f49d399643455cffaad47d4445dee8acfba40ca14b6452283bd9e7e6b8b
All rsults,AQ5,2,107.46612217164764,107.46612217164764,1f403f49d399643455cffaad47d4445dee8acfba40ca14b6452283bd9e7e6b8b
All rsults,AR5,2,93.14308363059848,93.14308363059848,1f403f49d399643455cffaad47d4445dee8acfba40ca14b6452283bd9e7e6b8b
All rsults,AS5,2,38.04994054696789,38.04994054696789,1f403f49d399643455cffaad47d4445dee8acfba40ca14b6452283bd9e7e6b8b
All rsults,AT5,2,20543.467630269057,20543.467630269057,1f403f49d399643455cffaad47d4445dee8acfba40ca14b6452283bd9e7e6b8b
All rsults,AU5,2,1126.730850370143,1126.730850370143,1f403f49d399643455cffaad47d4445dee8acfba40ca14b6452283bd9e7e6b8b
All rsults,AV5,2,118.24547496366759,118.24547496366759,1f403f49d399643455cffaad47d4445dee8acfba40ca14b6452283bd9e7e6b8b
All rsults,AW5,2,488.01030519223144,488.01030519223144,1f403f49d399643455cffaad47d4445dee8acfba40ca14b6452283bd9e7e6b8b
All rsults,AX5,2,241.9635378978232,241.9635378978232,1f403f49d399643455cffaad47d4445dee8acfba40ca14b6452283bd9e7e6b8b
All rsults,BA5,2,0,0.0,1f403f49d399643455cffaad47d4445dee8acfba40ca14b6452283bd9e7e6b8b
All rsults,BD5,2,123,123.0,1f403f49d399643455cffaad47d4445dee8acfba40ca14b6452283bd9e7e6b8b
All rsults,BE5,2,120,120.0,1f403f49d399643455cffaad47d4445dee8acfba40ca14b6452283bd9e7e6b8b
All rsults,BF5,2,12.32,12.32,1f403f49d399643455cffaad47d4445dee8acfba40ca14b6452283bd9e7e6b8b
All rsults,BG5,2,10,10.0,1f403f49d399643455cffaad47d4445dee8acfba40ca14b6452283bd9e7e6b8b
All rsults,BH5,2,9.7,9.7,1f403f49d399643455cffaad47d4445dee8acfba40ca14b6452283bd9e7e6b8b
All rsults,B6,3,1.8138439159178705,1.8138439159178705,1f403f49d399643455cffaad47d4445dee8acfba40ca14b6452283bd9e7e6b8b
All rsults,C6,3,25.86790346053625,25.86790346053625,1f403f49d399643455cffaad47d4445dee8acfba40ca14b6452283bd9e7e6b8b
All rsults,D6,3,0.3382770722874179,0.3382770722874179,1f403f49d399643455cffaad47d4445dee8acfba40ca14b6452283bd9e7e6b8b
All rsults,E6,3,2.1147915589637547,2.1147915589637547,1f403f49d399643455cffaad47d4445dee8acfba40ca14b6452283bd9e7e6b8b
All rsults,F6,3,35.01451209051252,35.01451209051252,1f403f49d399643455cffaad47d4445dee8acfba40ca14b6452283bd9e7e6b8b
All rsults,G6,3,44.461699177036344,44.461699177036344,1f403f49d399643455cffaad47d4445dee8acfba40ca14b6452283bd9e7e6b8b
All rsults,H6,3,11.186913145539906,11.186913145539906,1f403f49d399643455cffaad47d4445dee8acfba40ca14b6452283bd9e7e6b8b
All rsults,I6,3,128.51130529225912,128.51130529225912,1f403f49d399643455cffaad47d4445dee8acfba40ca14b6452283bd9e7e6b8b
All rsults,J6,3,9.703424089568133,9.703424089568133,1f403f49d399643455cffaad47d4445dee8acfba40ca14b6452283bd9e7e6b8b
All rsults,L6,3,2.2470006719579585,2.2470006719579585,1f403f49d399643455cffaad47d4445dee8acfba40ca14b6452283bd9e7e6b8b
All rsults,M6,3,41.80103240362016,41.80103240362016,1f403f49d399643455cffaad47d4445dee8acfba40ca14b6452283bd9e7e6b8b
All rsults,N6,3,6.170171321304059,6.170171321304059,1f403f49d399643455cffaad47d4445dee8acfba40ca14b6452283bd9e7e6b8b
All rsults,O6,3,11.084424722844503,11.084424722844503,1f403f49d399643455cffaad47d4445dee8acfba40ca14b6452283bd9e7e6b8b
All rsults,P6,3,7237.747226467156,7237.747226467156,1f403f49d399643455cffaad47d4445dee8acfba40ca14b6452283bd9e7e6b8b
All rsults,Q6,3,566.7932575761693,566.7932575761693,1f403f49d399643455cffaad47d4445dee8acfba40ca14b6452283bd9e7e6b8b
All rsults,R6,3,51.45980046948357,51.45980046948357,1f403f49d399643455cffaad47d4445dee8acfba40ca14b6452283bd9e7e6b8b
All rsults,S6,3,115.39790679304899,115.39790679304899,1f403f49d399643455cffaad47d4445dee8acfba40ca14b6452283bd9e7e6b8b
All rsults,T6,3,99.09680447027552,99.09680447027552,1f403f49d399643455cffaad47d4445dee8acfba40ca14b6452283bd9e7e6b8b
All rsults,V6,3,0.2707229725250552,0.2707229725250552,1f403f49d399643455cffaad47d4445dee8acfba40ca14b6452283bd9e7e6b8b
All rsults,W6,3,10.497120244855287,10.497120244855287,1f403f49d399643455cffaad47d4445dee8acfba40ca14b6452283bd9e7e6b8b
All rsults,X6,3,2.6405080822435134,2.6405080822435134,1f403f49d399643455cffaad47d4445dee8acfba40ca14b6452283bd9e7e6b8b
All rsults,Y6,3,3.6461923430409566,3.6461923430409566,1f403f49d399643455cffaad47d4445dee8acfba40ca14b6452283bd9e7e6b8b
All rsults,Z6,3,4143.131300753285,4143.131300753285,1f403f49d399643455cffaad47d4445dee8acfba40ca14b6452283bd9e7e6b8b
All rsults,AA6,3,84.66404229845743,84.66404229845743,1f403f49d399643455cffaad47d4445dee8acfba40ca14b6452283bd9e7e6b8b
All rsults,AB6,3,29.64531983568075,29.64531983568075,1f403f49d399643455cffaad47d4445dee8acfba40ca14b6452283bd9e7e6b8b
All rsults,AC6,3,119.76903962611905,119.76903962611905,1f403f49d399643455cffaad47d4445dee8acfba40ca14b6452283bd9e7e6b8b
All rsults,AD6,3,28.969642934072976,28.969642934072976,1f403f49d399643455cffaad47d4445dee8acfba40ca14b6452283bd9e7e6b8b
All rsults,AF6,3,0.3995409177455081,0.3995409177455081,1f403f49d399643455cffaad47d4445dee8acfba40ca14b6452283bd9e7e6b8b
All rsults,AG6,3,34.453396433910264,34.453396433910264,1f403f49d399643455cffaad47d4445dee8acfba40ca14b6452283bd9e7e6b8b
All rsults,AH6,3,54.32760602416501,54.32760602416501,1f403f49d399643455cffaad47d4445dee8acfba40ca14b6452283bd9e7e6b8b
All rsults,AI6,3,17.00875804181745,17.00875804181745,1f403f49d399643455cffaad47d4445dee8acfba40ca14b6452283bd9e7e6b8b
All rsults,AJ6,3,10633.093853425944,10633.093853425944,1f403f49d399643455cffaad47d4445dee8acfba40ca14b6452283bd9e7e6b8b
All rsults,AK6,3,191.3877885827456,191.3877885827456,1f403f49d399643455cffaad47d4445dee8acfba40ca14b6452283bd9e7e6b8b
All rsults,AL6,3,40.086438771518004,40.086438771518004,1f403f49d399643455cffaad47d4445dee8acfba40ca14b6452283bd9e7e6b8b
All rsults,AM6,3,189.7071649552396,189.7071649552396,1f403f49d399643455cffaad47d4445dee8acfba40ca14b6452283bd9e7e6b8b
All rsults,AN6,3,116.57438819007926,116.57438819007926,1f403f49d399643455cffaad47d4445dee8acfba40ca14b6452283bd9e7e6b8b
All rsults,AP6,3,4.731108478146393,4.731108478146393,1f403f49d399643455cffaad47d4445dee8acfba40ca14b6452283bd9e7e6b8b
All rsults,AQ6,3,112.61945254292196,112.61945254292196,1f403f49d399643455cffaad47d4445dee8acfba40ca14b6452283bd9e7e6b8b
All rsults,AR6,3,63.4765625,63.4765625,1f403f49d399643455cffaad47d4445dee8acfba40ca14b6452283bd9e7e6b8b
All rsults,AS6,3,33.854166666666664,33.854166666666664,1f403f49d399643455cffaad47d4445dee8acfba40ca14b6452283bd9e7e6b8b
All rsults,AT6,3,22048.986892736895,22048.986892736895,1f403f49d399643455cffaad47d4445dee8acfba40ca14b6452283bd9e7e6b8b
All rsults,AU6,3,887.3067876344086,887.3067876344086,1f403f49d399643455cffaad47d4445dee8acfba40ca14b6452283bd9e7e6b8b
All rsults,AV6,3,132.37847222222223,132.37847222222223,1f403f49d399643455cffaad47d4445dee8acfba40ca14b6452283bd9e7e6b8b
All rsults,AW6,3,553.3854166666667,553.3854166666667,1f403f49d399643455cffaad47d4445dee8acfba40ca14b6452283bd9e7e6b8b
All rsults,AX6,3,254.34425968399592,254.34425968399592,1f403f49d399643455cffaad47d4445dee8acfba40ca14b6452283bd9e7e6b8b
All rsults,BA6,3,200,200.0,1f403f49d399643455cffaad47d4445dee8acfba40ca14b6452283bd9e7e6b8b
All rsults,BD6,3,139,139.0,1f403f49d399643455cffaad47d4445dee8acfba40ca14b6452283bd9e7e6b8b
All rsults,BE6,3,135,135.0,1f403f49d399643455cffaad47d4445dee8acfba40ca14b6452283bd9e7e6b8b
All rsults,BF6,3,13.17,13.17,1f403f49d399643455cffaad47d4445dee8acfba40ca14b6452283bd9e7e6b8b
All rsults,BG6,3,10.6,10.6,1f403f49d399643455cffaad47d4445dee8acfba40ca14b6452283bd9e7e6b8b
All rsults,BH6,3,10.3,10.3,1f403f49d399643455cffaad47d4445dee8acfba40ca14b6452283bd9e7e6b8b
All rsults,B7,4,2.4446916080130197,2.4446916080130197,1f403f49d399643455cffaad47d4445dee8acfba40ca14b6452283bd9e7e6b8b
All rsults,C7,4,25.377482817138624,25.377482817138624,1f403f49d399643455cffaad47d4445dee8acfba40ca14b6452283bd9e7e6b8b
All rsults,D7,4,1.286503386060125,1.286503386060125,1f403f49d399643455cffaad47d4445dee8acfba40ca14b6452283bd9e7e6b8b
All rsults,E7,4,2.939965753174408,2.939965753174408,1f403f49d399643455cffaad47d4445dee8acfba40ca14b6452283bd9e7e6b8b
All rsults,F7,4,41.456330122094776,41.456330122094776,1f403f49d399643455cffaad47d4445dee8acfba40ca14b6452283bd9e7e6b8b
All rsults,G7,4,71.02037190469781,71.02037190469781,1f403f49d399643455cffaad47d4445dee8acfba40ca14b6452283bd9e7e6b8b
All rsults,H7,4,8.89556055930837,8.89556055930837,1f403f49d399643455cffaad47d4445dee8acfba40ca14b6452283bd9e7e6b8b
All rsults,I7,4,112.00354660382287,112.00354660382287,1f403f49d399643455cffaad47d4445dee8acfba40ca14b6452283bd9e7e6b8b
All rsults,J7,4,8.923403000650062,8.923403000650062,1f403f49d399643455cffaad47d4445dee8acfba40ca14b6452283bd9e7e6b8b
All rsults,L7,4,5.438191536192228,5.438191536192228,1f403f49d399643455cffaad47d4445dee8acfba40ca14b6452283bd9e7e6b8b
All rsults,M7,4,43.93076857420636,43.93076857420636,1f403f49d399643455cffaad47d4445dee8acfba40ca14b6452283bd9e7e6b8b
All rsults,N7,4,11.063929120117075,11.063929120117075,1f403f49d399643455cffaad47d4445dee8acfba40ca14b6452283bd9e7e6b8b
All rsults,O7,4,11.15457594586761,11.15457594586761,1f403f49d399643455cffaad47d4445dee8acfba40ca14b6452283bd9e7e6b8b
All rsults,P7,4,7818.868421526957,7818.868421526957,1f403f49d399643455cffaad47d4445dee8acfba40ca14b6452283bd9e7e6b8b
All rsults,Q7,4,541.6506779050676,541.6506779050676,1f403f49d399643455cffaad47d4445dee8acfba40ca14b6452283bd9e7e6b8b
All rsults,R7,4,42.031523642732054,42.031523642732054,1f403f49d399643455cffaad47d4445dee8acfba40ca14b6452283bd9e7e6b8b
All rsults,S7,4,117.5006531856056,117.5006531856056,1f403f49d399643455cffaad47d4445dee8acfba40ca14b6452283bd9e7e6b8b
All rsults,T7,4,83.00840000604707,83.00840000604707,1f403f49d399643455cffaad47d4445dee8acfba40ca14b6452283bd9e7e6b8b
All rsults,V7,4,0.5488083201661881,0.5488083201661881,1f403f49d399643455cffaad47d4445dee8acfba40ca14b6452283bd9e7e6b8b
All rsults,W7,4,13.648394120141779,13.648394120141779,1f403f49d399643455cffaad47d4445dee8acfba40ca14b6452283bd9e7e6b8b
All rsults,X7,4,2.0417132421026114,2.0417132421026114,1f403f49d399643455cffaad47d4445dee8acfba40ca14b6452283bd9e7e6b8b
All rsults,Y7,4,2.1617395243929476,2.1617395243929476,1f403f49d399643455cffaad47d4445dee8acfba40ca14b6452283bd9e7e6b8b
All rsults,Z7,4,970.0107161901525,970.0107161901525,1f403f49d399643455cffaad47d4445dee8acfba40ca14b6452283bd9e7e6b8b
All rsults,AA7,4,75.46377369227014,75.46377369227014,1f403f49d399643455cffaad47d4445dee8acfba40ca14b6452283bd9e7e6b8b
All rsults,AB7,4,24.685180552080734,24.685180552080734,1f403f49d399643455cffaad47d4445dee8acfba40ca14b6452283bd9e7e6b8b
All rsults,AC7,4,72.14952388589818,72.14952388589818,1f403f49d399643455cffaad47d4445dee8acfba40ca14b6452283bd9e7e6b8b
All rsults,AD7,4,23.20084780169016,23.20084780169016,1f403f49d399643455cffaad47d4445dee8acfba40ca14b6452283bd9e7e6b8b
All rsults,AF7,4,0.49087723940758576,0.49087723940758576,1f403f49d399643455cffaad47d4445dee8acfba40ca14b6452283bd9e7e6b8b
All rsults,AG7,4,37.031304634796456,37.031304634796456,1f403f49d399643455cffaad47d4445dee8acfba40ca14b6452283bd9e7e6b8b
All rsults,AH7,4,28.843405915468008,28.843405915468008,1f403f49d399643455cffaad47d4445dee8acfba40ca14b6452283bd9e7e6b8b
All rsults,AI7,4,14.829533137335618,14.829533137335618,1f403f49d399643455cffaad47d4445dee8acfba40ca14b6452283bd9e7e6b8b
All rsults,AJ7,4,12979.58257675485,12979.58257675485,1f403f49d399643455cffaad47d4445dee8acfba40ca14b6452283bd9e7e6b8b
All rsults,AK7,4,159.62801475569,159.62801475569,1f403f49d399643455cffaad47d4445dee8acfba40ca14b6452283bd9e7e6b8b
All rsults,AL7,4,41.14196758680122,41.14196758680122,1f403f49d399643455cffaad47d4445dee8acfba40ca14b6452283bd9e7e6b8b
All rsults,AM7,4,163.53892080803587,163.53892080803587,1f403f49d399643455cffaad47d4445dee8acfba40ca14b6452283bd9e7e6b8b
All rsults,AN7,4,92.40067502696783,92.40067502696783,1f403f49d399643455cffaad47d4445dee8acfba40ca14b6452283bd9e7e6b8b
All rsults,AP7,4,8.922568703779021,8.922568703779021,1f403f49d399643455cffaad47d4445dee8acfba40ca14b6452283bd9e7e6b8b
All rsults,AQ7,4,119.98795014628321,119.98795014628321,1f403f49d399643455cffaad47d4445dee8acfba40ca14b6452283bd9e7e6b8b
All rsults,AR7,4,43.23555166374781,43.23555166374781,1f403f49d399643455cffaad47d4445dee8acfba40ca14b6452283bd9e7e6b8b
All rsults,AS7,4,31.085814360770577,31.085814360770577,1f403f49d399643455cffaad47d4445dee8acfba40ca14b6452283bd9e7e6b8b
All rsults,AT7,4,21809.918044594055,21809.918044594055,1f403f49d399643455cffaad47d4445dee8acfba40ca14b6452283bd9e7e6b8b
All rsults,AU7,4,847.7628382577255,847.7628382577255,1f403f49d399643455cffaad47d4445dee8acfba40ca14b6452283bd9e7e6b8b
All rsults,AV7,4,116.75423234092237,116.75423234092237,1f403f49d399643455cffaad47d4445dee8acfba40ca14b6452283bd9e7e6b8b
All rsults,AW7,4,465.1926444833625,465.1926444833625,1f403f49d399643455cffaad47d4445dee8acfba40ca14b6452283bd9e7e6b8b
All rsults,AX7,4,207.53332583535513,207.53332583535513,1f403f49d399643455cffaad47d4445dee8acfba40ca14b6452283bd9e7e6b8b
All rsults,BA7,4,400,400.0,1f403f49d399643455cffaad47d4445dee8acfba40ca14b6452283bd9e7e6b8b
All rsults,BD7,4,96,96.0,1f403f49d399643455cffaad47d4445dee8acfba40ca14b6452283bd9e7e6b8b
All rsults,BE7,4,94,94.0,1f403f49d399643455cffaad47d4445dee8acfba40ca14b6452283bd9e7e6b8b
All rsults,BF7,4,12.33,12.33,1f403f49d399643455cffaad47d4445dee8acfba40ca14b6452283bd9e7e6b8b
All rsults,BG7,4,7.8,7.8,1f403f49d399643455cffaad47d4445dee8acfba40ca14b6452283bd9e7e6b8b
All rsults,BH7,4,7.6,7.6,1f403f49d399643455cffaad47d4445dee8acfba40ca14b6452283bd9e7e6b8b
All rsults,B8,5,2.9743068978011302,2.9743068978011302,1f403f49d399643455cffaad47d4445dee8acfba40ca14b6452283bd9e7e6b8b
All rsults,C8,5,19.583251505424077,19.583251505424077,1f403f49d399643455cffaad47d4445dee8acfba40ca14b6452283bd9e7e6b8b
All rsults,D8,5,6.140857276393535,6.140857276393535,1f403f49d399643455cffaad47d4445dee8acfba40ca14b6452283bd9e7e6b8b
All rsults,E8,5,2.5476171152042872,2.5476171152042872,1f403f49d399643455cffaad47d4445dee8acfba40ca14b6452283bd9e7e6b8b
All rsults,F8,5,28.4631715024072,28.4631715024072,1f403f49d399643455cffaad47d4445dee8acfba40ca14b6452283bd9e7e6b8b
All rsults,G8,5,68.26979208169392,68.26979208169392,1f403f49d399643455cffaad47d4445dee8acfba40ca14b6452283bd9e7e6b8b
All rsults,H8,5,13.29487988359042,13.29487988359042,1f403f49d399643455cffaad47d4445dee8acfba40ca14b6452283bd9e7e6b8b
All rsults,I8,5,115.04033011396406,115.04033011396406,1f403f49d399643455cffaad47d4445dee8acfba40ca14b6452283bd9e7e6b8b
All rsults,J8,5,3.058065340123071,3.058065340123071,1f403f49d399643455cffaad47d4445dee8acfba40ca14b6452283bd9e7e6b8b
All rsults,L8,5,2.544286623420244,2.544286623420244,1f403f49d399643455cffaad47d4445dee8acfba40ca14b6452283bd9e7e6b8b
All rsults,M8,5,28.20706868212459,28.20706868212459,1f403f49d399643455cffaad47d4445dee8acfba40ca14b6452283bd9e7e6b8b
All rsults,N8,5,12.163621143625653,12.163621143625653,1f403f49d399643455cffaad47d4445dee8acfba40ca14b6452283bd9e7e6b8b
All rsults,O8,5,3.770473330502345,3.770473330502345,1f403f49d399643455cffaad47d4445dee8acfba40ca14b6452283bd9e7e6b8b
All rsults,P8,5,3373.8111965982434,3373.8111965982434,1f403f49d399643455cffaad47d4445dee8acfba40ca14b6452283bd9e7e6b8b
All rsults,Q8,5,817.3495129426697,817.3495129426697,1f403f49d399643455cffaad47d4445dee8acfba40ca14b6452283bd9e7e6b8b
All rsults,R8,5,29.297976039764077,29.297976039764077,1f403f49d399643455cffaad47d4445dee8acfba40ca14b6452283bd9e7e6b8b
All rsults,S8,5,26.8055138129625,26.8055138129625,1f403f49d399643455cffaad47d4445dee8acfba40ca14b6452283bd9e7e6b8b
All rsults,T8,5,38.70506579737857,38.70506579737857,1f403f49d399643455cffaad47d4445dee8acfba40ca14b6452283bd9e7e6b8b
All rsults,V8,5,1.3617308688728067,1.3617308688728067,1f403f49d399643455cffaad47d4445dee8acfba40ca14b6452283bd9e7e6b8b
All rsults,W8,5,16.70864577985724,16.70864577985724,1f403f49d399643455cffaad47d4445dee8acfba40ca14b6452283bd9e7e6b8b
All rsults,X8,5,8.85700568710606,8.85700568710606,1f403f49d399643455cffaad47d4445dee8acfba40ca14b6452283bd9e7e6b8b
All rsults,Y8,5,2.5476171152042872,2.5476171152042872,1f403f49d399643455cffaad47d4445dee8acfba40ca14b6452283bd9e7e6b8b
All rsults,Z8,5,3468.8601922384482,3468.8601922384482,1f403f49d399643455cffaad47d4445dee8acfba40ca14b6452283bd9e7e6b8b
All rsults,AA8,5,155.04190613243102,155.04190613243102,1f403f49d399643455cffaad47d4445dee8acfba40ca14b6452283bd9e7e6b8b
All rsults,AB8,5,33.23719970897605,33.23719970897605,1f403f49d399643455cffaad47d4445dee8acfba40ca14b6452283bd9e7e6b8b
All rsults,AC8,5,84.88412707438127,84.88412707438127,1f403f49d399643455cffaad47d4445dee8acfba40ca14b6452283bd9e7e6b8b
All rsults,AD8,5,23.91680952573865,23.91680952573865,1f403f49d399643455cffaad47d4445dee8acfba40ca14b6452283bd9e7e6b8b
All rsults,AF8,5,1.7276217374060543,1.7276217374060543,1f403f49d399643455cffaad47d4445dee8acfba40ca14b6452283bd9e7e6b8b
All rsults,AG8,5,38.86057554392445,38.86057554392445,1f403f49d399643455cffaad47d4445dee8acfba40ca14b6452283bd9e7e6b8b
All rsults,AH8,5,40.948889626720344,40.948889626720344,1f403f49d399643455cffaad47d4445dee8acfba40ca14b6452283bd9e7e6b8b
All rsults,AI8,5,22.569849547017824,22.569849547017824,1f403f49d399643455cffaad47d4445dee8acfba40ca14b6452283bd9e7e6b8b
All rsults,AJ8,5,11547.168524397794,11547.168524397794,1f403f49d399643455cffaad47d4445dee8acfba40ca14b6452283bd9e7e6b8b
All rsults,AK8,5,230.0000622649489,230.0000622649489,1f403f49d399643455cffaad47d4445dee8acfba40ca14b6452283bd9e7e6b8b
All rsults,AL8,5,48.7478929064982,48.7478929064982,1f403f49d399643455cffaad47d4445dee8acfba40ca14b6452283bd9e7e6b8b
All rsults,AM8,5,157.4823936511547,157.4823936511547,1f403f49d399643455cffaad47d4445dee8acfba40ca14b6452283bd9e7e6b8b
All rsults,AN8,5,120.17758352227115,120.17758352227115,1f403f49d399643455cffaad47d4445dee8acfba40ca14b6452283bd9e7e6b8b
All rsults,AP8,5,8.607946127500236,8.607946127500236,1f403f49d399643455cffaad47d4445dee8acfba40ca14b6452283bd9e7e6b8b
All rsults,AQ8,5,103.35954151133035,103.35954151133035,1f403f49d399643455cffaad47d4445dee8acfba40ca14b6452283bd9e7e6b8b
All rsults,AR8,5,68.1103737338456,68.1103737338456,1f403f49d399643455cffaad47d4445dee8acfba40ca14b6452283bd9e7e6b8b
All rsults,AS8,5,31.43555710792874,31.43555710792874,1f403f49d399643455cffaad47d4445dee8acfba40ca14b6452283bd9e7e6b8b
All rsults,AT8,5,18418.303084736894,18418.303084736894,1f403f49d399643455cffaad47d4445dee8acfba40ca14b6452283bd9e7e6b8b
All rsults,AU8,5,1270.6612734217435,1270.6612734217435,1f403f49d399643455cffaad47d4445dee8acfba40ca14b6452283bd9e7e6b8b
All rsults,AV8,5,124.57794853882875,124.57794853882875,1f403f49d399643455cffaad47d4445dee8acfba40ca14b6452283bd9e7e6b8b
All rsults,AW8,5,384.2123646524625,384.2123646524625,1f403f49d399643455cffaad47d4445dee8acfba40ca14b6452283bd9e7e6b8b
All rsults,AX8,5,185.8575241855114,185.8575241855114,1f403f49d399643455cffaad47d4445dee8acfba40ca14b6452283bd9e7e6b8b
All rsults,BA8,5,200,200.0,1f403f49d399643455cffaad47d4445dee8acfba40ca14b6452283bd9e7e6b8b
All rsults,BD8,5,133,133.0,1f403f49d399643455cffaad47d4445dee8acfba40ca14b6452283bd9e7e6b8b
All rsults,BE8,5,130,130.0,1f403f49d399643455cffaad47d4445dee8acfba40ca14b6452283bd9e7e6b8b
All rsults,BF8,5,12.62,12.62,1f403f49d399643455cffaad47d4445dee8acfba40ca14b6452283bd9e7e6b8b
All rsults,BG8,5,10.5,10.5,1f403f49d399643455cffaad47d4445dee8acfba40ca14b6452283bd9e7e6b8b
All rsults,BH8,5,10.3,10.3,1f403f49d399643455cffaad47d4445dee8acfba40ca14b6452283bd9e7e6b8b
All rsults,B9,6,6.160263719590202,6.160263719590202,1f403f49d399643455cffaad47d4445dee8acfba40ca14b6452283bd9e7e6b8b
All rsults,C9,6,23.823815269417818,23.823815269417818,1f403f49d399643455cffaad47d4445dee8acfba40ca14b6452283bd9e7e6b8b
All rsults,D9,6,14.546684893160604,14.546684893160604,1f403f49d399643455cffaad47d4445dee8acfba40ca14b6452283bd9e7e6b8b
All rsults,E9,6,3.053577449538281,3.053577449538281,1f403f49d399643455cffaad47d4445dee8acfba40ca14b6452283bd9e7e6b8b
All rsults,F9,6,52.72076016764748,52.72076016764748,1f403f49d399643455cffaad47d4445dee8acfba40ca14b6452283bd9e7e6b8b
All rsults,G9,6,87.27827674823709,87.27827674823709,1f403f49d399643455cffaad47d4445dee8acfba40ca14b6452283bd9e7e6b8b
All rsults,H9,6,15.394622970883942,15.394622970883942,1f403f49d399643455cffaad47d4445dee8acfba40ca14b6452283bd9e7e6b8b
All rsults,I9,6,214.84187201160833,214.84187201160833,1f403f49d399643455cffaad47d4445dee8acfba40ca14b6452283bd9e7e6b8b
All rsults,J9,6,5.608094673589213,5.608094673589213,1f403f49d399643455cffaad47d4445dee8acfba40ca14b6452283bd9e7e6b8b
All rsults,L9,6,4.293517137896202,4.293517137896202,1f403f49d399643455cffaad47d4445dee8acfba40ca14b6452283bd9e7e6b8b
All rsults,M9,6,35.735722904126725,35.735722904126725,1f403f49d399643455cffaad47d4445dee8acfba40ca14b6452283bd9e7e6b8b
All rsults,N9,6,25.736442503284138,25.736442503284138,1f403f49d399643455cffaad47d4445dee8acfba40ca14b6452283bd9e7e6b8b
All rsults,O9,6,4.738309835490436,4.738309835490436,1f403f49d399643455cffaad47d4445dee8acfba40ca14b6452283bd9e7e6b8b
All rsults,P9,6,1591.3062099581757,1591.3062099581757,1f403f49d399643455cffaad47d4445dee8acfba40ca14b6452283bd9e7e6b8b
All rsults,Q9,6,808.0163901615193,808.0163901615193,1f403f49d399643455cffaad47d4445dee8acfba40ca14b6452283bd9e7e6b8b
All rsults,R9,6,28.721311512843176,28.721311512843176,1f403f49d399643455cffaad47d4445dee8acfba40ca14b6452283bd9e7e6b8b
All rsults,S9,6,42.06693997430092,42.06693997430092,1f403f49d399643455cffaad47d4445dee8acfba40ca14b6452283bd9e7e6b8b
All rsults,T9,6,39.9518810630901,39.9518810630901,1f403f49d399643455cffaad47d4445dee8acfba40ca14b6452283bd9e7e6b8b
All rsults,V9,6,0.8400359617623003,0.8400359617623003,1f403f49d399643455cffaad47d4445dee8acfba40ca14b6452283bd9e7e6b8b
All rsults,W9,6,17.61391415171991,17.61391415171991,1f403f49d399643455cffaad47d4445dee8acfba40ca14b6452283bd9e7e6b8b
All rsults,X9,6,15.345953293883714,15.345953293883714,1f403f49d399643455cffaad47d4445dee8acfba40ca14b6452283bd9e7e6b8b
All rsults,Y9,6,0.5264788706100485,0.5264788706100485,1f403f49d399643455cffaad47d4445dee8acfba40ca14b6452283bd9e7e6b8b
All rsults,Z9,6,723.027568013451,723.027568013451,1f403f49d399643455cffaad47d4445dee8acfba40ca14b6452283bd9e7e6b8b
All rsults,AA9,6,112.91682887387071,112.91682887387071,1f403f49d399643455cffaad47d4445dee8acfba40ca14b6452283bd9e7e6b8b
All rsults,AB9,6,23.436590194480026,23.436590194480026,1f403f49d399643455cffaad47d4445dee8acfba40ca14b6452283bd9e7e6b8b
All rsults,AC9,6,103.66495922238444,103.66495922238444,1f403f49d399643455cffaad47d4445dee8acfba40ca14b6452283bd9e7e6b8b
All rsults,AD9,6,11.726016135686537,11.726016135686537,1f403f49d399643455cffaad47d4445dee8acfba40ca14b6452283bd9e7e6b8b
All rsults,AF9,6,5.601832230317573,5.601832230317573,1f403f49d399643455cffaad47d4445dee8acfba40ca14b6452283bd9e7e6b8b
All rsults,AG9,6,45.83861996110241,45.83861996110241,1f403f49d399643455cffaad47d4445dee8acfba40ca14b6452283bd9e7e6b8b
All rsults,AH9,6,50.417850717613774,50.417850717613774,1f403f49d399643455cffaad47d4445dee8acfba40ca14b6452283bd9e7e6b8b
All rsults,AI9,6,25.075135649415387,25.075135649415387,1f403f49d399643455cffaad47d4445dee8acfba40ca14b6452283bd9e7e6b8b
All rsults,AJ9,6,21008.787429760458,21008.787429760458,1f403f49d399643455cffaad47d4445dee8acfba40ca14b6452283bd9e7e6b8b
All rsults,AK9,6,243.31697748992627,243.31697748992627,1f403f49d399643455cffaad47d4445dee8acfba40ca14b6452283bd9e7e6b8b
All rsults,AL9,6,53.536524659939666,53.536524659939666,1f403f49d399643455cffaad47d4445dee8acfba40ca14b6452283bd9e7e6b8b
All rsults,AM9,6,259.913593412645,259.913593412645,1f403f49d399643455cffaad47d4445dee8acfba40ca14b6452283bd9e7e6b8b
All rsults,AN9,6,120.21789975814455,120.21789975814455,1f403f49d399643455cffaad47d4445dee8acfba40ca14b6452283bd9e7e6b8b
All rsults,AP9,6,16.895649049566277,16.895649049566277,1f403f49d399643455cffaad47d4445dee8acfba40ca14b6452283bd9e7e6b8b
All rsults,AQ9,6,123.01207228636686,123.01207228636686,1f403f49d399643455cffaad47d4445dee8acfba40ca14b6452283bd9e7e6b8b
All rsults,AR9,6,106.04693140794224,106.04693140794224,1f403f49d399643455cffaad47d4445dee8acfba40ca14b6452283bd9e7e6b8b
All rsults,AS9,6,33.39350180505415,33.39350180505415,1f403f49d399643455cffaad47d4445dee8acfba40ca14b6452283bd9e7e6b8b
All rsults,AT9,6,23375.84196789973,23375.84196789973,1f403f49d399643455cffaad47d4445dee8acfba40ca14b6452283bd9e7e6b8b
All rsults,AU9,6,1251.5284732735533,1251.5284732735533,1f403f49d399643455cffaad47d4445dee8acfba40ca14b6452283bd9e7e6b8b
All rsults,AV9,6,121.08904933814681,121.08904933814681,1f403f49d399643455cffaad47d4445dee8acfba40ca14b6452283bd9e7e6b8b
All rsults,AW9,6,620.4873646209387,620.4873646209387,1f403f49d399643455cffaad47d4445dee8acfba40ca14b6452283bd9e7e6b8b
All rsults,AX9,6,177.5038916305104,177.5038916305104,1f403f49d399643455cffaad47d4445dee8acfba40ca14b6452283bd9e7e6b8b
All rsults,BA9,6,1200,1200.0,1f403f49d399643455cffaad47d4445dee8acfba40ca14b6452283bd9e7e6b8b
All rsults,BD9,6,123,123.0,1f403f49d399643455cffaad47d4445dee8acfba40ca14b6452283bd9e7e6b8b
All rsults,BE9,6,119,119.0,1f403f49d399643455cffaad47d4445dee8acfba40ca14b6452283bd9e7e6b8b
All rsults,BF9,6,12.72,12.72,1f403f49d399643455cffaad47d4445dee8acfba40ca14b6452283bd9e7e6b8b
All rsults,BG9,6,9.7,9.7,1f403f49d399643455cffaad47d4445dee8acfba40ca14b6452283bd9e7e6b8b
All rsults,BH9,6,9.4,9.4,1f403f49d399643455cffaad47d4445dee8acfba40ca14b6452283bd9e7e6b8b
All rsults,B10,7,1.265487210174613,1.265487210174613,1f403f49d399643455cffaad47d4445dee8acfba40ca14b6452283bd9e7e6b8b
All rsults,C10,7,21.682078271142167,21.682078271142167,1f403f49d399643455cffaad47d4445dee8acfba40ca14b6452283bd9e7e6b8b
All rsults,D10,7,0.4061619480695,0.4061619480695,1f403f49d399643455cffaad47d4445dee8acfba40ca14b6452283bd9e7e6b8b
All rsults,E10,7,2.0109719850273993,2.0109719850273993,1f403f49d399643455cffaad47d4445dee8acfba40ca14b6452283bd9e7e6b8b
All rsults,F10,7,54.12366009744922,54.12366009744922,1f403f49d399643455cffaad47d4445dee8acfba40ca14b6452283bd9e7e6b8b
All rsults,G10,7,75.53345990671272,75.53345990671272,1f403f49d399643455cffaad47d4445dee8acfba40ca14b6452283bd9e7e6b8b
All rsults,H10,7,16.987156052740616,16.987156052740616,1f403f49d399643455cffaad47d4445dee8acfba40ca14b6452283bd9e7e6b8b
All rsults,I10,7,159.5733357662014,159.5733357662014,1f403f49d399643455cffaad47d4445dee8acfba40ca14b6452283bd9e7e6b8b
All rsults,J10,7,14.047322409029004,14.047322409029004,1f403f49d399643455cffaad47d4445dee8acfba40ca14b6452283bd9e7e6b8b
All rsults,L10,7,1.102198537894018,1.102198537894018,1f403f49d399643455cffaad47d4445dee8acfba40ca14b6452283bd9e7e6b8b
All rsults,M10,7,30.56817592324961,30.56817592324961,1f403f49d399643455cffaad47d4445dee8acfba40ca14b6452283bd9e7e6b8b
All rsults,N10,7,15.945149673284206,15.945149673284206,1f403f49d399643455cffaad47d4445dee8acfba40ca14b6452283bd9e7e6b8b
All rsults,O10,7,6.946994130094651,6.946994130094651,1f403f49d399643455cffaad47d4445dee8acfba40ca14b6452283bd9e7e6b8b
All rsults,P10,7,1405.2821746730565,1405.2821746730565,1f403f49d399643455cffaad47d4445dee8acfba40ca14b6452283bd9e7e6b8b
All rsults,Q10,7,770.3479438271638,770.3479438271638,1f403f49d399643455cffaad47d4445dee8acfba40ca14b6452283bd9e7e6b8b
All rsults,R10,7,18.230118690746025,18.230118690746025,1f403f49d399643455cffaad47d4445dee8acfba40ca14b6452283bd9e7e6b8b
All rsults,S10,7,5.740048049143935,5.740048049143935,1f403f49d399643455cffaad47d4445dee8acfba40ca14b6452283bd9e7e6b8b
All rsults,T10,7,28.86931333326181,28.86931333326181,1f403f49d399643455cffaad47d4445dee8acfba40ca14b6452283bd9e7e6b8b
All rsults,V10,7,1.2246650421044647,1.2246650421044647,1f403f49d399643455cffaad47d4445dee8acfba40ca14b6452283bd9e7e6b8b
All rsults,W10,7,21.295821890227025,21.295821890227025,1f403f49d399643455cffaad47d4445dee8acfba40ca14b6452283bd9e7e6b8b
All rsults,X10,7,34.282071797561045,34.282071797561045,1f403f49d399643455cffaad47d4445dee8acfba40ca14b6452283bd9e7e6b8b
All rsults,Y10,7,1.3711172625186814,1.3711172625186814,1f403f49d399643455cffaad47d4445dee8acfba40ca14b6452283bd9e7e6b8b
All rsults,Z10,7,733.0856461413434,733.0856461413434,1f403f49d399643455cffaad47d4445dee8acfba40ca14b6452283bd9e7e6b8b
All rsults,AA10,7,179.14887555629187,179.14887555629187,1f403f49d399643455cffaad47d4445dee8acfba40ca14b6452283bd9e7e6b8b
All rsults,AB10,7,29.209621993127154,29.209621993127154,1f403f49d399643455cffaad47d4445dee8acfba40ca14b6452283bd9e7e6b8b
All rsults,AC10,7,32.14426907520603,32.14426907520603,1f403f49d399643455cffaad47d4445dee8acfba40ca14b6452283bd9e7e6b8b
All rsults,AD10,7,16.422972522320677,16.422972522320677,1f403f49d399643455cffaad47d4445dee8acfba40ca14b6452283bd9e7e6b8b
All rsults,AF10,7,3.0524921276946917,3.0524921276946917,1f403f49d399643455cffaad47d4445dee8acfba40ca14b6452283bd9e7e6b8b
All rsults,AG10,7,41.86975151298872,41.86975151298872,1f403f49d399643455cffaad47d4445dee8acfba40ca14b6452283bd9e7e6b8b
All rsults,AH10,7,76.68620420995124,76.68620420995124,1f403f49d399643455cffaad47d4445dee8acfba40ca14b6452283bd9e7e6b8b
All rsults,AI10,7,26.78431868421493,26.78431868421493,1f403f49d399643455cffaad47d4445dee8acfba40ca14b6452283bd9e7e6b8b
All rsults,AJ10,7,19166.905136216727,19166.905136216727,1f403f49d399643455cffaad47d4445dee8acfba40ca14b6452283bd9e7e6b8b
All rsults,AK10,7,209.75522120866802,209.75522120866802,1f403f49d399643455cffaad47d4445dee8acfba40ca14b6452283bd9e7e6b8b
All rsults,AL10,7,52.41159123589483,52.41159123589483,1f403f49d399643455cffaad47d4445dee8acfba40ca14b6452283bd9e7e6b8b
All rsults,AM10,7,191.71760484140745,191.71760484140745,1f403f49d399643455cffaad47d4445dee8acfba40ca14b6452283bd9e7e6b8b
All rsults,AN10,7,146.37305606906867,146.37305606906867,1f403f49d399643455cffaad47d4445dee8acfba40ca14b6452283bd9e7e6b8b
All rsults,AP10,7,6.644842917867788,6.644842917867788,1f403f49d399643455cffaad47d4445dee8acfba40ca14b6452283bd9e7e6b8b
All rsults,AQ10,7,115.41582759760753,115.41582759760753,1f403f49d399643455cffaad47d4445dee8acfba40ca14b6452283bd9e7e6b8b
All rsults,AR10,7,127.31958762886597,127.31958762886597,1f403f49d399643455cffaad47d4445dee8acfba40ca14b6452283bd9e7e6b8b
All rsults,AS10,7,37.113402061855666,37.113402061855666,1f403f49d399643455cffaad47d4445dee8acfba40ca14b6452283bd9e7e6b8b
All rsults,AT10,7,21359.396617128576,21359.396617128576,1f403f49d399643455cffaad47d4445dee8acfba40ca14b6452283bd9e7e6b8b
All rsults,AU10,7,1234.7855004988362,1234.7855004988362,1f403f49d399643455cffaad47d4445dee8acfba40ca14b6452283bd9e7e6b8b
All rsults,AV10,7,116.83848797250862,116.83848797250862,1f403f49d399643455cffaad47d4445dee8acfba40ca14b6452283bd9e7e6b8b
All rsults,AW10,7,389.17525773195877,389.17525773195877,1f403f49d399643455cffaad47d4445dee8acfba40ca14b6452283bd9e7e6b8b
All rsults,AX10,7,205.71266433368015,205.71266433368015,1f403f49d399643455cffaad47d4445dee8acfba40ca14b6452283bd9e7e6b8b
All rsults,BA10,7,400,400.0,1f403f49d399643455cffaad47d4445dee8acfba40ca14b6452283bd9e7e6b8b
All rsults,BD10,7,106,106.0,1f403f49d399643455cffaad47d4445dee8acfba40ca14b6452283bd9e7e6b8b
All rsults,BE10,7,102,102.0,1f403f49d399643455cffaad47d4445dee8acfba40ca14b6452283bd9e7e6b8b
All rsults,BF10,7,12.18,12.18,1f403f49d399643455cffaad47d4445dee8acfba40ca14b6452283bd9e7e6b8b
All rsults,BG10,7,8.7,8.7,1f403f49d399643455cffaad47d4445dee8acfba40ca14b6452283bd9e7e6b8b
All rsults,BH10,7,8.4,8.4,1f403f49d399643455cffaad47d4445dee8acfba40ca14b6452283bd9e7e6b8b
All rsults,B11,8,2.7373865856336503,2.7373865856336503,1f403f49d399643455cffaad47d4445dee8acfba40ca14b6452283bd9e7e6b8b
All rsults,C11,8,21.4847211929533,21.4847211929533,1f403f49d399643455cffaad47d4445dee8acfba40ca14b6452283bd9e7e6b8b
All rsults,D11,8,0.45803716012868256,0.45803716012868256,1f403f49d399643455cffaad47d4445dee8acfba40ca14b6452283bd9e7e6b8b
All rsults,E11,8,4.7345054676233875,4.7345054676233875,1f403f49d399643455cffaad47d4445dee8acfba40ca14b6452283bd9e7e6b8b
All rsults,F11,8,64.56494997373328,64.56494997373328,1f403f49d399643455cffaad47d4445dee8acfba40ca14b6452283bd9e7e6b8b
All rsults,G11,8,53.81011807842603,53.81011807842603,1f403f49d399643455cffaad47d4445dee8acfba40ca14b6452283bd9e7e6b8b
All rsults,H11,8,13.967420570813145,13.967420570813145,1f403f49d399643455cffaad47d4445dee8acfba40ca14b6452283bd9e7e6b8b
All rsults,I11,8,168.553598415759,168.553598415759,1f403f49d399643455cffaad47d4445dee8acfba40ca14b6452283bd9e7e6b8b
All rsults,J11,8,109.73797144600847,109.73797144600847,1f403f49d399643455cffaad47d4445dee8acfba40ca14b6452283bd9e7e6b8b
All rsults,L11,8,3.4543211675853214,3.4543211675853214,1f403f49d399643455cffaad47d4445dee8acfba40ca14b6452283bd9e7e6b8b
All rsults,M11,8,39.54102942958427,39.54102942958427,1f403f49d399643455cffaad47d4445dee8acfba40ca14b6452283bd9e7e6b8b
All rsults,N11,8,3.148751450361435,3.148751450361435,1f403f49d399643455cffaad47d4445dee8acfba40ca14b6452283bd9e7e6b8b
All rsults,O11,8,9.160238839532205,9.160238839532205,1f403f49d399643455cffaad47d4445dee8acfba40ca14b6452283bd9e7e6b8b
All rsults,P11,8,328.20516236647745,328.20516236647745,1f403f49d399643455cffaad47d4445dee8acfba40ca14b6452283bd9e7e6b8b
All rsults,Q11,8,444.8971223934048,444.8971223934048,1f403f49d399643455cffaad47d4445dee8acfba40ca14b6452283bd9e7e6b8b
All rsults,R11,8,24.232633279483043,24.232633279483043,1f403f49d399643455cffaad47d4445dee8acfba40ca14b6452283bd9e7e6b8b
All rsults,S11,8,74.16358330293397,74.16358330293397,1f403f49d399643455cffaad47d4445dee8acfba40ca14b6452283bd9e7e6b8b
All rsults,T11,8,148.3447586125432,148.3447586125432,1f403f49d399643455cffaad47d4445dee8acfba40ca14b6452283bd9e7e6b8b
All rsults,V11,8,0.8798742596679593,0.8798742596679593,1f403f49d399643455cffaad47d4445dee8acfba40ca14b6452283bd9e7e6b8b
All rsults,W11,8,13.229640584396778,13.229640584396778,1f403f49d399643455cffaad47d4445dee8acfba40ca14b6452283bd9e7e6b8b
All rsults,X11,8,33.28680104667803,33.28680104667803,1f403f49d399643455cffaad47d4445dee8acfba40ca14b6452283bd9e7e6b8b
All rsults,Y11,8,3.80818918047968,3.80818918047968,1f403f49d399643455cffaad47d4445dee8acfba40ca14b6452283bd9e7e6b8b
All rsults,Z11,8,131.82010619637214,131.82010619637214,1f403f49d399643455cffaad47d4445dee8acfba40ca14b6452283bd9e7e6b8b
All rsults,AA11,8,82.79665732984176,82.79665732984176,1f403f49d399643455cffaad47d4445dee8acfba40ca14b6452283bd9e7e6b8b
All rsults,AB11,8,16.82821755519656,16.82821755519656,1f403f49d399643455cffaad47d4445dee8acfba40ca14b6452283bd9e7e6b8b
All rsults,AC11,8,87.6478711761947,87.6478711761947,1f403f49d399643455cffaad47d4445dee8acfba40ca14b6452283bd9e7e6b8b
All rsults,AD11,8,110.94227386024936,110.94227386024936,1f403f49d399643455cffaad47d4445dee8acfba40ca14b6452283bd9e7e6b8b
All rsults,AF11,8,2.116146244736969,2.116146244736969,1f403f49d399643455cffaad47d4445dee8acfba40ca14b6452283bd9e7e6b8b
All rsults,AG11,8,45.25929673609425,45.25929673609425,1f403f49d399643455cffaad47d4445dee8acfba40ca14b6452283bd9e7e6b8b
All rsults,AH11,8,105.97797738645056,105.97797738645056,1f403f49d399643455cffaad47d4445dee8acfba40ca14b6452283bd9e7e6b8b
All rsults,AI11,8,32.377841956629666,32.377841956629666,1f403f49d399643455cffaad47d4445dee8acfba40ca14b6452283bd9e7e6b8b
All rsults,AJ11,8,20623.8897344668,20623.8897344668,1f403f49d399643455cffaad47d4445dee8acfba40ca14b6452283bd9e7e6b8b
All rsults,AK11,8,200.51965736013892,200.51965736013892,1f403f49d399643455cffaad47d4445dee8acfba40ca14b6452283bd9e7e6b8b
All rsults,AL11,8,47.28729133010233,47.28729133010233,1f403f49d399643455cffaad47d4445dee8acfba40ca14b6452283bd9e7e6b8b
All rsults,AM11,8,192.1511021939653,192.1511021939653,1f403f49d399643455cffaad47d4445dee8acfba40ca14b6452283bd9e7e6b8b
All rsults,AN11,8,276.6227558594742,276.6227558594742,1f403f49d399643455cffaad47d4445dee8acfba40ca14b6452283bd9e7e6b8b
All rsults,AP11,8,9.1877282576239,9.1877282576239,1f403f49d399643455cffaad47d4445dee8acfba40ca14b6452283bd9e7e6b8b
All rsults,AQ11,8,119.51468794302859,119.51468794302859,1f403f49d399643455cffaad47d4445dee8acfba40ca14b6452283bd9e7e6b8b
All rsults,AR11,8,142.8715670436187,142.8715670436187,1f403f49d399643455cffaad47d4445dee8acfba40ca14b6452283bd9e7e6b8b
All rsults,AS11,8,50.08077544426494,50.08077544426494,1f403f49d399643455cffaad47d4445dee8acfba40ca14b6452283bd9e7e6b8b
All rsults,AT11,8,21148.47995300338,21148.47995300338,1f403f49d399643455cffaad47d4445dee8acfba40ca14b6452283bd9e7e6b8b
All rsults,AU11,8,782.0235551618115,782.0235551618115,1f403f49d399643455cffaad47d4445dee8acfba40ca14b6452283bd9e7e6b8b
All rsults,AV11,8,102.31556273559507,102.31556273559507,1f403f49d399643455cffaad47d4445dee8acfba40ca14b6452283bd9e7e6b8b
All rsults,AW11,8,522.516155088853,522.516155088853,1f403f49d399643455cffaad47d4445dee8acfba40ca14b6452283bd9e7e6b8b
All rsults,AX11,8,645.6477597782751,645.6477597782751,1f403f49d399643455cffaad47d4445dee8acfba40ca14b6452283bd9e7e6b8b
All rsults,BA11,8,0,0.0,1f403f49d399643455cffaad47d4445dee8acfba40ca14b6452283bd9e7e6b8b
All rsults,BD11,8,238,238.0,1f403f49d399643455cffaad47d4445dee8acfba40ca14b6452283bd9e7e6b8b
All rsults,BE11,8,235,235.0,1f403f49d399643455cffaad47d4445dee8acfba40ca14b6452283bd9e7e6b8b
All rsults,BF11,8,11.92,11.92,1f403f49d399643455cffaad47d4445dee8acfba40ca14b6452283bd9e7e6b8b
All rsults,BG11,8,20,20.0,1f403f49d399643455cffaad47d4445dee8acfba40ca14b6452283bd9e7e6b8b
All rsults,BH11,8,14.7,14.7,1f403f49d399643455cffaad47d4445dee8acfba40ca14b6452283bd9e7e6b8b
All rsults,B12,9,0.38564205440657806,0.38564205440657806,1f403f49d399643455cffaad47d4445dee8acfba40ca14b6452283bd9e7e6b8b
All rsults,C12,9,16.899235605194693,16.899235605194693,1f403f49d399643455cffaad47d4445dee8acfba40ca14b6452283bd9e7e6b8b
All rsults,D12,9,0.3065085978993245,0.3065085978993245,1f403f49d399643455cffaad47d4445dee8acfba40ca14b6452283bd9e7e6b8b
All rsults,E12,9,2.5659840735162707,2.5659840735162707,1f403f49d399643455cffaad47d4445dee8acfba40ca14b6452283bd9e7e6b8b
All rsults,F12,9,27.432380492152078,27.432380492152078,1f403f49d399643455cffaad47d4445dee8acfba40ca14b6452283bd9e7e6b8b
All rsults,G12,9,77.00753195369604,77.00753195369604,1f403f49d399643455cffaad47d4445dee8acfba40ca14b6452283bd9e7e6b8b
All rsults,H12,9,16.919277529406944,16.919277529406944,1f403f49d399643455cffaad47d4445dee8acfba40ca14b6452283bd9e7e6b8b
All rsults,I12,9,206.87936191425723,206.87936191425723,1f403f49d399643455cffaad47d4445dee8acfba40ca14b6452283bd9e7e6b8b
All rsults,J12,9,6.098754363435738,6.098754363435738,1f403f49d399643455cffaad47d4445dee8acfba40ca14b6452283bd9e7e6b8b
All rsults,L12,9,0.32136837867214846,0.32136837867214846,1f403f49d399643455cffaad47d4445dee8acfba40ca14b6452283bd9e7e6b8b
All rsults,M12,9,31.012882923818832,31.012882923818832,1f403f49d399643455cffaad47d4445dee8acfba40ca14b6452283bd9e7e6b8b
All rsults,N12,9,0.2998933044194829,0.2998933044194829,1f403f49d399643455cffaad47d4445dee8acfba40ca14b6452283bd9e7e6b8b
All rsults,O12,9,3.6886021056796405,3.6886021056796405,1f403f49d399643455cffaad47d4445dee8acfba40ca14b6452283bd9e7e6b8b
All rsults,P12,9,775.8859855616148,775.8859855616148,1f403f49d399643455cffaad47d4445dee8acfba40ca14b6452283bd9e7e6b8b
All rsults,Q12,9,802.2408396027262,802.2408396027262,1f403f49d399643455cffaad47d4445dee8acfba40ca14b6452283bd9e7e6b8b
All rsults,R12,9,17.999231414262702,17.999231414262702,1f403f49d399643455cffaad47d4445dee8acfba40ca14b6452283bd9e7e6b8b
All rsults,S12,9,16.601430277070023,16.601430277070023,1f403f49d399643455cffaad47d4445dee8acfba40ca14b6452283bd9e7e6b8b
All rsults,T12,9,23.932353329620238,23.932353329620238,1f403f49d399643455cffaad47d4445dee8acfba40ca14b6452283bd9e7e6b8b
All rsults,V12,9,0.11997752803760209,0.11997752803760209,1f403f49d399643455cffaad47d4445dee8acfba40ca14b6452283bd9e7e6b8b
All rsults,W12,9,14.14354424141086,14.14354424141086,1f403f49d399643455cffaad47d4445dee8acfba40ca14b6452283bd9e7e6b8b
All rsults,X12,9,30.99448085421594,30.99448085421594,1f403f49d399643455cffaad47d4445dee8acfba40ca14b6452283bd9e7e6b8b
All rsults,Y12,9,2.806545080408421,2.806545080408421,1f403f49d399643455cffaad47d4445dee8acfba40ca14b6452283bd9e7e6b8b
All rsults,Z12,9,490.0979022254632,490.0979022254632,1f403f49d399643455cffaad47d4445dee8acfba40ca14b6452283bd9e7e6b8b
All rsults,AA12,9,159.96525394636748,159.96525394636748,1f403f49d399643455cffaad47d4445dee8acfba40ca14b6452283bd9e7e6b8b
All rsults,AB12,9,26.098885550680926,26.098885550680926,1f403f49d399643455cffaad47d4445dee8acfba40ca14b6452283bd9e7e6b8b
All rsults,AC12,9,37.03395984884852,37.03395984884852,1f403f49d399643455cffaad47d4445dee8acfba40ca14b6452283bd9e7e6b8b
All rsults,AD12,9,11.493259978863877,11.493259978863877,1f403f49d399643455cffaad47d4445dee8acfba40ca14b6452283bd9e7e6b8b
All rsults,AF12,9,0.11804424085595353,0.11804424085595353,1f403f49d399643455cffaad47d4445dee8acfba40ca14b6452283bd9e7e6b8b
All rsults,AG12,9,36.773215027668236,36.773215027668236,1f403f49d399643455cffaad47d4445dee8acfba40ca14b6452283bd9e7e6b8b
All rsults,AH12,9,65.60749211883913,65.60749211883913,1f403f49d399643455cffaad47d4445dee8acfba40ca14b6452283bd9e7e6b8b
All rsults,AI12,9,21.846146905899154,21.846146905899154,1f403f49d399643455cffaad47d4445dee8acfba40ca14b6452283bd9e7e6b8b
All rsults,AJ12,9,16205.314091866883,16205.314091866883,1f403f49d399643455cffaad47d4445dee8acfba40ca14b6452283bd9e7e6b8b
All rsults,AK12,9,223.39639390136352,223.39639390136352,1f403f49d399643455cffaad47d4445dee8acfba40ca14b6452283bd9e7e6b8b
All rsults,AL12,9,46.43801704879777,46.43801704879777,1f403f49d399643455cffaad47d4445dee8acfba40ca14b6452283bd9e7e6b8b
All rsults,AM12,9,256.68365274546727,256.68365274546727,1f403f49d399643455cffaad47d4445dee8acfba40ca14b6452283bd9e7e6b8b
All rsults,AN12,9,117.7836410237058,117.7836410237058,1f403f49d399643455cffaad47d4445dee8acfba40ca14b6452283bd9e7e6b8b
All rsults,AP12,9,0.9450322019722822,0.9450322019722822,1f403f49d399643455cffaad47d4445dee8acfba40ca14b6452283bd9e7e6b8b
All rsults,AQ12,9,98.82887779809262,98.82887779809262,1f403f49d399643455cffaad47d4445dee8acfba40ca14b6452283bd9e7e6b8b
All rsults,AR12,9,97.20837487537388,97.20837487537388,1f403f49d399643455cffaad47d4445dee8acfba40ca14b6452283bd9e7e6b8b
All rsults,AS12,9,30.907278165503485,30.907278165503485,1f403f49d399643455cffaad47d4445dee8acfba40ca14b6452283bd9e7e6b8b
All rsults,AT12,9,17498.730360146114,17498.730360146114,1f403f49d399643455cffaad47d4445dee8acfba40ca14b6452283bd9e7e6b8b
All rsults,AU12,9,1262.6100194041533,1262.6100194041533,1f403f49d399643455cffaad47d4445dee8acfba40ca14b6452283bd9e7e6b8b
All rsults,AV12,9,107.45541154314834,107.45541154314834,1f403f49d399643455cffaad47d4445dee8acfba40ca14b6452283bd9e7e6b8b
All rsults,AW12,9,517.1984047856431,517.1984047856431,1f403f49d399643455cffaad47d4445dee8acfba40ca14b6452283bd9e7e6b8b
All rsults,AX12,9,159.30800869562566,159.30800869562566,1f403f49d399643455cffaad47d4445dee8acfba40ca14b6452283bd9e7e6b8b
All rsults,BA12,9,200,200.0,1f403f49d399643455cffaad47d4445dee8acfba40ca14b6452283bd9e7e6b8b
All rsults,BD12,9,110,110.0,1f403f49d399643455cffaad47d4445dee8acfba40ca14b6452283bd9e7e6b8b
All rsults,BE12,9,108,108.0,1f403f49d399643455cffaad47d4445dee8acfba40ca14b6452283bd9e7e6b8b
All rsults,BF12,9,12.69,12.69,1f403f49d399643455cffaad47d4445dee8acfba40ca14b6452283bd9e7e6b8b
All rsults,BG12,9,8.7,8.7,1f403f49d399643455cffaad47d4445dee8acfba40ca14b6452283bd9e7e6b8b
All rsults,BH12,9,8.5,8.5,1f403f49d399643455cffaad47d4445dee8acfba40ca14b6452283bd9e7e6b8b
All rsults,B13,10,1.4374219480375832,1.4374219480375832,1f403f49d399643455cffaad47d4445dee8acfba40ca14b6452283bd9e7e6b8b
All rsults,C13,10,15.936278519559217,15.936278519559217,1f403f49d399643455cffaad47d4445dee8acfba40ca14b6452283bd9e7e6b8b
All rsults,D13,10,8.95147423798354,8.95147423798354,1f403f49d399643455cffaad47d4445dee8acfba40ca14b6452283bd9e7e6b8b
All rsults,E13,10,3.7243004646437265,3.7243004646437265,1f403f49d399643455cffaad47d4445dee8acfba40ca14b6452283bd9e7e6b8b
All rsults,F13,10,62.69581856052475,62.69581856052475,1f403f49d399643455cffaad47d4445dee8acfba40ca14b6452283bd9e7e6b8b
All rsults,G13,10,90.6544794358582,90.6544794358582,1f403f49d399643455cffaad47d4445dee8acfba40ca14b6452283bd9e7e6b8b
All rsults,H13,10,17.013668608339586,17.013668608339586,1f403f49d399643455cffaad47d4445dee8acfba40ca14b6452283bd9e7e6b8b
All rsults,I13,10,115.57219274467965,115.57219274467965,1f403f49d399643455cffaad47d4445dee8acfba40ca14b6452283bd9e7e6b8b
All rsults,J13,10,9.178468780175443,9.178468780175443,1f403f49d399643455cffaad47d4445dee8acfba40ca14b6452283bd9e7e6b8b
All rsults,L13,10,1.8520628945868864,1.8520628945868864,1f403f49d399643455cffaad47d4445dee8acfba40ca14b6452283bd9e7e6b8b
All rsults,M13,10,43.02795200280989,43.02795200280989,1f403f49d399643455cffaad47d4445dee8acfba40ca14b6452283bd9e7e6b8b
All rsults,N13,10,0.28346028074334023,0.28346028074334023,1f403f49d399643455cffaad47d4445dee8acfba40ca14b6452283bd9e7e6b8b
All rsults,O13,10,3.6079160751236095,3.6079160751236095,1f403f49d399643455cffaad47d4445dee8acfba40ca14b6452283bd9e7e6b8b
All rsults,P13,10,680.6258062930565,680.6258062930565,1f403f49d399643455cffaad47d4445dee8acfba40ca14b6452283bd9e7e6b8b
All rsults,Q13,10,1641.2070912027164,1641.2070912027164,1f403f49d399643455cffaad47d4445dee8acfba40ca14b6452283bd9e7e6b8b
All rsults,R13,10,33.81729192521819,33.81729192521819,1f403f49d399643455cffaad47d4445dee8acfba40ca14b6452283bd9e7e6b8b
All rsults,S13,10,66.91021685218294,66.91021685218294,1f403f49d399643455cffaad47d4445dee8acfba40ca14b6452283bd9e7e6b8b
All rsults,T13,10,70.94956367075616,70.94956367075616,1f403f49d399643455cffaad47d4445dee8acfba40ca14b6452283bd9e7e6b8b
All rsults,V13,10,1.7414919755070721,1.7414919755070721,1f403f49d399643455cffaad47d4445dee8acfba40ca14b6452283bd9e7e6b8b
All rsults,W13,10,19.621851291729726,19.621851291729726,1f403f49d399643455cffaad47d4445dee8acfba40ca14b6452283bd9e7e6b8b
All rsults,X13,10,7.849754331770185,7.849754331770185,1f403f49d399643455cffaad47d4445dee8acfba40ca14b6452283bd9e7e6b8b
All rsults,Y13,10,1.0474595056810478,1.0474595056810478,1f403f49d399643455cffaad47d4445dee8acfba40ca14b6452283bd9e7e6b8b
All rsults,Z13,10,285.8929326359929,285.8929326359929,1f403f49d399643455cffaad47d4445dee8acfba40ca14b6452283bd9e7e6b8b
All rsults,AA13,10,211.8948175309385,211.8948175309385,1f403f49d399643455cffaad47d4445dee8acfba40ca14b6452283bd9e7e6b8b
All rsults,AB13,10,19.534212105871376,19.534212105871376,1f403f49d399643455cffaad47d4445dee8acfba40ca14b6452283bd9e7e6b8b
All rsults,AC13,10,23.114438548935926,23.114438548935926,1f403f49d399643455cffaad47d4445dee8acfba40ca14b6452283bd9e7e6b8b
All rsults,AD13,10,9.18654969224209,9.18654969224209,1f403f49d399643455cffaad47d4445dee8acfba40ca14b6452283bd9e7e6b8b
All rsults,AF13,10,0.3263676227625982,0.3263676227625982,1f403f49d399643455cffaad47d4445dee8acfba40ca14b6452283bd9e7e6b8b
All rsults,AG13,10,41.46886097736693,41.46886097736693,1f403f49d399643455cffaad47d4445dee8acfba40ca14b6452283bd9e7e6b8b
All rsults,AH13,10,51.54672011195753,51.54672011195753,1f403f49d399643455cffaad47d4445dee8acfba40ca14b6452283bd9e7e6b8b
All rsults,AI13,10,21.89888673210511,21.89888673210511,1f403f49d399643455cffaad47d4445dee8acfba40ca14b6452283bd9e7e6b8b
All rsults,AJ13,10,19623.12462533003,19623.12462533003,1f403f49d399643455cffaad47d4445dee8acfba40ca14b6452283bd9e7e6b8b
All rsults,AK13,10,288.06670688564,288.06670688564,1f403f49d399643455cffaad47d4445dee8acfba40ca14b6452283bd9e7e6b8b
All rsults,AL13,10,48.73050761894794,48.73050761894794,1f403f49d399643455cffaad47d4445dee8acfba40ca14b6452283bd9e7e6b8b
All rsults,AM13,10,203.1637493511737,203.1637493511737,1f403f49d399643455cffaad47d4445dee8acfba40ca14b6452283bd9e7e6b8b
All rsults,AN13,10,117.48090267803772,117.48090267803772,1f403f49d399643455cffaad47d4445dee8acfba40ca14b6452283bd9e7e6b8b
All rsults,AP13,10,5.35734444089414,5.35734444089414,1f403f49d399643455cffaad47d4445dee8acfba40ca14b6452283bd9e7e6b8b
All rsults,AQ13,10,120.05494279146576,120.05494279146576,1f403f49d399643455cffaad47d4445dee8acfba40ca14b6452283bd9e7e6b8b
All rsults,AR13,10,68.63140896245459,68.63140896245459,1f403f49d399643455cffaad47d4445dee8acfba40ca14b6452283bd9e7e6b8b
All rsults,AS13,10,30.278562777553493,30.278562777553493,1f403f49d399643455cffaad47d4445dee8acfba40ca14b6452283bd9e7e6b8b
All rsults,AT13,10,20652.339182819604,20652.339182819604,1f403f49d399643455cffaad47d4445dee8acfba40ca14b6452283bd9e7e6b8b
All rsults,AU13,10,2231.823095055153,2231.823095055153,1f403f49d399643455cffaad47d4445dee8acfba40ca14b6452283bd9e7e6b8b
All rsults,AV13,10,119.09568025837709,119.09568025837709,1f403f49d399643455cffaad47d4445dee8acfba40ca14b6452283bd9e7e6b8b
All rsults,AW13,10,408.76059749697214,408.76059749697214,1f403f49d399643455cffaad47d4445dee8acfba40ca14b6452283bd9e7e6b8b
All rsults,AX13,10,206.79548482121143,206.79548482121143,1f403f49d399643455cffaad47d4445dee8acfba40ca14b6452283bd9e7e6b8b
All rsults,BA13,10,400,400.0,1f403f49d399643455cffaad47d4445dee8acfba40ca14b6452283bd9e7e6b8b
All rsults,BD13,10,138,138.0,1f403f49d399643455cffaad47d4445dee8acfba40ca14b6452283bd9e7e6b8b
All rsults,BE13,10,133,133.0,1f403f49d399643455cffaad47d4445dee8acfba40ca14b6452283bd9e7e6b8b
All rsults,BF13,10,14.45,14.45,1f403f49d399643455cffaad47d4445dee8acfba40ca14b6452283bd9e7e6b8b
All rsults,BG13,10,9.55,9.55,1f403f49d399643455cffaad47d4445dee8acfba40ca14b6452283bd9e7e6b8b
All rsults,BH13,10,9.2,9.2,1f403f49d399643455cffaad47d4445dee8acfba40ca14b6452283bd9e7e6b8b
All rsults,B14,11,0.04484260888015825,0.04484260888015825,1f403f49d399643455cffaad47d4445dee8acfba40ca14b6452283bd9e7e6b8b
All rsults,C14,11,17.551512123122745,17.551512123122745,1f403f49d399643455cffaad47d4445dee8acfba40ca14b6452283bd9e7e6b8b
All rsults,D14,11,8.546302264525751,8.546302264525751,1f403f49d399643455cffaad47d4445dee8acfba40ca14b6452283bd9e7e6b8b
All rsults,E14,11,2.9645161533191295,2.9645161533191295,1f403f49d399643455cffaad47d4445dee8acfba40ca14b6452283bd9e7e6b8b
All rsults,F14,11,61.042984100971125,61.042984100971125,1f403f49d399643455cffaad47d4445dee8acfba40ca14b6452283bd9e7e6b8b
All rsults,G14,11,69.93242162703721,69.93242162703721,1f403f49d399643455cffaad47d4445dee8acfba40ca14b6452283bd9e7e6b8b
All rsults,H14,11,6.945291935424661,6.945291935424661,1f403f49d399643455cffaad47d4445dee8acfba40ca14b6452283bd9e7e6b8b
All rsults,I14,11,152.0965460142918,152.0965460142918,1f403f49d399643455cffaad47d4445dee8acfba40ca14b6452283bd9e7e6b8b
All rsults,J14,11,98.38488269293879,98.38488269293879,1f403f49d399643455cffaad47d4445dee8acfba40ca14b6452283bd9e7e6b8b
All rsults,L14,11,0.03119485835141443,0.03119485835141443,1f403f49d399643455cffaad47d4445dee8acfba40ca14b6452283bd9e7e6b8b
All rsults,M14,11,44.65637894617304,44.65637894617304,1f403f49d399643455cffaad47d4445dee8acfba40ca14b6452283bd9e7e6b8b
All rsults,N14,11,0.2087676054606754,0.2087676054606754,1f403f49d399643455cffaad47d4445dee8acfba40ca14b6452283bd9e7e6b8b
All rsults,O14,11,4.50167267726238,4.50167267726238,1f403f49d399643455cffaad47d4445dee8acfba40ca14b6452283bd9e7e6b8b
All rsults,P14,11,1540.3815519229431,1540.3815519229431,1f403f49d399643455cffaad47d4445dee8acfba40ca14b6452283bd9e7e6b8b
All rsults,Q14,11,1147.2480582331023,1147.2480582331023,1f403f49d399643455cffaad47d4445dee8acfba40ca14b6452283bd9e7e6b8b
All rsults,R14,11,37.11390377992553,37.11390377992553,1f403f49d399643455cffaad47d4445dee8acfba40ca14b6452283bd9e7e6b8b
All rsults,S14,11,68.4434457064313,68.4434457064313,1f403f49d399643455cffaad47d4445dee8acfba40ca14b6452283bd9e7e6b8b
All rsults,T14,11,386.1714999092884,386.1714999092884,1f403f49d399643455cffaad47d4445dee8acfba40ca14b6452283bd9e7e6b8b
All rsults,V14,11,0.02827034038096933,0.02827034038096933,1f403f49d399643455cffaad47d4445dee8acfba40ca14b6452283bd9e7e6b8b
All rsults,W14,11,21.20736065290279,21.20736065290279,1f403f49d399643455cffaad47d4445dee8acfba40ca14b6452283bd9e7e6b8b
All rsults,X14,11,9.164107247503516,9.164107247503516,1f403f49d399643455cffaad47d4445dee8acfba40ca14b6452283bd9e7e6b8b
All rsults,Y14,11,2.195937891347503,2.195937891347503,1f403f49d399643455cffaad47d4445dee8acfba40ca14b6452283bd9e7e6b8b
All rsults,Z14,11,641.9051296867743,641.9051296867743,1f403f49d399643455cffaad47d4445dee8acfba40ca14b6452283bd9e7e6b8b
All rsults,AA14,11,131.13442628662267,131.13442628662267,1f403f49d399643455cffaad47d4445dee8acfba40ca14b6452283bd9e7e6b8b
All rsults,AB14,11,26.478925503806522,26.478925503806522,1f403f49d399643455cffaad47d4445dee8acfba40ca14b6452283bd9e7e6b8b
All rsults,AC14,11,15.20965460142918,15.20965460142918,1f403f49d399643455cffaad47d4445dee8acfba40ca14b6452283bd9e7e6b8b
All rsults,AD14,11,183.61700162783418,183.61700162783418,1f403f49d399643455cffaad47d4445dee8acfba40ca14b6452283bd9e7e6b8b
All rsults,AF14,11,0.03069219238745799,0.03069219238745799,1f403f49d399643455cffaad47d4445dee8acfba40ca14b6452283bd9e7e6b8b
All rsults,AG14,11,43.317162184652496,43.317162184652496,1f403f49d399643455cffaad47d4445dee8acfba40ca14b6452283bd9e7e6b8b
All rsults,AH14,11,44.996796260213884,44.996796260213884,1f403f49d399643455cffaad47d4445dee8acfba40ca14b6452283bd9e7e6b8b
All rsults,AI14,11,28.191450649119243,28.191450649119243,1f403f49d399643455cffaad47d4445dee8acfba40ca14b6452283bd9e7e6b8b
All rsults,AJ14,11,19115.372641410915,19115.372641410915,1f403f49d399643455cffaad47d4445dee8acfba40ca14b6452283bd9e7e6b8b
All rsults,AK14,11,246.47334998549067,246.47334998549067,1f403f49d399643455cffaad47d4445dee8acfba40ca14b6452283bd9e7e6b8b
All rsults,AL14,11,50.78744727779283,50.78744727779283,1f403f49d399643455cffaad47d4445dee8acfba40ca14b6452283bd9e7e6b8b
All rsults,AM14,11,214.0215683201106,214.0215683201106,1f403f49d399643455cffaad47d4445dee8acfba40ca14b6452283bd9e7e6b8b
All rsults,AN14,11,1078.290842059456,1078.290842059456,1f403f49d399643455cffaad47d4445dee8acfba40ca14b6452283bd9e7e6b8b
All rsults,AP14,11,0.135,0.135,1f403f49d399643455cffaad47d4445dee8acfba40ca14b6452283bd9e7e6b8b
All rsults,AQ14,11,126.73241390685108,126.73241390685108,1f403f49d399643455cffaad47d4445dee8acfba40ca14b6452283bd9e7e6b8b
All rsults,AR14,11,62.91597337770383,62.91597337770383,1f403f49d399643455cffaad47d4445dee8acfba40ca14b6452283bd9e7e6b8b
All rsults,AS14,11,37.85357737104825,37.85357737104825,1f403f49d399643455cffaad47d4445dee8acfba40ca14b6452283bd9e7e6b8b
All rsults,AT14,11,21358.702307121606,21358.702307121606,1f403f49d399643455cffaad47d4445dee8acfba40ca14b6452283bd9e7e6b8b
All rsults,AU14,11,1594.7882561322526,1594.7882561322526,1f403f49d399643455cffaad47d4445dee8acfba40ca14b6452283bd9e7e6b8b
All rsults,AV14,11,121.32556849694953,121.32556849694953,1f403f49d399643455cffaad47d4445dee8acfba40ca14b6452283bd9e7e6b8b
All rsults,AW14,11,449.77121464226286,449.77121464226286,1f403f49d399643455cffaad47d4445dee8acfba40ca14b6452283bd9e7e6b8b
All rsults,AX14,11,1746.4642262895175,1746.4642262895175,1f403f49d399643455cffaad47d4445dee8acfba40ca14b6452283bd9e7e6b8b
All rsults,BA14,11,200,200.0,1f403f49d399643455cffaad47d4445dee8acfba40ca14b6452283bd9e7e6b8b
All rsults,BD14,11,131,131.0,1f403f49d399643455cffaad47d4445dee8acfba40ca14b6452283bd9e7e6b8b
All rsults,BE14,11,128,128.0,1f403f49d399643455cffaad47d4445dee8acfba40ca14b6452283bd9e7e6b8b
All rsults,BF14,11,13,13.0,1f403f49d399643455cffaad47d4445dee8acfba40ca14b6452283bd9e7e6b8b
All rsults,BG14,11,10.1,10.1,1f403f49d399643455cffaad47d4445dee8acfba40ca14b6452283bd9e7e6b8b
All rsults,BH14,11,9.8,9.8,1f403f49d399643455cffaad47d4445dee8acfba40ca14b6452283bd9e7e6b8b
All rsults,B15,12,0.883651103169214,0.883651103169214,1f403f49d399643455cffaad47d4445dee8acfba40ca14b6452283bd9e7e6b8b
All rsults,C15,12,18.125369220034166,18.125369220034166,1f403f49d399643455cffaad47d4445dee8acfba40ca14b6452283bd9e7e6b8b
All rsults,D15,12,0.23728462715608675,0.23728462715608675,1f403f49d399643455cffaad47d4445dee8acfba40ca14b6452283bd9e7e6b8b
All rsults,E15,12,2.8394506494364036,2.8394506494364036,1f403f49d399643455cffaad47d4445dee8acfba40ca14b6452283bd9e7e6b8b
All rsults,F15,12,35.260589423134455,35.260589423134455,1f403f49d399643455cffaad47d4445dee8acfba40ca14b6452283bd9e7e6b8b
All rsults,G15,12,52.97721427298058,52.97721427298058,1f403f49d399643455cffaad47d4445dee8acfba40ca14b6452283bd9e7e6b8b
All rsults,H15,12,10.356455758766996,10.356455758766996,1f403f49d399643455cffaad47d4445dee8acfba40ca14b6452283bd9e7e6b8b
All rsults,I15,12,72.05448776780368,72.05448776780368,1f403f49d399643455cffaad47d4445dee8acfba40ca14b6452283bd9e7e6b8b
All rsults,J15,12,487.7924286714603,487.7924286714603,1f403f49d399643455cffaad47d4445dee8acfba40ca14b6452283bd9e7e6b8b
All rsults,L15,12,3.421797888868022,3.421797888868022,1f403f49d399643455cffaad47d4445dee8acfba40ca14b6452283bd9e7e6b8b
All rsults,M15,12,42.36532082754973,42.36532082754973,1f403f49d399643455cffaad47d4445dee8acfba40ca14b6452283bd9e7e6b8b
All rsults,N15,12,0.2321633762102719,0.2321633762102719,1f403f49d399643455cffaad47d4445dee8acfba40ca14b6452283bd9e7e6b8b
All rsults,O15,12,17.190187715506877,17.190187715506877,1f403f49d399643455cffaad47d4445dee8acfba40ca14b6452283bd9e7e6b8b
All rsults,P15,12,8118.517509720206,8118.517509720206,1f403f49d399643455cffaad47d4445dee8acfba40ca14b6452283bd9e7e6b8b
All rsults,Q15,12,499.67613773426046,499.67613773426046,1f403f49d399643455cffaad47d4445dee8acfba40ca14b6452283bd9e7e6b8b
All rsults,R15,12,42.40284716325355,42.40284716325355,1f403f49d399643455cffaad47d4445dee8acfba40ca14b6452283bd9e7e6b8b
All rsults,S15,12,243.18389621633742,243.18389621633742,1f403f49d399643455cffaad47d4445dee8acfba40ca14b6452283bd9e7e6b8b
All rsults,T15,12,536.69815185719,536.69815185719,1f403f49d399643455cffaad47d4445dee8acfba40ca14b6452283bd9e7e6b8b
All rsults,V15,12,0.11280652380883584,0.11280652380883584,1f403f49d399643455cffaad47d4445dee8acfba40ca14b6452283bd9e7e6b8b
All rsults,W15,12,17.74067247318798,17.74067247318798,1f403f49d399643455cffaad47d4445dee8acfba40ca14b6452283bd9e7e6b8b
All rsults,X15,12,6.8866065755680435,6.8866065755680435,1f403f49d399643455cffaad47d4445dee8acfba40ca14b6452283bd9e7e6b8b
All rsults,Y15,12,5.218449842207443,5.218449842207443,1f403f49d399643455cffaad47d4445dee8acfba40ca14b6452283bd9e7e6b8b
All rsults,Z15,12,1100.5874717165393,1100.5874717165393,1f403f49d399643455cffaad47d4445dee8acfba40ca14b6452283bd9e7e6b8b
All rsults,AA15,12,91.73097413025823,91.73097413025823,1f403f49d399643455cffaad47d4445dee8acfba40ca14b6452283bd9e7e6b8b
All rsults,AB15,12,15.046171574057714,15.046171574057714,1f403f49d399643455cffaad47d4445dee8acfba40ca14b6452283bd9e7e6b8b
All rsults,AC15,12,3.8707094392962,3.8707094392962,1f403f49d399643455cffaad47d4445dee8acfba40ca14b6452283bd9e7e6b8b
All rsults,AD15,12,86.3946693591964,86.3946693591964,1f403f49d399643455cffaad47d4445dee8acfba40ca14b6452283bd9e7e6b8b
All rsults,AF15,12,0.7399252556939756,0.7399252556939756,1f403f49d399643455cffaad47d4445dee8acfba40ca14b6452283bd9e7e6b8b
All rsults,AG15,12,28.385075957100764,28.385075957100764,1f403f49d399643455cffaad47d4445dee8acfba40ca14b6452283bd9e7e6b8b
All rsults,AH15,12,26.383605847709042,26.383605847709042,1f403f49d399643455cffaad47d4445dee8acfba40ca14b6452283bd9e7e6b8b
All rsults,AI15,12,16.54555567617536,16.54555567617536,1f403f49d399643455cffaad47d4445dee8acfba40ca14b6452283bd9e7e6b8b
All rsults,AJ15,12,12616.812155781496,12616.812155781496,1f403f49d399643455cffaad47d4445dee8acfba40ca14b6452283bd9e7e6b8b
All rsults,AK15,12,203.14470892927793,203.14470892927793,1f403f49d399643455cffaad47d4445dee8acfba40ca14b6452283bd9e7e6b8b
All rsults,AL15,12,30.873962450663875,30.873962450663875,1f403f49d399643455cffaad47d4445dee8acfba40ca14b6452283bd9e7e6b8b
All rsults,AM15,12,173.3811111912776,173.3811111912776,1f403f49d399643455cffaad47d4445dee8acfba40ca14b6452283bd9e7e6b8b
All rsults,AN15,12,146.9047940332898,146.9047940332898,1f403f49d399643455cffaad47d4445dee8acfba40ca14b6452283bd9e7e6b8b
All rsults,AP15,12,5.158180771540048,5.158180771540048,1f403f49d399643455cffaad47d4445dee8acfba40ca14b6452283bd9e7e6b8b
All rsults,AQ15,12,106.61643847787265,106.61643847787265,1f403f49d399643455cffaad47d4445dee8acfba40ca14b6452283bd9e7e6b8b
All rsults,AR15,12,33.73966042664345,33.73966042664345,1f403f49d399643455cffaad47d4445dee8acfba40ca14b6452283bd9e7e6b8b
All rsults,AS15,12,41.79364388332608,41.79364388332608,1f403f49d399643455cffaad47d4445dee8acfba40ca14b6452283bd9e7e6b8b
All rsults,AT15,12,21871.177726641377,21871.177726641377,1f403f49d399643455cffaad47d4445dee8acfba40ca14b6452283bd9e7e6b8b
All rsults,AU15,12,847.5290350667773,847.5290350667773,1f403f49d399643455cffaad47d4445dee8acfba40ca14b6452283bd9e7e6b8b
All rsults,AV15,12,98.67943694674213,98.67943694674213,1f403f49d399643455cffaad47d4445dee8acfba40ca14b6452283bd9e7e6b8b
All rsults,AW15,12,492.4902046147149,492.4902046147149,1f403f49d399643455cffaad47d4445dee8acfba40ca14b6452283bd9e7e6b8b
All rsults,AX15,12,1257.7900439211364,1257.7900439211364,1f403f49d399643455cffaad47d4445dee8acfba40ca14b6452283bd9e7e6b8b
All rsults,BA15,12,0,0.0,1f403f49d399643455cffaad47d4445dee8acfba40ca14b6452283bd9e7e6b8b
All rsults,BD15,12,441,441.0,1f403f49d399643455cffaad47d4445dee8acfba40ca14b6452283bd9e7e6b8b
All rsults,BE15,12,439,439.0,1f403f49d399643455cffaad47d4445dee8acfba40ca14b6452283bd9e7e6b8b
All rsults,BF15,12,12.96,12.96,1f403f49d399643455cffaad47d4445dee8acfba40ca14b6452283bd9e7e6b8b
All rsults,BG15,12,34,34.0,1f403f49d399643455cffaad47d4445dee8acfba40ca14b6452283bd9e7e6b8b
All rsults,BH15,12,33.87,33.87,1f403f49d399643455cffaad47d4445dee8acfba40ca14b6452283bd9e7e6b8b
All rsults,B16,13,0.05477911626783168,0.05477911626783168,1f403f49d399643455cffaad47d4445dee8acfba40ca14b6452283bd9e7e6b8b
All rsults,C16,13,21.07706646847919,21.07706646847919,1f403f49d399643455cffaad47d4445dee8acfba40ca14b6452283bd9e7e6b8b
All rsults,D16,13,0.22063482244724938,0.22063482244724938,1f403f49d399643455cffaad47d4445dee8acfba40ca14b6452283bd9e7e6b8b
All rsults,E16,13,2.0308924724395423,2.0308924724395423,1f403f49d399643455cffaad47d4445dee8acfba40ca14b6452283bd9e7e6b8b
All rsults,F16,13,33.520191294904244,33.520191294904244,1f403f49d399643455cffaad47d4445dee8acfba40ca14b6452283bd9e7e6b8b
All rsults,G16,13,85.62994097422262,85.62994097422262,1f403f49d399643455cffaad47d4445dee8acfba40ca14b6452283bd9e7e6b8b
All rsults,H16,13,11.21703577856311,11.21703577856311,1f403f49d399643455cffaad47d4445dee8acfba40ca14b6452283bd9e7e6b8b
All rsults,I16,13,129.66141368508204,129.66141368508204,1f403f49d399643455cffaad47d4445dee8acfba40ca14b6452283bd9e7e6b8b
All rsults,J16,13,6.566550980640735,6.566550980640735,1f403f49d399643455cffaad47d4445dee8acfba40ca14b6452283bd9e7e6b8b
All rsults,L16,13,0.03722170720762923,0.03722170720762923,1f403f49d399643455cffaad47d4445dee8acfba40ca14b6452283bd9e7e6b8b
All rsults,M16,13,32.81316029751874,32.81316029751874,1f403f49d399643455cffaad47d4445dee8acfba40ca14b6452283bd9e7e6b8b
All rsults,N16,13,0.21587291980450302,0.21587291980450302,1f403f49d399643455cffaad47d4445dee8acfba40ca14b6452283bd9e7e6b8b
All rsults,O16,13,17.62814666077523,17.62814666077523,1f403f49d399643455cffaad47d4445dee8acfba40ca14b6452283bd9e7e6b8b
All rsults,P16,13,8202.838744858514,8202.838744858514,1f403f49d399643455cffaad47d4445dee8acfba40ca14b6452283bd9e7e6b8b
All rsults,Q16,13,807.356184291776,807.356184291776,1f403f49d399643455cffaad47d4445dee8acfba40ca14b6452283bd9e7e6b8b
All rsults,R16,13,26.54698467593269,26.54698467593269,1f403f49d399643455cffaad47d4445dee8acfba40ca14b6452283bd9e7e6b8b
All rsults,S16,13,143.92416919044106,143.92416919044106,1f403f49d399643455cffaad47d4445dee8acfba40ca14b6452283bd9e7e6b8b
All rsults,T16,13,51.969560618213826,51.969560618213826,1f403f49d399643455cffaad47d4445dee8acfba40ca14b6452283bd9e7e6b8b
All rsults,V16,13,0.009832149073713383,0.009832149073713383,1f403f49d399643455cffaad47d4445dee8acfba40ca14b6452283bd9e7e6b8b
All rsults,W16,13,19.944018425844934,19.944018425844934,1f403f49d399643455cffaad47d4445dee8acfba40ca14b6452283bd9e7e6b8b
All rsults,X16,13,3.447492751719786,3.447492751719786,1f403f49d399643455cffaad47d4445dee8acfba40ca14b6452283bd9e7e6b8b
All rsults,Y16,13,1.381006881258889,1.381006881258889,1f403f49d399643455cffaad47d4445dee8acfba40ca14b6452283bd9e7e6b8b
All rsults,Z16,13,718.7608231759795,718.7608231759795,1f403f49d399643455cffaad47d4445dee8acfba40ca14b6452283bd9e7e6b8b
All rsults,AA16,13,96.9754940820258,96.9754940820258,1f403f49d399643455cffaad47d4445dee8acfba40ca14b6452283bd9e7e6b8b
All rsults,AB16,13,22.621022153435607,22.621022153435607,1f403f49d399643455cffaad47d4445dee8acfba40ca14b6452283bd9e7e6b8b
All rsults,AC16,13,6.718959026360479,6.718959026360479,1f403f49d399643455cffaad47d4445dee8acfba40ca14b6452283bd9e7e6b8b
All rsults,AD16,13,17.248025524550794,17.248025524550794,1f403f49d399643455cffaad47d4445dee8acfba40ca14b6452283bd9e7e6b8b
All rsults,AF16,13,0.0331670274508257,0.0331670274508257,1f403f49d399643455cffaad47d4445dee8acfba40ca14b6452283bd9e7e6b8b
All rsults,AG16,13,44.50921185280027,44.50921185280027,1f403f49d399643455cffaad47d4445dee8acfba40ca14b6452283bd9e7e6b8b
All rsults,AH16,13,36.423283269306154,36.423283269306154,1f403f49d399643455cffaad47d4445dee8acfba40ca14b6452283bd9e7e6b8b
All rsults,AI16,13,17.27558372755972,17.27558372755972,1f403f49d399643455cffaad47d4445dee8acfba40ca14b6452283bd9e7e6b8b
All rsults,AJ16,13,10954.030271216685,10954.030271216685,1f403f49d399643455cffaad47d4445dee8acfba40ca14b6452283bd9e7e6b8b
All rsults,AK16,13,204.72485576088945,204.72485576088945,1f403f49d399643455cffaad47d4445dee8acfba40ca14b6452283bd9e7e6b8b
All rsults,AL16,13,52.159216370318475,52.159216370318475,1f403f49d399643455cffaad47d4445dee8acfba40ca14b6452283bd9e7e6b8b
All rsults,AM16,13,215.23794671723624,215.23794671723624,1f403f49d399643455cffaad47d4445dee8acfba40ca14b6452283bd9e7e6b8b
All rsults,AN16,13,102.29589331841879,102.29589331841879,1f403f49d399643455cffaad47d4445dee8acfba40ca14b6452283bd9e7e6b8b
All rsults,AP16,13,0.135,0.135,1f403f49d399643455cffaad47d4445dee8acfba40ca14b6452283bd9e7e6b8b
All rsults,AQ16,13,118.34345704464315,118.34345704464315,1f403f49d399643455cffaad47d4445dee8acfba40ca14b6452283bd9e7e6b8b
All rsults,AR16,13,40.3072837632777,40.3072837632777,1f403f49d399643455cffaad47d4445dee8acfba40ca14b6452283bd9e7e6b8b
All rsults,AS16,13,38.31562974203338,38.31562974203338,1f403f49d399643455cffaad47d4445dee8acfba40ca14b6452283bd9e7e6b8b
All rsults,AT16,13,19909.150030546083,19909.150030546083,1f403f49d399643455cffaad47d4445dee8acfba40ca14b6452283bd9e7e6b8b
All rsults,AU16,13,1194.6864751089138,1194.6864751089138,1f403f49d399643455cffaad47d4445dee8acfba40ca14b6452283bd9e7e6b8b
All rsults,AV16,13,112.54425897824987,112.54425897824987,1f403f49d399643455cffaad47d4445dee8acfba40ca14b6452283bd9e7e6b8b
All rsults,AW16,13,495.54248861911987,495.54248861911987,1f403f49d399643455cffaad47d4445dee8acfba40ca14b6452283bd9e7e6b8b
All rsults,AX16,13,178.08003044182414,178.08003044182414,1f403f49d399643455cffaad47d4445dee8acfba40ca14b6452283bd9e7e6b8b
All rsults,BA16,13,700,700.0,1f403f49d399643455cffaad47d4445dee8acfba40ca14b6452283bd9e7e6b8b
All rsults,BD16,13,98,98.0,1f403f49d399643455cffaad47d4445dee8acfba40ca14b6452283bd9e7e6b8b
All rsults,BE16,13,95,95.0,1f403f49d399643455cffaad47d4445dee8acfba40ca14b6452283bd9e7e6b8b
All rsults,BF16,13,11.72,11.72,1f403f49d399643455cffaad47d4445dee8acfba40ca14b6452283bd9e7e6b8b
All rsults,BG16,13,8.4,8.4,1f403f49d399643455cffaad47d4445dee8acfba40ca14b6452283bd9e7e6b8b
All rsults,BH16,13,8.1,8.1,1f403f49d399643455cffaad47d4445dee8acfba40ca14b6452283bd9e7e6b8b
All rsults,B17,14,0.05196093696722434,0.05196093696722434,1f403f49d399643455cffaad47d4445dee8acfba40ca14b6452283bd9e7e6b8b
All rsults,C17,14,17.887481828353646,17.887481828353646,1f403f49d399643455cffaad47d4445dee8acfba40ca14b6452283bd9e7e6b8b
All rsults,D17,14,0.0716293626901146,0.0716293626901146,1f403f49d399643455cffaad47d4445dee8acfba40ca14b6452283bd9e7e6b8b
All rsults,E17,14,1.7178460375430589,1.7178460375430589,1f403f49d399643455cffaad47d4445dee8acfba40ca14b6452283bd9e7e6b8b
All rsults,F17,14,22.04154942461055,22.04154942461055,1f403f49d399643455cffaad47d4445dee8acfba40ca14b6452283bd9e7e6b8b
All rsults,G17,14,24.509067640900426,24.509067640900426,1f403f49d399643455cffaad47d4445dee8acfba40ca14b6452283bd9e7e6b8b
All rsults,H17,14,5.556390609193207,5.556390609193207,1f403f49d399643455cffaad47d4445dee8acfba40ca14b6452283bd9e7e6b8b
All rsults,I17,14,275.7342775082924,275.7342775082924,1f403f49d399643455cffaad47d4445dee8acfba40ca14b6452283bd9e7e6b8b
All rsults,J17,14,35.66582644201813,35.66582644201813,1f403f49d399643455cffaad47d4445dee8acfba40ca14b6452283bd9e7e6b8b
All rsults,L17,14,0.056291015047826375,0.056291015047826375,1f403f49d399643455cffaad47d4445dee8acfba40ca14b6452283bd9e7e6b8b
All rsults,M17,14,36.52027539955537,36.52027539955537,1f403f49d399643455cffaad47d4445dee8acfba40ca14b6452283bd9e7e6b8b
All rsults,N17,14,0.07008340522198264,0.07008340522198264,1f403f49d399643455cffaad47d4445dee8acfba40ca14b6452283bd9e7e6b8b
All rsults,O17,14,8.276894544525645,8.276894544525645,1f403f49d399643455cffaad47d4445dee8acfba40ca14b6452283bd9e7e6b8b
All rsults,P17,14,4053.7367348708003,4053.7367348708003,1f403f49d399643455cffaad47d4445dee8acfba40ca14b6452283bd9e7e6b8b
All rsults,Q17,14,340.88570479895424,340.88570479895424,1f403f49d399643455cffaad47d4445dee8acfba40ca14b6452283bd9e7e6b8b
All rsults,R17,14,23.053109974312246,23.053109974312246,1f403f49d399643455cffaad47d4445dee8acfba40ca14b6452283bd9e7e6b8b
All rsults,S17,14,375.74152841803584,375.74152841803584,1f403f49d399643455cffaad47d4445dee8acfba40ca14b6452283bd9e7e6b8b
All rsults,T17,14,124.37139478065042,124.37139478065042,1f403f49d399643455cffaad47d4445dee8acfba40ca14b6452283bd9e7e6b8b
All rsults,V17,14,0.0017948370229640264,0.0017948370229640264,1f403f49d399643455cffaad47d4445dee8acfba40ca14b6452283bd9e7e6b8b
All rsults,W17,14,17.218316486477676,17.218316486477676,1f403f49d399643455cffaad47d4445dee8acfba40ca14b6452283bd9e7e6b8b
All rsults,X17,14,0.5591212843077291,0.5591212843077291,1f403f49d399643455cffaad47d4445dee8acfba40ca14b6452283bd9e7e6b8b
All rsults,Y17,14,2.7069089076436073,2.7069089076436073,1f403f49d399643455cffaad47d4445dee8acfba40ca14b6452283bd9e7e6b8b
All rsults,Z17,14,4299.051295429783,4299.051295429783,1f403f49d399643455cffaad47d4445dee8acfba40ca14b6452283bd9e7e6b8b
All rsults,AA17,14,54.223600975443425,54.223600975443425,1f403f49d399643455cffaad47d4445dee8acfba40ca14b6452283bd9e7e6b8b
All rsults,AB17,14,12.413213063091208,12.413213063091208,1f403f49d399643455cffaad47d4445dee8acfba40ca14b6452283bd9e7e6b8b
All rsults,AC17,14,14.28675012996334,14.28675012996334,1f403f49d399643455cffaad47d4445dee8acfba40ca14b6452283bd9e7e6b8b
All rsults,AD17,14,38.42302984481619,38.42302984481619,1f403f49d399643455cffaad47d4445dee8acfba40ca14b6452283bd9e7e6b8b
All rsults,AF17,14,0.024953210961985266,0.024953210961985266,1f403f49d399643455cffaad47d4445dee8acfba40ca14b6452283bd9e7e6b8b
All rsults,AG17,14,22.516260020778496,22.516260020778496,1f403f49d399643455cffaad47d4445dee8acfba40ca14b6452283bd9e7e6b8b
All rsults,AH17,14,1.8377524628086062,1.8377524628086062,1f403f49d399643455cffaad47d4445dee8acfba40ca14b6452283bd9e7e6b8b
All rsults,AI17,14,8.825564157728794,8.825564157728794,1f403f49d399643455cffaad47d4445dee8acfba40ca14b6452283bd9e7e6b8b
All rsults,AJ17,14,10956.231993415986,10956.231993415986,1f403f49d399643455cffaad47d4445dee8acfba40ca14b6452283bd9e7e6b8b
All rsults,AK17,14,115.28637226746697,115.28637226746697,1f403f49d399643455cffaad47d4445dee8acfba40ca14b6452283bd9e7e6b8b
All rsults,AL17,14,15.84162429004021,15.84162429004021,1f403f49d399643455cffaad47d4445dee8acfba40ca14b6452283bd9e7e6b8b
All rsults,AM17,14,278.5916275342851,278.5916275342851,1f403f49d399643455cffaad47d4445dee8acfba40ca14b6452283bd9e7e6b8b
All rsults,AN17,14,60.67741826477533,60.67741826477533,1f403f49d399643455cffaad47d4445dee8acfba40ca14b6452283bd9e7e6b8b
All rsults,AP17,14,0.135,0.135,1f403f49d399643455cffaad47d4445dee8acfba40ca14b6452283bd9e7e6b8b
All rsults,AQ17,14,94.14233373516518,94.14233373516518,1f403f49d399643455cffaad47d4445dee8acfba40ca14b6452283bd9e7e6b8b
All rsults,AR17,14,2.5385865150284324,2.5385865150284324,1f403f49d399643455cffaad47d4445dee8acfba40ca14b6452283bd9e7e6b8b
All rsults,AS17,14,21.527213647441105,21.527213647441105,1f403f49d399643455cffaad47d4445dee8acfba40ca14b6452283bd9e7e6b8b
All rsults,AT17,14,19331.06157314118,19331.06157314118,1f403f49d399643455cffaad47d4445dee8acfba40ca14b6452283bd9e7e6b8b
All rsults,AU17,14,534.9047456827651,534.9047456827651,1f403f49d399643455cffaad47d4445dee8acfba40ca14b6452283bd9e7e6b8b
All rsults,AV17,14,56.86433793663687,56.86433793663687,1f403f49d399643455cffaad47d4445dee8acfba40ca14b6452283bd9e7e6b8b
All rsults,AW17,14,944.3541835905767,944.3541835905767,1f403f49d399643455cffaad47d4445dee8acfba40ca14b6452283bd9e7e6b8b
All rsults,AX17,14,259.1376693322601,259.1376693322601,1f403f49d399643455cffaad47d4445dee8acfba40ca14b6452283bd9e7e6b8b
All rsults,BA17,14,0,0.0,1f403f49d399643455cffaad47d4445dee8acfba40ca14b6452283bd9e7e6b8b
All rsults,BD17,14,110,110.0,1f403f49d399643455cffaad47d4445dee8acfba40ca14b6452283bd9e7e6b8b
All rsults,BE17,14,109,109.0,1f403f49d399643455cffaad47d4445dee8acfba40ca14b6452283bd9e7e6b8b
All rsults,BF17,14,12.44,12.44,1f403f49d399643455cffaad47d4445dee8acfba40ca14b6452283bd9e7e6b8b
All rsults,BG17,14,8.84,8.84,1f403f49d399643455cffaad47d4445dee8acfba40ca14b6452283bd9e7e6b8b
All rsults,BH17,14,8.76,8.76,1f403f49d399643455cffaad47d4445dee8acfba40ca14b6452283bd9e7e6b8b
All rsults,B18,15,0.06196123909112352,0.06196123909112352,1f403f49d399643455cffaad47d4445dee8acfba40ca14b6452283bd9e7e6b8b
All rsults,C18,15,15.126140569965402,15.126140569965402,1f403f49d399643455cffaad47d4445dee8acfba40ca14b6452283bd9e7e6b8b
All rsults,D18,15,0.14349933129124998,0.14349933129124998,1f403f49d399643455cffaad47d4445dee8acfba40ca14b6452283bd9e7e6b8b
All rsults,E18,15,1.0981839175671775,1.0981839175671775,1f403f49d399643455cffaad47d4445dee8acfba40ca14b6452283bd9e7e6b8b
All rsults,F18,15,53.217910795261275,53.217910795261275,1f403f49d399643455cffaad47d4445dee8acfba40ca14b6452283bd9e7e6b8b
All rsults,G18,15,51.109241584321055,51.109241584321055,1f403f49d399643455cffaad47d4445dee8acfba40ca14b6452283bd9e7e6b8b
All rsults,H18,15,13.166970632248407,13.166970632248407,1f403f49d399643455cffaad47d4445dee8acfba40ca14b6452283bd9e7e6b8b
All rsults,I18,15,132.45742936789742,132.45742936789742,1f403f49d399643455cffaad47d4445dee8acfba40ca14b6452283bd9e7e6b8b
All rsults,J18,15,53.29927243873899,53.29927243873899,1f403f49d399643455cffaad47d4445dee8acfba40ca14b6452283bd9e7e6b8b
All rsults,L18,15,0.0559890714678827,0.0559890714678827,1f403f49d399643455cffaad47d4445dee8acfba40ca14b6452283bd9e7e6b8b
All rsults,M18,15,27.908794572753067,27.908794572753067,1f403f49d399643455cffaad47d4445dee8acfba40ca14b6452283bd9e7e6b8b
All rsults,N18,15,0.006395597588432065,0.006395597588432065,1f403f49d399643455cffaad47d4445dee8acfba40ca14b6452283bd9e7e6b8b
All rsults,O18,15,11.177943446665914,11.177943446665914,1f403f49d399643455cffaad47d4445dee8acfba40ca14b6452283bd9e7e6b8b
All rsults,P18,15,170.29731454483607,170.29731454483607,1f403f49d399643455cffaad47d4445dee8acfba40ca14b6452283bd9e7e6b8b
All rsults,Q18,15,407.79181518174073,407.79181518174073,1f403f49d399643455cffaad47d4445dee8acfba40ca14b6452283bd9e7e6b8b
All rsults,R18,15,15.775521417882526,15.775521417882526,1f403f49d399643455cffaad47d4445dee8acfba40ca14b6452283bd9e7e6b8b
All rsults,S18,15,133.84441815709008,133.84441815709008,1f403f49d399643455cffaad47d4445dee8acfba40ca14b6452283bd9e7e6b8b
All rsults,T18,15,72.58940363011794,72.58940363011794,1f403f49d399643455cffaad47d4445dee8acfba40ca14b6452283bd9e7e6b8b
All rsults,V18,15,0.009704772387766333,0.009704772387766333,1f403f49d399643455cffaad47d4445dee8acfba40ca14b6452283bd9e7e6b8b
All rsults,W18,15,20.9851867777447,20.9851867777447,1f403f49d399643455cffaad47d4445dee8acfba40ca14b6452283bd9e7e6b8b
All rsults,X18,15,0.05102370134888816,0.05102370134888816,1f403f49d399643455cffaad47d4445dee8acfba40ca14b6452283bd9e7e6b8b
All rsults,Y18,15,1.6472758763507658,1.6472758763507658,1f403f49d399643455cffaad47d4445dee8acfba40ca14b6452283bd9e7e6b8b
All rsults,Z18,15,149.5423293346842,149.5423293346842,1f403f49d399643455cffaad47d4445dee8acfba40ca14b6452283bd9e7e6b8b
All rsults,AA18,15,89.06659364042918,89.06659364042918,1f403f49d399643455cffaad47d4445dee8acfba40ca14b6452283bd9e7e6b8b
All rsults,AB18,15,9.316252805836138,9.316252805836138,1f403f49d399643455cffaad47d4445dee8acfba40ca14b6452283bd9e7e6b8b
All rsults,AC18,15,3.487941708328029,3.487941708328029,1f403f49d399643455cffaad47d4445dee8acfba40ca14b6452283bd9e7e6b8b
All rsults,AD18,15,70.78161832537506,70.78161832537506,1f403f49d399643455cffaad47d4445dee8acfba40ca14b6452283bd9e7e6b8b
All rsults,AF18,15,0.007344917053227457,0.007344917053227457,1f403f49d399643455cffaad47d4445dee8acfba40ca14b6452283bd9e7e6b8b
All rsults,AG18,15,37.210846657444215,37.210846657444215,1f403f49d399643455cffaad47d4445dee8acfba40ca14b6452283bd9e7e6b8b
All rsults,AH18,15,0.851269921959982,0.851269921959982,1f403f49d399643455cffaad47d4445dee8acfba40ca14b6452283bd9e7e6b8b
All rsults,AI18,15,9.224744907564292,9.224744907564292,1f403f49d399643455cffaad47d4445dee8acfba40ca14b6452283bd9e7e6b8b
All rsults,AJ18,15,20703.508976437206,20703.508976437206,1f403f49d399643455cffaad47d4445dee8acfba40ca14b6452283bd9e7e6b8b
All rsults,AK18,15,200.1044686333701,200.1044686333701,1f403f49d399643455cffaad47d4445dee8acfba40ca14b6452283bd9e7e6b8b
All rsults,AL18,15,33.29007669285447,33.29007669285447,1f403f49d399643455cffaad47d4445dee8acfba40ca14b6452283bd9e7e6b8b
All rsults,AM18,15,98.47620403267767,98.47620403267767,1f403f49d399643455cffaad47d4445dee8acfba40ca14b6452283bd9e7e6b8b
All rsults,AN18,15,312.85281642857296,312.85281642857296,1f403f49d399643455cffaad47d4445dee8acfba40ca14b6452283bd9e7e6b8b
All rsults,AP18,15,0.135,0.135,1f403f49d399643455cffaad47d4445dee8acfba40ca14b6452283bd9e7e6b8b
All rsults,AQ18,15,101.23096857790738,101.23096857790738,1f403f49d399643455cffaad47d4445dee8acfba40ca14b6452283bd9e7e6b8b
All rsults,AR18,15,1.0521885521885521,1.0521885521885521,1f403f49d399643455cffaad47d4445dee8acfba40ca14b6452283bd9e7e6b8b
All rsults,AS18,15,23.148148148148145,23.148148148148145,1f403f49d399643455cffaad47d4445dee8acfba40ca14b6452283bd9e7e6b8b
All rsults,AT18,15,21076.56653111199,21076.56653111199,1f403f49d399643455cffaad47d4445dee8acfba40ca14b6452283bd9e7e6b8b
All rsults,AU18,15,748.072119039861,748.072119039861,1f403f49d399643455cffaad47d4445dee8acfba40ca14b6452283bd9e7e6b8b
All rsults,AV18,15,71.54882154882155,71.54882154882155,1f403f49d399643455cffaad47d4445dee8acfba40ca14b6452283bd9e7e6b8b
All rsults,AW18,15,368.26599326599325,368.26599326599325,1f403f49d399643455cffaad47d4445dee8acfba40ca14b6452283bd9e7e6b8b
All rsults,AX18,15,509.52311082280494,509.52311082280494,1f403f49d399643455cffaad47d4445dee8acfba40ca14b6452283bd9e7e6b8b
All rsults,BA18,15,0,0.0,1f403f49d399643455cffaad47d4445dee8acfba40ca14b6452283bd9e7e6b8b
All rsults,BD18,15,121,121.0,1f403f49d399643455cffaad47d4445dee8acfba40ca14b6452283bd9e7e6b8b
All rsults,BE18,15,120,120.0,1f403f49d399643455cffaad47d4445dee8acfba40ca14b6452283bd9e7e6b8b
All rsults,BF18,15,12.81,12.81,1f403f49d399643455cffaad47d4445dee8acfba40ca14b6452283bd9e7e6b8b
All rsults,BG18,15,9.44,9.44,1f403f49d399643455cffaad47d4445dee8acfba40ca14b6452283bd9e7e6b8b
All rsults,BH18,15,9.36,9.36,1f403f49d399643455cffaad47d4445dee8acfba40ca14b6452283bd9e7e6b8b
All rsults,B19,16,0.013233142087291816,0.013233142087291816,1f403f49d399643455cffaad47d4445dee8acfba40ca14b6452283bd9e7e6b8b
All rsults,C19,16,8.972799093329105,8.972799093329105,1f403f49d399643455cffaad47d4445dee8acfba40ca14b6452283bd9e7e6b8b
All rsults,D19,16,2.0804871696223572,2.0804871696223572,1f403f49d399643455cffaad47d4445dee8acfba40ca14b6452283bd9e7e6b8b
All rsults,E19,16,1.6932254869705898,1.6932254869705898,1f403f49d399643455cffaad47d4445dee8acfba40ca14b6452283bd9e7e6b8b
All rsults,F19,16,38.68928078635074,38.68928078635074,1f403f49d399643455cffaad47d4445dee8acfba40ca14b6452283bd9e7e6b8b
All rsults,G19,16,94.98211375618749,94.98211375618749,1f403f49d399643455cffaad47d4445dee8acfba40ca14b6452283bd9e7e6b8b
All rsults,H19,16,13.072453861927546,13.072453861927546,1f403f49d399643455cffaad47d4445dee8acfba40ca14b6452283bd9e7e6b8b
All rsults,I19,16,134.84932501710958,134.84932501710958,1f403f49d399643455cffaad47d4445dee8acfba40ca14b6452283bd9e7e6b8b
All rsults,J19,16,6.706081078274856,6.706081078274856,1f403f49d399643455cffaad47d4445dee8acfba40ca14b6452283bd9e7e6b8b
All rsults,L19,16,0.061203282153724656,0.061203282153724656,1f403f49d399643455cffaad47d4445dee8acfba40ca14b6452283bd9e7e6b8b
All rsults,M19,16,32.58542828630043,32.58542828630043,1f403f49d399643455cffaad47d4445dee8acfba40ca14b6452283bd9e7e6b8b
All rsults,N19,16,0.036499056381515106,0.036499056381515106,1f403f49d399643455cffaad47d4445dee8acfba40ca14b6452283bd9e7e6b8b
All rsults,O19,16,3.6686552217696113,3.6686552217696113,1f403f49d399643455cffaad47d4445dee8acfba40ca14b6452283bd9e7e6b8b
All rsults,P19,16,5004.292179979487,5004.292179979487,1f403f49d399643455cffaad47d4445dee8acfba40ca14b6452283bd9e7e6b8b
All rsults,Q19,16,986.2406597076522,986.2406597076522,1f403f49d399643455cffaad47d4445dee8acfba40ca14b6452283bd9e7e6b8b
All rsults,R19,16,22.110199741778686,22.110199741778686,1f403f49d399643455cffaad47d4445dee8acfba40ca14b6452283bd9e7e6b8b
All rsults,S19,16,111.14853455955698,111.14853455955698,1f403f49d399643455cffaad47d4445dee8acfba40ca14b6452283bd9e7e6b8b
All rsults,T19,16,38.2665751529059,38.2665751529059,1f403f49d399643455cffaad47d4445dee8acfba40ca14b6452283bd9e7e6b8b
All rsults,V19,16,0.0215038558918492,0.0215038558918492,1f403f49d399643455cffaad47d4445dee8acfba40ca14b6452283bd9e7e6b8b
All rsults,W19,16,19.90186430803255,19.90186430803255,1f403f49d399643455cffaad47d4445dee8acfba40ca14b6452283bd9e7e6b8b
All rsults,X19,16,0.2911873248084109,0.2911873248084109,1f403f49d399643455cffaad47d4445dee8acfba40ca14b6452283bd9e7e6b8b
All rsults,Y19,16,1.8813616521895442,1.8813616521895442,1f403f49d399643455cffaad47d4445dee8acfba40ca14b6452283bd9e7e6b8b
All rsults,Z19,16,455.1912321088001,455.1912321088001,1f403f49d399643455cffaad47d4445dee8acfba40ca14b6452283bd9e7e6b8b
All rsults,AA19,16,148.49453162904973,148.49453162904973,1f403f49d399643455cffaad47d4445dee8acfba40ca14b6452283bd9e7e6b8b
All rsults,AB19,16,18.559656717551455,18.559656717551455,1f403f49d399643455cffaad47d4445dee8acfba40ca14b6452283bd9e7e6b8b
All rsults,AC19,16,4.027002941180035,4.027002941180035,1f403f49d399643455cffaad47d4445dee8acfba40ca14b6452283bd9e7e6b8b
All rsults,AD19,16,20.86397531268135,20.86397531268135,1f403f49d399643455cffaad47d4445dee8acfba40ca14b6452283bd9e7e6b8b
All rsults,AF19,16,0.039059719867134336,0.039059719867134336,1f403f49d399643455cffaad47d4445dee8acfba40ca14b6452283bd9e7e6b8b
All rsults,AG19,16,50.354114514299226,50.354114514299226,1f403f49d399643455cffaad47d4445dee8acfba40ca14b6452283bd9e7e6b8b
All rsults,AH19,16,4.694099176460442,4.694099176460442,1f403f49d399643455cffaad47d4445dee8acfba40ca14b6452283bd9e7e6b8b
All rsults,AI19,16,21.57169270400532,21.57169270400532,1f403f49d399643455cffaad47d4445dee8acfba40ca14b6452283bd9e7e6b8b
All rsults,AJ19,16,15363.271058179507,15363.271058179507,1f403f49d399643455cffaad47d4445dee8acfba40ca14b6452283bd9e7e6b8b
All rsults,AK19,16,255.86868150116177,255.86868150116177,1f403f49d399643455cffaad47d4445dee8acfba40ca14b6452283bd9e7e6b8b
All rsults,AL19,16,38.24903167008429,38.24903167008429,1f403f49d399643455cffaad47d4445dee8acfba40ca14b6452283bd9e7e6b8b
All rsults,AM19,16,115.23487774189363,115.23487774189363,1f403f49d399643455cffaad47d4445dee8acfba40ca14b6452283bd9e7e6b8b
All rsults,AN19,16,110.40150340986918,110.40150340986918,1f403f49d399643455cffaad47d4445dee8acfba40ca14b6452283bd9e7e6b8b
All rsults,AP19,16,0.135,0.135,1f403f49d399643455cffaad47d4445dee8acfba40ca14b6452283bd9e7e6b8b
All rsults,AQ19,16,111.81420620196131,111.81420620196131,1f403f49d399643455cffaad47d4445dee8acfba40ca14b6452283bd9e7e6b8b
All rsults,AR19,16,7.102272727272726,7.102272727272726,1f403f49d399643455cffaad47d4445dee8acfba40ca14b6452283bd9e7e6b8b
All rsults,AS19,16,28.814935064935064,28.814935064935064,1f403f49d399643455cffaad47d4445dee8acfba40ca14b6452283bd9e7e6b8b
All rsults,AT19,16,20861.443751054143,20861.443751054143,1f403f49d399643455cffaad47d4445dee8acfba40ca14b6452283bd9e7e6b8b
All rsults,AU19,16,1485.585986594051,1485.585986594051,1f403f49d399643455cffaad47d4445dee8acfba40ca14b6452283bd9e7e6b8b
All rsults,AV19,16,91.99134199134198,91.99134199134198,1f403f49d399643455cffaad47d4445dee8acfba40ca14b6452283bd9e7e6b8b
All rsults,AW19,16,365.25974025974017,365.25974025974017,1f403f49d399643455cffaad47d4445dee8acfba40ca14b6452283bd9e7e6b8b
All rsults,AX19,16,176.2381349537313,176.2381349537313,1f403f49d399643455cffaad47d4445dee8acfba40ca14b6452283bd9e7e6b8b
All rsults,BA19,16,600,600.0,1f403f49d399643455cffaad47d4445dee8acfba40ca14b6452283bd9e7e6b8b
All rsults,BD19,16,142,142.0,1f403f49d399643455cffaad47d4445dee8acfba40ca14b6452283bd9e7e6b8b
All rsults,BE19,16,138,138.0,1f403f49d399643455cffaad47d4445dee8acfba40ca14b6452283bd9e7e6b8b
All rsults,BF19,16,13.18,13.18,1f403f49d399643455cffaad47d4445dee8acfba40ca14b6452283bd9e7e6b8b
All rsults,BG19,16,10.8,10.8,1f403f49d399643455cffaad47d4445dee8acfba40ca14b6452283bd9e7e6b8b
All rsults,BH19,16,10.5,10.5,1f403f49d399643455cffaad47d4445dee8acfba40ca14b6452283bd9e7e6b8b
All rsults,B20,17,0.057485255597107134,0.057485255597107134,1f403f49d399643455cffaad47d4445dee8acfba40ca14b6452283bd9e7e6b8b
All rsults,C20,17,10.3257606659421,10.3257606659421,1f403f49d399643455cffaad47d4445dee8acfba40ca14b6452283bd9e7e6b8b
All rsults,D20,17,0.000929698207659724,0.000929698207659724,1f403f49d399643455cffaad47d4445dee8acfba40ca14b6452283bd9e7e6b8b
All rsults,E20,17,2.4349613318976657,2.4349613318976657,1f403f49d399643455cffaad47d4445dee8acfba40ca14b6452283bd9e7e6b8b
All rsults,F20,17,15.436049492161194,15.436049492161194,1f403f49d399643455cffaad47d4445dee8acfba40ca14b6452283bd9e7e6b8b
All rsults,G20,17,60.48552396377548,60.48552396377548,1f403f49d399643455cffaad47d4445dee8acfba40ca14b6452283bd9e7e6b8b
All rsults,H20,17,10.909364347543859,10.909364347543859,1f403f49d399643455cffaad47d4445dee8acfba40ca14b6452283bd9e7e6b8b
All rsults,I20,17,71.08528178690122,71.08528178690122,1f403f49d399643455cffaad47d4445dee8acfba40ca14b6452283bd9e7e6b8b
All rsults,J20,17,50.99526776593006,50.99526776593006,1f403f49d399643455cffaad47d4445dee8acfba40ca14b6452283bd9e7e6b8b
All rsults,L20,17,0.022290201149898686,0.022290201149898686,1f403f49d399643455cffaad47d4445dee8acfba40ca14b6452283bd9e7e6b8b
All rsults,M20,17,20.2913203784211,20.2913203784211,1f403f49d399643455cffaad47d4445dee8acfba40ca14b6452283bd9e7e6b8b
All rsults,N20,17,0.000909632778717428,0.000909632778717428,1f403f49d399643455cffaad47d4445dee8acfba40ca14b6452283bd9e7e6b8b
All rsults,O20,17,3.9568121643337064,3.9568121643337064,1f403f49d399643455cffaad47d4445dee8acfba40ca14b6452283bd9e7e6b8b
All rsults,P20,17,2690.8999904829952,2690.8999904829952,1f403f49d399643455cffaad47d4445dee8acfba40ca14b6452283bd9e7e6b8b
All rsults,Q20,17,862.248877640808,862.248877640808,1f403f49d399643455cffaad47d4445dee8acfba40ca14b6452283bd9e7e6b8b
All rsults,R20,17,18.947843340470907,18.947843340470907,1f403f49d399643455cffaad47d4445dee8acfba40ca14b6452283bd9e7e6b8b
All rsults,S20,17,34.07046050141419,34.07046050141419,1f403f49d399643455cffaad47d4445dee8acfba40ca14b6452283bd9e7e6b8b
All rsults,T20,17,59.41805453843815,59.41805453843815,1f403f49d399643455cffaad47d4445dee8acfba40ca14b6452283bd9e7e6b8b
All rsults,V20,17,0.02463653811304591,0.02463653811304591,1f403f49d399643455cffaad47d4445dee8acfba40ca14b6452283bd9e7e6b8b
All rsults,W20,17,6.4620571465453756,6.4620571465453756,1f403f49d399643455cffaad47d4445dee8acfba40ca14b6452283bd9e7e6b8b
All rsults,X20,17,0.0072569968007971265,0.0072569968007971265,1f403f49d399643455cffaad47d4445dee8acfba40ca14b6452283bd9e7e6b8b
All rsults,Y20,17,0.9131104994616246,0.9131104994616246,1f403f49d399643455cffaad47d4445dee8acfba40ca14b6452283bd9e7e6b8b
All rsults,Z20,17,270.988424417941,270.988424417941,1f403f49d399643455cffaad47d4445dee8acfba40ca14b6452283bd9e7e6b8b
All rsults,AA20,17,77.71993635956737,77.71993635956737,1f403f49d399643455cffaad47d4445dee8acfba40ca14b6452283bd9e7e6b8b
All rsults,AB20,17,14.92860384400739,14.92860384400739,1f403f49d399643455cffaad47d4445dee8acfba40ca14b6452283bd9e7e6b8b
All rsults,AC20,17,7.150590475605449,7.150590475605449,1f403f49d399643455cffaad47d4445dee8acfba40ca14b6452283bd9e7e6b8b
All rsults,AD20,17,17.61164758150379,17.61164758150379,1f403f49d399643455cffaad47d4445dee8acfba40ca14b6452283bd9e7e6b8b
All rsults,AF20,17,0.030588005139948277,0.030588005139948277,1f403f49d399643455cffaad47d4445dee8acfba40ca14b6452283bd9e7e6b8b
All rsults,AG20,17,26.945559045028837,26.945559045028837,1f403f49d399643455cffaad47d4445dee8acfba40ca14b6452283bd9e7e6b8b
All rsults,AH20,17,0.5169979483071018,0.5169979483071018,1f403f49d399643455cffaad47d4445dee8acfba40ca14b6452283bd9e7e6b8b
All rsults,AI20,17,29.82827631574641,29.82827631574641,1f403f49d399643455cffaad47d4445dee8acfba40ca14b6452283bd9e7e6b8b
All rsults,AJ20,17,7486.956712605187,7486.956712605187,1f403f49d399643455cffaad47d4445dee8acfba40ca14b6452283bd9e7e6b8b
All rsults,AK20,17,162.13042881049338,162.13042881049338,1f403f49d399643455cffaad47d4445dee8acfba40ca14b6452283bd9e7e6b8b
All rsults,AL20,17,34.73771279086333,34.73771279086333,1f403f49d399643455cffaad47d4445dee8acfba40ca14b6452283bd9e7e6b8b
All rsults,AM20,17,73.60901960182079,73.60901960182079,1f403f49d399643455cffaad47d4445dee8acfba40ca14b6452283bd9e7e6b8b
All rsults,AN20,17,41.08958416149104,41.08958416149104,1f403f49d399643455cffaad47d4445dee8acfba40ca14b6452283bd9e7e6b8b
All rsults,AP20,17,0.135,0.135,1f403f49d399643455cffaad47d4445dee8acfba40ca14b6452283bd9e7e6b8b
All rsults,AQ20,17,64.02469723593741,64.02469723593741,1f403f49d399643455cffaad47d4445dee8acfba40ca14b6452283bd9e7e6b8b
All rsults,AR20,17,0.5260942760942761,0.5260942760942761,1f403f49d399643455cffaad47d4445dee8acfba40ca14b6452283bd9e7e6b8b
All rsults,AS20,17,37.133160311439404,37.133160311439404,1f403f49d399643455cffaad47d4445dee8acfba40ca14b6452283bd9e7e6b8b
All rsults,AT20,17,10464.281176998285,10464.281176998285,1f403f49d399643455cffaad47d4445dee8acfba40ca14b6452283bd9e7e6b8b
All rsults,AU20,17,1162.5847667746443,1162.5847667746443,1f403f49d399643455cffaad47d4445dee8acfba40ca14b6452283bd9e7e6b8b
All rsults,AV20,17,79.52352432288548,79.52352432288548,1f403f49d399643455cffaad47d4445dee8acfba40ca14b6452283bd9e7e6b8b
All rsults,AW20,17,185.91535236574165,185.91535236574165,1f403f49d399643455cffaad47d4445dee8acfba40ca14b6452283bd9e7e6b8b
All rsults,AX20,17,169.11455404736304,169.11455404736304,1f403f49d399643455cffaad47d4445dee8acfba40ca14b6452283bd9e7e6b8b
All rsults,BA20,17,600,600.0,1f403f49d399643455cffaad47d4445dee8acfba40ca14b6452283bd9e7e6b8b
All rsults,BD20,17,106,106.0,1f403f49d399643455cffaad47d4445dee8acfba40ca14b6452283bd9e7e6b8b
All rsults,BE20,17,104,104.0,1f403f49d399643455cffaad47d4445dee8acfba40ca14b6452283bd9e7e6b8b
All rsults,BF20,17,13.28,13.28,1f403f49d399643455cffaad47d4445dee8acfba40ca14b6452283bd9e7e6b8b
All rsults,BG20,17,8,8.0,1f403f49d399643455cffaad47d4445dee8acfba40ca14b6452283bd9e7e6b8b
All rsults,BH20,17,7.8,7.8,1f403f49d399643455cffaad47d4445dee8acfba40ca14b6452283bd9e7e6b8b
All rsults,B21,18,0.04980733024295714,0.04980733024295714,1f403f49d399643455cffaad47d4445dee8acfba40ca14b6452283bd9e7e6b8b
All rsults,C21,18,10.019714040592307,10.019714040592307,1f403f49d399643455cffaad47d4445dee8acfba40ca14b6452283bd9e7e6b8b
All rsults,D21,18,0.0025913589699311664,0.0025913589699311664,1f403f49d399643455cffaad47d4445dee8acfba40ca14b6452283bd9e7e6b8b
All rsults,E21,18,2.4666175257425382,2.4666175257425382,1f403f49d399643455cffaad47d4445dee8acfba40ca14b6452283bd9e7e6b8b
All rsults,F21,18,27.44114420295477,27.44114420295477,1f403f49d399643455cffaad47d4445dee8acfba40ca14b6452283bd9e7e6b8b
All rsults,G21,18,82.50932701729631,82.50932701729631,1f403f49d399643455cffaad47d4445dee8acfba40ca14b6452283bd9e7e6b8b
All rsults,H21,18,5.623338840897551,5.623338840897551,1f403f49d399643455cffaad47d4445dee8acfba40ca14b6452283bd9e7e6b8b
All rsults,I21,18,46.843050332049934,46.843050332049934,1f403f49d399643455cffaad47d4445dee8acfba40ca14b6452283bd9e7e6b8b
All rsults,J21,18,39.43053757156285,39.43053757156285,1f403f49d399643455cffaad47d4445dee8acfba40ca14b6452283bd9e7e6b8b
All rsults,L21,18,0.044524734611128346,0.044524734611128346,1f403f49d399643455cffaad47d4445dee8acfba40ca14b6452283bd9e7e6b8b
All rsults,M21,18,13.978119587492973,13.978119587492973,1f403f49d399643455cffaad47d4445dee8acfba40ca14b6452283bd9e7e6b8b
All rsults,N21,18,0.0025354303590693424,0.0025354303590693424,1f403f49d399643455cffaad47d4445dee8acfba40ca14b6452283bd9e7e6b8b
All rsults,O21,18,2.4666175257425382,2.4666175257425382,1f403f49d399643455cffaad47d4445dee8acfba40ca14b6452283bd9e7e6b8b
All rsults,P21,18,834.2107837698247,834.2107837698247,1f403f49d399643455cffaad47d4445dee8acfba40ca14b6452283bd9e7e6b8b
All rsults,Q21,18,920.6792287727552,920.6792287727552,1f403f49d399643455cffaad47d4445dee8acfba40ca14b6452283bd9e7e6b8b
All rsults,R21,18,17.29176693575997,17.29176693575997,1f403f49d399643455cffaad47d4445dee8acfba40ca14b6452283bd9e7e6b8b
All rsults,S21,18,43.81004707314023,43.81004707314023,1f403f49d399643455cffaad47d4445dee8acfba40ca14b6452283bd9e7e6b8b
All rsults,T21,18,79.5763160235929,79.5763160235929,1f403f49d399643455cffaad47d4445dee8acfba40ca14b6452283bd9e7e6b8b
All rsults,V21,18,0.0005731415974694137,0.0005731415974694137,1f403f49d399643455cffaad47d4445dee8acfba40ca14b6452283bd9e7e6b8b
All rsults,W21,18,8.416207459238489,8.416207459238489,1f403f49d399643455cffaad47d4445dee8acfba40ca14b6452283bd9e7e6b8b
All rsults,X21,18,0.020227514261692912,0.020227514261692912,1f403f49d399643455cffaad47d4445dee8acfba40ca14b6452283bd9e7e6b8b
All rsults,Y21,18,0.7589592386900117,0.7589592386900117,1f403f49d399643455cffaad47d4445dee8acfba40ca14b6452283bd9e7e6b8b
All rsults,Z21,18,136.1603440927565,136.1603440927565,1f403f49d399643455cffaad47d4445dee8acfba40ca14b6452283bd9e7e6b8b
All rsults,AA21,18,154.55734876859597,154.55734876859597,1f403f49d399643455cffaad47d4445dee8acfba40ca14b6452283bd9e7e6b8b
All rsults,AB21,18,13.496013218154124,13.496013218154124,1f403f49d399643455cffaad47d4445dee8acfba40ca14b6452283bd9e7e6b8b
All rsults,AC21,18,9.436010138830206,9.436010138830206,1f403f49d399643455cffaad47d4445dee8acfba40ca14b6452283bd9e7e6b8b
All rsults,AD21,18,33.79583650438851,33.79583650438851,1f403f49d399643455cffaad47d4445dee8acfba40ca14b6452283bd9e7e6b8b
All rsults,AF21,18,0.04009479354844512,0.04009479354844512,1f403f49d399643455cffaad47d4445dee8acfba40ca14b6452283bd9e7e6b8b
All rsults,AG21,18,31.654989249673118,31.654989249673118,1f403f49d399643455cffaad47d4445dee8acfba40ca14b6452283bd9e7e6b8b
All rsults,AH21,18,1.5748163812823595,1.5748163812823595,1f403f49d399643455cffaad47d4445dee8acfba40ca14b6452283bd9e7e6b8b
All rsults,AI21,18,26.311219407285975,26.311219407285975,1f403f49d399643455cffaad47d4445dee8acfba40ca14b6452283bd9e7e6b8b
All rsults,AJ21,18,10034.821973711445,10034.821973711445,1f403f49d399643455cffaad47d4445dee8acfba40ca14b6452283bd9e7e6b8b
All rsults,AK21,18,272.77227544506917,272.77227544506917,1f403f49d399643455cffaad47d4445dee8acfba40ca14b6452283bd9e7e6b8b
All rsults,AL21,18,36.129952052766775,36.129952052766775,1f403f49d399643455cffaad47d4445dee8acfba40ca14b6452283bd9e7e6b8b
All rsults,AM21,18,54.59405866037475,54.59405866037475,1f403f49d399643455cffaad47d4445dee8acfba40ca14b6452283bd9e7e6b8b
All rsults,AN21,18,106.22595899101721,106.22595899101721,1f403f49d399643455cffaad47d4445dee8acfba40ca14b6452283bd9e7e6b8b
All rsults,AP21,18,0.135,0.135,1f403f49d399643455cffaad47d4445dee8acfba40ca14b6452283bd9e7e6b8b
All rsults,AQ21,18,64.06903033699689,64.06903033699689,1f403f49d399643455cffaad47d4445dee8acfba40ca14b6452283bd9e7e6b8b
All rsults,AR21,18,1.6001706848730528,1.6001706848730528,1f403f49d399643455cffaad47d4445dee8acfba40ca14b6452283bd9e7e6b8b
All rsults,AS21,18,32.00341369746106,32.00341369746106,1f403f49d399643455cffaad47d4445dee8acfba40ca14b6452283bd9e7e6b8b
All rsults,AT21,18,11032.63424577698,11032.63424577698,1f403f49d399643455cffaad47d4445dee8acfba40ca14b6452283bd9e7e6b8b
All rsults,AU21,18,1430.5181800037165,1430.5181800037165,1f403f49d399643455cffaad47d4445dee8acfba40ca14b6452283bd9e7e6b8b
All rsults,AV21,18,72.54107104757841,72.54107104757841,1f403f49d399643455cffaad47d4445dee8acfba40ca14b6452283bd9e7e6b8b
All rsults,AW21,18,154.68316620439512,154.68316620439512,1f403f49d399643455cffaad47d4445dee8acfba40ca14b6452283bd9e7e6b8b
All rsults,AX21,18,259.0286490905615,259.0286490905615,1f403f49d399643455cffaad47d4445dee8acfba40ca14b6452283bd9e7e6b8b
All rsults,BA21,18,600,600.0,1f403f49d399643455cffaad47d4445dee8acfba40ca14b6452283bd9e7e6b8b
All rsults,BD21,18,131,131.0,1f403f49d399643455cffaad47d4445dee8acfba40ca14b6452283bd9e7e6b8b
All rsults,BE21,18,122,122.0,1f403f49d399643455cffaad47d4445dee8acfba40ca14b6452283bd9e7e6b8b
All rsults,BF21,18,13.45,13.45,1f403f49d399643455cffaad47d4445dee8acfba40ca14b6452283bd9e7e6b8b
All rsults,BG21,18,9.7,9.7,1f403f49d399643455cffaad47d4445dee8acfba40ca14b6452283bd9e7e6b8b
All rsults,BH21,18,9.1,9.1,1f403f49d399643455cffaad47d4445dee8acfba40ca14b6452283bd9e7e6b8b
All rsults,B22,19,0.039243660537889254,0.039243660537889254,1f403f49d399643455cffaad47d4445dee8acfba40ca14b6452283bd9e7e6b8b
All rsults,C22,19,9.501320726194882,9.501320726194882,1f403f49d399643455cffaad47d4445dee8acfba40ca14b6452283bd9e7e6b8b
All rsults,D22,19,0.019720632480889375,0.019720632480889375,1f403f49d399643455cffaad47d4445dee8acfba40ca14b6452283bd9e7e6b8b
All rsults,E22,19,3.138415659455853,3.138415659455853,1f403f49d399643455cffaad47d4445dee8acfba40ca14b6452283bd9e7e6b8b
All rsults,F22,19,23.13495451693586,23.13495451693586,1f403f49d399643455cffaad47d4445dee8acfba40ca14b6452283bd9e7e6b8b
All rsults,G22,19,66.61426890237608,66.61426890237608,1f403f49d399643455cffaad47d4445dee8acfba40ca14b6452283bd9e7e6b8b
All rsults,H22,19,7.085485117680667,7.085485117680667,1f403f49d399643455cffaad47d4445dee8acfba40ca14b6452283bd9e7e6b8b
All rsults,I22,19,45.768551004122116,45.768551004122116,1f403f49d399643455cffaad47d4445dee8acfba40ca14b6452283bd9e7e6b8b
All rsults,J22,19,12.280021585958325,12.280021585958325,1f403f49d399643455cffaad47d4445dee8acfba40ca14b6452283bd9e7e6b8b
All rsults,L22,19,0.06238735777818293,0.06238735777818293,1f403f49d399643455cffaad47d4445dee8acfba40ca14b6452283bd9e7e6b8b
All rsults,M22,19,18.402558038103773,18.402558038103773,1f403f49d399643455cffaad47d4445dee8acfba40ca14b6452283bd9e7e6b8b
All rsults,N22,19,0.01929500731943133,0.01929500731943133,1f403f49d399643455cffaad47d4445dee8acfba40ca14b6452283bd9e7e6b8b
All rsults,O22,19,3.2505019330078477,3.2505019330078477,1f403f49d399643455cffaad47d4445dee8acfba40ca14b6452283bd9e7e6b8b
All rsults,P22,19,485.3713457653144,485.3713457653144,1f403f49d399643455cffaad47d4445dee8acfba40ca14b6452283bd9e7e6b8b
All rsults,Q22,19,1073.1142380992144,1073.1142380992144,1f403f49d399643455cffaad47d4445dee8acfba40ca14b6452283bd9e7e6b8b
All rsults,R22,19,21.872584493709883,21.872584493709883,1f403f49d399643455cffaad47d4445dee8acfba40ca14b6452283bd9e7e6b8b
All rsults,S22,19,29.33881474623213,29.33881474623213,1f403f49d399643455cffaad47d4445dee8acfba40ca14b6452283bd9e7e6b8b
All rsults,T22,19,42.248793366521795,42.248793366521795,1f403f49d399643455cffaad47d4445dee8acfba40ca14b6452283bd9e7e6b8b
All rsults,V22,19,0.0006978831770652806,0.0006978831770652806,1f403f49d399643455cffaad47d4445dee8acfba40ca14b6452283bd9e7e6b8b
All rsults,W22,19,6.29685052266251,6.29685052266251,1f403f49d399643455cffaad47d4445dee8acfba40ca14b6452283bd9e7e6b8b
All rsults,X22,19,0.1539344333939926,0.1539344333939926,1f403f49d399643455cffaad47d4445dee8acfba40ca14b6452283bd9e7e6b8b
All rsults,Y22,19,0.5604313677599738,0.5604313677599738,1f403f49d399643455cffaad47d4445dee8acfba40ca14b6452283bd9e7e6b8b
All rsults,Z22,19,192.7141711260757,192.7141711260757,1f403f49d399643455cffaad47d4445dee8acfba40ca14b6452283bd9e7e6b8b
All rsults,AA22,19,143.49823759386845,143.49823759386845,1f403f49d399643455cffaad47d4445dee8acfba40ca14b6452283bd9e7e6b8b
All rsults,AB22,19,18.483874220036522,18.483874220036522,1f403f49d399643455cffaad47d4445dee8acfba40ca14b6452283bd9e7e6b8b
All rsults,AC22,19,20.537170322362485,20.537170322362485,1f403f49d399643455cffaad47d4445dee8acfba40ca14b6452283bd9e7e6b8b
All rsults,AD22,19,17.97482289696786,17.97482289696786,1f403f49d399643455cffaad47d4445dee8acfba40ca14b6452283bd9e7e6b8b
All rsults,AF22,19,0.032671098506862534,0.032671098506862534,1f403f49d399643455cffaad47d4445dee8acfba40ca14b6452283bd9e7e6b8b
All rsults,AG22,19,28.538951562389766,28.538951562389766,1f403f49d399643455cffaad47d4445dee8acfba40ca14b6452283bd9e7e6b8b
All rsults,AH22,19,19.089091442707414,19.089091442707414,1f403f49d399643455cffaad47d4445dee8acfba40ca14b6452283bd9e7e6b8b
All rsults,AI22,19,25.044556962457715,25.044556962457715,1f403f49d399643455cffaad47d4445dee8acfba40ca14b6452283bd9e7e6b8b
All rsults,AJ22,19,9082.939379405498,9082.939379405498,1f403f49d399643455cffaad47d4445dee8acfba40ca14b6452283bd9e7e6b8b
All rsults,AK22,19,256.7257068577207,256.7257068577207,1f403f49d399643455cffaad47d4445dee8acfba40ca14b6452283bd9e7e6b8b
All rsults,AL22,19,46.825814690759195,46.825814690759195,1f403f49d399643455cffaad47d4445dee8acfba40ca14b6452283bd9e7e6b8b
All rsults,AM22,19,50.75614951098158,50.75614951098158,1f403f49d399643455cffaad47d4445dee8acfba40ca14b6452283bd9e7e6b8b
All rsults,AN22,19,95.36885709399374,95.36885709399374,1f403f49d399643455cffaad47d4445dee8acfba40ca14b6452283bd9e7e6b8b
All rsults,AP22,19,0.135,0.135,1f403f49d399643455cffaad47d4445dee8acfba40ca14b6452283bd9e7e6b8b
All rsults,AQ22,19,62.739680849350925,62.739680849350925,1f403f49d399643455cffaad47d4445dee8acfba40ca14b6452283bd9e7e6b8b
All rsults,AR22,19,19.28204151590173,19.28204151590173,1f403f49d399643455cffaad47d4445dee8acfba40ca14b6452283bd9e7e6b8b
All rsults,AS22,19,31.99390592268139,31.99390592268139,1f403f49d399643455cffaad47d4445dee8acfba40ca14b6452283bd9e7e6b8b
All rsults,AT22,19,9784.159850813823,9784.159850813823,1f403f49d399643455cffaad47d4445dee8acfba40ca14b6452283bd9e7e6b8b
All rsults,AU22,19,1539.9524514531795,1539.9524514531795,1f403f49d399643455cffaad47d4445dee8acfba40ca14b6452283bd9e7e6b8b
All rsults,AV22,19,94.26775852218626,94.26775852218626,1f403f49d399643455cffaad47d4445dee8acfba40ca14b6452283bd9e7e6b8b
All rsults,AW22,19,146.40068558369833,146.40068558369833,1f403f49d399643455cffaad47d4445dee8acfba40ca14b6452283bd9e7e6b8b
All rsults,AX22,19,167.8724949434417,167.8724949434417,1f403f49d399643455cffaad47d4445dee8acfba40ca14b6452283bd9e7e6b8b
All rsults,BA22,19,360,360.0,1f403f49d399643455cffaad47d4445dee8acfba40ca14b6452283bd9e7e6b8b
All rsults,BD22,19,194,194.0,1f403f49d399643455cffaad47d4445dee8acfba40ca14b6452283bd9e7e6b8b
All rsults,BE22,19,191,191.0,1f403f49d399643455cffaad47d4445dee8acfba40ca14b6452283bd9e7e6b8b
All rsults,BF22,19,13.38,13.38,1f403f49d399643455cffaad47d4445dee8acfba40ca14b6452283bd9e7e6b8b
All rsults,BG22,19,14.5,14.5,1f403f49d399643455cffaad47d4445dee8acfba40ca14b6452283bd9e7e6b8b
All rsults,BH22,19,14.3,14.3,1f403f49d399643455cffaad47d4445dee8acfba40ca14b6452283bd9e7e6b8b
All rsults,B23,20,0.06385888617203181,0.06385888617203181,1f403f49d399643455cffaad47d4445dee8acfba40ca14b6452283bd9e7e6b8b
All rsults,C23,20,11.325838786525066,11.325838786525066,1f403f49d399643455cffaad47d4445dee8acfba40ca14b6452283bd9e7e6b8b
All rsults,D23,20,0.06603875645573268,0.06603875645573268,1f403f49d399643455cffaad47d4445dee8acfba40ca14b6452283bd9e7e6b8b
All rsults,E23,20,3.133812021636163,3.133812021636163,1f403f49d399643455cffaad47d4445dee8acfba40ca14b6452283bd9e7e6b8b
All rsults,F23,20,23.724995314737,23.724995314737,1f403f49d399643455cffaad47d4445dee8acfba40ca14b6452283bd9e7e6b8b
All rsults,G23,20,66.65093876183224,66.65093876183224,1f403f49d399643455cffaad47d4445dee8acfba40ca14b6452283bd9e7e6b8b
All rsults,H23,20,12.413050640606222,12.413050640606222,1f403f49d399643455cffaad47d4445dee8acfba40ca14b6452283bd9e7e6b8b
All rsults,I23,20,48.87263379679321,48.87263379679321,1f403f49d399643455cffaad47d4445dee8acfba40ca14b6452283bd9e7e6b8b
All rsults,J23,20,9.677875567496924,9.677875567496924,1f403f49d399643455cffaad47d4445dee8acfba40ca14b6452283bd9e7e6b8b
All rsults,L23,20,0.060956209527848554,0.060956209527848554,1f403f49d399643455cffaad47d4445dee8acfba40ca14b6452283bd9e7e6b8b
All rsults,M23,20,11.325838786525066,11.325838786525066,1f403f49d399643455cffaad47d4445dee8acfba40ca14b6452283bd9e7e6b8b
All rsults,N23,20,0.0646134595538104,0.0646134595538104,1f403f49d399643455cffaad47d4445dee8acfba40ca14b6452283bd9e7e6b8b
All rsults,O23,20,2.205275126336559,2.205275126336559,1f403f49d399643455cffaad47d4445dee8acfba40ca14b6452283bd9e7e6b8b
All rsults,P23,20,136.6883252792234,136.6883252792234,1f403f49d399643455cffaad47d4445dee8acfba40ca14b6452283bd9e7e6b8b
All rsults,Q23,20,475.8877027594821,475.8877027594821,1f403f49d399643455cffaad47d4445dee8acfba40ca14b6452283bd9e7e6b8b
All rsults,R23,20,16.06394788784334,16.06394788784334,1f403f49d399643455cffaad47d4445dee8acfba40ca14b6452283bd9e7e6b8b
All rsults,S23,20,21.721170576352538,21.721170576352538,1f403f49d399643455cffaad47d4445dee8acfba40ca14b6452283bd9e7e6b8b
All rsults,T23,20,14.428832664268139,14.428832664268139,1f403f49d399643455cffaad47d4445dee8acfba40ca14b6452283bd9e7e6b8b
All rsults,V23,20,0.0006652254481062645,0.0006652254481062645,1f403f49d399643455cffaad47d4445dee8acfba40ca14b6452283bd9e7e6b8b
All rsults,W23,20,7.336947769470919,7.336947769470919,1f403f49d399643455cffaad47d4445dee8acfba40ca14b6452283bd9e7e6b8b
All rsults,X23,20,0.5154823795285608,0.5154823795285608,1f403f49d399643455cffaad47d4445dee8acfba40ca14b6452283bd9e7e6b8b
All rsults,Y23,20,1.8570737905992079,1.8570737905992079,1f403f49d399643455cffaad47d4445dee8acfba40ca14b6452283bd9e7e6b8b
All rsults,Z23,20,114.31134106191465,114.31134106191465,1f403f49d399643455cffaad47d4445dee8acfba40ca14b6452283bd9e7e6b8b
All rsults,AA23,20,105.70054758935277,105.70054758935277,1f403f49d399643455cffaad47d4445dee8acfba40ca14b6452283bd9e7e6b8b
All rsults,AB23,20,11.682871191158798,11.682871191158798,1f403f49d399643455cffaad47d4445dee8acfba40ca14b6452283bd9e7e6b8b
All rsults,AC23,20,27.422977852645076,27.422977852645076,1f403f49d399643455cffaad47d4445dee8acfba40ca14b6452283bd9e7e6b8b
All rsults,AD23,20,9.970605001697164,9.970605001697164,1f403f49d399643455cffaad47d4445dee8acfba40ca14b6452283bd9e7e6b8b
All rsults,AF23,20,0.009519678852013361,0.009519678852013361,1f403f49d399643455cffaad47d4445dee8acfba40ca14b6452283bd9e7e6b8b
All rsults,AG23,20,20.622772108783128,20.622772108783128,1f403f49d399643455cffaad47d4445dee8acfba40ca14b6452283bd9e7e6b8b
All rsults,AH23,20,20.801180705228955,20.801180705228955,1f403f49d399643455cffaad47d4445dee8acfba40ca14b6452283bd9e7e6b8b
All rsults,AI23,20,25.70654394636953,25.70654394636953,1f403f49d399643455cffaad47d4445dee8acfba40ca14b6452283bd9e7e6b8b
All rsults,AJ23,20,10320.587709998845,10320.587709998845,1f403f49d399643455cffaad47d4445dee8acfba40ca14b6452283bd9e7e6b8b
All rsults,AK23,20,187.51425873857795,187.51425873857795,1f403f49d399643455cffaad47d4445dee8acfba40ca14b6452283bd9e7e6b8b
All rsults,AL23,20,31.835823995907717,31.835823995907717,1f403f49d399643455cffaad47d4445dee8acfba40ca14b6452283bd9e7e6b8b
All rsults,AM23,20,48.329604532384394,48.329604532384394,1f403f49d399643455cffaad47d4445dee8acfba40ca14b6452283bd9e7e6b8b
All rsults,AN23,20,82.74670319165497,82.74670319165497,1f403f49d399643455cffaad47d4445dee8acfba40ca14b6452283bd9e7e6b8b
All rsults,AP23,20,0.135,0.135,1f403f49d399643455cffaad47d4445dee8acfba40ca14b6452283bd9e7e6b8b
All rsults,AQ23,20,50.611397451304185,50.611397451304185,1f403f49d399643455cffaad47d4445dee8acfba40ca14b6452283bd9e7e6b8b
All rsults,AR23,20,21.44731530076706,21.44731530076706,1f403f49d399643455cffaad47d4445dee8acfba40ca14b6452283bd9e7e6b8b
All rsults,AS23,20,32.90270488494146,32.90270488494146,1f403f49d399643455cffaad47d4445dee8acfba40ca14b6452283bd9e7e6b8b
All rsults,AT23,20,10595.31237165472,10595.31237165472,1f403f49d399643455cffaad47d4445dee8acfba40ca14b6452283bd9e7e6b8b
All rsults,AU23,20,835.7534478492452,835.7534478492452,1f403f49d399643455cffaad47d4445dee8acfba40ca14b6452283bd9e7e6b8b
All rsults,AV23,20,71.99569371551608,71.99569371551608,1f403f49d399643455cffaad47d4445dee8acfba40ca14b6452283bd9e7e6b8b
All rsults,AW23,20,146.3463867581752,146.3463867581752,1f403f49d399643455cffaad47d4445dee8acfba40ca14b6452283bd9e7e6b8b
All rsults,AX23,20,116.82401642511721,116.82401642511721,1f403f49d399643455cffaad47d4445dee8acfba40ca14b6452283bd9e7e6b8b
All rsults,BA23,20,930,930.0,1f403f49d399643455cffaad47d4445dee8acfba40ca14b6452283bd9e7e6b8b
All rsults,BD23,20,97,97.0,1f403f49d399643455cffaad47d4445dee8acfba40ca14b6452283bd9e7e6b8b
All rsults,BE23,20,95,95.0,1f403f49d399643455cffaad47d4445dee8acfba40ca14b6452283bd9e7e6b8b
All rsults,BF23,20,12.6,12.6,1f403f49d399643455cffaad47d4445dee8acfba40ca14b6452283bd9e7e6b8b
All rsults,BG23,20,7.7,7.7,1f403f49d399643455cffaad47d4445dee8acfba40ca14b6452283bd9e7e6b8b
All rsults,BH23,20,7.5,7.5,1f403f49d399643455cffaad47d4445dee8acfba40ca14b6452283bd9e7e6b8b
All rsults,B24,21,0.05013838748481978,0.05013838748481978,1f403f49d399643455cffaad47d4445dee8acfba40ca14b6452283bd9e7e6b8b
All rsults,C24,21,10.8100456583036,10.8100456583036,1f403f49d399643455cffaad47d4445dee8acfba40ca14b6452283bd9e7e6b8b
All rsults,D24,21,0.0009658702680018284,0.0009658702680018284,1f403f49d399643455cffaad47d4445dee8acfba40ca14b6452283bd9e7e6b8b
All rsults,E24,21,3.0573799876893095,3.0573799876893095,1f403f49d399643455cffaad47d4445dee8acfba40ca14b6452283bd9e7e6b8b
All rsults,F24,21,17.208247976569343,17.208247976569343,1f403f49d399643455cffaad47d4445dee8acfba40ca14b6452283bd9e7e6b8b
All rsults,G24,21,39.93765146377633,39.93765146377633,1f403f49d399643455cffaad47d4445dee8acfba40ca14b6452283bd9e7e6b8b
All rsults,H24,21,10.529393171387749,10.529393171387749,1f403f49d399643455cffaad47d4445dee8acfba40ca14b6452283bd9e7e6b8b
All rsults,I24,21,33.38693912845105,33.38693912845105,1f403f49d399643455cffaad47d4445dee8acfba40ca14b6452283bd9e7e6b8b
All rsults,J24,21,9.433659115827743,9.433659115827743,1f403f49d399643455cffaad47d4445dee8acfba40ca14b6452283bd9e7e6b8b
All rsults,L24,21,0.05720013220099157,0.05720013220099157,1f403f49d399643455cffaad47d4445dee8acfba40ca14b6452283bd9e7e6b8b
All rsults,M24,21,10.727526225797465,10.727526225797465,1f403f49d399643455cffaad47d4445dee8acfba40ca14b6452283bd9e7e6b8b
All rsults,N24,21,0.0367254306701115,0.0367254306701115,1f403f49d399643455cffaad47d4445dee8acfba40ca14b6452283bd9e7e6b8b
All rsults,O24,21,3.0573799876893095,3.0573799876893095,1f403f49d399643455cffaad47d4445dee8acfba40ca14b6452283bd9e7e6b8b
All rsults,P24,21,80.38373369876912,80.38373369876912,1f403f49d399643455cffaad47d4445dee8acfba40ca14b6452283bd9e7e6b8b
All rsults,Q24,21,221.16086502357396,221.16086502357396,1f403f49d399643455cffaad47d4445dee8acfba40ca14b6452283bd9e7e6b8b
All rsults,R24,21,14.715778408204562,14.715778408204562,1f403f49d399643455cffaad47d4445dee8acfba40ca14b6452283bd9e7e6b8b
All rsults,S24,21,30.00598326734208,30.00598326734208,1f403f49d399643455cffaad47d4445dee8acfba40ca14b6452283bd9e7e6b8b
All rsults,T24,21,18.728587950540366,18.728587950540366,1f403f49d399643455cffaad47d4445dee8acfba40ca14b6452283bd9e7e6b8b
All rsults,V24,21,0.026834629921452836,0.026834629921452836,1f403f49d399643455cffaad47d4445dee8acfba40ca14b6452283bd9e7e6b8b
All rsults,W24,21,4.273637978212432,4.273637978212432,1f403f49d399643455cffaad47d4445dee8acfba40ca14b6452283bd9e7e6b8b
All rsults,X24,21,0.007539347055985493,0.007539347055985493,1f403f49d399643455cffaad47d4445dee8acfba40ca14b6452283bd9e7e6b8b
All rsults,Y24,21,3.1749715256773605,3.1749715256773605,1f403f49d399643455cffaad47d4445dee8acfba40ca14b6452283bd9e7e6b8b
All rsults,Z24,21,82.74102794213479,82.74102794213479,1f403f49d399643455cffaad47d4445dee8acfba40ca14b6452283bd9e7e6b8b
All rsults,AA24,21,42.87527206181241,42.87527206181241,1f403f49d399643455cffaad47d4445dee8acfba40ca14b6452283bd9e7e6b8b
All rsults,AB24,21,8.372770473633631,8.372770473633631,1f403f49d399643455cffaad47d4445dee8acfba40ca14b6452283bd9e7e6b8b
All rsults,AC24,21,34.65479757636692,34.65479757636692,1f403f49d399643455cffaad47d4445dee8acfba40ca14b6452283bd9e7e6b8b
All rsults,AD24,21,21.18785107576916,21.18785107576916,1f403f49d399643455cffaad47d4445dee8acfba40ca14b6452283bd9e7e6b8b
All rsults,AF24,21,0.0008268503927358117,0.0008268503927358117,1f403f49d399643455cffaad47d4445dee8acfba40ca14b6452283bd9e7e6b8b
All rsults,AG24,21,11.480164765002021,11.480164765002021,1f403f49d399643455cffaad47d4445dee8acfba40ca14b6452283bd9e7e6b8b
All rsults,AH24,21,0.48086362810017724,0.48086362810017724,1f403f49d399643455cffaad47d4445dee8acfba40ca14b6452283bd9e7e6b8b
All rsults,AI24,21,14.404963403536172,14.404963403536172,1f403f49d399643455cffaad47d4445dee8acfba40ca14b6452283bd9e7e6b8b
All rsults,AJ24,21,8731.842394484962,8731.842394484962,1f403f49d399643455cffaad47d4445dee8acfba40ca14b6452283bd9e7e6b8b
All rsults,AK24,21,116.07775400726696,116.07775400726696,1f403f49d399643455cffaad47d4445dee8acfba40ca14b6452283bd9e7e6b8b
All rsults,AL24,21,20.551345708009823,20.551345708009823,1f403f49d399643455cffaad47d4445dee8acfba40ca14b6452283bd9e7e6b8b
All rsults,AM24,21,31.696461197896564,31.696461197896564,1f403f49d399643455cffaad47d4445dee8acfba40ca14b6452283bd9e7e6b8b
All rsults,AN24,21,70.32250710723383,70.32250710723383,1f403f49d399643455cffaad47d4445dee8acfba40ca14b6452283bd9e7e6b8b
All rsults,AP24,21,0.135,0.135,1f403f49d399643455cffaad47d4445dee8acfba40ca14b6452283bd9e7e6b8b
All rsults,AQ24,21,37.29137462731551,37.29137462731551,1f403f49d399643455cffaad47d4445dee8acfba40ca14b6452283bd9e7e6b8b
All rsults,AR24,21,0.5260942760942761,0.5260942760942761,1f403f49d399643455cffaad47d4445dee8acfba40ca14b6452283bd9e7e6b8b
All rsults,AS24,21,23.694694904592154,23.694694904592154,1f403f49d399643455cffaad47d4445dee8acfba40ca14b6452283bd9e7e6b8b
All rsults,AT24,21,8912.175404102434,8912.175404102434,1f403f49d399643455cffaad47d4445dee8acfba40ca14b6452283bd9e7e6b8b
All rsults,AU24,21,420.0515425564297,420.0515425564297,1f403f49d399643455cffaad47d4445dee8acfba40ca14b6452283bd9e7e6b8b
All rsults,AV24,21,54.169287761235765,54.169287761235765,1f403f49d399643455cffaad47d4445dee8acfba40ca14b6452283bd9e7e6b8b
All rsults,AW24,21,129.7441811700566,129.7441811700566,1f403f49d399643455cffaad47d4445dee8acfba40ca14b6452283bd9e7e6b8b
All rsults,AX24,21,119.6726052493711,119.6726052493711,1f403f49d399643455cffaad47d4445dee8acfba40ca14b6452283bd9e7e6b8b
All rsults,BA24,21,770,770.0,1f403f49d399643455cffaad47d4445dee8acfba40ca14b6452283bd9e7e6b8b
All rsults,BD24,21,62,62.0,1f403f49d399643455cffaad47d4445dee8acfba40ca14b6452283bd9e7e6b8b
All rsults,BE24,21,59,59.0,1f403f49d399643455cffaad47d4445dee8acfba40ca14b6452283bd9e7e6b8b
All rsults,BF24,21,11.1,11.1,1f403f49d399643455cffaad47d4445dee8acfba40ca14b6452283bd9e7e6b8b
All rsults,BG24,21,5.6,5.6,1f403f49d399643455cffaad47d4445dee8acfba40ca14b6452283bd9e7e6b8b
All rsults,BH24,21,5.3,5.3,1f403f49d399643455cffaad47d4445dee8acfba40ca14b6452283bd9e7e6b8b
All rsults,B25,22,0.06597159384694934,0.06597159384694934,1f403f49d399643455cffaad47d4445dee8acfba40ca14b6452283bd9e7e6b8b
All rsults,C25,22,13.010442449946895,13.010442449946895,1f403f49d399643455cffaad47d4445dee8acfba40ca14b6452283bd9e7e6b8b
All rsults,D25,22,0.02246453901512422,0.02246453901512422,1f403f49d399643455cffaad47d4445dee8acfba40ca14b6452283bd9e7e6b8b
All rsults,E25,22,2.9562998157550875,2.9562998157550875,1f403f49d399643455cffaad47d4445dee8acfba40ca14b6452283bd9e7e6b8b
All rsults,F25,22,46.88283645797915,46.88283645797915,1f403f49d399643455cffaad47d4445dee8acfba40ca14b6452283bd9e7e6b8b
All rsults,G25,22,52.70087636665234,52.70087636665234,1f403f49d399643455cffaad47d4445dee8acfba40ca14b6452283bd9e7e6b8b
All rsults,H25,22,6.696555485595036,6.696555485595036,1f403f49d399643455cffaad47d4445dee8acfba40ca14b6452283bd9e7e6b8b
All rsults,I25,22,27.95806615898527,27.95806615898527,1f403f49d399643455cffaad47d4445dee8acfba40ca14b6452283bd9e7e6b8b
All rsults,J25,22,0.8935018522677918,0.8935018522677918,1f403f49d399643455cffaad47d4445dee8acfba40ca14b6452283bd9e7e6b8b
All rsults,L25,22,0.017643565796277152,0.017643565796277152,1f403f49d399643455cffaad47d4445dee8acfba40ca14b6452283bd9e7e6b8b
All rsults,M25,22,12.359920327449549,12.359920327449549,1f403f49d399643455cffaad47d4445dee8acfba40ca14b6452283bd9e7e6b8b
All rsults,N25,22,3.982423657382709,3.982423657382709,1f403f49d399643455cffaad47d4445dee8acfba40ca14b6452283bd9e7e6b8b
All rsults,O25,22,4.093338206430121,4.093338206430121,1f403f49d399643455cffaad47d4445dee8acfba40ca14b6452283bd9e7e6b8b
All rsults,P25,22,621.0742071828081,621.0742071828081,1f403f49d399643455cffaad47d4445dee8acfba40ca14b6452283bd9e7e6b8b
All rsults,Q25,22,884.3177694504561,884.3177694504561,1f403f49d399643455cffaad47d4445dee8acfba40ca14b6452283bd9e7e6b8b
All rsults,R25,22,14.509203552122575,14.509203552122575,1f403f49d399643455cffaad47d4445dee8acfba40ca14b6452283bd9e7e6b8b
All rsults,S25,22,7.4939146405527515,7.4939146405527515,1f403f49d399643455cffaad47d4445dee8acfba40ca14b6452283bd9e7e6b8b
All rsults,T25,22,23.358691280715135,23.358691280715135,1f403f49d399643455cffaad47d4445dee8acfba40ca14b6452283bd9e7e6b8b
All rsults,V25,22,0.00383555778179938,0.00383555778179938,1f403f49d399643455cffaad47d4445dee8acfba40ca14b6452283bd9e7e6b8b
All rsults,W25,22,6.417180636966286,6.417180636966286,1f403f49d399643455cffaad47d4445dee8acfba40ca14b6452283bd9e7e6b8b
All rsults,X25,22,0.43182907128246234,0.43182907128246234,1f403f49d399643455cffaad47d4445dee8acfba40ca14b6452283bd9e7e6b8b
All rsults,Y25,22,0.7959268734725237,0.7959268734725237,1f403f49d399643455cffaad47d4445dee8acfba40ca14b6452283bd9e7e6b8b
All rsults,Z25,22,180.37554447780403,180.37554447780403,1f403f49d399643455cffaad47d4445dee8acfba40ca14b6452283bd9e7e6b8b
All rsults,AA25,22,204.78474242752097,204.78474242752097,1f403f49d399643455cffaad47d4445dee8acfba40ca14b6452283bd9e7e6b8b
All rsults,AB25,22,8.184678926838377,8.184678926838377,1f403f49d399643455cffaad47d4445dee8acfba40ca14b6452283bd9e7e6b8b
All rsults,AC25,22,31.705023479261655,31.705023479261655,1f403f49d399643455cffaad47d4445dee8acfba40ca14b6452283bd9e7e6b8b
All rsults,AD25,22,11.491235573280726,11.491235573280726,1f403f49d399643455cffaad47d4445dee8acfba40ca14b6452283bd9e7e6b8b
All rsults,AF25,22,0.04754928257497415,0.04754928257497415,1f403f49d399643455cffaad47d4445dee8acfba40ca14b6452283bd9e7e6b8b
All rsults,AG25,22,23.1207243537756,23.1207243537756,1f403f49d399643455cffaad47d4445dee8acfba40ca14b6452283bd9e7e6b8b
All rsults,AH25,22,8.9796456322792,8.9796456322792,1f403f49d399643455cffaad47d4445dee8acfba40ca14b6452283bd9e7e6b8b
All rsults,AI25,22,27.188861997821405,27.188861997821405,1f403f49d399643455cffaad47d4445dee8acfba40ca14b6452283bd9e7e6b8b
All rsults,AJ25,22,9615.619552625772,9615.619552625772,1f403f49d399643455cffaad47d4445dee8acfba40ca14b6452283bd9e7e6b8b
All rsults,AK25,22,230.69951877009495,230.69951877009495,1f403f49d399643455cffaad47d4445dee8acfba40ca14b6452283bd9e7e6b8b
All rsults,AL25,22,42.163497501894675,42.163497501894675,1f403f49d399643455cffaad47d4445dee8acfba40ca14b6452283bd9e7e6b8b
All rsults,AM25,22,20.175924032257413,20.175924032257413,1f403f49d399643455cffaad47d4445dee8acfba40ca14b6452283bd9e7e6b8b
All rsults,AN25,22,99.2639967021338,99.2639967021338,1f403f49d399643455cffaad47d4445dee8acfba40ca14b6452283bd9e7e6b8b
All rsults,AP25,22,0.135,0.135,1f403f49d399643455cffaad47d4445dee8acfba40ca14b6452283bd9e7e6b8b
All rsults,AQ25,22,54.90826776813832,54.90826776813832,1f403f49d399643455cffaad47d4445dee8acfba40ca14b6452283bd9e7e6b8b
All rsults,AR25,22,13.416362899959497,13.416362899959497,1f403f49d399643455cffaad47d4445dee8acfba40ca14b6452283bd9e7e6b8b
All rsults,AS25,22,35.034426893479136,35.034426893479136,1f403f49d399643455cffaad47d4445dee8acfba40ca14b6452283bd9e7e6b8b
All rsults,AT25,22,10463.952140744364,10463.952140744364,1f403f49d399643455cffaad47d4445dee8acfba40ca14b6452283bd9e7e6b8b
All rsults,AU25,22,1372.5029070147245,1372.5029070147245,1f403f49d399643455cffaad47d4445dee8acfba40ca14b6452283bd9e7e6b8b
All rsults,AV25,22,71.55393546645065,71.55393546645065,1f403f49d399643455cffaad47d4445dee8acfba40ca14b6452283bd9e7e6b8b
All rsults,AW25,22,87.3329283110571,87.3329283110571,1f403f49d399643455cffaad47d4445dee8acfba40ca14b6452283bd9e7e6b8b
All rsults,AX25,22,135.00742540839744,135.00742540839744,1f403f49d399643455cffaad47d4445dee8acfba40ca14b6452283bd9e7e6b8b
All rsults,BA25,22,600,600.0,1f403f49d399643455cffaad47d4445dee8acfba40ca14b6452283bd9e7e6b8b
All rsults,BD25,22,110,110.0,1f403f49d399643455cffaad47d4445dee8acfba40ca14b6452283bd9e7e6b8b
All rsults,BE25,22,107,107.0,1f403f49d399643455cffaad47d4445dee8acfba40ca14b6452283bd9e7e6b8b
All rsults,BF25,22,14.14,14.14,1f403f49d399643455cffaad47d4445dee8acfba40ca14b6452283bd9e7e6b8b
All rsults,BG25,22,7.8,7.8,1f403f49d399643455cffaad47d4445dee8acfba40ca14b6452283bd9e7e6b8b
All rsults,BH25,22,7.6,7.6,1f403f49d399643455cffaad47d4445dee8acfba40ca14b6452283bd9e7e6b8b
All rsults,B26,23,0.04187149423733657,0.04187149423733657,1f403f49d399643455cffaad47d4445dee8acfba40ca14b6452283bd9e7e6b8b
All rsults,C26,23,7.981875403471961,7.981875403471961,1f403f49d399643455cffaad47d4445dee8acfba40ca14b6452283bd9e7e6b8b
All rsults,D26,23,0.029537323048111092,0.029537323048111092,1f403f49d399643455cffaad47d4445dee8acfba40ca14b6452283bd9e7e6b8b
All rsults,E26,23,2.6936490711892476,2.6936490711892476,1f403f49d399643455cffaad47d4445dee8acfba40ca14b6452283bd9e7e6b8b
All rsults,F26,23,39.145742908296526,39.145742908296526,1f403f49d399643455cffaad47d4445dee8acfba40ca14b6452283bd9e7e6b8b
All rsults,G26,23,51.641279829872346,51.641279829872346,1f403f49d399643455cffaad47d4445dee8acfba40ca14b6452283bd9e7e6b8b
All rsults,H26,23,21.618150684931507,21.618150684931507,1f403f49d399643455cffaad47d4445dee8acfba40ca14b6452283bd9e7e6b8b
All rsults,I26,23,28.89554794520548,28.89554794520548,1f403f49d399643455cffaad47d4445dee8acfba40ca14b6452283bd9e7e6b8b
All rsults,J26,23,7.295035978948544,7.295035978948544,1f403f49d399643455cffaad47d4445dee8acfba40ca14b6452283bd9e7e6b8b
All rsults,L26,23,0.047024908912701065,0.047024908912701065,1f403f49d399643455cffaad47d4445dee8acfba40ca14b6452283bd9e7e6b8b
All rsults,M26,23,7.981875403471961,7.981875403471961,1f403f49d399643455cffaad47d4445dee8acfba40ca14b6452283bd9e7e6b8b
All rsults,N26,23,7.494529165878361,7.494529165878361,1f403f49d399643455cffaad47d4445dee8acfba40ca14b6452283bd9e7e6b8b
All rsults,O26,23,1.8738428321316503,1.8738428321316503,1f403f49d399643455cffaad47d4445dee8acfba40ca14b6452283bd9e7e6b8b
All rsults,P26,23,157.67035338063883,157.67035338063883,1f403f49d399643455cffaad47d4445dee8acfba40ca14b6452283bd9e7e6b8b
All rsults,Q26,23,546.1173227691095,546.1173227691095,1f403f49d399643455cffaad47d4445dee8acfba40ca14b6452283bd9e7e6b8b
All rsults,R26,23,20.134552108514637,20.134552108514637,1f403f49d399643455cffaad47d4445dee8acfba40ca14b6452283bd9e7e6b8b
All rsults,S26,23,18.461044520547947,18.461044520547947,1f403f49d399643455cffaad47d4445dee8acfba40ca14b6452283bd9e7e6b8b
All rsults,T26,23,13.617400494037286,13.617400494037286,1f403f49d399643455cffaad47d4445dee8acfba40ca14b6452283bd9e7e6b8b
All rsults,V26,23,0.00047023201844089845,0.00047023201844089845,1f403f49d399643455cffaad47d4445dee8acfba40ca14b6452283bd9e7e6b8b
All rsults,W26,23,4.670927979195009,4.670927979195009,1f403f49d399643455cffaad47d4445dee8acfba40ca14b6452283bd9e7e6b8b
All rsults,X26,23,5.880322883996869,5.880322883996869,1f403f49d399643455cffaad47d4445dee8acfba40ca14b6452283bd9e7e6b8b
All rsults,Y26,23,0.5855758850411408,0.5855758850411408,1f403f49d399643455cffaad47d4445dee8acfba40ca14b6452283bd9e7e6b8b
All rsults,Z26,23,150.6023720221964,150.6023720221964,1f403f49d399643455cffaad47d4445dee8acfba40ca14b6452283bd9e7e6b8b
All rsults,AA26,23,85.80507916021966,85.80507916021966,1f403f49d399643455cffaad47d4445dee8acfba40ca14b6452283bd9e7e6b8b
All rsults,AB26,23,23.313691915122217,23.313691915122217,1f403f49d399643455cffaad47d4445dee8acfba40ca14b6452283bd9e7e6b8b
All rsults,AC26,23,30.233304794520553,30.233304794520553,1f403f49d399643455cffaad47d4445dee8acfba40ca14b6452283bd9e7e6b8b
All rsults,AD26,23,9.574690081133078,9.574690081133078,1f403f49d399643455cffaad47d4445dee8acfba40ca14b6452283bd9e7e6b8b
All rsults,AF26,23,0.04563336483152147,0.04563336483152147,1f403f49d399643455cffaad47d4445dee8acfba40ca14b6452283bd9e7e6b8b
All rsults,AG26,23,11.81470018266973,11.81470018266973,1f403f49d399643455cffaad47d4445dee8acfba40ca14b6452283bd9e7e6b8b
All rsults,AH26,23,12.815644873651998,12.815644873651998,1f403f49d399643455cffaad47d4445dee8acfba40ca14b6452283bd9e7e6b8b
All rsults,AI26,23,23.528439060953033,23.528439060953033,1f403f49d399643455cffaad47d4445dee8acfba40ca14b6452283bd9e7e6b8b
All rsults,AJ26,23,10527.90768954927,10527.90768954927,1f403f49d399643455cffaad47d4445dee8acfba40ca14b6452283bd9e7e6b8b
All rsults,AK26,23,164.83308138706445,164.83308138706445,1f403f49d399643455cffaad47d4445dee8acfba40ca14b6452283bd9e7e6b8b
All rsults,AL26,23,43.024358716089175,43.024358716089175,1f403f49d399643455cffaad47d4445dee8acfba40ca14b6452283bd9e7e6b8b
All rsults,AM26,23,33.44392123287671,33.44392123287671,1f403f49d399643455cffaad47d4445dee8acfba40ca14b6452283bd9e7e6b8b
All rsults,AN26,23,80.0516809947898,80.0516809947898,1f403f49d399643455cffaad47d4445dee8acfba40ca14b6452283bd9e7e6b8b
All rsults,AP26,23,0.135,0.135,1f403f49d399643455cffaad47d4445dee8acfba40ca14b6452283bd9e7e6b8b
All rsults,AQ26,23,32.44937896880866,32.44937896880866,1f403f49d399643455cffaad47d4445dee8acfba40ca14b6452283bd9e7e6b8b
All rsults,AR26,23,26.22003424657534,26.22003424657534,1f403f49d399643455cffaad47d4445dee8acfba40ca14b6452283bd9e7e6b8b
All rsults,AS26,23,28.68150684931507,28.68150684931507,1f403f49d399643455cffaad47d4445dee8acfba40ca14b6452283bd9e7e6b8b
All rsults,AT26,23,10875.326157860403,10875.326157860403,1f403f49d399643455cffaad47d4445dee8acfba40ca14b6452283bd9e7e6b8b
All rsults,AU26,23,848.396763146266,848.396763146266,1f403f49d399643455cffaad47d4445dee8acfba40ca14b6452283bd9e7e6b8b
All rsults,AV26,23,108.09075342465754,108.09075342465754,1f403f49d399643455cffaad47d4445dee8acfba40ca14b6452283bd9e7e6b8b
All rsults,AW26,23,111.0338184931507,111.0338184931507,1f403f49d399643455cffaad47d4445dee8acfba40ca14b6452283bd9e7e6b8b
All rsults,AX26,23,110.53880754890871,110.53880754890871,1f403f49d399643455cffaad47d4445dee8acfba40ca14b6452283bd9e7e6b8b
All rsults,BA26,23,500,500.0,1f403f49d399643455cffaad47d4445dee8acfba40ca14b6452283bd9e7e6b8b
All rsults,BD26,23,118,118.0,1f403f49d399643455cffaad47d4445dee8acfba40ca14b6452283bd9e7e6b8b
All rsults,BE26,23,114,114.0,1f403f49d399643455cffaad47d4445dee8acfba40ca14b6452283bd9e7e6b8b
All rsults,BF26,23,13.27,13.27,1f403f49d399643455cffaad47d4445dee8acfba40ca14b6452283bd9e7e6b8b
All rsults,BG26,23,8.9,8.9,1f403f49d399643455cffaad47d4445dee8acfba40ca14b6452283bd9e7e6b8b
All rsults,BH26,23,8.6,8.6,1f403f49d399643455cffaad47d4445dee8acfba40ca14b6452283bd9e7e6b8b
All rsults,B27,24,0.721746721235355,0.721746721235355,1f403f49d399643455cffaad47d4445dee8acfba40ca14b6452283bd9e7e6b8b
All rsults,C27,24,11.634729198940875,11.634729198940875,1f403f49d399643455cffaad47d4445dee8acfba40ca14b6452283bd9e7e6b8b
All rsults,D27,24,0.015540616874933032,0.015540616874933032,1f403f49d399643455cffaad47d4445dee8acfba40ca14b6452283bd9e7e6b8b
All rsults,E27,24,3.1879634116168902,3.1879634116168902,1f403f49d399643455cffaad47d4445dee8acfba40ca14b6452283bd9e7e6b8b
All rsults,F27,24,23.00547734179644,23.00547734179644,1f403f49d399643455cffaad47d4445dee8acfba40ca14b6452283bd9e7e6b8b
All rsults,G27,24,60.28837985750627,60.28837985750627,1f403f49d399643455cffaad47d4445dee8acfba40ca14b6452283bd9e7e6b8b
All rsults,H27,24,9.364124395146542,9.364124395146542,1f403f49d399643455cffaad47d4445dee8acfba40ca14b6452283bd9e7e6b8b
All rsults,I27,24,23.406464427591185,23.406464427591185,1f403f49d399643455cffaad47d4445dee8acfba40ca14b6452283bd9e7e6b8b
All rsults,J27,24,22.327838987925837,22.327838987925837,1f403f49d399643455cffaad47d4445dee8acfba40ca14b6452283bd9e7e6b8b
All rsults,L27,24,0.49720329685102244,0.49720329685102244,1f403f49d399643455cffaad47d4445dee8acfba40ca14b6452283bd9e7e6b8b
All rsults,M27,24,16.77078082730217,16.77078082730217,1f403f49d399643455cffaad47d4445dee8acfba40ca14b6452283bd9e7e6b8b
All rsults,N27,24,1.1882811740098382,1.1882811740098382,1f403f49d399643455cffaad47d4445dee8acfba40ca14b6452283bd9e7e6b8b
All rsults,O27,24,3.702151058651872,3.702151058651872,1f403f49d399643455cffaad47d4445dee8acfba40ca14b6452283bd9e7e6b8b
All rsults,P27,24,548.0865371100514,548.0865371100514,1f403f49d399643455cffaad47d4445dee8acfba40ca14b6452283bd9e7e6b8b
All rsults,Q27,24,770.8938332064713,770.8938332064713,1f403f49d399643455cffaad47d4445dee8acfba40ca14b6452283bd9e7e6b8b
All rsults,R27,24,15.346759425379048,15.346759425379048,1f403f49d399643455cffaad47d4445dee8acfba40ca14b6452283bd9e7e6b8b
All rsults,S27,24,6.0581437342000735,6.0581437342000735,1f403f49d399643455cffaad47d4445dee8acfba40ca14b6452283bd9e7e6b8b
All rsults,T27,24,83.55197450127264,83.55197450127264,1f403f49d399643455cffaad47d4445dee8acfba40ca14b6452283bd9e7e6b8b
All rsults,V27,24,0.005977069447922622,0.005977069447922622,1f403f49d399643455cffaad47d4445dee8acfba40ca14b6452283bd9e7e6b8b
All rsults,W27,24,5.109117131289575,5.109117131289575,1f403f49d399643455cffaad47d4445dee8acfba40ca14b6452283bd9e7e6b8b
All rsults,X27,24,3.238066199176809,3.238066199176809,1f403f49d399643455cffaad47d4445dee8acfba40ca14b6452283bd9e7e6b8b
All rsults,Y27,24,0.7198627058489752,0.7198627058489752,1f403f49d399643455cffaad47d4445dee8acfba40ca14b6452283bd9e7e6b8b
All rsults,Z27,24,132.97671518444974,132.97671518444974,1f403f49d399643455cffaad47d4445dee8acfba40ca14b6452283bd9e7e6b8b
All rsults,AA27,24,164.22912141343502,164.22912141343502,1f403f49d399643455cffaad47d4445dee8acfba40ca14b6452283bd9e7e6b8b
All rsults,AB27,24,10.664697227805783,10.664697227805783,1f403f49d399643455cffaad47d4445dee8acfba40ca14b6452283bd9e7e6b8b
All rsults,AC27,24,24.50794510653666,24.50794510653666,1f403f49d399643455cffaad47d4445dee8acfba40ca14b6452283bd9e7e6b8b
All rsults,AD27,24,21.624464964951912,21.624464964951912,1f403f49d399643455cffaad47d4445dee8acfba40ca14b6452283bd9e7e6b8b
All rsults,AF27,24,0.4181798222437265,0.4181798222437265,1f403f49d399643455cffaad47d4445dee8acfba40ca14b6452283bd9e7e6b8b
All rsults,AG27,24,26.184225297859076,26.184225297859076,1f403f49d399643455cffaad47d4445dee8acfba40ca14b6452283bd9e7e6b8b
All rsults,AH27,24,17.497440287294868,17.497440287294868,1f403f49d399643455cffaad47d4445dee8acfba40ca14b6452283bd9e7e6b8b
All rsults,AI27,24,29.22642585746839,29.22642585746839,1f403f49d399643455cffaad47d4445dee8acfba40ca14b6452283bd9e7e6b8b
All rsults,AJ27,24,9954.756013695489,9954.756013695489,1f403f49d399643455cffaad47d4445dee8acfba40ca14b6452283bd9e7e6b8b
All rsults,AK27,24,282.1548067870473,282.1548067870473,1f403f49d399643455cffaad47d4445dee8acfba40ca14b6452283bd9e7e6b8b
All rsults,AL27,24,45.520049143073464,45.520049143073464,1f403f49d399643455cffaad47d4445dee8acfba40ca14b6452283bd9e7e6b8b
All rsults,AM27,24,28.638497652582156,28.638497652582156,1f403f49d399643455cffaad47d4445dee8acfba40ca14b6452283bd9e7e6b8b
All rsults,AN27,24,150.4750536665437,150.4750536665437,1f403f49d399643455cffaad47d4445dee8acfba40ca14b6452283bd9e7e6b8b
All rsults,AP27,24,1.6431069097780266,1.6431069097780266,1f403f49d399643455cffaad47d4445dee8acfba40ca14b6452283bd9e7e6b8b
All rsults,AQ27,24,59.698852455391695,59.698852455391695,1f403f49d399643455cffaad47d4445dee8acfba40ca14b6452283bd9e7e6b8b
All rsults,AR27,24,21.939328277356445,21.939328277356445,1f403f49d399643455cffaad47d4445dee8acfba40ca14b6452283bd9e7e6b8b
All rsults,AS27,24,36.83640303358613,36.83640303358613,1f403f49d399643455cffaad47d4445dee8acfba40ca14b6452283bd9e7e6b8b
All rsults,AT27,24,10658.824743331785,10658.824743331785,1f403f49d399643455cffaad47d4445dee8acfba40ca14b6452283bd9e7e6b8b
All rsults,AU27,24,1277.56614126446,1277.56614126446,1f403f49d399643455cffaad47d4445dee8acfba40ca14b6452283bd9e7e6b8b
All rsults,AV27,24,80.89563019140483,80.89563019140483,1f403f49d399643455cffaad47d4445dee8acfba40ca14b6452283bd9e7e6b8b
All rsults,AW27,24,82.61105092091007,82.61105092091007,1f403f49d399643455cffaad47d4445dee8acfba40ca14b6452283bd9e7e6b8b
All rsults,AX27,24,277.9793321206941,277.9793321206941,1f403f49d399643455cffaad47d4445dee8acfba40ca14b6452283bd9e7e6b8b
All rsults,BA27,24,400,400.0,1f403f49d399643455cffaad47d4445dee8acfba40ca14b6452283bd9e7e6b8b
All rsults,BD27,24,163,163.0,1f403f49d399643455cffaad47d4445dee8acfba40ca14b6452283bd9e7e6b8b
All rsults,BE27,24,159,159.0,1f403f49d399643455cffaad47d4445dee8acfba40ca14b6452283bd9e7e6b8b
All rsults,BF27,24,13.5,13.5,1f403f49d399643455cffaad47d4445dee8acfba40ca14b6452283bd9e7e6b8b
All rsults,BG27,24,12.1,12.1,1f403f49d399643455cffaad47d4445dee8acfba40ca14b6452283bd9e7e6b8b
All rsults,BH27,24,11.8,11.8,1f403f49d399643455cffaad47d4445dee8acfba40ca14b6452283bd9e7e6b8b
All rsults,B28,25,0.9374081246443066,0.9374081246443066,1f403f49d399643455cffaad47d4445dee8acfba40ca14b6452283bd9e7e6b8b
All rsults,C28,25,15.739045307954584,15.739045307954584,1f403f49d399643455cffaad47d4445dee8acfba40ca14b6452283bd9e7e6b8b
All rsults,D28,25,0.0357738575423712,0.0357738575423712,1f403f49d399643455cffaad47d4445dee8acfba40ca14b6452283bd9e7e6b8b
All rsults,E28,25,3.2914755757557743,3.2914755757557743,1f403f49d399643455cffaad47d4445dee8acfba40ca14b6452283bd9e7e6b8b
All rsults,F28,25,20.041293148521568,20.041293148521568,1f403f49d399643455cffaad47d4445dee8acfba40ca14b6452283bd9e7e6b8b
All rsults,G28,25,66.69018649954258,66.69018649954258,1f403f49d399643455cffaad47d4445dee8acfba40ca14b6452283bd9e7e6b8b
All rsults,H28,25,4.860531090838056,4.860531090838056,1f403f49d399643455cffaad47d4445dee8acfba40ca14b6452283bd9e7e6b8b
All rsults,I28,25,37.5909067464411,37.5909067464411,1f403f49d399643455cffaad47d4445dee8acfba40ca14b6452283bd9e7e6b8b
All rsults,J28,25,5.4552179736712265,5.4552179736712265,1f403f49d399643455cffaad47d4445dee8acfba40ca14b6452283bd9e7e6b8b
All rsults,L28,25,0.9793816227627085,0.9793816227627085,1f403f49d399643455cffaad47d4445dee8acfba40ca14b6452283bd9e7e6b8b
All rsults,M28,25,20.089675718283488,20.089675718283488,1f403f49d399643455cffaad47d4445dee8acfba40ca14b6452283bd9e7e6b8b
All rsults,N28,25,0.03500175989757182,0.03500175989757182,1f403f49d399643455cffaad47d4445dee8acfba40ca14b6452283bd9e7e6b8b
All rsults,O28,25,2.7850947179471945,2.7850947179471945,1f403f49d399643455cffaad47d4445dee8acfba40ca14b6452283bd9e7e6b8b
All rsults,P28,25,413.4709645998558,413.4709645998558,1f403f49d399643455cffaad47d4445dee8acfba40ca14b6452283bd9e7e6b8b
All rsults,Q28,25,695.4515100520864,695.4515100520864,1f403f49d399643455cffaad47d4445dee8acfba40ca14b6452283bd9e7e6b8b
All rsults,R28,25,15.526696540177124,15.526696540177124,1f403f49d399643455cffaad47d4445dee8acfba40ca14b6452283bd9e7e6b8b
All rsults,S28,25,7.117804827728492,7.117804827728492,1f403f49d399643455cffaad47d4445dee8acfba40ca14b6452283bd9e7e6b8b
All rsults,T28,25,28.064796081417025,28.064796081417025,1f403f49d399643455cffaad47d4445dee8acfba40ca14b6452283bd9e7e6b8b
All rsults,V28,25,0.012672766990812108,0.012672766990812108,1f403f49d399643455cffaad47d4445dee8acfba40ca14b6452283bd9e7e6b8b
All rsults,W28,25,8.446133704991105,8.446133704991105,1f403f49d399643455cffaad47d4445dee8acfba40ca14b6452283bd9e7e6b8b
All rsults,X28,25,13.84268398172785,13.84268398172785,1f403f49d399643455cffaad47d4445dee8acfba40ca14b6452283bd9e7e6b8b
All rsults,Y28,25,2.405309074590759,2.405309074590759,1f403f49d399643455cffaad47d4445dee8acfba40ca14b6452283bd9e7e6b8b
All rsults,Z28,25,340.4633967016699,340.4633967016699,1f403f49d399643455cffaad47d4445dee8acfba40ca14b6452283bd9e7e6b8b
All rsults,AA28,25,118.51076619874122,118.51076619874122,1f403f49d399643455cffaad47d4445dee8acfba40ca14b6452283bd9e7e6b8b
All rsults,AB28,25,19.307109610828952,19.307109610828952,1f403f49d399643455cffaad47d4445dee8acfba40ca14b6452283bd9e7e6b8b
All rsults,AC28,25,16.904786465855167,16.904786465855167,1f403f49d399643455cffaad47d4445dee8acfba40ca14b6452283bd9e7e6b8b
All rsults,AD28,25,15.767128509656686,15.767128509656686,1f403f49d399643455cffaad47d4445dee8acfba40ca14b6452283bd9e7e6b8b
All rsults,AF28,25,0.12389144373526366,0.12389144373526366,1f403f49d399643455cffaad47d4445dee8acfba40ca14b6452283bd9e7e6b8b
All rsults,AG28,25,18.581494150980433,18.581494150980433,1f403f49d399643455cffaad47d4445dee8acfba40ca14b6452283bd9e7e6b8b
All rsults,AH28,25,20.90189010167809,20.90189010167809,1f403f49d399643455cffaad47d4445dee8acfba40ca14b6452283bd9e7e6b8b
All rsults,AI28,25,26.797674995230096,26.797674995230096,1f403f49d399643455cffaad47d4445dee8acfba40ca14b6452283bd9e7e6b8b
All rsults,AJ28,25,9351.44668471275,9351.44668471275,1f403f49d399643455cffaad47d4445dee8acfba40ca14b6452283bd9e7e6b8b
All rsults,AK28,25,185.35444541364225,185.35444541364225,1f403f49d399643455cffaad47d4445dee8acfba40ca14b6452283bd9e7e6b8b
All rsults,AL28,25,30.1082898126913,30.1082898126913,1f403f49d399643455cffaad47d4445dee8acfba40ca14b6452283bd9e7e6b8b
All rsults,AM28,25,27.35906230658139,27.35906230658139,1f403f49d399643455cffaad47d4445dee8acfba40ca14b6452283bd9e7e6b8b
All rsults,AN28,25,103.79156118277317,103.79156118277317,1f403f49d399643455cffaad47d4445dee8acfba40ca14b6452283bd9e7e6b8b
All rsults,AP28,25,2.0533539581330906,2.0533539581330906,1f403f49d399643455cffaad47d4445dee8acfba40ca14b6452283bd9e7e6b8b
All rsults,AQ28,25,62.85634888220961,62.85634888220961,1f403f49d399643455cffaad47d4445dee8acfba40ca14b6452283bd9e7e6b8b
All rsults,AR28,25,34.815349700845886,34.815349700845886,1f403f49d399643455cffaad47d4445dee8acfba40ca14b6452283bd9e7e6b8b
All rsults,AS28,25,35.27955436352382,35.27955436352382,1f403f49d399643455cffaad47d4445dee8acfba40ca14b6452283bd9e7e6b8b
All rsults,AT28,25,10125.422339162797,10125.422339162797,1f403f49d399643455cffaad47d4445dee8acfba40ca14b6452283bd9e7e6b8b
All rsults,AU28,25,1066.0069081640124,1066.0069081640124,1f403f49d399643455cffaad47d4445dee8acfba40ca14b6452283bd9e7e6b8b
All rsults,AV28,25,69.80262705453544,69.80262705453544,1f403f49d399643455cffaad47d4445dee8acfba40ca14b6452283bd9e7e6b8b
All rsults,AW28,25,88.97256034660614,88.97256034660614,1f403f49d399643455cffaad47d4445dee8acfba40ca14b6452283bd9e7e6b8b
All rsults,AX28,25,153.0787037475181,153.0787037475181,1f403f49d399643455cffaad47d4445dee8acfba40ca14b6452283bd9e7e6b8b
All rsults,BA28,25,260,260.0,1f403f49d399643455cffaad47d4445dee8acfba40ca14b6452283bd9e7e6b8b
All rsults,BD28,25,119,119.0,1f403f49d399643455cffaad47d4445dee8acfba40ca14b6452283bd9e7e6b8b
All rsults,BE28,25,114,114.0,1f403f49d399643455cffaad47d4445dee8acfba40ca14b6452283bd9e7e6b8b
All rsults,BF28,25,13.53,13.53,1f403f49d399643455cffaad47d4445dee8acfba40ca14b6452283bd9e7e6b8b
All rsults,BG28,25,8.8,8.8,1f403f49d399643455cffaad47d4445dee8acfba40ca14b6452283bd9e7e6b8b
All rsults,BH28,25,8.4,8.4,1f403f49d399643455cffaad47d4445dee8acfba40ca14b6452283bd9e7e6b8b
All rsults,B29,26,0.08186706626988906,0.08186706626988906,1f403f49d399643455cffaad47d4445dee8acfba40ca14b6452283bd9e7e6b8b
All rsults,C29,26,9.900378483356517,9.900378483356517,1f403f49d399643455cffaad47d4445dee8acfba40ca14b6452283bd9e7e6b8b
All rsults,D29,26,0.04288858085616833,0.04288858085616833,1f403f49d399643455cffaad47d4445dee8acfba40ca14b6452283bd9e7e6b8b
All rsults,E29,26,2.7006323661535174,2.7006323661535174,1f403f49d399643455cffaad47d4445dee8acfba40ca14b6452283bd9e7e6b8b
All rsults,F29,26,19.94416241474659,19.94416241474659,1f403f49d399643455cffaad47d4445dee8acfba40ca14b6452283bd9e7e6b8b
All rsults,G29,26,57.18436871258438,57.18436871258438,1f403f49d399643455cffaad47d4445dee8acfba40ca14b6452283bd9e7e6b8b
All rsults,H29,26,9.125523351397831,9.125523351397831,1f403f49d399643455cffaad47d4445dee8acfba40ca14b6452283bd9e7e6b8b
All rsults,I29,26,67.93412624032618,67.93412624032618,1f403f49d399643455cffaad47d4445dee8acfba40ca14b6452283bd9e7e6b8b
All rsults,J29,26,7.480009725765532,7.480009725765532,1f403f49d399643455cffaad47d4445dee8acfba40ca14b6452283bd9e7e6b8b
All rsults,L29,26,0.06627333936133878,0.06627333936133878,1f403f49d399643455cffaad47d4445dee8acfba40ca14b6452283bd9e7e6b8b
All rsults,M29,26,21.931218159334062,21.931218159334062,1f403f49d399643455cffaad47d4445dee8acfba40ca14b6452283bd9e7e6b8b
All rsults,N29,26,0.041962928031934486,0.041962928031934486,1f403f49d399643455cffaad47d4445dee8acfba40ca14b6452283bd9e7e6b8b
All rsults,O29,26,3.314412449370225,3.314412449370225,1f403f49d399643455cffaad47d4445dee8acfba40ca14b6452283bd9e7e6b8b
All rsults,P29,26,2234.8750877888774,2234.8750877888774,1f403f49d399643455cffaad47d4445dee8acfba40ca14b6452283bd9e7e6b8b
All rsults,Q29,26,778.4940777644422,778.4940777644422,1f403f49d399643455cffaad47d4445dee8acfba40ca14b6452283bd9e7e6b8b
All rsults,R29,26,18.369559993073562,18.369559993073562,1f403f49d399643455cffaad47d4445dee8acfba40ca14b6452283bd9e7e6b8b
All rsults,S29,26,8.963530545598594,8.963530545598594,1f403f49d399643455cffaad47d4445dee8acfba40ca14b6452283bd9e7e6b8b
All rsults,T29,26,39.59459693680019,39.59459693680019,1f403f49d399643455cffaad47d4445dee8acfba40ca14b6452283bd9e7e6b8b
All rsults,V29,26,0.0014533870800659068,0.0014533870800659068,1f403f49d399643455cffaad47d4445dee8acfba40ca14b6452283bd9e7e6b8b
All rsults,W29,26,5.090448160114336,5.090448160114336,1f403f49d399643455cffaad47d4445dee8acfba40ca14b6452283bd9e7e6b8b
All rsults,X29,26,16.63616883392751,16.63616883392751,1f403f49d399643455cffaad47d4445dee8acfba40ca14b6452283bd9e7e6b8b
All rsults,Y29,26,1.5958282163634416,1.5958282163634416,1f403f49d399643455cffaad47d4445dee8acfba40ca14b6452283bd9e7e6b8b
All rsults,Z29,26,303.4515034071659,303.4515034071659,1f403f49d399643455cffaad47d4445dee8acfba40ca14b6452283bd9e7e6b8b
All rsults,AA29,26,93.64318580182467,93.64318580182467,1f403f49d399643455cffaad47d4445dee8acfba40ca14b6452283bd9e7e6b8b
All rsults,AB29,26,12.443895479178861,12.443895479178861,1f403f49d399643455cffaad47d4445dee8acfba40ca14b6452283bd9e7e6b8b
All rsults,AC29,26,40.10000507241476,40.10000507241476,1f403f49d399643455cffaad47d4445dee8acfba40ca14b6452283bd9e7e6b8b
All rsults,AD29,26,14.764329315353468,14.764329315353468,1f403f49d399643455cffaad47d4445dee8acfba40ca14b6452283bd9e7e6b8b
All rsults,AF29,26,0.1457533090475967,0.1457533090475967,1f403f49d399643455cffaad47d4445dee8acfba40ca14b6452283bd9e7e6b8b
All rsults,AG29,26,23.03427792451737,23.03427792451737,1f403f49d399643455cffaad47d4445dee8acfba40ca14b6452283bd9e7e6b8b
All rsults,AH29,26,44.29892149349516,44.29892149349516,1f403f49d399643455cffaad47d4445dee8acfba40ca14b6452283bd9e7e6b8b
All rsults,AI29,26,30.195524973929185,30.195524973929185,1f403f49d399643455cffaad47d4445dee8acfba40ca14b6452283bd9e7e6b8b
All rsults,AJ29,26,8379.344463190137,8379.344463190137,1f403f49d399643455cffaad47d4445dee8acfba40ca14b6452283bd9e7e6b8b
All rsults,AK29,26,264.94374960463364,264.94374960463364,1f403f49d399643455cffaad47d4445dee8acfba40ca14b6452283bd9e7e6b8b
All rsults,AL29,26,34.84290734170081,34.84290734170081,1f403f49d399643455cffaad47d4445dee8acfba40ca14b6452283bd9e7e6b8b
All rsults,AM29,26,45.28941749355079,45.28941749355079,1f403f49d399643455cffaad47d4445dee8acfba40ca14b6452283bd9e7e6b8b
All rsults,AN29,26,103.08841023070526,103.08841023070526,1f403f49d399643455cffaad47d4445dee8acfba40ca14b6452283bd9e7e6b8b
All rsults,AP29,26,0.29534710175889045,0.29534710175889045,1f403f49d399643455cffaad47d4445dee8acfba40ca14b6452283bd9e7e6b8b
All rsults,AQ29,26,59.95632272732229,59.95632272732229,1f403f49d399643455cffaad47d4445dee8acfba40ca14b6452283bd9e7e6b8b
All rsults,AR29,26,61.019941836310764,61.019941836310764,1f403f49d399643455cffaad47d4445dee8acfba40ca14b6452283bd9e7e6b8b
All rsults,AS29,26,37.80639800581637,37.80639800581637,1f403f49d399643455cffaad47d4445dee8acfba40ca14b6452283bd9e7e6b8b
All rsults,AT29,26,10937.615216800925,10937.615216800925,1f403f49d399643455cffaad47d4445dee8acfba40ca14b6452283bd9e7e6b8b
All rsults,AU29,26,1194.265381883485,1194.265381883485,1f403f49d399643455cffaad47d4445dee8acfba40ca14b6452283bd9e7e6b8b
All rsults,AV29,26,74.78188616535107,74.78188616535107,1f403f49d399643455cffaad47d4445dee8acfba40ca14b6452283bd9e7e6b8b
All rsults,AW29,26,162.28707935189033,162.28707935189033,1f403f49d399643455cffaad47d4445dee8acfba40ca14b6452283bd9e7e6b8b
All rsults,AX29,26,164.92734620862444,164.92734620862444,1f403f49d399643455cffaad47d4445dee8acfba40ca14b6452283bd9e7e6b8b
All rsults,BA29,26,400,400.0,1f403f49d399643455cffaad47d4445dee8acfba40ca14b6452283bd9e7e6b8b
All rsults,BD29,26,155,155.0,1f403f49d399643455cffaad47d4445dee8acfba40ca14b6452283bd9e7e6b8b
All rsults,BE29,26,150,150.0,1f403f49d399643455cffaad47d4445dee8acfba40ca14b6452283bd9e7e6b8b
All rsults,BF29,26,13.44,13.44,1f403f49d399643455cffaad47d4445dee8acfba40ca14b6452283bd9e7e6b8b
All rsults,BG29,26,11.53,11.53,1f403f49d399643455cffaad47d4445dee8acfba40ca14b6452283bd9e7e6b8b
All rsults,BH29,26,11.2,11.2,1f403f49d399643455cffaad47d4445dee8acfba40ca14b6452283bd9e7e6b8b
All rsults,B30,27,0.04037402526186648,0.04037402526186648,1f403f49d399643455cffaad47d4445dee8acfba40ca14b6452283bd9e7e6b8b
All rsults,C30,27,7.8004488508829715,7.8004488508829715,1f403f49d399643455cffaad47d4445dee8acfba40ca14b6452283bd9e7e6b8b
All rsults,D30,27,0.07118540195196646,0.07118540195196646,1f403f49d399643455cffaad47d4445dee8acfba40ca14b6452283bd9e7e6b8b
All rsults,E30,27,2.1813829051070943,2.1813829051070943,1f403f49d399643455cffaad47d4445dee8acfba40ca14b6452283bd9e7e6b8b
All rsults,F30,27,18.95000727227098,18.95000727227098,1f403f49d399643455cffaad47d4445dee8acfba40ca14b6452283bd9e7e6b8b
All rsults,G30,27,32.3507256621613,32.3507256621613,1f403f49d399643455cffaad47d4445dee8acfba40ca14b6452283bd9e7e6b8b
All rsults,H30,27,3.18973018799822,3.18973018799822,1f403f49d399643455cffaad47d4445dee8acfba40ca14b6452283bd9e7e6b8b
All rsults,I30,27,52.990168976383195,52.990168976383195,1f403f49d399643455cffaad47d4445dee8acfba40ca14b6452283bd9e7e6b8b
All rsults,J30,27,6.020587506830011,6.020587506830011,1f403f49d399643455cffaad47d4445dee8acfba40ca14b6452283bd9e7e6b8b
All rsults,L30,27,0.06751066519197346,0.06751066519197346,1f403f49d399643455cffaad47d4445dee8acfba40ca14b6452283bd9e7e6b8b
All rsults,M30,27,9.126525155533079,9.126525155533079,1f403f49d399643455cffaad47d4445dee8acfba40ca14b6452283bd9e7e6b8b
All rsults,N30,27,0.06964902637026933,0.06964902637026933,1f403f49d399643455cffaad47d4445dee8acfba40ca14b6452283bd9e7e6b8b
All rsults,O30,27,5.089893445249888,5.089893445249888,1f403f49d399643455cffaad47d4445dee8acfba40ca14b6452283bd9e7e6b8b
All rsults,P30,27,68.14714153682067,68.14714153682067,1f403f49d399643455cffaad47d4445dee8acfba40ca14b6452283bd9e7e6b8b
All rsults,Q30,27,82.86446467278182,82.86446467278182,1f403f49d399643455cffaad47d4445dee8acfba40ca14b6452283bd9e7e6b8b
All rsults,R30,27,6.432622545796411,6.432622545796411,1f403f49d399643455cffaad47d4445dee8acfba40ca14b6452283bd9e7e6b8b
All rsults,S30,27,34.90821558159839,34.90821558159839,1f403f49d399643455cffaad47d4445dee8acfba40ca14b6452283bd9e7e6b8b
All rsults,T30,27,19.56690939719753,19.56690939719753,1f403f49d399643455cffaad47d4445dee8acfba40ca14b6452283bd9e7e6b8b
All rsults,V30,27,0.025812901396931025,0.025812901396931025,1f403f49d399643455cffaad47d4445dee8acfba40ca14b6452283bd9e7e6b8b
All rsults,W30,27,5.78247514815919,5.78247514815919,1f403f49d399643455cffaad47d4445dee8acfba40ca14b6452283bd9e7e6b8b
All rsults,X30,27,0.5556558353804576,0.5556558353804576,1f403f49d399643455cffaad47d4445dee8acfba40ca14b6452283bd9e7e6b8b
All rsults,Y30,27,5.505394950984572,5.505394950984572,1f403f49d399643455cffaad47d4445dee8acfba40ca14b6452283bd9e7e6b8b
All rsults,Z30,27,39.35770741163972,39.35770741163972,1f403f49d399643455cffaad47d4445dee8acfba40ca14b6452283bd9e7e6b8b
All rsults,AA30,27,29.266440376573893,29.266440376573893,1f403f49d399643455cffaad47d4445dee8acfba40ca14b6452283bd9e7e6b8b
All rsults,AB30,27,5.528865659196916,5.528865659196916,1f403f49d399643455cffaad47d4445dee8acfba40ca14b6452283bd9e7e6b8b
All rsults,AC30,27,34.90821558159839,34.90821558159839,1f403f49d399643455cffaad47d4445dee8acfba40ca14b6452283bd9e7e6b8b
All rsults,AD30,27,28.889114076193124,28.889114076193124,1f403f49d399643455cffaad47d4445dee8acfba40ca14b6452283bd9e7e6b8b
All rsults,AF30,27,0.0013024081492290394,0.0013024081492290394,1f403f49d399643455cffaad47d4445dee8acfba40ca14b6452283bd9e7e6b8b
All rsults,AG30,27,6.970654973123409,6.970654973123409,1f403f49d399643455cffaad47d4445dee8acfba40ca14b6452283bd9e7e6b8b
All rsults,AH30,27,22.36819690490812,22.36819690490812,1f403f49d399643455cffaad47d4445dee8acfba40ca14b6452283bd9e7e6b8b
All rsults,AI30,27,8.856414594734803,8.856414594734803,1f403f49d399643455cffaad47d4445dee8acfba40ca14b6452283bd9e7e6b8b
All rsults,AJ30,27,6201.328353853041,6201.328353853041,1f403f49d399643455cffaad47d4445dee8acfba40ca14b6452283bd9e7e6b8b
All rsults,AK30,27,71.71239658639979,71.71239658639979,1f403f49d399643455cffaad47d4445dee8acfba40ca14b6452283bd9e7e6b8b
All rsults,AL30,27,4.997243961197212,4.997243961197212,1f403f49d399643455cffaad47d4445dee8acfba40ca14b6452283bd9e7e6b8b
All rsults,AM30,27,53.492445459571655,53.492445459571655,1f403f49d399643455cffaad47d4445dee8acfba40ca14b6452283bd9e7e6b8b
All rsults,AN30,27,50.35182063078073,50.35182063078073,1f403f49d399643455cffaad47d4445dee8acfba40ca14b6452283bd9e7e6b8b
All rsults,AP30,27,0.135,0.135,1f403f49d399643455cffaad47d4445dee8acfba40ca14b6452283bd9e7e6b8b
All rsults,AQ30,27,29.680104127698648,29.680104127698648,1f403f49d399643455cffaad47d4445dee8acfba40ca14b6452283bd9e7e6b8b
All rsults,AR30,27,23.064687168610813,23.064687168610813,1f403f49d399643455cffaad47d4445dee8acfba40ca14b6452283bd9e7e6b8b
All rsults,AS30,27,21.633085896076356,21.633085896076356,1f403f49d399643455cffaad47d4445dee8acfba40ca14b6452283bd9e7e6b8b
All rsults,AT30,27,6327.783210073773,6327.783210073773,1f403f49d399643455cffaad47d4445dee8acfba40ca14b6452283bd9e7e6b8b
All rsults,AU30,27,216.1940272979168,216.1940272979168,1f403f49d399643455cffaad47d4445dee8acfba40ca14b6452283bd9e7e6b8b
All rsults,AV30,27,20.14846235418876,20.14846235418876,1f403f49d399643455cffaad47d4445dee8acfba40ca14b6452283bd9e7e6b8b
All rsults,AW30,27,176.29904559915164,176.29904559915164,1f403f49d399643455cffaad47d4445dee8acfba40ca14b6452283bd9e7e6b8b
All rsults,AX30,27,104.8284316110014,104.8284316110014,1f403f49d399643455cffaad47d4445dee8acfba40ca14b6452283bd9e7e6b8b
All rsults,BA30,27,1150,1150.0,1f403f49d399643455cffaad47d4445dee8acfba40ca14b6452283bd9e7e6b8b
All rsults,BD30,27,44,44.0,1f403f49d399643455cffaad47d4445dee8acfba40ca14b6452283bd9e7e6b8b
All rsults,BE30,27,42,42.0,1f403f49d399643455cffaad47d4445dee8acfba40ca14b6452283bd9e7e6b8b
All rsults,BF30,27,12.74,12.74,1f403f49d399643455cffaad47d4445dee8acfba40ca14b6452283bd9e7e6b8b
All rsults,BG30,27,3.5,3.5,1f403f49d399643455cffaad47d4445dee8acfba40ca14b6452283bd9e7e6b8b
All rsults,BH30,27,3.3,3.3,1f403f49d399643455cffaad47d4445dee8acfba40ca14b6452283bd9e7e6b8b
All rsults,B31,28,0.07436549118993342,0.07436549118993342,1f403f49d399643455cffaad47d4445dee8acfba40ca14b6452283bd9e7e6b8b
All rsults,C31,28,10.855210718411925,10.855210718411925,1f403f49d399643455cffaad47d4445dee8acfba40ca14b6452283bd9e7e6b8b
All rsults,D31,28,3.1963168054830002,3.1963168054830002,1f403f49d399643455cffaad47d4445dee8acfba40ca14b6452283bd9e7e6b8b
All rsults,E31,28,2.1345071202945625,2.1345071202945625,1f403f49d399643455cffaad47d4445dee8acfba40ca14b6452283bd9e7e6b8b
All rsults,F31,28,30.612755123203616,30.612755123203616,1f403f49d399643455cffaad47d4445dee8acfba40ca14b6452283bd9e7e6b8b
All rsults,G31,28,45.54958863908978,45.54958863908978,1f403f49d399643455cffaad47d4445dee8acfba40ca14b6452283bd9e7e6b8b
All rsults,H31,28,8.126530907085021,8.126530907085021,1f403f49d399643455cffaad47d4445dee8acfba40ca14b6452283bd9e7e6b8b
All rsults,I31,28,37.89830204984669,37.89830204984669,1f403f49d399643455cffaad47d4445dee8acfba40ca14b6452283bd9e7e6b8b
All rsults,J31,28,4.551924937336489,4.551924937336489,1f403f49d399643455cffaad47d4445dee8acfba40ca14b6452283bd9e7e6b8b
All rsults,L31,28,0.12856406951480012,0.12856406951480012,1f403f49d399643455cffaad47d4445dee8acfba40ca14b6452283bd9e7e6b8b
All rsults,M31,28,15.369258739929755,15.369258739929755,1f403f49d399643455cffaad47d4445dee8acfba40ca14b6452283bd9e7e6b8b
All rsults,N31,28,0.12647714793646977,0.12647714793646977,1f403f49d399643455cffaad47d4445dee8acfba40ca14b6452283bd9e7e6b8b
All rsults,O31,28,2.298699975701837,2.298699975701837,1f403f49d399643455cffaad47d4445dee8acfba40ca14b6452283bd9e7e6b8b
All rsults,P31,28,135.26566217229507,135.26566217229507,1f403f49d399643455cffaad47d4445dee8acfba40ca14b6452283bd9e7e6b8b
All rsults,Q31,28,534.4580259439282,534.4580259439282,1f403f49d399643455cffaad47d4445dee8acfba40ca14b6452283bd9e7e6b8b
All rsults,R31,28,17.01153803216464,17.01153803216464,1f403f49d399643455cffaad47d4445dee8acfba40ca14b6452283bd9e7e6b8b
All rsults,S31,28,22.875551687745304,22.875551687745304,1f403f49d399643455cffaad47d4445dee8acfba40ca14b6452283bd9e7e6b8b
All rsults,T31,28,9.908763430665408,9.908763430665408,1f403f49d399643455cffaad47d4445dee8acfba40ca14b6452283bd9e7e6b8b
All rsults,V31,28,0.0008715168451340958,0.0008715168451340958,1f403f49d399643455cffaad47d4445dee8acfba40ca14b6452283bd9e7e6b8b
All rsults,W31,28,7.530733806795779,7.530733806795779,1f403f49d399643455cffaad47d4445dee8acfba40ca14b6452283bd9e7e6b8b
All rsults,X31,28,4.794475208224501,4.794475208224501,1f403f49d399643455cffaad47d4445dee8acfba40ca14b6452283bd9e7e6b8b
All rsults,Y31,28,2.2166035479982,2.2166035479982,1f403f49d399643455cffaad47d4445dee8acfba40ca14b6452283bd9e7e6b8b
All rsults,Z31,28,278.12518608057854,278.12518608057854,1f403f49d399643455cffaad47d4445dee8acfba40ca14b6452283bd9e7e6b8b
All rsults,AA31,28,116.01580178451553,116.01580178451553,1f403f49d399643455cffaad47d4445dee8acfba40ca14b6452283bd9e7e6b8b
All rsults,AB31,28,13.110803196763829,13.110803196763829,1f403f49d399643455cffaad47d4445dee8acfba40ca14b6452283bd9e7e6b8b
All rsults,AC31,28,7.169949036457482,7.169949036457482,1f403f49d399643455cffaad47d4445dee8acfba40ca14b6452283bd9e7e6b8b
All rsults,AD31,28,10.81806153499488,10.81806153499488,1f403f49d399643455cffaad47d4445dee8acfba40ca14b6452283bd9e7e6b8b
All rsults,AF31,28,0.06696657582421316,0.06696657582421316,1f403f49d399643455cffaad47d4445dee8acfba40ca14b6452283bd9e7e6b8b
All rsults,AG31,28,18.990546121485007,18.990546121485007,1f403f49d399643455cffaad47d4445dee8acfba40ca14b6452283bd9e7e6b8b
All rsults,AH31,28,79.96119208383307,79.96119208383307,1f403f49d399643455cffaad47d4445dee8acfba40ca14b6452283bd9e7e6b8b
All rsults,AI31,28,19.630897792493684,19.630897792493684,1f403f49d399643455cffaad47d4445dee8acfba40ca14b6452283bd9e7e6b8b
All rsults,AJ31,28,9112.617646256029,9112.617646256029,1f403f49d399643455cffaad47d4445dee8acfba40ca14b6452283bd9e7e6b8b
All rsults,AK31,28,159.7275619407459,159.7275619407459,1f403f49d399643455cffaad47d4445dee8acfba40ca14b6452283bd9e7e6b8b
All rsults,AL31,28,24.59630021211067,24.59630021211067,1f403f49d399643455cffaad47d4445dee8acfba40ca14b6452283bd9e7e6b8b
All rsults,AM31,28,17.754159518847096,17.754159518847096,1f403f49d399643455cffaad47d4445dee8acfba40ca14b6452283bd9e7e6b8b
All rsults,AN31,28,82.8992758931673,82.8992758931673,1f403f49d399643455cffaad47d4445dee8acfba40ca14b6452283bd9e7e6b8b
All rsults,AP31,28,0.2707676533740808,0.2707676533740808,1f403f49d399643455cffaad47d4445dee8acfba40ca14b6452283bd9e7e6b8b
All rsults,AQ31,28,52.745749386622464,52.745749386622464,1f403f49d399643455cffaad47d4445dee8acfba40ca14b6452283bd9e7e6b8b
All rsults,AR31,28,88.07846124547704,88.07846124547704,1f403f49d399643455cffaad47d4445dee8acfba40ca14b6452283bd9e7e6b8b
All rsults,AS31,28,26.280708436488286,26.280708436488286,1f403f49d399643455cffaad47d4445dee8acfba40ca14b6452283bd9e7e6b8b
All rsults,AT31,28,9556.621249632106,9556.621249632106,1f403f49d399643455cffaad47d4445dee8acfba40ca14b6452283bd9e7e6b8b
All rsults,AU31,28,855.7509783082794,855.7509783082794,1f403f49d399643455cffaad47d4445dee8acfba40ca14b6452283bd9e7e6b8b
All rsults,AV31,28,62.845172348124166,62.845172348124166,1f403f49d399643455cffaad47d4445dee8acfba40ca14b6452283bd9e7e6b8b
All rsults,AW31,28,85.69796229289658,85.69796229289658,1f403f49d399643455cffaad47d4445dee8acfba40ca14b6452283bd9e7e6b8b
All rsults,AX31,28,108.17802579616408,108.17802579616408,1f403f49d399643455cffaad47d4445dee8acfba40ca14b6452283bd9e7e6b8b
All rsults,BA31,28,1150,1150.0,1f403f49d399643455cffaad47d4445dee8acfba40ca14b6452283bd9e7e6b8b
All rsults,BD31,28,96,96.0,1f403f49d399643455cffaad47d4445dee8acfba40ca14b6452283bd9e7e6b8b
All rsults,BE31,28,93,93.0,1f403f49d399643455cffaad47d4445dee8acfba40ca14b6452283bd9e7e6b8b
All rsults,BF31,28,12.99,12.99,1f403f49d399643455cffaad47d4445dee8acfba40ca14b6452283bd9e7e6b8b
All rsults,BG31,28,7.4,7.4,1f403f49d399643455cffaad47d4445dee8acfba40ca14b6452283bd9e7e6b8b
All rsults,BH31,28,7.2,7.2,1f403f49d399643455cffaad47d4445dee8acfba40ca14b6452283bd9e7e6b8b
All rsults,B32,29,1.475038785989064,1.475038785989064,1f403f49d399643455cffaad47d4445dee8acfba40ca14b6452283bd9e7e6b8b
All rsults,C32,29,6.391174986235905,6.391174986235905,1f403f49d399643455cffaad47d4445dee8acfba40ca14b6452283bd9e7e6b8b
All rsults,D32,29,0.09543492136645773,0.09543492136645773,1f403f49d399643455cffaad47d4445dee8acfba40ca14b6452283bd9e7e6b8b
All rsults,E32,29,2.7533212682744796,2.7533212682744796,1f403f49d399643455cffaad47d4445dee8acfba40ca14b6452283bd9e7e6b8b
All rsults,F32,29,21.572245269466922,21.572245269466922,1f403f49d399643455cffaad47d4445dee8acfba40ca14b6452283bd9e7e6b8b
All rsults,G32,29,148.1736069051688,148.1736069051688,1f403f49d399643455cffaad47d4445dee8acfba40ca14b6452283bd9e7e6b8b
All rsults,H32,29,10.86142086274312,10.86142086274312,1f403f49d399643455cffaad47d4445dee8acfba40ca14b6452283bd9e7e6b8b
All rsults,I32,29,70.14527152868615,70.14527152868615,1f403f49d399643455cffaad47d4445dee8acfba40ca14b6452283bd9e7e6b8b
All rsults,J32,29,74.71300823357345,74.71300823357345,1f403f49d399643455cffaad47d4445dee8acfba40ca14b6452283bd9e7e6b8b
All rsults,L32,29,0.9764341259364224,0.9764341259364224,1f403f49d399643455cffaad47d4445dee8acfba40ca14b6452283bd9e7e6b8b
All rsults,M32,29,21.30391662078634,21.30391662078634,1f403f49d399643455cffaad47d4445dee8acfba40ca14b6452283bd9e7e6b8b
All rsults,N32,29,0.09337517486214568,0.09337517486214568,1f403f49d399643455cffaad47d4445dee8acfba40ca14b6452283bd9e7e6b8b
All rsults,O32,29,3.6710950243659726,3.6710950243659726,1f403f49d399643455cffaad47d4445dee8acfba40ca14b6452283bd9e7e6b8b
All rsults,P32,29,408.11677969096144,408.11677969096144,1f403f49d399643455cffaad47d4445dee8acfba40ca14b6452283bd9e7e6b8b
All rsults,Q32,29,971.2195962578111,971.2195962578111,1f403f49d399643455cffaad47d4445dee8acfba40ca14b6452283bd9e7e6b8b
All rsults,R32,29,17.944956208010375,17.944956208010375,1f403f49d399643455cffaad47d4445dee8acfba40ca14b6452283bd9e7e6b8b
All rsults,S32,29,52.60895364651461,52.60895364651461,1f403f49d399643455cffaad47d4445dee8acfba40ca14b6452283bd9e7e6b8b
All rsults,T32,29,113.92817513402652,113.92817513402652,1f403f49d399643455cffaad47d4445dee8acfba40ca14b6452283bd9e7e6b8b
All rsults,V32,29,0.16352342405517906,0.16352342405517906,1f403f49d399643455cffaad47d4445dee8acfba40ca14b6452283bd9e7e6b8b
All rsults,W32,29,5.4084246529550475,5.4084246529550475,1f403f49d399643455cffaad47d4445dee8acfba40ca14b6452283bd9e7e6b8b
All rsults,X32,29,0.7449416523928534,0.7449416523928534,1f403f49d399643455cffaad47d4445dee8acfba40ca14b6452283bd9e7e6b8b
All rsults,Y32,29,0.7509058004384943,0.7509058004384943,1f403f49d399643455cffaad47d4445dee8acfba40ca14b6452283bd9e7e6b8b
All rsults,Z32,29,139.46707406771637,139.46707406771637,1f403f49d399643455cffaad47d4445dee8acfba40ca14b6452283bd9e7e6b8b
All rsults,AA32,29,146.90716582050925,146.90716582050925,1f403f49d399643455cffaad47d4445dee8acfba40ca14b6452283bd9e7e6b8b
All rsults,AB32,29,14.757365302640112,14.757365302640112,1f403f49d399643455cffaad47d4445dee8acfba40ca14b6452283bd9e7e6b8b
All rsults,AC32,29,8.554301405937334,8.554301405937334,1f403f49d399643455cffaad47d4445dee8acfba40ca14b6452283bd9e7e6b8b
All rsults,AD32,29,22.01471876674948,22.01471876674948,1f403f49d399643455cffaad47d4445dee8acfba40ca14b6452283bd9e7e6b8b
All rsults,AF32,29,0.5314511281793319,0.5314511281793319,1f403f49d399643455cffaad47d4445dee8acfba40ca14b6452283bd9e7e6b8b
All rsults,AG32,29,30.407365271058378,30.407365271058378,1f403f49d399643455cffaad47d4445dee8acfba40ca14b6452283bd9e7e6b8b
All rsults,AH32,29,76.34840592772709,76.34840592772709,1f403f49d399643455cffaad47d4445dee8acfba40ca14b6452283bd9e7e6b8b
All rsults,AI32,29,24.77488537580072,24.77488537580072,1f403f49d399643455cffaad47d4445dee8acfba40ca14b6452283bd9e7e6b8b
All rsults,AJ32,29,9767.464403567463,9767.464403567463,1f403f49d399643455cffaad47d4445dee8acfba40ca14b6452283bd9e7e6b8b
All rsults,AK32,29,223.79466514848775,223.79466514848775,1f403f49d399643455cffaad47d4445dee8acfba40ca14b6452283bd9e7e6b8b
All rsults,AL32,29,34.23708750212506,34.23708750212506,1f403f49d399643455cffaad47d4445dee8acfba40ca14b6452283bd9e7e6b8b
All rsults,AM32,29,73.56699209106108,73.56699209106108,1f403f49d399643455cffaad47d4445dee8acfba40ca14b6452283bd9e7e6b8b
All rsults,AN32,29,142.81840852333323,142.81840852333323,1f403f49d399643455cffaad47d4445dee8acfba40ca14b6452283bd9e7e6b8b
All rsults,AP32,29,3.1464474641599973,3.1464474641599973,1f403f49d399643455cffaad47d4445dee8acfba40ca14b6452283bd9e7e6b8b
All rsults,AQ32,29,63.510881531035665,63.510881531035665,1f403f49d399643455cffaad47d4445dee8acfba40ca14b6452283bd9e7e6b8b
All rsults,AR32,29,77.28215767634855,77.28215767634855,1f403f49d399643455cffaad47d4445dee8acfba40ca14b6452283bd9e7e6b8b
All rsults,AS32,29,31.95020746887967,31.95020746887967,1f403f49d399643455cffaad47d4445dee8acfba40ca14b6452283bd9e7e6b8b
All rsults,AT32,29,10336.620502595608,10336.620502595608,1f403f49d399643455cffaad47d4445dee8acfba40ca14b6452283bd9e7e6b8b
All rsults,AU32,29,1490.095034131977,1490.095034131977,1f403f49d399643455cffaad47d4445dee8acfba40ca14b6452283bd9e7e6b8b
All rsults,AV32,29,77.80082987551867,77.80082987551867,1f403f49d399643455cffaad47d4445dee8acfba40ca14b6452283bd9e7e6b8b
All rsults,AW32,29,204.87551867219918,204.87551867219918,1f403f49d399643455cffaad47d4445dee8acfba40ca14b6452283bd9e7e6b8b
All rsults,AX32,29,353.4743106576827,353.4743106576827,1f403f49d399643455cffaad47d4445dee8acfba40ca14b6452283bd9e7e6b8b
All rsults,BA32,29,310,310.0,1f403f49d399643455cffaad47d4445dee8acfba40ca14b6452283bd9e7e6b8b
All rsults,BD32,29,142,142.0,1f403f49d399643455cffaad47d4445dee8acfba40ca14b6452283bd9e7e6b8b
All rsults,BE32,29,139,139.0,1f403f49d399643455cffaad47d4445dee8acfba40ca14b6452283bd9e7e6b8b
All rsults,BF32,29,12.44,12.44,1f403f49d399643455cffaad47d4445dee8acfba40ca14b6452283bd9e7e6b8b
All rsults,BG32,29,11.4,11.4,1f403f49d399643455cffaad47d4445dee8acfba40ca14b6452283bd9e7e6b8b
All rsults,BH32,29,11.2,11.2,1f403f49d399643455cffaad47d4445dee8acfba40ca14b6452283bd9e7e6b8b
All rsults,B33,30,1.4303089711875026,1.4303089711875026,1f403f49d399643455cffaad47d4445dee8acfba40ca14b6452283bd9e7e6b8b
All rsults,C33,30,7.637470943529394,7.637470943529394,1f403f49d399643455cffaad47d4445dee8acfba40ca14b6452283bd9e7e6b8b
All rsults,D33,30,0.12743817182552566,0.12743817182552566,1f403f49d399643455cffaad47d4445dee8acfba40ca14b6452283bd9e7e6b8b
All rsults,E33,30,2.2188926552442716,2.2188926552442716,1f403f49d399643455cffaad47d4445dee8acfba40ca14b6452283bd9e7e6b8b
All rsults,F33,30,26.597462622738473,26.597462622738473,1f403f49d399643455cffaad47d4445dee8acfba40ca14b6452283bd9e7e6b8b
All rsults,G33,30,182.423645915076,182.423645915076,1f403f49d399643455cffaad47d4445dee8acfba40ca14b6452283bd9e7e6b8b
All rsults,H33,30,7.717801068809811,7.717801068809811,1f403f49d399643455cffaad47d4445dee8acfba40ca14b6452283bd9e7e6b8b
All rsults,I33,30,75.02964367173695,75.02964367173695,1f403f49d399643455cffaad47d4445dee8acfba40ca14b6452283bd9e7e6b8b
All rsults,J33,30,21.54116614541095,21.54116614541095,1f403f49d399643455cffaad47d4445dee8acfba40ca14b6452283bd9e7e6b8b
All rsults,L33,30,1.1735868481538483,1.1735868481538483,1f403f49d399643455cffaad47d4445dee8acfba40ca14b6452283bd9e7e6b8b
All rsults,M33,30,12.815417345922206,12.815417345922206,1f403f49d399643455cffaad47d4445dee8acfba40ca14b6452283bd9e7e6b8b
All rsults,N33,30,0.12468770768540642,0.12468770768540642,1f403f49d399643455cffaad47d4445dee8acfba40ca14b6452283bd9e7e6b8b
All rsults,O33,30,2.711979911965221,2.711979911965221,1f403f49d399643455cffaad47d4445dee8acfba40ca14b6452283bd9e7e6b8b
All rsults,P33,30,610.7744598639763,610.7744598639763,1f403f49d399643455cffaad47d4445dee8acfba40ca14b6452283bd9e7e6b8b
All rsults,Q33,30,460.94609943578655,460.94609943578655,1f403f49d399643455cffaad47d4445dee8acfba40ca14b6452283bd9e7e6b8b
All rsults,R33,30,10.178549235676707,10.178549235676707,1f403f49d399643455cffaad47d4445dee8acfba40ca14b6452283bd9e7e6b8b
All rsults,S33,30,61.789118317901014,61.789118317901014,1f403f49d399643455cffaad47d4445dee8acfba40ca14b6452283bd9e7e6b8b
All rsults,T33,30,73.4104581424279,73.4104581424279,1f403f49d399643455cffaad47d4445dee8acfba40ca14b6452283bd9e7e6b8b
All rsults,V33,30,0.10825087219049419,0.10825087219049419,1f403f49d399643455cffaad47d4445dee8acfba40ca14b6452283bd9e7e6b8b
All rsults,W33,30,4.995195352896592,4.995195352896592,1f403f49d399643455cffaad47d4445dee8acfba40ca14b6452283bd9e7e6b8b
All rsults,X33,30,0.9947511973431321,0.9947511973431321,1f403f49d399643455cffaad47d4445dee8acfba40ca14b6452283bd9e7e6b8b
All rsults,Y33,30,1.7258053985233224,1.7258053985233224,1f403f49d399643455cffaad47d4445dee8acfba40ca14b6452283bd9e7e6b8b
All rsults,Z33,30,388.564749406734,388.564749406734,1f403f49d399643455cffaad47d4445dee8acfba40ca14b6452283bd9e7e6b8b
All rsults,AA33,30,119.14254543534494,119.14254543534494,1f403f49d399643455cffaad47d4445dee8acfba40ca14b6452283bd9e7e6b8b
All rsults,AB33,30,9.507436099258463,9.507436099258463,1f403f49d399643455cffaad47d4445dee8acfba40ca14b6452283bd9e7e6b8b
All rsults,AC33,30,1.6049121641013249,1.6049121641013249,1f403f49d399643455cffaad47d4445dee8acfba40ca14b6452283bd9e7e6b8b
All rsults,AD33,30,28.510010877976807,28.510010877976807,1f403f49d399643455cffaad47d4445dee8acfba40ca14b6452283bd9e7e6b8b
All rsults,AF33,30,1.1546759700319382,1.1546759700319382,1f403f49d399643455cffaad47d4445dee8acfba40ca14b6452283bd9e7e6b8b
All rsults,AG33,30,29.445362080232538,29.445362080232538,1f403f49d399643455cffaad47d4445dee8acfba40ca14b6452283bd9e7e6b8b
All rsults,AH33,30,48.177809115614565,48.177809115614565,1f403f49d399643455cffaad47d4445dee8acfba40ca14b6452283bd9e7e6b8b
All rsults,AI33,30,23.67805006773999,23.67805006773999,1f403f49d399643455cffaad47d4445dee8acfba40ca14b6452283bd9e7e6b8b
All rsults,AJ33,30,9439.748270778942,9439.748270778942,1f403f49d399643455cffaad47d4445dee8acfba40ca14b6452283bd9e7e6b8b
All rsults,AK33,30,163.7260679666607,163.7260679666607,1f403f49d399643455cffaad47d4445dee8acfba40ca14b6452283bd9e7e6b8b
All rsults,AL33,30,29.08156924479059,29.08156924479059,1f403f49d399643455cffaad47d4445dee8acfba40ca14b6452283bd9e7e6b8b
All rsults,AM33,30,83.8566605742942,83.8566605742942,1f403f49d399643455cffaad47d4445dee8acfba40ca14b6452283bd9e7e6b8b
All rsults,AN33,30,150.12031306393882,150.12031306393882,1f403f49d399643455cffaad47d4445dee8acfba40ca14b6452283bd9e7e6b8b
All rsults,AP33,30,3.866822661563783,3.866822661563783,1f403f49d399643455cffaad47d4445dee8acfba40ca14b6452283bd9e7e6b8b
All rsults,AQ33,30,54.893445722580736,54.893445722580736,1f403f49d399643455cffaad47d4445dee8acfba40ca14b6452283bd9e7e6b8b
All rsults,AR33,30,49.42468619246862,49.42468619246862,1f403f49d399643455cffaad47d4445dee8acfba40ca14b6452283bd9e7e6b8b
All rsults,AS33,30,30.3347280334728,30.3347280334728,1f403f49d399643455cffaad47d4445dee8acfba40ca14b6452283bd9e7e6b8b
All rsults,AT33,30,10465.684942672391,10465.684942672391,1f403f49d399643455cffaad47d4445dee8acfba40ca14b6452283bd9e7e6b8b
All rsults,AU33,30,926.2383587528682,926.2383587528682,1f403f49d399643455cffaad47d4445dee8acfba40ca14b6452283bd9e7e6b8b
All rsults,AV33,30,56.48535564853557,56.48535564853557,1f403f49d399643455cffaad47d4445dee8acfba40ca14b6452283bd9e7e6b8b
All rsults,AW33,30,222.2803347280335,222.2803347280335,1f403f49d399643455cffaad47d4445dee8acfba40ca14b6452283bd9e7e6b8b
All rsults,AX33,30,273.58194822975446,273.58194822975446,1f403f49d399643455cffaad47d4445dee8acfba40ca14b6452283bd9e7e6b8b
All rsults,BA33,30,480,480.0,1f403f49d399643455cffaad47d4445dee8acfba40ca14b6452283bd9e7e6b8b
All rsults,BD33,30,107,107.0,1f403f49d399643455cffaad47d4445dee8acfba40ca14b6452283bd9e7e6b8b
All rsults,BE33,30,103,103.0,1f403f49d399643455cffaad47d4445dee8acfba40ca14b6452283bd9e7e6b8b
All rsults,BF33,30,12.72,12.72,1f403f49d399643455cffaad47d4445dee8acfba40ca14b6452283bd9e7e6b8b
All rsults,BG33,30,8.4,8.4,1f403f49d399643455cffaad47d4445dee8acfba40ca14b6452283bd9e7e6b8b
All rsults,BH33,30,8.1,8.1,1f403f49d399643455cffaad47d4445dee8acfba40ca14b6452283bd9e7e6b8b
All rsults,B34,31,1.250408747455179,1.250408747455179,1f403f49d399643455cffaad47d4445dee8acfba40ca14b6452283bd9e7e6b8b
All rsults,C34,31,6.431612898328506,6.431612898328506,1f403f49d399643455cffaad47d4445dee8acfba40ca14b6452283bd9e7e6b8b
All rsults,D34,31,0.36948141140241675,0.36948141140241675,1f403f49d399643455cffaad47d4445dee8acfba40ca14b6452283bd9e7e6b8b
All rsults,E34,31,2.113375731116883,2.113375731116883,1f403f49d399643455cffaad47d4445dee8acfba40ca14b6452283bd9e7e6b8b
All rsults,F34,31,24.03118938567283,24.03118938567283,1f403f49d399643455cffaad47d4445dee8acfba40ca14b6452283bd9e7e6b8b
All rsults,G34,31,85.15438949026094,85.15438949026094,1f403f49d399643455cffaad47d4445dee8acfba40ca14b6452283bd9e7e6b8b
All rsults,H34,31,7.542495901259794,7.542495901259794,1f403f49d399643455cffaad47d4445dee8acfba40ca14b6452283bd9e7e6b8b
All rsults,I34,31,36.20075984803038,36.20075984803038,1f403f49d399643455cffaad47d4445dee8acfba40ca14b6452283bd9e7e6b8b
All rsults,J34,31,15.768740139617673,15.768740139617673,1f403f49d399643455cffaad47d4445dee8acfba40ca14b6452283bd9e7e6b8b
All rsults,L34,31,1.3129291848279379,1.3129291848279379,1f403f49d399643455cffaad47d4445dee8acfba40ca14b6452283bd9e7e6b8b
All rsults,M34,31,13.87874362270888,13.87874362270888,1f403f49d399643455cffaad47d4445dee8acfba40ca14b6452283bd9e7e6b8b
All rsults,N34,31,0.03629539458789912,0.03629539458789912,1f403f49d399643455cffaad47d4445dee8acfba40ca14b6452283bd9e7e6b8b
All rsults,O34,31,1.3585986842894249,1.3585986842894249,1f403f49d399643455cffaad47d4445dee8acfba40ca14b6452283bd9e7e6b8b
All rsults,P34,31,231.30019783710097,231.30019783710097,1f403f49d399643455cffaad47d4445dee8acfba40ca14b6452283bd9e7e6b8b
All rsults,Q34,31,432.25304263449584,432.25304263449584,1f403f49d399643455cffaad47d4445dee8acfba40ca14b6452283bd9e7e6b8b
All rsults,R34,31,11.951955043534749,11.951955043534749,1f403f49d399643455cffaad47d4445dee8acfba40ca14b6452283bd9e7e6b8b
All rsults,S34,31,46.36672665466906,46.36672665466906,1f403f49d399643455cffaad47d4445dee8acfba40ca14b6452283bd9e7e6b8b
All rsults,T34,31,51.372741530925104,51.372741530925104,1f403f49d399643455cffaad47d4445dee8acfba40ca14b6452283bd9e7e6b8b
All rsults,V34,31,0.24605199618170168,0.24605199618170168,1f403f49d399643455cffaad47d4445dee8acfba40ca14b6452283bd9e7e6b8b
All rsults,W34,31,5.614517543964788,5.614517543964788,1f403f49d399643455cffaad47d4445dee8acfba40ca14b6452283bd9e7e6b8b
All rsults,X34,31,0.28956252299904817,0.28956252299904817,1f403f49d399643455cffaad47d4445dee8acfba40ca14b6452283bd9e7e6b8b
All rsults,Y34,31,4.807929788290909,4.807929788290909,1f403f49d399643455cffaad47d4445dee8acfba40ca14b6452283bd9e7e6b8b
All rsults,Z34,31,139.43096341478923,139.43096341478923,1f403f49d399643455cffaad47d4445dee8acfba40ca14b6452283bd9e7e6b8b
All rsults,AA34,31,161.05947408646958,161.05947408646958,1f403f49d399643455cffaad47d4445dee8acfba40ca14b6452283bd9e7e6b8b
All rsults,AB34,31,9.979302269359113,9.979302269359113,1f403f49d399643455cffaad47d4445dee8acfba40ca14b6452283bd9e7e6b8b
All rsults,AC34,31,30.99380123975204,30.99380123975204,1f403f49d399643455cffaad47d4445dee8acfba40ca14b6452283bd9e7e6b8b
All rsults,AD34,31,30.923536659426194,30.923536659426194,1f403f49d399643455cffaad47d4445dee8acfba40ca14b6452283bd9e7e6b8b
All rsults,AF34,31,0.5074822421247598,0.5074822421247598,1f403f49d399643455cffaad47d4445dee8acfba40ca14b6452283bd9e7e6b8b
All rsults,AG34,31,28.87466165467606,28.87466165467606,1f403f49d399643455cffaad47d4445dee8acfba40ca14b6452283bd9e7e6b8b
All rsults,AH34,31,34.0477120607327,34.0477120607327,1f403f49d399643455cffaad47d4445dee8acfba40ca14b6452283bd9e7e6b8b
All rsults,AI34,31,24.113617092043633,24.113617092043633,1f403f49d399643455cffaad47d4445dee8acfba40ca14b6452283bd9e7e6b8b
All rsults,AJ34,31,9675.085151723435,9675.085151723435,1f403f49d399643455cffaad47d4445dee8acfba40ca14b6452283bd9e7e6b8b
All rsults,AK34,31,211.5163874526214,211.5163874526214,1f403f49d399643455cffaad47d4445dee8acfba40ca14b6452283bd9e7e6b8b
All rsults,AL34,31,40.845516265283806,40.845516265283806,1f403f49d399643455cffaad47d4445dee8acfba40ca14b6452283bd9e7e6b8b
All rsults,AM34,31,41.40771845630873,41.40771845630873,1f403f49d399643455cffaad47d4445dee8acfba40ca14b6452283bd9e7e6b8b
All rsults,AN34,31,149.1332484386957,149.1332484386957,1f403f49d399643455cffaad47d4445dee8acfba40ca14b6452283bd9e7e6b8b
All rsults,AP34,31,3.316872170589579,3.316872170589579,1f403f49d399643455cffaad47d4445dee8acfba40ca14b6452283bd9e7e6b8b
All rsults,AQ34,31,54.79953571967823,54.79953571967823,1f403f49d399643455cffaad47d4445dee8acfba40ca14b6452283bd9e7e6b8b
All rsults,AR34,31,34.743051389722055,34.743051389722055,1f403f49d399643455cffaad47d4445dee8acfba40ca14b6452283bd9e7e6b8b
All rsults,AS34,31,32.393521295740854,32.393521295740854,1f403f49d399643455cffaad47d4445dee8acfba40ca14b6452283bd9e7e6b8b
All rsults,AT34,31,10069.847502360999,10069.847502360999,1f403f49d399643455cffaad47d4445dee8acfba40ca14b6452283bd9e7e6b8b
All rsults,AU34,31,889.9832936638478,889.9832936638478,1f403f49d399643455cffaad47d4445dee8acfba40ca14b6452283bd9e7e6b8b
All rsults,AV34,31,70.31926947943745,70.31926947943745,1f403f49d399643455cffaad47d4445dee8acfba40ca14b6452283bd9e7e6b8b
All rsults,AW34,31,154.9690061987602,154.9690061987602,1f403f49d399643455cffaad47d4445dee8acfba40ca14b6452283bd9e7e6b8b
All rsults,AX34,31,247.19826676866467,247.19826676866467,1f403f49d399643455cffaad47d4445dee8acfba40ca14b6452283bd9e7e6b8b
All rsults,BA34,31,150,150.0,1f403f49d399643455cffaad47d4445dee8acfba40ca14b6452283bd9e7e6b8b
All rsults,BD34,31,196,196.0,1f403f49d399643455cffaad47d4445dee8acfba40ca14b6452283bd9e7e6b8b
All rsults,BE34,31,184,184.0,1f403f49d399643455cffaad47d4445dee8acfba40ca14b6452283bd9e7e6b8b
All rsults,BF34,31,11.93,11.93,1f403f49d399643455cffaad47d4445dee8acfba40ca14b6452283bd9e7e6b8b
All rsults,BG34,31,16.4,16.4,1f403f49d399643455cffaad47d4445dee8acfba40ca14b6452283bd9e7e6b8b
All rsults,BH34,31,15.4,15.4,1f403f49d399643455cffaad47d4445dee8acfba40ca14b6452283bd9e7e6b8b
All rsults,B35,32,0.047322584403479695,0.047322584403479695,1f403f49d399643455cffaad47d4445dee8acfba40ca14b6452283bd9e7e6b8b
All rsults,C35,32,9.113477403451922,9.113477403451922,1f403f49d399643455cffaad47d4445dee8acfba40ca14b6452283bd9e7e6b8b
All rsults,D35,32,0.030238521617831974,0.030238521617831974,1f403f49d399643455cffaad47d4445dee8acfba40ca14b6452283bd9e7e6b8b
All rsults,E35,32,2.1948474126100095,2.1948474126100095,1f403f49d399643455cffaad47d4445dee8acfba40ca14b6452283bd9e7e6b8b
All rsults,F35,32,16.974001748177255,16.974001748177255,1f403f49d399643455cffaad47d4445dee8acfba40ca14b6452283bd9e7e6b8b
All rsults,G35,32,51.18453920427354,51.18453920427354,1f403f49d399643455cffaad47d4445dee8acfba40ca14b6452283bd9e7e6b8b
All rsults,H35,32,8.137317228226319,8.137317228226319,1f403f49d399643455cffaad47d4445dee8acfba40ca14b6452283bd9e7e6b8b
All rsults,I35,32,38.73275056160963,38.73275056160963,1f403f49d399643455cffaad47d4445dee8acfba40ca14b6452283bd9e7e6b8b
All rsults,J35,32,3.6469402047511954,3.6469402047511954,1f403f49d399643455cffaad47d4445dee8acfba40ca14b6452283bd9e7e6b8b
All rsults,L35,32,0.03748932011184755,0.03748932011184755,1f403f49d399643455cffaad47d4445dee8acfba40ca14b6452283bd9e7e6b8b
All rsults,M35,32,14.095511717338974,14.095511717338974,1f403f49d399643455cffaad47d4445dee8acfba40ca14b6452283bd9e7e6b8b
All rsults,N35,32,0.029585891654857185,0.029585891654857185,1f403f49d399643455cffaad47d4445dee8acfba40ca14b6452283bd9e7e6b8b
All rsults,O35,32,1.4314222256152234,1.4314222256152234,1f403f49d399643455cffaad47d4445dee8acfba40ca14b6452283bd9e7e6b8b
All rsults,P35,32,299.4698879856987,299.4698879856987,1f403f49d399643455cffaad47d4445dee8acfba40ca14b6452283bd9e7e6b8b
All rsults,Q35,32,537.8760009134198,537.8760009134198,1f403f49d399643455cffaad47d4445dee8acfba40ca14b6452283bd9e7e6b8b
All rsults,R35,32,14.185323276232365,14.185323276232365,1f403f49d399643455cffaad47d4445dee8acfba40ca14b6452283bd9e7e6b8b
All rsults,S35,32,56.254709149004455,56.254709149004455,1f403f49d399643455cffaad47d4445dee8acfba40ca14b6452283bd9e7e6b8b
All rsults,T35,32,9.810269150780716,9.810269150780716,1f403f49d399643455cffaad47d4445dee8acfba40ca14b6452283bd9e7e6b8b
All rsults,V35,32,0.0036280550952775483,0.0036280550952775483,1f403f49d399643455cffaad47d4445dee8acfba40ca14b6452283bd9e7e6b8b
All rsults,W35,32,1.60412250354258,1.60412250354258,1f403f49d399643455cffaad47d4445dee8acfba40ca14b6452283bd9e7e6b8b
All rsults,X35,32,2.317577993518433,2.317577993518433,1f403f49d399643455cffaad47d4445dee8acfba40ca14b6452283bd9e7e6b8b
All rsults,Y35,32,1.5898329519166412,1.5898329519166412,1f403f49d399643455cffaad47d4445dee8acfba40ca14b6452283bd9e7e6b8b
All rsults,Z35,32,69.83589290678641,69.83589290678641,1f403f49d399643455cffaad47d4445dee8acfba40ca14b6452283bd9e7e6b8b
All rsults,AA35,32,111.91791324373595,111.91791324373595,1f403f49d399643455cffaad47d4445dee8acfba40ca14b6452283bd9e7e6b8b
All rsults,AB35,32,13.525540798268072,13.525540798268072,1f403f49d399643455cffaad47d4445dee8acfba40ca14b6452283bd9e7e6b8b
All rsults,AC35,32,29.20326431232472,29.20326431232472,1f403f49d399643455cffaad47d4445dee8acfba40ca14b6452283bd9e7e6b8b
All rsults,AD35,32,3.5922121401805533,3.5922121401805533,1f403f49d399643455cffaad47d4445dee8acfba40ca14b6452283bd9e7e6b8b
All rsults,AF35,32,0.0465600403893952,0.0465600403893952,1f403f49d399643455cffaad47d4445dee8acfba40ca14b6452283bd9e7e6b8b
All rsults,AG35,32,29.73796333490476,29.73796333490476,1f403f49d399643455cffaad47d4445dee8acfba40ca14b6452283bd9e7e6b8b
All rsults,AH35,32,24.389749360360646,24.389749360360646,1f403f49d399643455cffaad47d4445dee8acfba40ca14b6452283bd9e7e6b8b
All rsults,AI35,32,21.60302422898495,21.60302422898495,1f403f49d399643455cffaad47d4445dee8acfba40ca14b6452283bd9e7e6b8b
All rsults,AJ35,32,9597.43020106932,9597.43020106932,1f403f49d399643455cffaad47d4445dee8acfba40ca14b6452283bd9e7e6b8b
All rsults,AK35,32,198.52526872293782,198.52526872293782,1f403f49d399643455cffaad47d4445dee8acfba40ca14b6452283bd9e7e6b8b
All rsults,AL35,32,30.67988522533977,30.67988522533977,1f403f49d399643455cffaad47d4445dee8acfba40ca14b6452283bd9e7e6b8b
All rsults,AM35,32,59.021334189119436,59.021334189119436,1f403f49d399643455cffaad47d4445dee8acfba40ca14b6452283bd9e7e6b8b
All rsults,AN35,32,99.61629150027578,99.61629150027578,1f403f49d399643455cffaad47d4445dee8acfba40ca14b6452283bd9e7e6b8b
All rsults,AP35,32,0.135,0.135,1f403f49d399643455cffaad47d4445dee8acfba40ca14b6452283bd9e7e6b8b
All rsults,AQ35,32,54.551074959238235,54.551074959238235,1f403f49d399643455cffaad47d4445dee8acfba40ca14b6452283bd9e7e6b8b
All rsults,AR35,32,26.76715176715177,26.76715176715177,1f403f49d399643455cffaad47d4445dee8acfba40ca14b6452283bd9e7e6b8b
All rsults,AS35,32,26.819126819126822,26.819126819126822,1f403f49d399643455cffaad47d4445dee8acfba40ca14b6452283bd9e7e6b8b
All rsults,AT35,32,9983.709983709983,9983.709983709983,1f403f49d399643455cffaad47d4445dee8acfba40ca14b6452283bd9e7e6b8b
All rsults,AU35,32,899.5037220843672,899.5037220843672,1f403f49d399643455cffaad47d4445dee8acfba40ca14b6452283bd9e7e6b8b
All rsults,AV35,32,66.52806652806653,66.52806652806653,1f403f49d399643455cffaad47d4445dee8acfba40ca14b6452283bd9e7e6b8b
All rsults,AW35,32,183.21205821205822,183.21205821205822,1f403f49d399643455cffaad47d4445dee8acfba40ca14b6452283bd9e7e6b8b
All rsults,AX35,32,116.66571299598824,116.66571299598824,1f403f49d399643455cffaad47d4445dee8acfba40ca14b6452283bd9e7e6b8b
All rsults,BA35,32,250,250.0,1f403f49d399643455cffaad47d4445dee8acfba40ca14b6452283bd9e7e6b8b
All rsults,BD35,32,96,96.0,1f403f49d399643455cffaad47d4445dee8acfba40ca14b6452283bd9e7e6b8b
All rsults,BE35,32,94,94.0,1f403f49d399643455cffaad47d4445dee8acfba40ca14b6452283bd9e7e6b8b
All rsults,BF35,32,12.1,12.1,1f403f49d399643455cffaad47d4445dee8acfba40ca14b6452283bd9e7e6b8b
All rsults,BG35,32,7.9,7.9,1f403f49d399643455cffaad47d4445dee8acfba40ca14b6452283bd9e7e6b8b
All rsults,BH35,32,7.8,7.8,1f403f49d399643455cffaad47d4445dee8acfba40ca14b6452283bd9e7e6b8b
