element,target,k,magnetic_choices,nearest_choices,magnetic_min,magnetic_max,nearest_min,nearest_max,nearest_worst_minus_magnetic_best,magnetic_worst_minus_nearest_best,classification
Cd,total,1,1,5,0.30529639651058343,0.30529639651058343,0.007990222784810125,0.5437925604793357,-0.2973061737257733,-0.23849616396875223,overlap_or_equal
Cd,F1,1,1,5,0.14344371335258305,0.14344371335258305,0.008434855930271915,0.4443619153719849,-0.13500885742231114,-0.30091820201940184,overlap_or_equal
Cd,F1_plus_F2_plus_F3,1,1,5,0.39121012732522675,0.39121012732522675,0.009743985651551887,0.6261463352968879,-0.3814661416736749,-0.23493620797166115,overlap_or_equal
Cd,minimum_four_fraction,1,1,5,0.06477579305295957,0.06477579305295957,0.0010306318077873552,0.3777596610773548,-0.06374516124517221,-0.31298386802439526,overlap_or_equal
Co,total,1,1,5,0.841272056541401,0.841272056541401,0.742843372370073,0.9430475145125262,-0.098428684171328,-0.1017754579711252,overlap_or_equal
Co,F1,1,1,5,0.7006895339502871,0.7006895339502871,0.5847455165062624,0.8305551791520377,-0.11594401744402472,-0.1298656452017506,overlap_or_equal
Co,F1_plus_F2_plus_F3,1,1,5,0.9378544199723712,0.9378544199723712,0.7674870074560484,0.9378544199723712,-0.1703674125163228,0.0,overlap_or_equal
Co,minimum_four_fraction,1,1,5,0.5637091671831536,0.5637091671831536,0.42175510124492094,0.6212317445455374,-0.14195406593823262,-0.057522577362383864,overlap_or_equal
Cr,total,1,1,5,0.23615377870351714,0.23615377870351714,0.00736457626916991,1.0,-0.22878920243434722,-0.7638462212964828,overlap_or_equal
Cr,F1,1,1,5,0.016311938348760862,0.016311938348760862,0.004924102172845752,0.036383632485576196,-0.01138783617591511,-0.020071694136815334,overlap_or_equal
Cr,F1_plus_F2_plus_F3,1,1,5,0.13223397704311352,0.13223397704311352,0.0036117553577242824,0.6632068910601715,-0.12862222168538923,-0.530972914017058,overlap_or_equal
Cr,minimum_four_fraction,1,1,5,0.009020802940447046,0.009020802940447046,0.0002485035601799256,0.036383632485576196,-0.00877229938026712,-0.02736282954512915,overlap_or_equal
Cu,total,1,1,5,0.8345246956057693,0.8345246956057693,0.4298498467021304,1.0,-0.40467484890363886,-0.16547530439423075,overlap_or_equal
Cu,F1,1,1,5,0.5997354251365439,0.5997354251365439,0.2319532472983795,1.0,-0.36778217783816436,-0.4002645748634561,overlap_or_equal
Cu,F1_plus_F2_plus_F3,1,1,5,1.0,1.0,0.5030737133639674,1.0,-0.49692628663603255,0.0,overlap_or_equal
Cu,minimum_four_fraction,1,1,5,0.5110147766592426,0.5110147766592426,0.2319532472983795,0.5196370903763157,-0.27906152936086304,-0.008622313717073116,overlap_or_equal
Fe,total,1,1,5,0.935631655821228,0.935631655821228,0.8269674991680326,0.935631655821228,-0.1086641566531954,0.0,overlap_or_equal
Fe,F1,1,1,5,0.5461258691825734,0.5461258691825734,0.34138568114089196,1.0,-0.20474018804168148,-0.45387413081742656,overlap_or_equal
Fe,F1_plus_F2_plus_F3,1,1,5,0.8106562963573859,0.8106562963573859,0.03267878854419424,0.9556649740876763,-0.7779775078131916,-0.14500867773029036,overlap_or_equal
Fe,minimum_four_fraction,1,1,5,0.25600705739113816,0.25600705739113816,0.02076077804791388,0.3889472342036917,-0.23524627934322428,-0.13294017681255355,overlap_or_equal
Mn,total,1,1,5,0.37974740782303495,0.37974740782303495,0.23967165984970082,0.5048477421290862,-0.14007574797333414,-0.12510033430605128,overlap_or_equal
Mn,F1,1,1,5,0.2904076059177282,0.2904076059177282,0.1343524712378031,0.29738669460255224,-0.15605513467992507,-0.006979088684824053,overlap_or_equal
Mn,F1_plus_F2_plus_F3,1,1,5,0.3315149625022368,0.3315149625022368,0.21588012570364534,0.4588347258437624,-0.11563483679859143,-0.12731976334152562,overlap_or_equal
Mn,minimum_four_fraction,1,1,5,0.2904076059177282,0.2904076059177282,0.1343524712378031,0.29738669460255224,-0.15605513467992507,-0.006979088684824053,overlap_or_equal
Ni,total,1,1,5,0.745434172869816,0.745434172869816,0.4295588019869224,0.8932379485780004,-0.3158753708828935,-0.14780377570818448,overlap_or_equal
Ni,F1,1,1,5,0.47906298321741986,0.47906298321741986,0.2570243260014917,0.6460969198696932,-0.22203865721592814,-0.16703393665227334,overlap_or_equal
Ni,F1_plus_F2_plus_F3,1,1,5,0.7346839370734537,0.7346839370734537,0.41454005752730705,0.7644394159453722,-0.32014387954614665,-0.02975547887191854,overlap_or_equal
Ni,minimum_four_fraction,1,1,5,0.45269071118510446,0.45269071118510446,0.2570243260014917,0.5693400586273745,-0.19566638518361273,-0.11664934744227001,overlap_or_equal
Pb,total,1,1,5,0.04628681000567081,0.04628681000567081,0.034611567706586154,0.08875535445037634,-0.011675242299084655,-0.04246854444470553,overlap_or_equal
Pb,F1,1,1,5,0.0893911697619434,0.0893911697619434,0.08103244244656803,0.34207736913430964,-0.008358727315375375,-0.25268619937236625,overlap_or_equal
Pb,F1_plus_F2_plus_F3,1,1,5,0.03620930394833948,0.03620930394833948,0.030613043256479257,0.07554406704943845,-0.005596260691860224,-0.039334763101098964,overlap_or_equal
Pb,minimum_four_fraction,1,1,5,0.0008048081776551607,0.0008048081776551607,0.000725222095347286,0.029683871574600746,-7.958608230787469e-05,-0.028879063396945584,overlap_or_equal
Zn,total,1,1,5,0.7201922747615606,0.7201922747615606,0.1385448005493312,0.7201922747615606,-0.5816474742122294,0.0,overlap_or_equal
Zn,F1,1,1,5,1.0,1.0,0.024050739896548073,1.0,-0.975949260103452,0.0,overlap_or_equal
Zn,F1_plus_F2_plus_F3,1,1,5,1.0,1.0,0.13860106709631237,1.0,-0.8613989329036876,0.0,overlap_or_equal
Zn,minimum_four_fraction,1,1,5,0.13623856227204198,0.13623856227204198,0.024050739896548073,0.22496858293780445,-0.1121878223754939,-0.08873002066576247,overlap_or_equal
Cd,total,2,1,10,0.5500019748289781,0.5500019748289781,0.010351420248234936,0.5500019748289781,-0.5396505545807431,0.0,overlap_or_equal
Cd,F1,2,1,10,0.39641027919897637,0.39641027919897637,0.012471541447328803,0.39641027919897637,-0.38393873775164755,0.0,overlap_or_equal
Cd,F1_plus_F2_plus_F3,2,1,10,0.5824862590878861,0.5824862590878861,0.012050481466283559,0.5824862590878861,-0.5704357776216026,0.0,overlap_or_equal
Cd,minimum_four_fraction,2,1,10,0.3198870442948044,0.3198870442948044,0.003705698877396716,0.3198870442948044,-0.3161813454174077,0.0,overlap_or_equal
Co,total,2,1,10,0.9054499255128783,0.9054499255128783,0.7822927556523493,0.9088521375365609,-0.12315716986052894,-0.003402212023682627,overlap_or_equal
Co,F1,2,1,10,0.7729493968170879,0.7729493968170879,0.644226237644763,0.8381825248854033,-0.1287231591723249,-0.0652331280683155,overlap_or_equal
Co,F1_plus_F2_plus_F3,2,1,10,0.9165415329340383,0.9165415329340383,0.8087826890260252,0.9165415329340383,-0.10775884390801305,0.0,overlap_or_equal
Co,minimum_four_fraction,2,1,10,0.7286586839975536,0.7286586839975536,0.5225787993467208,0.7286586839975536,-0.20607988465083282,0.0,overlap_or_equal
Cr,total,2,1,10,0.6536528839530054,0.6536528839530054,0.013289758029161184,0.8735099080512279,-0.6403631259238441,-0.2198570240982225,overlap_or_equal
Cr,F1,2,1,10,0.02959047912664781,0.02959047912664781,0.009155129675508748,0.04201598906768698,-0.020435349451139062,-0.012425509941039168,overlap_or_equal
Cr,F1_plus_F2_plus_F3,2,1,10,0.4164183901345604,0.4164183901345604,0.00848608857330232,0.4164183901345604,-0.4079323015612581,0.0,overlap_or_equal
Cr,minimum_four_fraction,2,1,10,0.02959047912664781,0.02959047912664781,0.0018348388057356413,0.04201598906768698,-0.02775564032091217,-0.012425509941039168,overlap_or_equal
Cu,total,2,1,10,1.0,1.0,0.48626551462919215,1.0,-0.5137344853708079,0.0,overlap_or_equal
Cu,F1,2,1,10,0.895393058749349,0.895393058749349,0.33291104887134926,0.9378489406806406,-0.5624820098779998,-0.04245588193129157,overlap_or_equal
Cu,F1_plus_F2_plus_F3,2,1,10,0.9142015106597794,0.9142015106597794,0.5667074371455023,1.0,-0.3474940735142771,-0.08579848934022061,overlap_or_equal
Cu,minimum_four_fraction,2,1,10,0.7567974467207346,0.7567974467207346,0.288466322825884,0.7567974467207346,-0.46833112389485054,0.0,overlap_or_equal
Fe,total,2,1,10,0.9470516182158676,0.9470516182158676,0.8778135262929728,0.9470516182158676,-0.06923809192289476,0.0,overlap_or_equal
Fe,F1,2,1,10,0.7844172288649596,0.7844172288649596,0.37052980809793085,0.9255237267979246,-0.4138874207670287,-0.14110649793296504,overlap_or_equal
Fe,F1_plus_F2_plus_F3,2,1,10,0.4380141434176862,0.4380141434176862,0.04020699438076053,0.9031819324110236,-0.39780714903692566,-0.46516778899333744,overlap_or_equal
Fe,minimum_four_fraction,2,1,10,0.14598210402012804,0.14598210402012804,0.030542956671965656,0.47440345392590966,-0.11543914734816238,-0.32842134990578165,overlap_or_equal
Mn,total,2,1,10,0.4258474249607124,0.4258474249607124,0.3352775463660598,0.5159290307400315,-0.0905698785946526,-0.09008160577931912,overlap_or_equal
Mn,F1,2,1,10,0.32301336880578957,0.32301336880578957,0.22873241861552104,0.3268644316691054,-0.09428095019026853,-0.003851062863315824,overlap_or_equal
Mn,F1_plus_F2_plus_F3,2,1,10,0.3723759646565536,0.3723759646565536,0.2939140551094126,0.46665066405537253,-0.078461909547141,-0.09427469939881894,overlap_or_equal
Mn,minimum_four_fraction,2,1,10,0.32301336880578957,0.32301336880578957,0.22873241861552104,0.3268644316691054,-0.09428095019026853,-0.003851062863315824,overlap_or_equal
Ni,total,2,1,10,0.782214350149462,0.782214350149462,0.4997468407488148,0.8583597056886423,-0.28246750940064713,-0.07614535553918034,overlap_or_equal
Ni,F1,2,1,10,0.6296332084421632,0.6296332084421632,0.4119103541865011,0.7023845032270545,-0.21772285425566207,-0.07275129478489128,overlap_or_equal
Ni,F1_plus_F2_plus_F3,2,1,10,0.7306222910476918,0.7306222910476918,0.4715707432317651,0.822956361047901,-0.2590515478159267,-0.09233407000020921,overlap_or_equal
Ni,minimum_four_fraction,2,1,10,0.5068879135260839,0.5068879135260839,0.34555653981860407,0.6070669943387845,-0.1613313737074798,-0.10017908081270066,overlap_or_equal
Pb,total,2,1,10,0.08761896396514825,0.08761896396514825,0.07391681975345753,0.12662547196633683,-0.01370214421169072,-0.039006508001188586,overlap_or_equal
Pb,F1,2,1,10,0.22241611517946575,0.22241611517946575,0.12698493851993126,0.4106960200372299,-0.09543117665953449,-0.18827990485776414,overlap_or_equal
Pb,F1_plus_F2_plus_F3,2,1,10,0.0685195741424689,0.0685195741424689,0.062128879003659813,0.10509154204798374,-0.006390695138809084,-0.03657196790551484,overlap_or_equal
Pb,minimum_four_fraction,2,1,10,0.018480221603946672,0.018480221603946672,0.0014859223449452622,0.046526755296645475,-0.016994299259001408,-0.028046533692698803,overlap_or_equal
Zn,total,2,1,10,0.6335807932681895,0.6335807932681895,0.1667972022870577,0.6335807932681895,-0.4667835909811318,0.0,overlap_or_equal
Zn,F1,2,1,10,1.0,1.0,0.07932248343880578,1.0,-0.9206775165611942,0.0,overlap_or_equal
Zn,F1_plus_F2_plus_F3,2,1,10,0.8318501849380676,0.8318501849380676,0.19709309672308545,0.8318501849380676,-0.6347570882149822,0.0,overlap_or_equal
Zn,minimum_four_fraction,2,1,10,0.30444558856924736,0.30444558856924736,0.07932248343880578,0.33048895249362853,-0.2251231051304416,-0.02604336392438117,overlap_or_equal
Cd,total,3,1,10,0.5045651728486026,0.5045651728486026,0.050641747100125464,0.4527422652450494,-0.4539234257484771,0.05182290760355318,magnetic_all_ties_better
Cd,F1,3,1,10,0.410332210009719,0.410332210009719,0.06533947582777892,0.36075121399096066,-0.34499273418194004,0.049580996018758317,magnetic_all_ties_better
Cd,F1_plus_F2_plus_F3,3,1,10,0.5336111980434566,0.5336111980434566,0.05857146204868351,0.4784728592617571,-0.47503973599477306,0.05513833878169949,magnetic_all_ties_better
Cd,minimum_four_fraction,3,1,10,0.28622108801084306,0.28622108801084306,0.018868024904990312,0.26759637379998175,-0.2673530631058528,0.018624714210861315,magnetic_all_ties_better
Co,total,3,1,10,0.7596838721787617,0.7596838721787617,0.8166311711732065,0.9021032009391389,0.05694729899444484,-0.14241932876037722,nearest_all_ties_better
Co,F1,3,1,10,0.6133234717094056,0.6133234717094056,0.6812246642356056,0.8136273627563175,0.06790119252619997,-0.20030389104691193,nearest_all_ties_better
Co,F1_plus_F2_plus_F3,3,1,10,0.7283356455104714,0.7283356455104714,0.8417149134676181,0.9149031532399075,0.1133792679571467,-0.1865675077294361,nearest_all_ties_better
Co,minimum_four_fraction,3,1,10,0.5762446097276076,0.5762446097276076,0.6209092149100975,0.7291436415320807,0.044664605182489936,-0.15289903180447306,nearest_all_ties_better
Cr,total,3,1,10,0.5617567351084277,0.5617567351084277,0.09922024610203992,0.7169776826984932,-0.4625364890063878,-0.15522094759006544,overlap_or_equal
Cr,F1,3,1,10,0.03322893106360872,0.03322893106360872,0.014118300056638961,0.038215122707179694,-0.019110631006969758,-0.004986191643570975,overlap_or_equal
Cr,F1_plus_F2_plus_F3,3,1,10,0.31395796672649934,0.31395796672649934,0.046079618389606496,0.34888128421636355,-0.26787834833689284,-0.034923317489864214,overlap_or_equal
Cr,minimum_four_fraction,3,1,10,0.03322893106360872,0.03322893106360872,0.005732030016954803,0.038215122707179694,-0.027496901046653914,-0.004986191643570975,overlap_or_equal
Cu,total,3,1,10,0.9545118195390997,0.9545118195390997,0.6354195496025693,0.9979592204092079,-0.3190922699365304,-0.04344740087010823,overlap_or_equal
Cu,F1,3,1,10,0.8244340224157465,0.8244340224157465,0.4813059670685486,0.9167893403303518,-0.34312805534719787,-0.09235531791460527,overlap_or_equal
Cu,F1_plus_F2_plus_F3,3,1,10,0.7531517161383815,0.7531517161383815,0.6516708083541006,0.9509407260857327,-0.10148090778428087,-0.19778900994735116,overlap_or_equal
Cu,minimum_four_fraction,3,1,10,0.564466122775444,0.564466122775444,0.3719233738474674,0.7060417670151822,-0.19254274892797657,-0.14157564423973823,overlap_or_equal
Fe,total,3,1,10,0.7888953278847615,0.7888953278847615,0.9057163838611003,0.9524521210278446,0.11682105597633885,-0.16355679314308313,nearest_all_ties_better
Fe,F1,3,1,10,0.657749657397792,0.657749657397792,0.43766784470927006,0.8127477442714361,-0.22008181268852195,-0.15499808687364414,overlap_or_equal
Fe,F1_plus_F2_plus_F3,3,1,10,0.32215671959369296,0.32215671959369296,0.29361840434463427,0.9037029515923743,-0.0285383152490587,-0.5815462319986814,overlap_or_equal
Fe,minimum_four_fraction,3,1,10,0.11076636193938796,0.11076636193938796,0.11158278397699942,0.4635849315026876,0.0008164220376114528,-0.3528185695632996,nearest_all_ties_better
Mn,total,3,1,10,0.46948773489895235,0.46948773489895235,0.3847900622868523,0.5136030320262882,-0.08469767261210004,-0.04411529712733586,overlap_or_equal
Mn,F1,3,1,10,0.4510127532397546,0.4510127532397546,0.3021657852745237,0.37839639342222603,-0.1488469679652309,0.07261635981752856,magnetic_all_ties_better
Mn,F1_plus_F2_plus_F3,3,1,10,0.4162253724138509,0.4162253724138509,0.33857683334481165,0.4628662734976089,-0.07764853906903924,-0.04664090108375801,overlap_or_equal
Mn,minimum_four_fraction,3,1,10,0.3565457886647052,0.3565457886647052,0.3021657852745237,0.37839639342222603,-0.05438000339018151,-0.02185060475752082,overlap_or_equal
Ni,total,3,1,10,0.7172275626813668,0.7172275626813668,0.6003262192779579,0.8439219516429912,-0.11690134340340885,-0.12669438896162444,overlap_or_equal
Ni,F1,3,1,10,0.5729406561806607,0.5729406561806607,0.507397437129488,0.7091549266425704,-0.06554321905117266,-0.1362142704619097,overlap_or_equal
Ni,F1_plus_F2_plus_F3,3,1,10,0.6248913898181317,0.6248913898181317,0.5510496480844537,0.7934269872282468,-0.07384174173367808,-0.16853559741011503,overlap_or_equal
Ni,minimum_four_fraction,3,1,10,0.4544762528021077,0.4544762528021077,0.3993352399986984,0.6229597340312262,-0.05514101280340927,-0.1684834812291185,overlap_or_equal
Pb,total,3,1,10,0.09586182436312576,0.09586182436312576,0.11051105979887722,0.16054002651623536,0.01464923543575146,-0.0646782021531096,nearest_all_ties_better
Pb,F1,3,1,10,0.21348257545814578,0.21348257545814578,0.2080993601331749,0.4448018006731878,-0.00538321532497088,-0.23131922521504203,overlap_or_equal
Pb,F1_plus_F2_plus_F3,3,1,10,0.07752578323728039,0.07752578323728039,0.0923511231068351,0.13372629987245416,0.014825339869554713,-0.05620051663517377,nearest_all_ties_better
Pb,minimum_four_fraction,3,1,10,0.02415458369737832,0.02415458369737832,0.004267614823133517,0.04824486681490133,-0.0198869688742448,-0.024090283117523013,overlap_or_equal
Zn,total,3,1,10,0.5892311773843968,0.5892311773843968,0.27689080686254847,0.6611029267899379,-0.3123403705218483,-0.07187174940554109,overlap_or_equal
Zn,F1,3,1,10,0.8812841956571477,0.8812841956571477,0.14469702015966984,0.9352139385815403,-0.7365871754974778,-0.053929742924392676,overlap_or_equal
Zn,F1_plus_F2_plus_F3,3,1,10,0.7345967560084596,0.7345967560084596,0.25562339230868547,0.7813338713422342,-0.47897336369977417,-0.04673711533377456,overlap_or_equal
Zn,minimum_four_fraction,3,1,10,0.3433699068436436,0.3433699068436436,0.14469702015966984,0.44153687230201144,-0.19867288668397376,-0.09816696545836784,overlap_or_equal
Cd,total,4,1,5,0.40807596678708424,0.40807596678708424,0.15891594848777071,0.36648119464563383,-0.24916001829931353,0.04159477214145041,magnetic_all_ties_better
Cd,F1,4,1,5,0.3430055567899268,0.3430055567899268,0.11590411874777154,0.30347773909082193,-0.22710143804215524,0.03952781769910485,magnetic_all_ties_better
Cd,F1_plus_F2_plus_F3,4,1,5,0.4276324798892802,0.4276324798892802,0.177798691760783,0.38451097322990063,-0.24983378812849721,0.04312150665937958,magnetic_all_ties_better
Cd,minimum_four_fraction,4,1,5,0.23799678788158588,0.23799678788158588,0.05563857300835616,0.22424831323886082,-0.18235821487322973,0.01374847464272505,magnetic_all_ties_better
Co,total,4,1,5,0.7016725167555503,0.7016725167555503,0.835986961707942,0.8877897546930976,0.13431444495239164,-0.1861172379375473,nearest_all_ties_better
Co,F1,4,1,5,0.5740805097551027,0.5740805097551027,0.7504526846647959,0.8161735788476291,0.17637217490969315,-0.24209306909252637,nearest_all_ties_better
Co,F1_plus_F2_plus_F3,4,1,5,0.6578569579299367,0.6578569579299367,0.867727178078534,0.9116990508245112,0.20987022014859724,-0.2538420928945745,nearest_all_ties_better
Co,minimum_four_fraction,4,1,5,0.5139692424288571,0.5139692424288571,0.6723966469786407,0.7303772911033821,0.15842740454978355,-0.216408048674525,nearest_all_ties_better
Cr,total,4,1,5,0.4871434035229113,0.4871434035229113,0.2755824150867175,0.5751292280571283,-0.2115609884361938,-0.087985824534217,overlap_or_equal
Cr,F1,4,1,5,0.028401591734299663,0.028401591734299663,0.023842945742710904,0.035827443718916864,-0.004558645991588759,-0.007425851984617201,overlap_or_equal
Cr,F1_plus_F2_plus_F3,4,1,5,0.2582897968823085,0.2582897968823085,0.07984021226431035,0.2898042443479337,-0.17844958461799817,-0.031514447465625206,overlap_or_equal
Cr,minimum_four_fraction,4,1,5,0.028401591734299663,0.028401591734299663,0.020689243148875002,0.035827443718916864,-0.007712348585424661,-0.007425851984617201,overlap_or_equal
Cu,total,4,1,5,0.9288032346062525,0.9288032346062525,0.7401269252907918,0.9098461570970676,-0.18867630931546064,0.01895707750918485,magnetic_all_ties_better
Cu,F1,4,1,5,0.857975058426635,0.857975058426635,0.5922898717484587,0.8355406602511087,-0.2656851866781763,0.022434398175526282,magnetic_all_ties_better
Cu,F1_plus_F2_plus_F3,4,1,5,0.6786851452640313,0.6786851452640313,0.7706260179985478,0.9169828649569055,0.09194087273451645,-0.23829771969287417,nearest_all_ties_better
Cu,minimum_four_fraction,4,1,5,0.5137073985142178,0.5137073985142178,0.4185866548448861,0.6122284512858537,-0.09512074366933165,-0.09852105277163592,overlap_or_equal
Fe,total,4,1,5,0.7056058875161536,0.7056058875161536,0.9213705601137954,0.9498772633885139,0.21576467259764176,-0.24427137587236025,nearest_all_ties_better
Fe,F1,4,1,5,0.6063327642800952,0.6063327642800952,0.5594763679277049,0.7348831013073693,-0.04685639635239025,-0.12855033702727414,overlap_or_equal
Fe,F1_plus_F2_plus_F3,4,1,5,0.2682841751780149,0.2682841751780149,0.4570562602747541,0.7169963917914693,0.1887720850967392,-0.44871221661345445,nearest_all_ties_better
Fe,minimum_four_fraction,4,1,5,0.09868607606031173,0.09868607606031173,0.3358645875932321,0.5975999412067043,0.2371785115329204,-0.49891386514639263,nearest_all_ties_better
Mn,total,4,1,5,0.5920505062282525,0.5920505062282525,0.4247738620640117,0.51108792825517,-0.16727664416424082,0.08096257797308248,magnetic_all_ties_better
Mn,F1,4,1,5,0.5008505210212194,0.5008505210212194,0.3533391756190379,0.4109512397346912,-0.14751134540218153,0.08989928128652819,magnetic_all_ties_better
Mn,F1_plus_F2_plus_F3,4,1,5,0.5456694644461821,0.5456694644461821,0.3754921332483874,0.45633380073091395,-0.1701773311977947,0.08933566371526819,magnetic_all_ties_better
Mn,minimum_four_fraction,4,1,5,0.5008505210212194,0.5008505210212194,0.34928158562471723,0.4109512397346912,-0.15156893539650218,0.08989928128652819,magnetic_all_ties_better
Ni,total,4,1,5,0.7320849617384707,0.7320849617384707,0.6596461022125782,0.782562996231078,-0.07243885952589246,-0.05047803449260724,overlap_or_equal
Ni,F1,4,1,5,0.5369836714349704,0.5369836714349704,0.5705664878593764,0.6865195144102849,0.03358281642440597,-0.14953584297531453,nearest_all_ties_better
Ni,F1_plus_F2_plus_F3,4,1,5,0.6355657871317127,0.6355657871317127,0.6430932025797302,0.7458433124560135,0.007527415448017494,-0.1102775253243008,nearest_all_ties_better
Ni,minimum_four_fraction,4,1,5,0.5088725869143579,0.5088725869143579,0.4520820832233829,0.5816013543861381,-0.05679050369097499,-0.07272876747178025,overlap_or_equal
Pb,total,4,1,5,0.10317885830894429,0.10317885830894429,0.14667298757410566,0.19182735033834444,0.04349412926516137,-0.08864849202940016,nearest_all_ties_better
Pb,F1,4,1,5,0.21454901866582493,0.21454901866582493,0.2915719167222925,0.4315223577061361,0.07702289805646756,-0.21697333904031119,nearest_all_ties_better
Pb,F1_plus_F2_plus_F3,4,1,5,0.0841602355577475,0.0841602355577475,0.12146687845789482,0.1602766358638977,0.03730664290014732,-0.0761164003061502,nearest_all_ties_better
Pb,minimum_four_fraction,4,1,5,0.027638800401308346,0.027638800401308346,0.02111670324423986,0.04802642344461584,-0.006522097157068484,-0.020387623043307497,overlap_or_equal
Zn,total,4,1,5,0.5574108168608725,0.5574108168608725,0.39819735222063235,0.6424201646607834,-0.1592134646402401,-0.08500934779991098,overlap_or_equal
Zn,F1,4,1,5,0.8117780895320672,0.8117780895320672,0.2730691847131246,0.8908257158171818,-0.5387089048189426,-0.07904762628511464,overlap_or_equal
Zn,F1_plus_F2_plus_F3,4,1,5,0.6997291908992928,0.6997291908992928,0.3892440919398602,0.794933381721487,-0.31048509895943255,-0.09520419082219422,overlap_or_equal
Zn,minimum_four_fraction,4,1,5,0.3527796762277424,0.3527796762277424,0.2730691847131246,0.43534354892798793,-0.07971049151461784,-0.08256387270024551,overlap_or_equal
Cd,total,5,1,1,0.38681610445904396,0.38681610445904396,0.3207138276756064,0.3207138276756064,-0.06610227678343755,0.06610227678343755,magnetic_all_ties_better
Cd,F1,5,1,1,0.34917946484169393,0.34917946484169393,0.27257351798999196,0.27257351798999196,-0.07660594685170197,0.07660594685170197,magnetic_all_ties_better
Cd,F1_plus_F2_plus_F3,5,1,1,0.4036975663097404,0.4036975663097404,0.3373785832576709,0.3373785832576709,-0.06631898305206951,0.06631898305206951,magnetic_all_ties_better
Cd,minimum_four_fraction,5,1,1,0.20592746484933924,0.20592746484933924,0.19339711630190604,0.19339711630190604,-0.012530348547433207,0.012530348547433207,magnetic_all_ties_better
Co,total,5,1,1,0.6620184260696685,0.6620184260696685,0.8681581427186947,0.8681581427186947,0.2061397166490262,-0.2061397166490262,nearest_all_ties_better
Co,F1,5,1,1,0.5681666553497102,0.5681666553497102,0.7957980485858873,0.7957980485858873,0.2276313932361771,-0.2276313932361771,nearest_all_ties_better
Co,F1_plus_F2_plus_F3,5,1,1,0.6132395021006554,0.6132395021006554,0.8936507144056308,0.8936507144056308,0.28041121230497545,-0.28041121230497545,nearest_all_ties_better
Co,minimum_four_fraction,5,1,1,0.46442295077602674,0.46442295077602674,0.7427608058229369,0.7427608058229369,0.27833785504691017,-0.27833785504691017,nearest_all_ties_better
Cr,total,5,1,1,0.4457824029167682,0.4457824029167682,0.482439340400492,0.482439340400492,0.03665693748372384,-0.03665693748372384,nearest_all_ties_better
Cr,F1,5,1,1,0.02658339708781932,0.02658339708781932,0.03479107825700983,0.03479107825700983,0.008207681169190514,-0.008207681169190514,nearest_all_ties_better
Cr,F1_plus_F2_plus_F3,5,1,1,0.24554382643068265,0.24554382643068265,0.2518156610236894,0.2518156610236894,0.006271834593006759,-0.006271834593006759,nearest_all_ties_better
Cr,minimum_four_fraction,5,1,1,0.02658339708781932,0.02658339708781932,0.03479107825700983,0.03479107825700983,0.008207681169190514,-0.008207681169190514,nearest_all_ties_better
Cu,total,5,1,1,0.936944575233537,0.936944575233537,0.8471866648832321,0.8471866648832321,-0.08975791035030489,0.08975791035030489,magnetic_all_ties_better
Cu,F1,5,1,1,0.8829392074040263,0.8829392074040263,0.7492251432473394,0.7492251432473394,-0.13371406415668696,0.13371406415668696,magnetic_all_ties_better
Cu,F1_plus_F2_plus_F3,5,1,1,0.6414156054330086,0.6414156054330086,0.8902178167052126,0.8902178167052126,0.24880221127220403,-0.24880221127220403,nearest_all_ties_better
Cu,minimum_four_fraction,5,1,1,0.4853120384282409,0.4853120384282409,0.5559337573327969,0.5559337573327969,0.07062171890455604,-0.07062171890455604,nearest_all_ties_better
Fe,total,5,1,1,0.6656613038801678,0.6656613038801678,0.9412071792178633,0.9412071792178633,0.2755458753376956,-0.2755458753376956,nearest_all_ties_better
Fe,F1,5,1,1,0.5750037193644548,0.5750037193644548,0.6771538137203222,0.6771538137203222,0.10215009435586742,-0.10215009435586742,nearest_all_ties_better
Fe,F1_plus_F2_plus_F3,5,1,1,0.23455675192667053,0.23455675192667053,0.5962994846317203,0.5962994846317203,0.3617427327050498,-0.3617427327050498,nearest_all_ties_better
Fe,minimum_four_fraction,5,1,1,0.10012310861447551,0.10012310861447551,0.4967330536094394,0.4967330536094394,0.39660994499496394,-0.39660994499496394,nearest_all_ties_better
Mn,total,5,1,1,0.6397623888549753,0.6397623888549753,0.48419345042564527,0.48419345042564527,-0.15556893842933,0.15556893842933,magnetic_all_ties_better
Mn,F1,5,1,1,0.5283147737664694,0.5283147737664694,0.39213132218482966,0.39213132218482966,-0.13618345158163975,0.13618345158163975,magnetic_all_ties_better
Mn,F1_plus_F2_plus_F3,5,1,1,0.5915438341326256,0.5915438341326256,0.4363172714190718,0.4363172714190718,-0.15522656271355378,0.15522656271355378,magnetic_all_ties_better
Mn,minimum_four_fraction,5,1,1,0.5283147737664694,0.5283147737664694,0.39213132218482966,0.39213132218482966,-0.13618345158163975,0.13618345158163975,magnetic_all_ties_better
Ni,total,5,1,1,0.7219105640838632,0.7219105640838632,0.7238120023023586,0.7238120023023586,0.0019014382184954215,-0.0019014382184954215,nearest_all_ties_better
Ni,F1,5,1,1,0.5494643644786324,0.5494643644786324,0.6295178704964834,0.6295178704964834,0.080053506017851,-0.080053506017851,nearest_all_ties_better
Ni,F1_plus_F2_plus_F3,5,1,1,0.6109934320596279,0.6109934320596279,0.7085492876864897,0.7085492876864897,0.09755585562686186,-0.09755585562686186,nearest_all_ties_better
Ni,minimum_four_fraction,5,1,1,0.49078790428973157,0.49078790428973157,0.5467559811165442,0.5467559811165442,0.05596807682681265,-0.05596807682681265,nearest_all_ties_better
Pb,total,5,1,1,0.10533976889992169,0.10533976889992169,0.21200948436622938,0.21200948436622938,0.10666971546630769,-0.10666971546630769,nearest_all_ties_better
Pb,F1,5,1,1,0.2069198135331256,0.2069198135331256,0.42708606547376293,0.42708606547376293,0.22016625194063733,-0.22016625194063733,nearest_all_ties_better
Pb,F1_plus_F2_plus_F3,5,1,1,0.0866446416847927,0.0866446416847927,0.1808628094077741,0.1808628094077741,0.0942181677229814,-0.0942181677229814,nearest_all_ties_better
Pb,minimum_four_fraction,5,1,1,0.031834903861883854,0.031834903861883854,0.04788934814653692,0.04788934814653692,0.016054444284653066,-0.016054444284653066,nearest_all_ties_better
Zn,total,5,1,1,0.571323185186905,0.571323185186905,0.6412012375695582,0.6412012375695582,0.06987805238265321,-0.06987805238265321,nearest_all_ties_better
Zn,F1,5,1,1,0.7863640319208218,0.7863640319208218,0.847437685993075,0.847437685993075,0.06107365407225318,-0.06107365407225318,nearest_all_ties_better
Zn,F1_plus_F2_plus_F3,5,1,1,0.6952852078793086,0.6952852078793086,0.7934501978594528,0.7934501978594528,0.09816498998014422,-0.09816498998014422,nearest_all_ties_better
Zn,minimum_four_fraction,5,1,1,0.4004245483041121,0.4004245483041121,0.4329801890239923,0.4329801890239923,0.03255564071988021,-0.03255564071988021,nearest_all_ties_better
Cd,total,6,1,1,0.3548656322003592,0.3548656322003592,0.3494590708359657,0.3494590708359657,-0.005406561364393492,0.005406561364393492,magnetic_all_ties_better
Cd,F1,6,1,1,0.3245743464262685,0.3245743464262685,0.32076020498451296,0.32076020498451296,-0.003814141441755514,0.003814141441755514,magnetic_all_ties_better
Cd,F1_plus_F2_plus_F3,6,1,1,0.3658081100394528,0.3658081100394528,0.36795747666037393,0.36795747666037393,0.0021493666209211337,-0.0021493666209211337,nearest_all_ties_better
Cd,minimum_four_fraction,6,1,1,0.1890155389680131,0.1890155389680131,0.2146071204433497,0.2146071204433497,0.025591581475336606,-0.025591581475336606,nearest_all_ties_better
Co,total,6,1,1,0.6367461941497515,0.6367461941497515,0.8022726276402122,0.8022726276402122,0.1655264334904607,-0.1655264334904607,nearest_all_ties_better
Co,F1,6,1,1,0.551723532375886,0.551723532375886,0.7195456078667483,0.7195456078667483,0.16782207549086225,-0.16782207549086225,nearest_all_ties_better
Co,F1_plus_F2_plus_F3,6,1,1,0.5914983580160984,0.5914983580160984,0.8037057994054911,0.8037057994054911,0.21220744138939274,-0.21220744138939274,nearest_all_ties_better
Co,minimum_four_fraction,6,1,1,0.43170891863770855,0.43170891863770855,0.6812996923554135,0.6812996923554135,0.249590773717705,-0.249590773717705,nearest_all_ties_better
Cr,total,6,1,1,0.47901468789676405,0.47901468789676405,0.47060209879405507,0.47060209879405507,-0.008412589102708978,0.008412589102708978,magnetic_all_ties_better
Cr,F1,6,1,1,0.02629768081457547,0.02629768081457547,0.04162689301652513,0.04162689301652513,0.015329212201949657,-0.015329212201949657,nearest_all_ties_better
Cr,F1_plus_F2_plus_F3,6,1,1,0.3015900949176875,0.3015900949176875,0.23445288895485078,0.23445288895485078,-0.06713720596283673,0.06713720596283673,magnetic_all_ties_better
Cr,minimum_four_fraction,6,1,1,0.02629768081457547,0.02629768081457547,0.04162689301652513,0.04162689301652513,0.015329212201949657,-0.015329212201949657,nearest_all_ties_better
Cu,total,6,1,1,0.946718658166311,0.946718658166311,0.8486809047776698,0.8486809047776698,-0.09803775338864118,0.09803775338864118,magnetic_all_ties_better
Cu,F1,6,1,1,0.8796302963100423,0.8796302963100423,0.7380382320221253,0.7380382320221253,-0.14159206428791704,0.14159206428791704,magnetic_all_ties_better
Cu,F1_plus_F2_plus_F3,6,1,1,0.6177158814344941,0.6177158814344941,0.8381106033300946,0.8381106033300946,0.2203947218956005,-0.2203947218956005,nearest_all_ties_better
Cu,minimum_four_fraction,6,1,1,0.4602836038457597,0.4602836038457597,0.6067698295853786,0.6067698295853786,0.1464862257396189,-0.1464862257396189,nearest_all_ties_better
Fe,total,6,1,1,0.6407792958693171,0.6407792958693171,0.8650972549626115,0.8650972549626115,0.22431795909329433,-0.22431795909329433,nearest_all_ties_better
Fe,F1,6,1,1,0.5452348318213318,0.5452348318213318,0.6436578019952522,0.6436578019952522,0.09842297017392043,-0.09842297017392043,nearest_all_ties_better
Fe,F1_plus_F2_plus_F3,6,1,1,0.2438253895318088,0.2438253895318088,0.5145011956785372,0.5145011956785372,0.2706758061467285,-0.2706758061467285,nearest_all_ties_better
Fe,minimum_four_fraction,6,1,1,0.1116342687874303,0.1116342687874303,0.4274396220030358,0.4274396220030358,0.31580535321560554,-0.31580535321560554,nearest_all_ties_better
Mn,total,6,1,1,0.6683186583201809,0.6683186583201809,0.5043858729906024,0.5043858729906024,-0.16393278532957845,0.16393278532957845,magnetic_all_ties_better
Mn,F1,6,1,1,0.5456476379866825,0.5456476379866825,0.46697250549312613,0.46697250549312613,-0.07867513249355634,0.07867513249355634,magnetic_all_ties_better
Mn,F1_plus_F2_plus_F3,6,1,1,0.6212512530713312,0.6212512530713312,0.45737949943399125,0.45737949943399125,-0.16387175363733997,0.16387175363733997,magnetic_all_ties_better
Mn,minimum_four_fraction,6,1,1,0.5456476379866825,0.5456476379866825,0.42483676388655317,0.42483676388655317,-0.1208108741001293,0.1208108741001293,magnetic_all_ties_better
Ni,total,6,1,1,0.7075484136337709,0.7075484136337709,0.7030871864986771,0.7030871864986771,-0.0044612271350937815,0.0044612271350937815,magnetic_all_ties_better
Ni,F1,6,1,1,0.5637030226088409,0.5637030226088409,0.6172485739706955,0.6172485739706955,0.05354555136185468,-0.05354555136185468,nearest_all_ties_better
Ni,F1_plus_F2_plus_F3,6,1,1,0.604284839835476,0.604284839835476,0.6637691510971857,0.6637691510971857,0.05948431126170972,-0.05948431126170972,nearest_all_ties_better
Ni,minimum_four_fraction,6,1,1,0.4903830463960612,0.4903830463960612,0.5234820810004864,0.5234820810004864,0.03309903460442526,-0.03309903460442526,nearest_all_ties_better
Pb,total,6,1,1,0.11315294625909304,0.11315294625909304,0.21529389763654258,0.21529389763654258,0.10214095137744954,-0.10214095137744954,nearest_all_ties_better
Pb,F1,6,1,1,0.22598209026089558,0.22598209026089558,0.4096422574363252,0.4096422574363252,0.18366016717542963,-0.18366016717542963,nearest_all_ties_better
Pb,F1_plus_F2_plus_F3,6,1,1,0.09486946938177078,0.09486946938177078,0.18599263023147145,0.18599263023147145,0.09112316084970067,-0.09112316084970067,nearest_all_ties_better
Pb,minimum_four_fraction,6,1,1,0.03882747179551934,0.03882747179551934,0.05292444435823593,0.05292444435823593,0.014096972562716588,-0.014096972562716588,nearest_all_ties_better
Zn,total,6,1,1,0.5637651071953532,0.5637651071953532,0.6453967058545755,0.6453967058545755,0.08163159865922232,-0.08163159865922232,nearest_all_ties_better
Zn,F1,6,1,1,0.7490797898386051,0.7490797898386051,0.8160674089900519,0.8160674089900519,0.0669876191514468,-0.0669876191514468,nearest_all_ties_better
Zn,F1_plus_F2_plus_F3,6,1,1,0.6680860270121951,0.6680860270121951,0.7723950776587161,0.7723950776587161,0.10430905064652096,-0.10430905064652096,nearest_all_ties_better
Zn,minimum_four_fraction,6,1,1,0.4200108694915688,0.4200108694915688,0.47132384313478254,0.47132384313478254,0.051312973643213744,-0.051312973643213744,nearest_all_ties_better
Cd,total,7,1,4,0.3765193121932347,0.3765193121932347,0.3220202661141712,0.46143695485754743,-0.05449904607906347,-0.08491764266431273,overlap_or_equal
Cd,F1,7,1,4,0.37753296435978934,0.37753296435978934,0.2989030308505517,0.4527375867624384,-0.07862993350923764,-0.07520462240264908,overlap_or_equal
Cd,F1_plus_F2_plus_F3,7,1,4,0.3875213961860245,0.3875213961860245,0.3365714484448609,0.47935003045239655,-0.05094994774116357,-0.09182863426637206,overlap_or_equal
Cd,minimum_four_fraction,7,1,4,0.20537598550235603,0.20537598550235603,0.21026354880866666,0.35475352833050083,0.004887563306310627,-0.1493775428281448,nearest_all_ties_better
Co,total,7,1,4,0.6249087312936157,0.6249087312936157,0.8096670106319125,0.8427648819220082,0.1847582793382968,-0.21785615062839248,nearest_all_ties_better
Co,F1,7,1,4,0.5191479935221341,0.5191479935221341,0.7303262436710451,0.7861080167012731,0.211178250148911,-0.2669600231791389,nearest_all_ties_better
Co,F1_plus_F2_plus_F3,7,1,4,0.5719275654604147,0.5719275654604147,0.808004355773682,0.8466443663952381,0.23607679031326734,-0.2747168009348234,nearest_all_ties_better
Co,minimum_four_fraction,7,1,4,0.4157143667850421,0.4157143667850421,0.6700016761496745,0.7343831606249203,0.25428730936463245,-0.3186687938398782,nearest_all_ties_better
Cr,total,7,1,4,0.5340223524132178,0.5340223524132178,0.5068707262216965,0.553721458972827,-0.02715162619152134,-0.01969910655960916,overlap_or_equal
Cr,F1,7,1,4,0.02767432343835645,0.02767432343835645,0.04727970253283443,0.23141482347504652,0.01960537909447798,-0.2037405000366901,nearest_all_ties_better
Cr,F1_plus_F2_plus_F3,7,1,4,0.283783322730838,0.283783322730838,0.2561621248895312,0.35092706491727005,-0.027621197841306788,-0.06714374218643204,overlap_or_equal
Cr,minimum_four_fraction,7,1,4,0.02767432343835645,0.02767432343835645,0.04727970253283443,0.1776602124095356,0.01960537909447798,-0.14998588897117915,nearest_all_ties_better
Cu,total,7,1,4,0.9353162719487995,0.9353162719487995,0.8465212806258738,0.8712382928926969,-0.08879499132292568,0.06407797905610257,magnetic_all_ties_better
Cu,F1,7,1,4,0.8794961358659013,0.8794961358659013,0.7299231464073995,0.7647350140615248,-0.14957298945850173,0.11476112180437648,magnetic_all_ties_better
Cu,F1_plus_F2_plus_F3,7,1,4,0.6069785228011935,0.6069785228011935,0.8169908846834947,0.8771015911605281,0.2100123618823012,-0.27012306835933464,nearest_all_ties_better
Cu,minimum_four_fraction,7,1,4,0.4542360122471947,0.4542360122471947,0.6104436033859809,0.6653128883613615,0.15620759113878624,-0.2110768761141668,nearest_all_ties_better
Fe,total,7,1,4,0.619763181753067,0.619763181753067,0.8598887267921785,0.8896343113136436,0.24012554503911154,-0.2698711295605766,nearest_all_ties_better
Fe,F1,7,1,4,0.5351401548252349,0.5351401548252349,0.6367150304055728,0.7217515779962917,0.10157487558033784,-0.18661142317105683,nearest_all_ties_better
Fe,F1_plus_F2_plus_F3,7,1,4,0.2216293516127372,0.2216293516127372,0.46905776641950536,0.6216058235438574,0.24742841480676817,-0.3999764719311202,nearest_all_ties_better
Fe,minimum_four_fraction,7,1,4,0.11472308226854261,0.11472308226854261,0.40093440708321987,0.5265797333679219,0.28621132481467726,-0.41185665109937925,nearest_all_ties_better
Mn,total,7,1,4,0.7197149854586473,0.7197149854586473,0.5218852949214793,0.5853634994063647,-0.19782969053716803,0.13435148605228264,magnetic_all_ties_better
Mn,F1,7,1,4,0.6768892446146135,0.6768892446146135,0.47295790206329175,0.5149835135898955,-0.20393134255132178,0.16190573102471806,magnetic_all_ties_better
Mn,F1_plus_F2_plus_F3,7,1,4,0.6806858498701553,0.6806858498701553,0.47591370484373313,0.5455333084440309,-0.20477214502642221,0.13515254142612443,magnetic_all_ties_better
Mn,minimum_four_fraction,7,1,4,0.6519583786457381,0.6519583786457381,0.4499025942064032,0.5058476023924023,-0.20205578443933492,0.1461107762533358,magnetic_all_ties_better
Ni,total,7,1,4,0.701845112066973,0.701845112066973,0.7327371748352846,0.7619364493608309,0.03089206276831158,-0.06009133729385796,nearest_all_ties_better
Ni,F1,7,1,4,0.5929321708706773,0.5929321708706773,0.6063023368596762,0.6928856983708052,0.013370165988998872,-0.09995352750012787,nearest_all_ties_better
Ni,F1_plus_F2_plus_F3,7,1,4,0.6092369390253786,0.6092369390253786,0.6943817165454196,0.7541808570608817,0.08514477752004102,-0.1449439180355031,nearest_all_ties_better
Ni,minimum_four_fraction,7,1,4,0.503994364196963,0.503994364196963,0.5911064387615924,0.6277412760131175,0.08711207456462944,-0.12374691181615449,nearest_all_ties_better
Pb,total,7,1,4,0.12356354684751134,0.12356354684751134,0.23471013656246803,0.24654583901328075,0.1111465897149567,-0.12298229216576942,nearest_all_ties_better
Pb,F1,7,1,4,0.24401581761701951,0.24401581761701951,0.4362259990594699,0.48252196556071714,0.1922101814424504,-0.23850614794369762,nearest_all_ties_better
Pb,F1_plus_F2_plus_F3,7,1,4,0.10391268412837926,0.10391268412837926,0.20097395586166847,0.21323163849086824,0.09706127173328921,-0.10931895436248898,nearest_all_ties_better
Pb,minimum_four_fraction,7,1,4,0.039888825193298436,0.039888825193298436,0.05502599859946581,0.07431611578543663,0.015137173406167374,-0.0344272905921382,nearest_all_ties_better
Zn,total,7,1,4,0.6017778056465575,0.6017778056465575,0.6415137129836901,0.9481426862303431,0.039735907337132614,-0.3463648805837857,nearest_all_ties_better
Zn,F1,7,1,4,0.7984878097319805,0.7984878097319805,0.7842198626431068,0.8884758544767845,-0.01426794708887369,-0.08998804474480393,overlap_or_equal
Zn,F1_plus_F2_plus_F3,7,1,4,0.7038368063663435,0.7038368063663435,0.7443827854791446,0.9594831849057379,0.04054597911280111,-0.2556463785393944,nearest_all_ties_better
Zn,minimum_four_fraction,7,1,4,0.4542272550393213,0.4542272550393213,0.4910752313017823,0.8884758544767845,0.036847976262461,-0.43424859943746313,nearest_all_ties_better
Cd,total,8,1,6,0.3513862010971961,0.3513862010971961,0.3131892249301973,0.5003345328367521,-0.0381969761669988,-0.14894833173955602,overlap_or_equal
Cd,F1,8,1,6,0.35180400955833935,0.35180400955833935,0.2968573562897503,0.5097040466923987,-0.05494665326858905,-0.1579000371340593,overlap_or_equal
Cd,F1_plus_F2_plus_F3,8,1,6,0.362131422456225,0.362131422456225,0.3290868154172671,0.5304674682469309,-0.033044607038957896,-0.16833604579070593,overlap_or_equal
Cd,minimum_four_fraction,8,1,6,0.20129504091503228,0.20129504091503228,0.21985698381832314,0.3689781983989531,0.018561942903290857,-0.1676831574839208,nearest_all_ties_better
Co,total,8,1,6,0.6682676925803855,0.6682676925803855,0.8224069191637556,0.8612938016612635,0.1541392265833701,-0.19302610908087792,nearest_all_ties_better
Co,F1,8,1,6,0.5125291407578125,0.5125291407578125,0.7483416961579105,0.8093315364557,0.23581255540009793,-0.29680239569788747,nearest_all_ties_better
Co,F1_plus_F2_plus_F3,8,1,6,0.6026196883467443,0.6026196883467443,0.8157292702985184,0.8716272047730064,0.2131095819517741,-0.2690075164262621,nearest_all_ties_better
Co,minimum_four_fraction,8,1,6,0.4951752493199968,0.4951752493199968,0.6847965850508065,0.7632227544292399,0.18962133573080975,-0.26804750510924313,nearest_all_ties_better
Cr,total,8,1,6,0.4971136416055218,0.4971136416055218,0.5427063129802627,0.5913287320691574,0.045592671374740934,-0.09421509046363558,nearest_all_ties_better
Cr,F1,8,1,6,0.07310997670228882,0.07310997670228882,0.05405757264347911,0.3633905814036079,-0.01905240405880971,-0.2902806047013191,overlap_or_equal
Cr,F1_plus_F2_plus_F3,8,1,6,0.2745697022741916,0.2745697022741916,0.30992220703249046,0.43487812900256323,0.035352504758298875,-0.16030842672837164,nearest_all_ties_better
Cr,minimum_four_fraction,8,1,6,0.05596665949935788,0.05596665949935788,0.05405757264347911,0.19719214827794138,-0.001909086855878775,-0.14122548877858349,overlap_or_equal
Cu,total,8,1,6,0.9167781667564776,0.9167781667564776,0.8465787147468588,0.8760145499948324,-0.07019945200961886,0.040763616761645194,magnetic_all_ties_better
Cu,F1,8,1,6,0.8432435750738719,0.8432435750738719,0.7414268148068227,0.7730323629130462,-0.10181676026704922,0.07021121216082571,magnetic_all_ties_better
Cu,F1_plus_F2_plus_F3,8,1,6,0.603460800395946,0.603460800395946,0.8075266952986847,0.8664897139788136,0.20406589490273874,-0.2630289135828676,nearest_all_ties_better
Cu,minimum_four_fraction,8,1,6,0.44935477877601154,0.44935477877601154,0.6342773426902178,0.6859117408137712,0.1849225639142063,-0.2365569620377596,nearest_all_ties_better
Fe,total,8,1,6,0.6645721762251372,0.6645721762251372,0.8615825084658191,0.9046201170738041,0.19701033224068187,-0.24004794084866687,nearest_all_ties_better
Fe,F1,8,1,6,0.5729329998984481,0.5729329998984481,0.641448893822395,0.7334146857875087,0.06851589392394686,-0.16048168588906053,nearest_all_ties_better
Fe,F1_plus_F2_plus_F3,8,1,6,0.27591699197032055,0.27591699197032055,0.45567980817174125,0.6571117573676778,0.1797628162014207,-0.38119476539735725,nearest_all_ties_better
Fe,minimum_four_fraction,8,1,6,0.1339301409225315,0.1339301409225315,0.3994041941605103,0.5489143760253847,0.2654740532379788,-0.4149842351028532,nearest_all_ties_better
Mn,total,8,1,6,0.7652845051509202,0.7652845051509202,0.569850769662767,0.6274489662366655,-0.19543373548815313,0.1378355389142547,magnetic_all_ties_better
Mn,F1,8,1,6,0.7203312701651942,0.7203312701651942,0.5055264302085385,0.545323012176668,-0.21480483995665567,0.17500825798852615,magnetic_all_ties_better
Mn,F1_plus_F2_plus_F3,8,1,6,0.7307605395252653,0.7307605395252653,0.5281585613306271,0.5909585273610405,-0.2026019781946382,0.13980201216422483,magnetic_all_ties_better
Mn,minimum_four_fraction,8,1,6,0.7019320424142698,0.7019320424142698,0.4987241098118254,0.545323012176668,-0.20320793260244435,0.15660903023760175,magnetic_all_ties_better
Ni,total,8,1,6,0.7122005730807167,0.7122005730807167,0.7696074427483529,0.7986451610064005,0.057406869667636196,-0.08644458792568377,nearest_all_ties_better
Ni,F1,8,1,6,0.6339515329409315,0.6339515329409315,0.6312610038685594,0.7253849541195893,-0.0026905290723721054,-0.09143342117865771,overlap_or_equal
Ni,F1_plus_F2_plus_F3,8,1,6,0.6305507552815706,0.6305507552815706,0.7343969406861414,0.7963167436208889,0.1038461854045708,-0.16576598833931833,nearest_all_ties_better
Ni,minimum_four_fraction,8,1,6,0.5349066329520055,0.5349066329520055,0.6312610038685594,0.6807272063268452,0.09635437091655397,-0.14582057337483978,nearest_all_ties_better
Pb,total,8,1,6,0.14415106755773627,0.14415106755773627,0.2573112500518082,0.2733129514801275,0.11316018249407195,-0.12916188392239125,nearest_all_ties_better
Pb,F1,8,1,6,0.292134671692225,0.292134671692225,0.4691189313722105,0.5236006672695602,0.1769842596799855,-0.23146599557733522,nearest_all_ties_better
Pb,F1_plus_F2_plus_F3,8,1,6,0.12297119376413918,0.12297119376413918,0.21623660208220688,0.23033037931539854,0.0932654083180677,-0.10735918555125937,nearest_all_ties_better
Pb,minimum_four_fraction,8,1,6,0.04033337761582306,0.04033337761582306,0.06140410872144435,0.08931559314679195,0.021070731105621285,-0.04898221553096889,nearest_all_ties_better
Zn,total,8,1,6,0.6039068277550927,0.6039068277550927,0.6434130653159015,0.9472159493340172,0.03950623756080873,-0.34330912157892446,nearest_all_ties_better
Zn,F1,8,1,6,0.775569697478803,0.775569697478803,0.7611981223887538,0.8653344257101202,-0.01437157509004916,-0.0897647282313172,overlap_or_equal
Zn,F1_plus_F2_plus_F3,8,1,6,0.6899700025350186,0.6899700025350186,0.7284295726955683,0.9562354480916411,0.03845957016054968,-0.26626544555662246,nearest_all_ties_better
Zn,minimum_four_fraction,8,1,6,0.4717649848826631,0.4717649848826631,0.5094036419141675,0.8653344257101202,0.03763865703150443,-0.3935694408274571,nearest_all_ties_better
Cd,total,9,1,4,0.39999876881796487,0.39999876881796487,0.36393090130454836,0.4860684027366325,-0.03606786751341651,-0.08606963391866762,overlap_or_equal
Cd,F1,9,1,4,0.414762572670345,0.414762572670345,0.36301455263031357,0.497772270397793,-0.05174802004003143,-0.08300969772744798,overlap_or_equal
Cd,F1_plus_F2_plus_F3,9,1,4,0.423665064118851,0.423665064118851,0.39234409731852476,0.5181521590740038,-0.031320966800326255,-0.09448709495515278,overlap_or_equal
Cd,minimum_four_fraction,9,1,4,0.23391285490074723,0.23391285490074723,0.25205288849584745,0.365016587971342,0.01814003359510022,-0.13110373307059478,nearest_all_ties_better
Co,total,9,1,4,0.7037691521612215,0.7037691521612215,0.8417631461241987,0.867902412195995,0.13799399396297718,-0.16413326003477346,nearest_all_ties_better
Co,F1,9,1,4,0.5960503628224296,0.5960503628224296,0.7786670694591379,0.8238515619856013,0.18261670663670826,-0.22780119916317165,nearest_all_ties_better
Co,F1_plus_F2_plus_F3,9,1,4,0.6509593851454358,0.6509593851454358,0.8416836960218906,0.8721902227674432,0.1907243108764548,-0.22123083762200735,nearest_all_ties_better
Co,minimum_four_fraction,9,1,4,0.5064043682307006,0.5064043682307006,0.7128124756937796,0.7738294017516292,0.20640810746307903,-0.2674250335209286,nearest_all_ties_better
Cr,total,9,1,4,0.5312085433845256,0.5312085433845256,0.5785607307230853,0.6180366365922485,0.047352187338559726,-0.08682809320772289,nearest_all_ties_better
Cr,F1,9,1,4,0.07963329420313695,0.07963329420313695,0.18714974765198833,0.3665685628250307,0.10751645344885138,-0.2869352686218938,nearest_all_ties_better
Cr,F1_plus_F2_plus_F3,9,1,4,0.29396008235451054,0.29396008235451054,0.3946163708273522,0.4783811342399658,0.10065628847284164,-0.18442105188545527,nearest_all_ties_better
Cr,minimum_four_fraction,9,1,4,0.07963329420313695,0.07963329420313695,0.12897197147134498,0.2655041085540579,0.04933867726820804,-0.18587081435092098,nearest_all_ties_better
Cu,total,9,1,4,0.9170129854378685,0.9170129854378685,0.8540980958269173,0.8736660767371851,-0.06291488961095115,0.04334690870068336,magnetic_all_ties_better
Cu,F1,9,1,4,0.8281676280051652,0.8281676280051652,0.7513213038146326,0.7791628636551297,-0.07684632419053261,0.049004764350035535,magnetic_all_ties_better
Cu,F1_plus_F2_plus_F3,9,1,4,0.6614811117954893,0.6614811117954893,0.803767608344465,0.8541991430689463,0.14228649654897574,-0.192718031273457,nearest_all_ties_better
Cu,minimum_four_fraction,9,1,4,0.5168486924822608,0.5168486924822608,0.6571703076877553,0.6818696628911946,0.14032161520549447,-0.1650209704089337,nearest_all_ties_better
Fe,total,9,1,4,0.7065660720940129,0.7065660720940129,0.8789486689875358,0.9022940311441567,0.17238259689352287,-0.19572795905014384,nearest_all_ties_better
Fe,F1,9,1,4,0.5993837677923863,0.5993837677923863,0.662263221723358,0.7328958443095331,0.06287945393097172,-0.1335120765171468,nearest_all_ties_better
Fe,F1_plus_F2_plus_F3,9,1,4,0.40165617103579265,0.40165617103579265,0.5111350258242888,0.6397147532409555,0.10947885478849617,-0.23805858220516285,nearest_all_ties_better
Fe,minimum_four_fraction,9,1,4,0.3352737806636764,0.3352737806636764,0.43383169356957996,0.5436209989089493,0.09855791290590354,-0.2083472182452729,nearest_all_ties_better
Mn,total,9,1,4,0.7590691009300877,0.7590691009300877,0.6097656369509392,0.6614311580639868,-0.1493034639791485,0.09763794286610095,magnetic_all_ties_better
Mn,F1,9,1,4,0.7044386130223229,0.7044386130223229,0.535482919107632,0.5700292522471527,-0.1689556939146909,0.13440936077517018,magnetic_all_ties_better
Mn,F1_plus_F2_plus_F3,9,1,4,0.7252152811859429,0.7252152811859429,0.5711070209552929,0.628081148048504,-0.15410826023065005,0.0971341331374389,magnetic_all_ties_better
Mn,minimum_four_fraction,9,1,4,0.7011871117677829,0.7011871117677829,0.535482919107632,0.5700292522471527,-0.1657041926601509,0.1311578595206302,magnetic_all_ties_better
Ni,total,9,1,4,0.7604292532864585,0.7604292532864585,0.804665925622327,0.8276821141165164,0.04423667233586848,-0.06725286083005788,nearest_all_ties_better
Ni,F1,9,1,4,0.654452958788462,0.654452958788462,0.6669152886570319,0.7374354127138545,0.012462329868569877,-0.0829824539253925,nearest_all_ties_better
Ni,F1_plus_F2_plus_F3,9,1,4,0.7087437039085718,0.7087437039085718,0.7771744085774083,0.8248772532440051,0.0684307046688365,-0.1161335493354333,nearest_all_ties_better
Ni,minimum_four_fraction,9,1,4,0.6059936365037045,0.6059936365037045,0.6669152886570319,0.7370005671646537,0.060921652153327344,-0.13100693066094915,nearest_all_ties_better
Pb,total,9,1,4,0.17577603108872183,0.17577603108872183,0.28295149264020364,0.29402741062653787,0.1071754615514818,-0.11825137953781603,nearest_all_ties_better
Pb,F1,9,1,4,0.3320343354683157,0.3320343354683157,0.5090818372030882,0.549880254701574,0.17704750173477252,-0.2178459192332583,nearest_all_ties_better
Pb,F1_plus_F2_plus_F3,9,1,4,0.1509784749459223,0.1509784749459223,0.23324322094574765,0.2448940280259117,0.08226474599982536,-0.09391555307998942,nearest_all_ties_better
Pb,minimum_four_fraction,9,1,4,0.061847785750227806,0.061847785750227806,0.0764309711556902,0.09545043353865564,0.014583185405462391,-0.03360264778842783,nearest_all_ties_better
Zn,total,9,1,4,0.6210467054245665,0.6210467054245665,0.6587596699100535,0.9367757292949662,0.037712964485487,-0.3157290238703997,nearest_all_ties_better
Zn,F1,9,1,4,0.7677398065330009,0.7677398065330009,0.7536982434688133,0.8517360982624249,-0.014041563064187579,-0.08399629172942402,overlap_or_equal
Zn,F1_plus_F2_plus_F3,9,1,4,0.7000134836400124,0.7000134836400124,0.7366480169698334,0.9312559632743983,0.03663453332982103,-0.23124247963438593,nearest_all_ties_better
Zn,minimum_four_fraction,9,1,4,0.4897883025843062,0.4897883025843062,0.5267040312874754,0.8517360982624249,0.036915728703169226,-0.3619477956781187,nearest_all_ties_better
Cd,total,10,1,1,0.5001679137267769,0.5001679137267769,0.4657458578405474,0.4657458578405474,-0.03442205588622954,0.03442205588622954,magnetic_all_ties_better
Cd,F1,10,1,1,0.5215818005506789,0.5215818005506789,0.4726484192992623,0.4726484192992623,-0.04893338125141661,0.04893338125141661,magnetic_all_ties_better
Cd,F1_plus_F2_plus_F3,10,1,1,0.5249744089443844,0.5249744089443844,0.495155013651802,0.495155013651802,-0.02981939529258243,0.02981939529258243,magnetic_all_ties_better
Cd,minimum_four_fraction,10,1,1,0.40743897112467076,0.40743897112467076,0.357553596856493,0.357553596856493,-0.04988537426817774,0.04988537426817774,magnetic_all_ties_better
Co,total,10,1,1,0.7273684007273457,0.7273684007273457,0.8726334377436353,0.8726334377436353,0.14526503701628968,-0.14526503701628968,nearest_all_ties_better
Co,F1,10,1,1,0.6372811474757464,0.6372811474757464,0.8338461612372638,0.8338461612372638,0.19656501376151747,-0.19656501376151747,nearest_all_ties_better
Co,F1_plus_F2_plus_F3,10,1,1,0.6741176099587013,0.6741176099587013,0.8716513481050979,0.8716513481050979,0.19753373814639663,-0.19753373814639663,nearest_all_ties_better
Co,minimum_four_fraction,10,1,1,0.5493060291369589,0.5493060291369589,0.7611756833216755,0.7611756833216755,0.2118696541847166,-0.2118696541847166,nearest_all_ties_better
Cr,total,10,1,1,0.5681021748556837,0.5681021748556837,0.6434452745869845,0.6434452745869845,0.07534309973130082,-0.07534309973130082,nearest_all_ties_better
Cr,F1,10,1,1,0.2112416138244062,0.2112416138244062,0.36955687147637944,0.36955687147637944,0.15831525765197324,-0.15831525765197324,nearest_all_ties_better
Cr,F1_plus_F2_plus_F3,10,1,1,0.3757886738900039,0.3757886738900039,0.4872232321624213,0.4872232321624213,0.11143455827241738,-0.11143455827241738,nearest_all_ties_better
Cr,minimum_four_fraction,10,1,1,0.2112416138244062,0.2112416138244062,0.2657917097102433,0.2657917097102433,0.05455009588583709,-0.05455009588583709,nearest_all_ties_better
Cu,total,10,1,1,0.9146652005503761,0.9146652005503761,0.873883182708154,0.873883182708154,-0.04078201784222213,0.04078201784222213,magnetic_all_ties_better
Cu,F1,10,1,1,0.83093012232485,0.83093012232485,0.7733378042104421,0.7733378042104421,-0.0575923181144079,0.0575923181144079,magnetic_all_ties_better
Cu,F1_plus_F2_plus_F3,10,1,1,0.6664263336299916,0.6664263336299916,0.8454231132623281,0.8454231132623281,0.1789967796323365,-0.1789967796323365,nearest_all_ties_better
Cu,minimum_four_fraction,10,1,1,0.5183988600499148,0.5183988600499148,0.6971474764377936,0.6971474764377936,0.17874861638787887,-0.17874861638787887,nearest_all_ties_better
Fe,total,10,1,1,0.7243152383162574,0.7243152383162574,0.8970252568724921,0.8970252568724921,0.1727100185562347,-0.1727100185562347,nearest_all_ties_better
Fe,F1,10,1,1,0.609632614925023,0.609632614925023,0.7311023353031958,0.7311023353031958,0.12146972037817283,-0.12146972037817283,nearest_all_ties_better
Fe,F1_plus_F2_plus_F3,10,1,1,0.4711187410458803,0.4711187410458803,0.6322336940965615,0.6322336940965615,0.1611149530506812,-0.1611149530506812,nearest_all_ties_better
Fe,minimum_four_fraction,10,1,1,0.45444858301014546,0.45444858301014546,0.532459861667922,0.532459861667922,0.07801127865777657,-0.07801127865777657,nearest_all_ties_better
Mn,total,10,1,1,0.7799470672008046,0.7799470672008046,0.6649198462011947,0.6649198462011947,-0.11502722099960994,0.11502722099960994,magnetic_all_ties_better
Mn,F1,10,1,1,0.7181985149518274,0.7181985149518274,0.570583813565992,0.570583813565992,-0.14761470138583543,0.14761470138583543,magnetic_all_ties_better
Mn,F1_plus_F2_plus_F3,10,1,1,0.7490449595173179,0.7490449595173179,0.6322585899171862,0.6322585899171862,-0.11678636960013167,0.11678636960013167,magnetic_all_ties_better
Mn,minimum_four_fraction,10,1,1,0.7181985149518274,0.7181985149518274,0.570583813565992,0.570583813565992,-0.14761470138583543,0.14761470138583543,magnetic_all_ties_better
Ni,total,10,1,1,0.7960167557965752,0.7960167557965752,0.8427883573713973,0.8427883573713973,0.046771601574822186,-0.046771601574822186,nearest_all_ties_better
Ni,F1,10,1,1,0.6880649256661171,0.6880649256661171,0.7230800997392209,0.7230800997392209,0.03501517407310384,-0.03501517407310384,nearest_all_ties_better
Ni,F1_plus_F2_plus_F3,10,1,1,0.7506411996013395,0.7506411996013395,0.8358115155738692,0.8358115155738692,0.08517031597252978,-0.08517031597252978,nearest_all_ties_better
Ni,minimum_four_fraction,10,1,1,0.6799050561948871,0.6799050561948871,0.7230800997392209,0.7230800997392209,0.04317504354433388,-0.04317504354433388,nearest_all_ties_better
Pb,total,10,1,1,0.19499198172293553,0.19499198172293553,0.3097482750085335,0.3097482750085335,0.114756293285598,-0.114756293285598,nearest_all_ties_better
Pb,F1,10,1,1,0.3622725536035068,0.3622725536035068,0.5682538338871459,0.5682538338871459,0.2059812802836391,-0.2059812802836391,nearest_all_ties_better
Pb,F1_plus_F2_plus_F3,10,1,1,0.16644708266333208,0.16644708266333208,0.25825542922280664,0.25825542922280664,0.09180834655947456,-0.09180834655947456,nearest_all_ties_better
Pb,minimum_four_fraction,10,1,1,0.07680062618454962,0.07680062618454962,0.09759735802059545,0.09759735802059545,0.02079673183604583,-0.02079673183604583,nearest_all_ties_better
Zn,total,10,1,1,0.6252338836019095,0.6252338836019095,0.9228103766072537,0.9228103766072537,0.2975764930053443,-0.2975764930053443,nearest_all_ties_better
Zn,F1,10,1,1,0.7541769677916967,0.7541769677916967,0.8363527548858692,0.8363527548858692,0.0821757870941725,-0.0821757870941725,nearest_all_ties_better
Zn,F1_plus_F2_plus_F3,10,1,1,0.6908525553538223,0.6908525553538223,0.9054134748698079,0.9054134748698079,0.21456091951598566,-0.21456091951598566,nearest_all_ties_better
Zn,minimum_four_fraction,10,1,1,0.5078591227970384,0.5078591227970384,0.8363527548858692,0.8363527548858692,0.32849363208883087,-0.32849363208883087,nearest_all_ties_better
Cd,total,11,1,1,0.48119590385953104,0.48119590385953104,0.4482020336473277,0.4482020336473277,-0.03299387021220335,0.03299387021220335,magnetic_all_ties_better
Cd,F1,11,1,1,0.5030211596683123,0.5030211596683123,0.45610856667523314,0.45610856667523314,-0.04691259299307915,0.04691259299307915,magnetic_all_ties_better
Cd,F1_plus_F2_plus_F3,11,1,1,0.5035424012245672,0.5035424012245672,0.4747723860027231,0.4747723860027231,-0.02877001522184408,0.02877001522184408,magnetic_all_ties_better
Cd,minimum_four_fraction,11,1,1,0.3995480169273935,0.3995480169273935,0.3518011501404265,0.3518011501404265,-0.04774686678696699,0.04774686678696699,magnetic_all_ties_better
Co,total,11,1,1,0.7657453095221306,0.7657453095221306,0.8426032662290562,0.8426032662290562,0.07685795670692563,-0.07685795670692563,nearest_all_ties_better
Co,F1,11,1,1,0.6644956687469945,0.6644956687469945,0.8102416281246327,0.8102416281246327,0.14574595937763823,-0.14574595937763823,nearest_all_ties_better
Co,F1_plus_F2_plus_F3,11,1,1,0.7166947234900899,0.7166947234900899,0.8281149931243301,0.8281149931243301,0.11142026963424023,-0.11142026963424023,nearest_all_ties_better
Co,minimum_four_fraction,11,1,1,0.6144196478046803,0.6144196478046803,0.716784044910325,0.716784044910325,0.10236439710564471,-0.10236439710564471,nearest_all_ties_better
Cr,total,11,1,1,0.5954096774426073,0.5954096774426073,0.6296616871170325,0.6296616871170325,0.03425200967442521,-0.03425200967442521,nearest_all_ties_better
Cr,F1,11,1,1,0.3920636766337072,0.3920636766337072,0.3669951341592804,0.3669951341592804,-0.025068542474426803,0.025068542474426803,magnetic_all_ties_better
Cr,F1_plus_F2_plus_F3,11,1,1,0.4194040976495418,0.4194040976495418,0.4731603200998635,0.4731603200998635,0.05375622245032169,-0.05375622245032169,nearest_all_ties_better
Cr,minimum_four_fraction,11,1,1,0.2644831339786007,0.2644831339786007,0.2651723951259846,0.2651723951259846,0.000689261147383935,-0.000689261147383935,nearest_all_ties_better
Cu,total,11,1,1,0.9283234381513038,0.9283234381513038,0.8649556086890839,0.8649556086890839,-0.06336782946221986,0.06336782946221986,magnetic_all_ties_better
Cu,F1,11,1,1,0.844871563484256,0.844871563484256,0.7708304240618162,0.7708304240618162,-0.07404113942243973,0.07404113942243973,magnetic_all_ties_better
Cu,F1_plus_F2_plus_F3,11,1,1,0.6818040756987653,0.6818040756987653,0.8259621173862702,0.8259621173862702,0.1441580416875049,-0.1441580416875049,nearest_all_ties_better
Cu,minimum_four_fraction,11,1,1,0.5337758319797354,0.5337758319797354,0.7090694633081404,0.7090694633081404,0.17529363132840492,-0.17529363132840492,nearest_all_ties_better
Fe,total,11,1,1,0.7517552307657469,0.7517552307657469,0.8612604398918695,0.8612604398918695,0.1095052091261226,-0.1095052091261226,nearest_all_ties_better
Fe,F1,11,1,1,0.6815622560009917,0.6815622560009917,0.7150872685590344,0.7150872685590344,0.03352501255804263,-0.03352501255804263,nearest_all_ties_better
Fe,F1_plus_F2_plus_F3,11,1,1,0.48343857751538744,0.48343857751538744,0.6176225832234885,0.6176225832234885,0.13418400570810107,-0.13418400570810107,nearest_all_ties_better
Fe,minimum_four_fraction,11,1,1,0.4626756682486863,0.4626756682486863,0.5184982176962699,0.5184982176962699,0.055822549447583636,-0.055822549447583636,nearest_all_ties_better
Mn,total,11,1,1,0.818118115312025,0.818118115312025,0.6690745310358512,0.6690745310358512,-0.1490435842761738,0.1490435842761738,magnetic_all_ties_better
Mn,F1,11,1,1,0.7325269696964692,0.7325269696964692,0.57797110026331,0.57797110026331,-0.15455586943315924,0.15455586943315924,magnetic_all_ties_better
Mn,F1_plus_F2_plus_F3,11,1,1,0.7930319052078816,0.7930319052078816,0.6369699634936979,0.6369699634936979,-0.15606194171418364,0.15606194171418364,magnetic_all_ties_better
Mn,minimum_four_fraction,11,1,1,0.7325269696964692,0.7325269696964692,0.57797110026331,0.57797110026331,-0.15455586943315924,0.15455586943315924,magnetic_all_ties_better
Ni,total,11,1,1,0.8235809801572187,0.8235809801572187,0.8242777369523234,0.8242777369523234,0.0006967567951047249,-0.0006967567951047249,nearest_all_ties_better
Ni,F1,11,1,1,0.6788960234326058,0.6788960234326058,0.7184915737289889,0.7184915737289889,0.039595550296383064,-0.039595550296383064,nearest_all_ties_better
Ni,F1_plus_F2_plus_F3,11,1,1,0.7823110000374919,0.7823110000374919,0.8164136480052626,0.8164136480052626,0.03410264796777074,-0.03410264796777074,nearest_all_ties_better
Ni,minimum_four_fraction,11,1,1,0.6788960234326058,0.6788960234326058,0.7184915737289889,0.7184915737289889,0.039595550296383064,-0.039595550296383064,nearest_all_ties_better
Pb,total,11,1,1,0.21735724771234693,0.21735724771234693,0.31245977204084696,0.31245977204084696,0.09510252432850003,-0.09510252432850003,nearest_all_ties_better
Pb,F1,11,1,1,0.40433365882201705,0.40433365882201705,0.5545865043639103,0.5545865043639103,0.15025284554189328,-0.15025284554189328,nearest_all_ties_better
Pb,F1_plus_F2_plus_F3,11,1,1,0.18210783213843829,0.18210783213843829,0.2628881300922851,0.2628881300922851,0.08078029795384684,-0.08078029795384684,nearest_all_ties_better
Pb,minimum_four_fraction,11,1,1,0.07905462571458192,0.07905462571458192,0.1022355441252293,0.1022355441252293,0.023180918410647372,-0.023180918410647372,nearest_all_ties_better
Zn,total,11,1,1,0.8803574483178117,0.8803574483178117,0.9038387772811355,0.9038387772811355,0.023481328963323778,-0.023481328963323778,nearest_all_ties_better
Zn,F1,11,1,1,0.8397217502396549,0.8397217502396549,0.8267841635704986,0.8267841635704986,-0.012937586669156342,0.012937586669156342,magnetic_all_ties_better
Zn,F1_plus_F2_plus_F3,11,1,1,0.857161034654744,0.857161034654744,0.8770513795278984,0.8770513795278984,0.01989034487315433,-0.01989034487315433,nearest_all_ties_better
Zn,minimum_four_fraction,11,1,1,0.8295209347149471,0.8295209347149471,0.8267841635704986,0.8267841635704986,-0.002736771144448591,0.002736771144448591,magnetic_all_ties_better
Cd,total,12,1,1,0.48780399541474545,0.48780399541474545,0.4627488695561601,0.4627488695561601,-0.025055125858585325,0.025055125858585325,magnetic_all_ties_better
Cd,F1,12,1,1,0.5117792481836064,0.5117792481836064,0.4776467609294201,0.4776467609294201,-0.03413248725418633,0.03413248725418633,magnetic_all_ties_better
Cd,F1_plus_F2_plus_F3,12,1,1,0.5094373124041037,0.5094373124041037,0.49135393082102635,0.49135393082102635,-0.018083381583077374,0.018083381583077374,magnetic_all_ties_better
Cd,minimum_four_fraction,12,1,1,0.40192223679587535,0.40192223679587535,0.35233288713821304,0.35233288713821304,-0.04958934965766232,0.04958934965766232,magnetic_all_ties_better
Co,total,12,1,1,0.7861931968715962,0.7861931968715962,0.8251044656190462,0.8251044656190462,0.03891126874744999,-0.03891126874744999,nearest_all_ties_better
Co,F1,12,1,1,0.7053156318187627,0.7053156318187627,0.8184009230886506,0.8184009230886506,0.11308529126988798,-0.11308529126988798,nearest_all_ties_better
Co,F1_plus_F2_plus_F3,12,1,1,0.7435052264864439,0.7435052264864439,0.8180384360417383,0.8180384360417383,0.07453320955529441,-0.07453320955529441,nearest_all_ties_better
Co,minimum_four_fraction,12,1,1,0.6171273745580993,0.6171273745580993,0.7107084191941045,0.7107084191941045,0.09358104463600525,-0.09358104463600525,nearest_all_ties_better
Cr,total,12,1,1,0.6492028615801032,0.6492028615801032,0.6262467124782491,0.6262467124782491,-0.022956149101854062,0.022956149101854062,magnetic_all_ties_better
Cr,F1,12,1,1,0.40021491608228693,0.40021491608228693,0.3648783615220627,0.3648783615220627,-0.03533655456022422,0.03533655456022422,magnetic_all_ties_better
Cr,F1_plus_F2_plus_F3,12,1,1,0.42550491877793895,0.42550491877793895,0.5046363967737095,0.5046363967737095,0.07913147799577058,-0.07913147799577058,nearest_all_ties_better
Cr,minimum_four_fraction,12,1,1,0.2752682534525165,0.2752682534525165,0.2646695777143548,0.2646695777143548,-0.0105986757381617,0.0105986757381617,magnetic_all_ties_better
Cu,total,12,1,1,0.9427464123396546,0.9427464123396546,0.878017111342168,0.878017111342168,-0.06472930099748664,0.06472930099748664,magnetic_all_ties_better
Cu,F1,12,1,1,0.8630195813520268,0.8630195813520268,0.7968649593567299,0.7968649593567299,-0.06615462199529698,0.06615462199529698,magnetic_all_ties_better
Cu,F1_plus_F2_plus_F3,12,1,1,0.761375046156962,0.761375046156962,0.8285958541735869,0.8285958541735869,0.06722080801662489,-0.06722080801662489,nearest_all_ties_better
Cu,minimum_four_fraction,12,1,1,0.6270364543115376,0.6270364543115376,0.7045047080922274,0.7045047080922274,0.07746825378068978,-0.07746825378068978,nearest_all_ties_better
Fe,total,12,1,1,0.7732384016137069,0.7732384016137069,0.8335115288550834,0.8335115288550834,0.060273127241376456,-0.060273127241376456,nearest_all_ties_better
Fe,F1,12,1,1,0.68369590179402,0.68369590179402,0.7065424544660824,0.7065424544660824,0.02284655267206248,-0.02284655267206248,nearest_all_ties_better
Fe,F1_plus_F2_plus_F3,12,1,1,0.5961671416106521,0.5961671416106521,0.6096809115334884,0.6096809115334884,0.01351376992283626,-0.01351376992283626,nearest_all_ties_better
Fe,minimum_four_fraction,12,1,1,0.5576003410177699,0.5576003410177699,0.5122018550672205,0.5122018550672205,-0.045398485950549405,0.045398485950549405,magnetic_all_ties_better
Mn,total,12,1,1,0.8247989819465774,0.8247989819465774,0.6828251123980439,0.6828251123980439,-0.14197386954853353,0.14197386954853353,magnetic_all_ties_better
Mn,F1,12,1,1,0.73443665129344,0.73443665129344,0.5999694569514883,0.5999694569514883,-0.13446719434195176,0.13446719434195176,magnetic_all_ties_better
Mn,F1_plus_F2_plus_F3,12,1,1,0.7998302865923015,0.7998302865923015,0.6537737313703476,0.6537737313703476,-0.14605655522195393,0.14605655522195393,magnetic_all_ties_better
Mn,minimum_four_fraction,12,1,1,0.73443665129344,0.73443665129344,0.5999694569514883,0.5999694569514883,-0.13446719434195176,0.13446719434195176,magnetic_all_ties_better
Ni,total,12,1,1,0.8478403212538144,0.8478403212538144,0.8139017104334139,0.8139017104334139,-0.033938610820400505,0.033938610820400505,magnetic_all_ties_better
Ni,F1,12,1,1,0.7053537389492249,0.7053537389492249,0.7004571558003709,0.7004571558003709,-0.004896583148853995,0.004896583148853995,magnetic_all_ties_better
Ni,F1_plus_F2_plus_F3,12,1,1,0.810015531266111,0.810015531266111,0.8049989292645177,0.8049989292645177,-0.005016602001593373,0.005016602001593373,magnetic_all_ties_better
Ni,minimum_four_fraction,12,1,1,0.7053537389492249,0.7053537389492249,0.7004571558003709,0.7004571558003709,-0.004896583148853995,0.004896583148853995,magnetic_all_ties_better
Pb,total,12,1,1,0.24140658986014848,0.24140658986014848,0.310125187421857,0.310125187421857,0.06871859756170853,-0.06871859756170853,nearest_all_ties_better
Pb,F1,12,1,1,0.4114150433144762,0.4114150433144762,0.5444889792684136,0.5444889792684136,0.13307393595393735,-0.13307393595393735,nearest_all_ties_better
Pb,F1_plus_F2_plus_F3,12,1,1,0.2040086717326615,0.2040086717326615,0.2625598366402132,0.2625598366402132,0.05855116490755172,-0.05855116490755172,nearest_all_ties_better
Pb,minimum_four_fraction,12,1,1,0.10409799218246843,0.10409799218246843,0.10466776585473811,0.10466776585473811,0.00056977367226968,-0.00056977367226968,nearest_all_ties_better
Zn,total,12,1,1,0.884119862997113,0.884119862997113,0.892964773594308,0.892964773594308,0.008844910597195055,-0.008844910597195055,nearest_all_ties_better
Zn,F1,12,1,1,0.8382498033624728,0.8382498033624728,0.8193910814661951,0.8193910814661951,-0.018858721896277686,0.018858721896277686,magnetic_all_ties_better
Zn,F1_plus_F2_plus_F3,12,1,1,0.8695257612225711,0.8695257612225711,0.8597431960220094,0.8597431960220094,-0.009782565200561644,0.009782565200561644,magnetic_all_ties_better
Zn,minimum_four_fraction,12,1,1,0.8382498033624728,0.8382498033624728,0.8193910814661951,0.8193910814661951,-0.018858721896277686,0.018858721896277686,magnetic_all_ties_better
Cd,total,13,2,1,0.47942354036670554,0.6901645624589561,0.4927506605562147,0.4927506605562147,-0.19741390190274138,-0.013327120189509156,overlap_or_equal
Cd,F1,13,2,1,0.49926287224446214,0.7385886173478169,0.5219167116225494,0.5219167116225494,-0.2166719057252675,-0.022653839378087237,overlap_or_equal
Cd,F1_plus_F2_plus_F3,13,2,1,0.5000922336067476,0.679422864086583,0.5227492905425011,0.5227492905425011,-0.15667357354408196,-0.022657056935753483,overlap_or_equal
Cd,minimum_four_fraction,13,2,1,0.40026297727334914,0.5265182568666497,0.3796703945439751,0.3796703945439751,-0.14684786232267455,0.02059258272937403,magnetic_all_ties_better
Co,total,13,2,1,0.7757515323869523,0.8154126196455221,0.8116367812065418,0.8116367812065418,-0.003775838438980328,-0.035885248819589544,overlap_or_equal
Co,F1,13,2,1,0.6998631061613411,0.7515446922343152,0.7924745981404937,0.7924745981404937,0.04092990590617851,-0.09261149197915264,nearest_all_ties_better
Co,F1_plus_F2_plus_F3,13,2,1,0.7278640043059027,0.7739674075435153,0.7981924890475903,0.7981924890475903,0.024225081504074986,-0.07032848474168762,nearest_all_ties_better
Co,minimum_four_fraction,13,2,1,0.618207006424176,0.6576382719985656,0.6935858715760735,0.6935858715760735,0.03594759957750793,-0.07537886515189751,nearest_all_ties_better
Cr,total,13,2,1,0.6198949418436448,0.7141084920463688,0.6662931910408652,0.6662931910408652,-0.047815301005503685,-0.046398249197220354,overlap_or_equal
Cr,F1,13,2,1,0.3974191072947929,0.703630717238186,0.3642889529665155,0.3642889529665155,-0.33934176427167057,0.03313015432827743,magnetic_all_ties_better
Cr,F1_plus_F2_plus_F3,13,2,1,0.41453764593558345,0.5924015396827119,0.4945202094066582,0.4945202094066582,-0.09788133027605372,-0.07998256347107474,overlap_or_equal
Cr,minimum_four_fraction,13,2,1,0.2744183828603089,0.5296442722179984,0.26487617800894747,0.26487617800894747,-0.2647680942090509,0.009542204851361424,magnetic_all_ties_better
Cu,total,13,2,1,0.9438058284744373,0.9466280869332124,0.8833570167690379,0.8833570167690379,-0.06327107016417455,0.0604488117053994,magnetic_all_ties_better
Cu,F1,13,2,1,0.8634012943723741,0.8773036297442239,0.8084864601365566,0.8084864601365566,-0.06881716960766737,0.054914834235817556,magnetic_all_ties_better
Cu,F1_plus_F2_plus_F3,13,2,1,0.7544586697189113,0.7676133018338073,0.825980573315013,0.825980573315013,0.058367271481205685,-0.07152190359610167,nearest_all_ties_better
Cu,minimum_four_fraction,13,2,1,0.6243056665702175,0.6417265892008817,0.7083363380726858,0.7083363380726858,0.06660974887180415,-0.08403067150246835,nearest_all_ties_better
Fe,total,13,2,1,0.757435828817887,0.8021537510078366,0.8108399797220464,0.8108399797220464,0.008686228714209765,-0.0534041509041594,nearest_all_ties_better
Fe,F1,13,2,1,0.6910115521145117,0.7318948803959231,0.703128138557966,0.703128138557966,-0.028766741837957133,-0.012116586443454258,overlap_or_equal
Fe,F1_plus_F2_plus_F3,13,2,1,0.5923460287638969,0.6077530576272706,0.6006953400351102,0.6006953400351102,-0.007057717592160451,-0.0083493112712133,overlap_or_equal
Fe,minimum_four_fraction,13,2,1,0.5572311155856162,0.5685455042625616,0.5065099627274431,0.5065099627274431,-0.06203554153511848,0.050721152858173135,magnetic_all_ties_better
Mn,total,13,2,1,0.8390797568893691,0.8486837011885883,0.7190074031102779,0.7190074031102779,-0.12967629807831038,0.1200723537790912,magnetic_all_ties_better
Mn,F1,13,2,1,0.7596460600474209,0.763505726301033,0.6859337578472023,0.6859337578472023,-0.07757196845383063,0.07371230220021852,magnetic_all_ties_better
Mn,F1_plus_F2_plus_F3,13,2,1,0.8135288301812154,0.8231887710045298,0.6935368230251874,0.6935368230251874,-0.12965194797934243,0.11999200715602798,magnetic_all_ties_better
Mn,minimum_four_fraction,13,2,1,0.7596460600474209,0.763505726301033,0.6721307728941486,0.6721307728941486,-0.0913749534068844,0.08751528715327228,magnetic_all_ties_better
Ni,total,13,2,1,0.8404217497221939,0.872800228539855,0.8122246737227481,0.8122246737227481,-0.06057555481710686,0.028197075999445764,magnetic_all_ties_better
Ni,F1,13,2,1,0.6933289403328657,0.7451495848838604,0.7165023013269536,0.7165023013269536,-0.028647283556906822,-0.023173360994087844,overlap_or_equal
Ni,F1_plus_F2_plus_F3,13,2,1,0.8009102365778662,0.8356479969092404,0.8041802112809652,0.8041802112809652,-0.031467785628275236,-0.0032699747030989768,overlap_or_equal
Ni,minimum_four_fraction,13,2,1,0.6933289403328657,0.7451495848838604,0.7165023013269536,0.7165023013269536,-0.028647283556906822,-0.023173360994087844,overlap_or_equal
Pb,total,13,2,1,0.24498192514987058,0.2724033788548128,0.31508092994699427,0.31508092994699427,0.042677551092181465,-0.07009900479712369,nearest_all_ties_better
Pb,F1,13,2,1,0.411237560695435,0.47255482120069725,0.5472289601295435,0.5472289601295435,0.07467413892884622,-0.13599139943410848,nearest_all_ties_better
Pb,F1_plus_F2_plus_F3,13,2,1,0.20808010266821322,0.2284775053948468,0.26799503776591216,0.26799503776591216,0.03951753237106537,-0.059914935097698935,nearest_all_ties_better
Pb,minimum_four_fraction,13,2,1,0.10518761794618657,0.12192185926369782,0.10559759968936216,0.10559759968936216,-0.016324259574335656,-0.0004099817431755942,overlap_or_equal
Zn,total,13,2,1,0.8786931444885329,0.8908403504403749,0.9134388022281578,0.9134388022281578,0.02259845178778286,-0.0347456577396249,nearest_all_ties_better
Zn,F1,13,2,1,0.8323177477100482,0.8648512838807372,0.8801853063095673,0.8801853063095673,0.015334022428830085,-0.04786755859951908,nearest_all_ties_better
Zn,F1_plus_F2_plus_F3,13,2,1,0.8561274473305537,0.8816884086221447,0.8877109910228739,0.8877109910228739,0.006022582400729171,-0.03158354369232019,nearest_all_ties_better
Zn,minimum_four_fraction,13,2,1,0.8323177477100482,0.8554491791946524,0.8612297171587661,0.8612297171587661,0.005780537964113708,-0.028911969448717878,nearest_all_ties_better
Cd,total,14,1,1,0.6790316418638613,0.6790316418638613,0.4852787152868282,0.4852787152868282,-0.19375292657703314,0.19375292657703314,magnetic_all_ties_better
Cd,F1,14,1,1,0.7218296670475242,0.7218296670475242,0.5102286889674954,0.5102286889674954,-0.21160097808002876,0.21160097808002876,magnetic_all_ties_better
Cd,F1_plus_F2_plus_F3,14,1,1,0.6678428469235489,0.6678428469235489,0.5142998996028318,0.5142998996028318,-0.15354294732071705,0.15354294732071705,magnetic_all_ties_better
Cd,minimum_four_fraction,14,1,1,0.524686160318063,0.524686160318063,0.378366432512136,0.378366432512136,-0.14631972780592706,0.14631972780592706,magnetic_all_ties_better
Co,total,14,1,1,0.8049916004055766,0.8049916004055766,0.8006124878678378,0.8006124878678378,-0.004379112537738816,0.004379112537738816,magnetic_all_ties_better
Co,F1,14,1,1,0.7446299664975632,0.7446299664975632,0.781423767536686,0.781423767536686,0.036793801039122775,-0.036793801039122775,nearest_all_ties_better
Co,F1_plus_F2_plus_F3,14,1,1,0.7588498170191573,0.7588498170191573,0.7833492557897297,0.7833492557897297,0.024499438770572368,-0.024499438770572368,nearest_all_ties_better
Co,minimum_four_fraction,14,1,1,0.6638448772073506,0.6638448772073506,0.6895498587065064,0.6895498587065064,0.025704981499155788,-0.025704981499155788,nearest_all_ties_better
Cr,total,14,1,1,0.6850124651164727,0.6850124651164727,0.6545066652558627,0.6545066652558627,-0.030505799860610083,0.030505799860610083,magnetic_all_ties_better
Cr,F1,14,1,1,0.6991733440457536,0.6991733440457536,0.3623657194367359,0.3623657194367359,-0.3368076246090177,0.3368076246090177,magnetic_all_ties_better
Cr,F1_plus_F2_plus_F3,14,1,1,0.5788618072770793,0.5788618072770793,0.48375448923084735,0.48375448923084735,-0.0951073180462319,0.0951073180462319,magnetic_all_ties_better
Cr,minimum_four_fraction,14,1,1,0.5204031023516196,0.5204031023516196,0.26440234543165064,0.26440234543165064,-0.25600075691996893,0.25600075691996893,magnetic_all_ties_better
Cu,total,14,1,1,0.9482586769880798,0.9482586769880798,0.888931449781494,0.888931449781494,-0.059327227206585786,0.059327227206585786,magnetic_all_ties_better
Cu,F1,14,1,1,0.8784402705346426,0.8784402705346426,0.8287737730748923,0.8287737730748923,-0.04966649745975027,0.04966649745975027,magnetic_all_ties_better
Cu,F1_plus_F2_plus_F3,14,1,1,0.7615603433340689,0.7615603433340689,0.8234172277778647,0.8234172277778647,0.06185688444379589,-0.06185688444379589,nearest_all_ties_better
Cu,minimum_four_fraction,14,1,1,0.6405355549930328,0.6405355549930328,0.710946438639334,0.710946438639334,0.07041088364630121,-0.07041088364630121,nearest_all_ties_better
Fe,total,14,1,1,0.7870063776802254,0.7870063776802254,0.7908970572682749,0.7908970572682749,0.0038906795880494505,-0.0038906795880494505,nearest_all_ties_better
Fe,F1,14,1,1,0.7368956027149783,0.7368956027149783,0.7029772323008568,0.7029772323008568,-0.03391837041412149,0.03391837041412149,magnetic_all_ties_better
Fe,F1_plus_F2_plus_F3,14,1,1,0.6040778182858718,0.6040778182858718,0.5939330570491028,0.5939330570491028,-0.010144761236768995,0.010144761236768995,magnetic_all_ties_better
Fe,minimum_four_fraction,14,1,1,0.5690613720877049,0.5690613720877049,0.503195864955646,0.503195864955646,-0.06586550713205885,0.06586550713205885,magnetic_all_ties_better
Mn,total,14,1,1,0.8606836244753973,0.8606836244753973,0.7533603917809342,0.7533603917809342,-0.10732323269446309,0.10732323269446309,magnetic_all_ties_better
Mn,F1,14,1,1,0.7868096446858885,0.7868096446858885,0.7011085290366761,0.7011085290366761,-0.08570111564921246,0.08570111564921246,magnetic_all_ties_better
Mn,F1_plus_F2_plus_F3,14,1,1,0.8349245602948088,0.8349245602948088,0.7297638315764844,0.7297638315764844,-0.10516072871832438,0.10516072871832438,magnetic_all_ties_better
Mn,minimum_four_fraction,14,1,1,0.7868096446858885,0.7868096446858885,0.7011085290366761,0.7011085290366761,-0.08570111564921246,0.08570111564921246,magnetic_all_ties_better
Ni,total,14,1,1,0.8666911075450582,0.8666911075450582,0.8233319238633042,0.8233319238633042,-0.043359183681753954,0.043359183681753954,magnetic_all_ties_better
Ni,F1,14,1,1,0.7325873876365533,0.7325873876365533,0.7128370732338748,0.7128370732338748,-0.019750314402678493,0.019750314402678493,magnetic_all_ties_better
Ni,F1_plus_F2_plus_F3,14,1,1,0.8267041818047021,0.8267041818047021,0.8086249395506258,0.8086249395506258,-0.01807924225407631,0.01807924225407631,magnetic_all_ties_better
Ni,minimum_four_fraction,14,1,1,0.7325873876365533,0.7325873876365533,0.7128370732338748,0.7128370732338748,-0.019750314402678493,0.019750314402678493,magnetic_all_ties_better
Pb,total,14,1,1,0.27528301918316367,0.27528301918316367,0.3165398327920851,0.3165398327920851,0.04125681360892142,-0.04125681360892142,nearest_all_ties_better
Pb,F1,14,1,1,0.47042118780874037,0.47042118780874037,0.5417857821329413,0.5417857821329413,0.07136459432420089,-0.07136459432420089,nearest_all_ties_better
Pb,F1_plus_F2_plus_F3,14,1,1,0.2321926413491702,0.2321926413491702,0.2706788463474661,0.2706788463474661,0.038486204998295886,-0.038486204998295886,nearest_all_ties_better
Pb,minimum_four_fraction,14,1,1,0.12292102701881963,0.12292102701881963,0.10864680547328555,0.10864680547328555,-0.01427422154553408,0.01427422154553408,magnetic_all_ties_better
Zn,total,14,1,1,0.8897744102459859,0.8897744102459859,0.9103029868135318,0.9103029868135318,0.02052857656754592,-0.02052857656754592,nearest_all_ties_better
Zn,F1,14,1,1,0.8600862794124947,0.8600862794124947,0.881584042015569,0.881584042015569,0.021497762603074233,-0.021497762603074233,nearest_all_ties_better
Zn,F1_plus_F2_plus_F3,14,1,1,0.8702071829391003,0.8702071829391003,0.8800003859461925,0.8800003859461925,0.009793203007092188,-0.009793203007092188,nearest_all_ties_better
Zn,minimum_four_fraction,14,1,1,0.8520232435251878,0.8520232435251878,0.8522196468643731,0.8522196468643731,0.00019640333918535813,-0.00019640333918535813,nearest_all_ties_better
Cd,total,15,1,5,0.7365536119977016,0.7365536119977016,0.4832872859582041,0.5885232726313138,-0.25326632603949756,0.14803033936638788,magnetic_all_ties_better
Cd,F1,15,1,5,0.7654369130805405,0.7654369130805405,0.5059058446017127,0.5948027076442339,-0.2595310684788278,0.17063420543630659,magnetic_all_ties_better
Cd,F1_plus_F2_plus_F3,15,1,5,0.7372793847396776,0.7372793847396776,0.5100250985181546,0.6384290789773124,-0.227254286221523,0.0988503057623652,magnetic_all_ties_better
Cd,minimum_four_fraction,15,1,5,0.7095130994453507,0.7095130994453507,0.38401423399827234,0.5500456960639861,-0.32549886544707834,0.15946740338136456,magnetic_all_ties_better
Co,total,15,1,5,0.8313569859835764,0.8313569859835764,0.7912787323909514,0.8272233920134607,-0.04007825359262507,0.004133593970115701,magnetic_all_ties_better
Co,F1,15,1,5,0.7587426698192212,0.7587426698192212,0.7733960181284717,0.8251980031927494,0.014653348309250469,-0.06645533337352816,nearest_all_ties_better
Co,F1_plus_F2_plus_F3,15,1,5,0.7880422068689802,0.7880422068689802,0.7699806791274724,0.8151594453558545,-0.01806152774150782,-0.027117238486874307,overlap_or_equal
Co,minimum_four_fraction,15,1,5,0.717890763938056,0.717890763938056,0.6851863367738346,0.7493056044138391,-0.032704427164221395,-0.031414840475783135,overlap_or_equal
Cr,total,15,1,5,0.7174899898129663,0.7174899898129663,0.649213442935406,0.7369369424632485,-0.06827654687756035,-0.01944695265028218,overlap_or_equal
Cr,F1,15,1,5,0.8820511450751362,0.8820511450751362,0.36089939506458363,0.5469070959358197,-0.5211517500105525,0.3351440491393165,magnetic_all_ties_better
Cr,F1_plus_F2_plus_F3,15,1,5,0.6211996209354382,0.6211996209354382,0.4889345469139381,0.6307696496604821,-0.13226507402150012,-0.009570028725043866,overlap_or_equal
Cr,minimum_four_fraction,15,1,5,0.5514378346453169,0.5514378346453169,0.26423304577861584,0.38735537298619976,-0.2872047888667011,0.16408246165911716,magnetic_all_ties_better
Cu,total,15,1,5,0.9474719384340571,0.9474719384340571,0.8915898120092643,0.9050844060639041,-0.05588212642479273,0.042387532370153025,magnetic_all_ties_better
Cu,F1,15,1,5,0.9067985113364706,0.9067985113364706,0.824007225859202,0.8599455056799287,-0.08279128547726855,0.046853005656541935,magnetic_all_ties_better
Cu,F1_plus_F2_plus_F3,15,1,5,0.7690427129126047,0.7690427129126047,0.824841171244962,0.8645823430256397,0.055798458332357304,-0.09553963011303501,nearest_all_ties_better
Cu,minimum_four_fraction,15,1,5,0.6482887818181996,0.6482887818181996,0.714567453858751,0.7650469332096822,0.06627867204055138,-0.1167581513914826,nearest_all_ties_better
Fe,total,15,1,5,0.8066288924074031,0.8066288924074031,0.7784416969417592,0.8139804141173556,-0.028187195465643855,-0.007351521709952458,overlap_or_equal
Fe,F1,15,1,5,0.7957488906352351,0.7957488906352351,0.7006664871354029,0.7633530252623177,-0.09508240349983221,0.03239586537291739,magnetic_all_ties_better
Fe,F1_plus_F2_plus_F3,15,1,5,0.6067618595090642,0.6067618595090642,0.5932386448962305,0.6812260291432446,-0.01352321461283379,-0.07446416963418034,overlap_or_equal
Fe,minimum_four_fraction,15,1,5,0.5720389152381808,0.5720389152381808,0.5050513662397983,0.6101905353466903,-0.06698754899838255,-0.038151620108509476,overlap_or_equal
Mn,total,15,1,5,0.9190627634802008,0.9190627634802008,0.7518046839924152,0.8177121794875302,-0.1672580794877856,0.1013505839926706,magnetic_all_ties_better
Mn,F1,15,1,5,0.8146686126114079,0.8146686126114079,0.7087166720943943,0.7331376768177791,-0.10595194051701362,0.0815309357936288,magnetic_all_ties_better
Mn,F1_plus_F2_plus_F3,15,1,5,0.9009983423715583,0.9009983423715583,0.7294879883328236,0.8015699922360622,-0.1715103540387347,0.09942835013549611,magnetic_all_ties_better
Mn,minimum_four_fraction,15,1,5,0.8146686126114079,0.8146686126114079,0.7087166720943943,0.7331376768177791,-0.10595194051701362,0.0815309357936288,magnetic_all_ties_better
Ni,total,15,1,5,0.8900456682796231,0.8900456682796231,0.8227638802396381,0.8490527354943893,-0.06728178803998497,0.04099293278523375,magnetic_all_ties_better
Ni,F1,15,1,5,0.7756469067762157,0.7756469067762157,0.7183195747903158,0.7569164944460008,-0.0573273319858999,0.018730412330214885,magnetic_all_ties_better
Ni,F1_plus_F2_plus_F3,15,1,5,0.8579220092677045,0.8579220092677045,0.8056306868282688,0.8459619205696526,-0.052291322439435683,0.011960088698051874,magnetic_all_ties_better
Ni,minimum_four_fraction,15,1,5,0.7756469067762157,0.7756469067762157,0.7183195747903158,0.7569164944460008,-0.0573273319858999,0.018730412330214885,magnetic_all_ties_better
Pb,total,15,1,5,0.2926107988940285,0.2926107988940285,0.3146254536841842,0.336192309252305,0.022014654790155685,-0.043581510358276454,nearest_all_ties_better
Pb,F1,15,1,5,0.49784873565635934,0.49784873565635934,0.5358943095018107,0.5824174638260069,0.038045573845451375,-0.08456872816964756,nearest_all_ties_better
Pb,F1_plus_F2_plus_F3,15,1,5,0.24414909512322494,0.24414909512322494,0.27055173972736574,0.2893114729361294,0.026402644604140796,-0.04516237781290447,nearest_all_ties_better
Pb,minimum_four_fraction,15,1,5,0.1263289107470614,0.1263289107470614,0.11213050556786548,0.120745040692958,-0.01419840517919592,0.005583870054103407,magnetic_all_ties_better
Zn,total,15,1,5,0.8929732626058485,0.8929732626058485,0.9070304511816598,0.9228957738250259,0.014057188575811286,-0.029922511219177328,nearest_all_ties_better
Zn,F1,15,1,5,0.8592289653262041,0.8592289653262041,0.8788927568967103,0.8928523435502896,0.01966379157050624,-0.033623378224085565,nearest_all_ties_better
Zn,F1_plus_F2_plus_F3,15,1,5,0.8712141909194393,0.8712141909194393,0.8731756951519551,0.8904324987347843,0.0019615042325158427,-0.019218307815344948,nearest_all_ties_better
Zn,minimum_four_fraction,15,1,5,0.8396765881855144,0.8396765881855144,0.8421048434297461,0.867513994413172,0.0024282552442317362,-0.027837406227657624,nearest_all_ties_better
Cd,total,16,1,10,0.7355504049390584,0.7355504049390584,0.5015232913199277,0.6671743251949815,-0.23402711361913076,0.06837607974407689,magnetic_all_ties_better
Cd,F1,16,1,10,0.7651177465999114,0.7651177465999114,0.5314233830066833,0.6468905407311634,-0.23369436359322804,0.11822720586874802,magnetic_all_ties_better
Cd,F1_plus_F2_plus_F3,16,1,10,0.7366786197010589,0.7366786197010589,0.5273498596836648,0.7141717719468847,-0.2093287600173941,0.02250684775417411,magnetic_all_ties_better
Cd,minimum_four_fraction,16,1,10,0.7074739537817103,0.7074739537817103,0.3999594113294648,0.5742126553467455,-0.3075145424522455,0.13326129843496481,magnetic_all_ties_better
Co,total,16,1,10,0.8399231876572611,0.8399231876572611,0.784978693319293,0.8530329867080695,-0.05494449433796811,-0.013109799050808335,overlap_or_equal
Co,F1,16,1,10,0.7740150017848579,0.7740150017848579,0.773192871941189,0.8545067096135968,-0.0008221298436689173,-0.08049170782873882,overlap_or_equal
Co,F1_plus_F2_plus_F3,16,1,10,0.798954286434199,0.798954286434199,0.7623417124447209,0.8413060229506688,-0.03661257398947804,-0.04235173651646984,overlap_or_equal
Co,minimum_four_fraction,16,1,10,0.7269497773956782,0.7269497773956782,0.6825902435787706,0.8002011820253725,-0.044359533816907604,-0.07325140462969426,overlap_or_equal
Cr,total,16,1,10,0.736492066260838,0.736492066260838,0.6629600049853216,0.7682900046666288,-0.07353206127551637,-0.031797938405790815,overlap_or_equal
Cr,F1,16,1,10,0.8914254385476618,0.8914254385476618,0.3601381558661356,0.5710638559783763,-0.5312872826815261,0.3203615825692855,magnetic_all_ties_better
Cr,F1_plus_F2_plus_F3,16,1,10,0.6234203628750877,0.6234203628750877,0.525953323544066,0.6740363834351599,-0.09746703933102174,-0.050616020560072195,overlap_or_equal
Cr,minimum_four_fraction,16,1,10,0.5567656053854291,0.5567656053854291,0.2667842871908768,0.4445039772361427,-0.28998131819455225,0.11226162814928636,magnetic_all_ties_better
Cu,total,16,1,10,0.9503380830946482,0.9503380830946482,0.8956256928454863,0.9185996018569061,-0.05471239024916186,0.03173848123774203,magnetic_all_ties_better
Cu,F1,16,1,10,0.8903380761624026,0.8903380761624026,0.8335578845747804,0.8772496419559963,-0.05678019158762215,0.013088434206406263,magnetic_all_ties_better
Cu,F1_plus_F2_plus_F3,16,1,10,0.7938441373584347,0.7938441373584347,0.8275603798698713,0.8778353236013581,0.03371624251143657,-0.08399118624292334,nearest_all_ties_better
Cu,minimum_four_fraction,16,1,10,0.6956518711095574,0.6956518711095574,0.7209916773584315,0.7855308208818202,0.025339806248874108,-0.08987894977226285,nearest_all_ties_better
Fe,total,16,1,10,0.824418750585694,0.824418750585694,0.7703392085051723,0.8354605771580063,-0.05407954208052168,-0.01104182657231223,overlap_or_equal
Fe,F1,16,1,10,0.8103777888096696,0.8103777888096696,0.704976810002663,0.8089523226699521,-0.1054009788070066,0.0014254661397175017,magnetic_all_ties_better
Fe,F1_plus_F2_plus_F3,16,1,10,0.6923330552808644,0.6923330552808644,0.5977215752775911,0.7011126839837871,-0.09461148000327335,-0.008779628702922704,overlap_or_equal
Fe,minimum_four_fraction,16,1,10,0.68159760445881,0.68159760445881,0.509180702430642,0.6353791897354018,-0.17241690202816806,0.04621841472340826,magnetic_all_ties_better
Mn,total,16,1,10,0.9235832436217425,0.9235832436217425,0.7662537244331161,0.8324625248588972,-0.15732951918862637,0.09112071876284533,magnetic_all_ties_better
Mn,F1,16,1,10,0.8362300580261715,0.8362300580261715,0.7177980636918656,0.7516940378107211,-0.11843199433430585,0.08453602021545037,magnetic_all_ties_better
Mn,F1_plus_F2_plus_F3,16,1,10,0.9071144581015377,0.9071144581015377,0.7431888537896211,0.8168361635643996,-0.1639256043119166,0.09027829453713809,magnetic_all_ties_better
Mn,minimum_four_fraction,16,1,10,0.8362300580261715,0.8362300580261715,0.7177980636918656,0.7516940378107211,-0.11843199433430585,0.08453602021545037,magnetic_all_ties_better
Ni,total,16,1,10,0.8954439240894623,0.8954439240894623,0.8280045802577177,0.8732787724232333,-0.06743934383174455,0.02216515166622901,magnetic_all_ties_better
Ni,F1,16,1,10,0.7800329750019105,0.7800329750019105,0.725392177935315,0.797744577782408,-0.054640797066595526,-0.01771160278049755,overlap_or_equal
Ni,F1_plus_F2_plus_F3,16,1,10,0.8643716931044663,0.8643716931044663,0.8072748328107544,0.8748884959877145,-0.05709686029371186,-0.010516802883248189,overlap_or_equal
Ni,minimum_four_fraction,16,1,10,0.7800329750019105,0.7800329750019105,0.725392177935315,0.797744577782408,-0.054640797066595526,-0.01771160278049755,overlap_or_equal
Pb,total,16,1,10,0.8744018865263142,0.8744018865263142,0.3172417551545217,0.3519873682573755,-0.5571601313717925,0.5224145182689388,magnetic_all_ties_better
Pb,F1,16,1,10,0.7546701210235073,0.7546701210235073,0.5456713514549677,0.6069617921156769,-0.20899876956853958,0.14770832890783037,magnetic_all_ties_better
Pb,F1_plus_F2_plus_F3,16,1,10,0.8982177444691624,0.8982177444691624,0.2752960595990999,0.30039110963120336,-0.6229216848700625,0.5978266348379591,magnetic_all_ties_better
Pb,minimum_four_fraction,16,1,10,0.7546701210235073,0.7546701210235073,0.11584176547124439,0.12713757730262706,-0.6388283555522629,0.6275325437208802,magnetic_all_ties_better
Zn,total,16,1,10,0.9204673006909562,0.9204673006909562,0.9096390805727459,0.9253075747610414,-0.010828220118210274,-0.004840274070085249,overlap_or_equal
Zn,F1,16,1,10,0.8662874100428066,0.8662874100428066,0.8792608941387797,0.8978681191385199,0.012973484095973098,-0.03158070909571331,nearest_all_ties_better
Zn,F1_plus_F2_plus_F3,16,1,10,0.8914165282832959,0.8914165282832959,0.8691779085318612,0.8992468389711602,-0.022238619751434707,-0.007830310687864328,overlap_or_equal
Zn,minimum_four_fraction,16,1,10,0.8553053336689328,0.8553053336689328,0.8402132291229302,0.8847204982019481,-0.015092104546002627,-0.029415164533015292,overlap_or_equal
Cd,total,17,1,10,0.7347731007755689,0.7347731007755689,0.5647796050755387,0.7298872691166818,-0.1699934957000302,0.004885831658887119,magnetic_all_ties_better
Cd,F1,17,1,10,0.7653071149872929,0.7653071149872929,0.5772785924633761,0.692424576766772,-0.18802852252391677,0.07288253822052082,magnetic_all_ties_better
Cd,F1_plus_F2_plus_F3,17,1,10,0.7369477258668475,0.7369477258668475,0.5815250537792198,0.7679160362337063,-0.15542267208762772,-0.030968310366858764,overlap_or_equal
Cd,minimum_four_fraction,17,1,10,0.7077453390196525,0.7077453390196525,0.42208196416409466,0.5956756426936287,-0.28566337485555787,0.11206969632602382,magnetic_all_ties_better
Co,total,17,1,10,0.8657912962735934,0.8657912962735934,0.820505546722023,0.8861812149998415,-0.04528574955157039,-0.02038991872624807,overlap_or_equal
Co,F1,17,1,10,0.7894805688485714,0.7894805688485714,0.7911693193203078,0.8692470186329406,0.0016887504717363333,-0.0797664497843692,nearest_all_ties_better
Co,F1_plus_F2_plus_F3,17,1,10,0.8228655095132604,0.8228655095132604,0.795557295772927,0.8716033887916074,-0.02730821374033343,-0.04873787927834694,overlap_or_equal
Co,minimum_four_fraction,17,1,10,0.7820559937854981,0.7820559937854981,0.7118711092417741,0.825804940307495,-0.07018488454372396,-0.0437489465219969,overlap_or_equal
Cr,total,17,1,10,0.7172276983351711,0.7172276983351711,0.6926832545778675,0.7951402515845607,-0.02454444375730358,-0.07791255324938962,overlap_or_equal
Cr,F1,17,1,10,0.8917473152474381,0.8917473152474381,0.3674614455123549,0.5777618419867818,-0.5242858697350832,0.3139854732606563,magnetic_all_ties_better
Cr,F1_plus_F2_plus_F3,17,1,10,0.6157532612663358,0.6157532612663358,0.5689590228186822,0.715078236912305,-0.046794238447653624,-0.0993249756459692,overlap_or_equal
Cr,minimum_four_fraction,17,1,10,0.5501086761923115,0.5501086761923115,0.2796681657331834,0.5673426040745116,-0.2704405104591281,-0.01723392788220013,overlap_or_equal
Cu,total,17,1,10,0.9386572798693208,0.9386572798693208,0.908765261276415,0.9305571807937655,-0.0298920185929058,0.008100099075555312,magnetic_all_ties_better
Cu,F1,17,1,10,0.8679250087967666,0.8679250087967666,0.848691298480136,0.8902650840036757,-0.01923371031663057,-0.02234007520690906,overlap_or_equal
Cu,F1_plus_F2_plus_F3,17,1,10,0.8248612464549308,0.8248612464549308,0.8337242961913084,0.8822021439538293,0.008863049736377637,-0.05734089749889859,nearest_all_ties_better
Cu,minimum_four_fraction,17,1,10,0.7049388364252327,0.7049388364252327,0.7280702799545886,0.8046808295077229,0.023131443529355922,-0.09974199308249021,nearest_all_ties_better
Fe,total,17,1,10,0.8594199187968846,0.8594199187968846,0.8058440583206447,0.8688665345385597,-0.05357586047623997,-0.009446615741675046,overlap_or_equal
Fe,F1,17,1,10,0.8523623569304069,0.8523623569304069,0.734941709787904,0.8350505398859956,-0.11742064714250289,0.017311817044411204,magnetic_all_ties_better
Fe,F1_plus_F2_plus_F3,17,1,10,0.6887611456655011,0.6887611456655011,0.6144489133964965,0.7167165170699904,-0.07431223226900452,-0.027955371404489338,overlap_or_equal
Fe,minimum_four_fraction,17,1,10,0.6774393554920682,0.6774393554920682,0.5241745378211856,0.6491565760968575,-0.15326481767088262,0.028282779395210733,magnetic_all_ties_better
Mn,total,17,1,10,0.9110213858251885,0.9110213858251885,0.7822019431827107,0.8452075855315562,-0.1288194426424778,0.06581380029363237,magnetic_all_ties_better
Mn,F1,17,1,10,0.833174081123052,0.833174081123052,0.7332287097142131,0.76562319514914,-0.09994537140883897,0.06755088597391201,magnetic_all_ties_better
Mn,F1_plus_F2_plus_F3,17,1,10,0.893546533381439,0.893546533381439,0.760474692013408,0.8307082032008207,-0.13307184136803096,0.06283833018061824,magnetic_all_ties_better
Mn,minimum_four_fraction,17,1,10,0.833174081123052,0.833174081123052,0.7332287097142131,0.76562319514914,-0.09994537140883897,0.06755088597391201,magnetic_all_ties_better
Ni,total,17,1,10,0.8949644836988206,0.8949644836988206,0.8548566175006834,0.8981549073172441,-0.04010786619813722,-0.003190423618423477,overlap_or_equal
Ni,F1,17,1,10,0.8020409101484733,0.8020409101484733,0.7334004035105189,0.8025120526677656,-0.0686405066379544,-0.0004711425192922558,overlap_or_equal
Ni,F1_plus_F2_plus_F3,17,1,10,0.8639561964763638,0.8639561964763638,0.8332156240587697,0.8980508866038622,-0.030740572417594092,-0.03409469012749844,overlap_or_equal
Ni,minimum_four_fraction,17,1,10,0.8020409101484733,0.8020409101484733,0.7334004035105189,0.8025120526677656,-0.0686405066379544,-0.0004711425192922558,overlap_or_equal
Pb,total,17,1,10,0.883890884771899,0.883890884771899,0.33462926498472884,0.3689534604652908,-0.5492616197871703,0.5149374243066083,magnetic_all_ties_better
Pb,F1,17,1,10,0.7803415983339219,0.7803415983339219,0.5695196553542511,0.6293909282105284,-0.21082194297967083,0.15095067012339347,magnetic_all_ties_better
Pb,F1_plus_F2_plus_F3,17,1,10,0.9089614122578064,0.9089614122578064,0.2870660432183241,0.31190451384726164,-0.6218953690394823,0.5970568984105447,magnetic_all_ties_better
Pb,minimum_four_fraction,17,1,10,0.7803415983339219,0.7803415983339219,0.1208806857614198,0.13212261383299378,-0.6594609125725022,0.6482189845009281,magnetic_all_ties_better
Zn,total,17,1,10,0.9654897667860814,0.9654897667860814,0.9146584655461568,0.9299395722491476,-0.05083130123992463,0.035550194536933866,magnetic_all_ties_better
Zn,F1,17,1,10,0.9077601704767256,0.9077601704767256,0.8798787007269724,0.8983196500115651,-0.02788146974975325,0.009440520465160529,magnetic_all_ties_better
Zn,F1_plus_F2_plus_F3,17,1,10,0.9227923305526284,0.9227923305526284,0.8748751197540271,0.904390299577963,-0.04791721079860134,0.018402030974665418,magnetic_all_ties_better
Zn,minimum_four_fraction,17,1,10,0.9077601704767256,0.9077601704767256,0.8525326253123872,0.8935884700079012,-0.055227545164338476,0.014171700468824433,magnetic_all_ties_better
Cd,total,18,1,5,0.7352061589494124,0.7352061589494124,0.644224787337271,0.7485683971752972,-0.09098137161214148,-0.013362238225884782,overlap_or_equal
Cd,F1,18,1,5,0.7649856029409319,0.7649856029409319,0.6294895864697304,0.7176494317565897,-0.13549601647120146,0.04733617118434219,magnetic_all_ties_better
Cd,F1_plus_F2_plus_F3,18,1,5,0.7368013607090308,0.7368013607090308,0.657738514692102,0.7851791514024036,-0.07906284601692881,-0.04837779069337278,overlap_or_equal
Cd,minimum_four_fraction,18,1,5,0.7077492974453566,0.7077492974453566,0.448621708339806,0.6124765689525072,-0.2591275891055506,0.0952727284928494,magnetic_all_ties_better
Co,total,18,1,5,0.853676604961315,0.853676604961315,0.8560628314989127,0.8878779402870359,0.00238622653759768,-0.034201335325720894,nearest_all_ties_better
Co,F1,18,1,5,0.785925606068422,0.785925606068422,0.8280241337263314,0.8737405794936719,0.042098527657909446,-0.08781497342524991,nearest_all_ties_better
Co,F1_plus_F2_plus_F3,18,1,5,0.8148691256013244,0.8148691256013244,0.8353005148703937,0.8753307639513275,0.02043138926906929,-0.060461638350003066,nearest_all_ties_better
Co,minimum_four_fraction,18,1,5,0.7751825665245523,0.7751825665245523,0.7608967786018572,0.8191832448595082,-0.014285787922695081,-0.04400067833495591,overlap_or_equal
Cr,total,18,1,5,0.7182202333670041,0.7182202333670041,0.7266730447257274,0.8070458574339012,0.008452811358723222,-0.08882562406689709,nearest_all_ties_better
Cr,F1,18,1,5,0.8900143367285313,0.8900143367285313,0.3930047718211987,0.5771284417189921,-0.49700956490733256,0.3128858950095391,magnetic_all_ties_better
Cr,F1_plus_F2_plus_F3,18,1,5,0.6482938321773197,0.6482938321773197,0.6129111528688701,0.7493975294634049,-0.03538267930844963,-0.10110369728608515,overlap_or_equal
Cr,minimum_four_fraction,18,1,5,0.5724515747625017,0.5724515747625017,0.3930047718211987,0.5765649407233533,-0.17944680294130305,-0.004113365960851545,overlap_or_equal
Cu,total,18,1,5,0.9365934602525536,0.9365934602525536,0.9210558543321068,0.9325657273567944,-0.01553760592044684,0.004027732895759195,magnetic_all_ties_better
Cu,F1,18,1,5,0.8766217628429152,0.8766217628429152,0.8671807767319186,0.8980618855563324,-0.00944098611099653,-0.02144012271341722,overlap_or_equal
Cu,F1_plus_F2_plus_F3,18,1,5,0.8178232938538319,0.8178232938538319,0.8477054487325384,0.8833242771024944,0.02988215487870649,-0.06550098324866249,nearest_all_ties_better
Cu,minimum_four_fraction,18,1,5,0.6943915083933861,0.6943915083933861,0.7565535819182386,0.8089570263108566,0.06216207352485248,-0.1145655179174705,nearest_all_ties_better
Fe,total,18,1,5,0.8635964364858041,0.8635964364858041,0.8413590358839379,0.8729268871610848,-0.022237400601866186,-0.00933045067528071,overlap_or_equal
Fe,F1,18,1,5,0.8729593039110557,0.8729593039110557,0.7793180713227513,0.835178659120739,-0.09364123258830437,0.03778064479031673,magnetic_all_ties_better
Fe,F1_plus_F2_plus_F3,18,1,5,0.6851993036986458,0.6851993036986458,0.6348363271815284,0.7200082637086074,-0.05036297651711741,-0.03480896000996159,overlap_or_equal
Fe,minimum_four_fraction,18,1,5,0.6737461878802372,0.6737461878802372,0.5509790359927732,0.6530516438414316,-0.12276715188746401,0.020694544038805662,magnetic_all_ties_better
Mn,total,18,1,5,0.9059810867513765,0.9059810867513765,0.8004210686968597,0.857248803036364,-0.10556001805451676,0.04873228371501248,magnetic_all_ties_better
Mn,F1,18,1,5,0.8339708027055958,0.8339708027055958,0.7531633782912774,0.7745596451953849,-0.08080742441431832,0.059411157510210866,magnetic_all_ties_better
Mn,F1_plus_F2_plus_F3,18,1,5,0.8884106395729038,0.8884106395729038,0.7781335105776879,0.8405364712516562,-0.11027712899521591,0.04787416832124758,magnetic_all_ties_better
Mn,minimum_four_fraction,18,1,5,0.8339708027055958,0.8339708027055958,0.7531633782912774,0.7745596451953849,-0.08080742441431832,0.059411157510210866,magnetic_all_ties_better
Ni,total,18,1,5,0.9140633616617176,0.9140633616617176,0.880130685088544,0.9030543905570636,-0.03393267657317367,0.011008971104654042,magnetic_all_ties_better
Ni,F1,18,1,5,0.860681338045572,0.860681338045572,0.7754632724779599,0.8092071134736656,-0.08521806556761213,0.051474224571906424,magnetic_all_ties_better
Ni,F1_plus_F2_plus_F3,18,1,5,0.8881560273222864,0.8881560273222864,0.8632718834552868,0.8987712742763533,-0.024884143866999553,-0.010615246954066904,overlap_or_equal
Ni,minimum_four_fraction,18,1,5,0.8351749779608391,0.8351749779608391,0.7754632724779599,0.8092071134736656,-0.059711705482879185,0.025967864487173475,magnetic_all_ties_better
Pb,total,18,1,5,0.8801106806817374,0.8801106806817374,0.35298712716125286,0.3736317861948734,-0.5271235535204846,0.5064788944868639,magnetic_all_ties_better
Pb,F1,18,1,5,0.7721121359276509,0.7721121359276509,0.5936023085369745,0.6369655179691711,-0.17850982739067645,0.13514661795847982,magnetic_all_ties_better
Pb,F1_plus_F2_plus_F3,18,1,5,0.9059062190857041,0.9059062190857041,0.2993486069128647,0.31746720201739387,-0.6065576121728394,0.5884390170683103,magnetic_all_ties_better
Pb,minimum_four_fraction,18,1,5,0.7721121359276509,0.7721121359276509,0.1273133455399214,0.13580681694083196,-0.6447987903877295,0.636305318986819,magnetic_all_ties_better
Zn,total,18,1,5,0.9575115191069854,0.9575115191069854,0.9204607682716135,0.9351516608397958,-0.037050750835371904,0.02235985826718956,magnetic_all_ties_better
Zn,F1,18,1,5,0.9065990460575962,0.9065990460575962,0.8851392393532934,0.8987306197498505,-0.02145980670430281,0.007868426307745757,magnetic_all_ties_better
Zn,F1_plus_F2_plus_F3,18,1,5,0.9140955818898835,0.9140955818898835,0.8872212800999901,0.903498945727262,-0.026874301789893362,0.01059663616262152,magnetic_all_ties_better
Zn,minimum_four_fraction,18,1,5,0.903362220268283,0.903362220268283,0.8729836882591497,0.8921149188403787,-0.030378532009133208,0.0112473014279042,magnetic_all_ties_better
Cd,total,19,1,1,0.7356378052478364,0.7356378052478364,0.7509144492305532,0.7509144492305532,0.015276643982716775,-0.015276643982716775,nearest_all_ties_better
Cd,F1,19,1,1,0.7651013578558858,0.7651013578558858,0.7189908858014863,0.7189908858014863,-0.046110472054399554,0.046110472054399554,magnetic_all_ties_better
Cd,F1_plus_F2_plus_F3,19,1,1,0.7369785403883554,0.7369785403883554,0.7858642887714833,0.7858642887714833,0.04888574838312787,-0.04888574838312787,nearest_all_ties_better
Cd,minimum_four_fraction,19,1,1,0.7081479492406748,0.7081479492406748,0.6190679639088443,0.6190679639088443,-0.08907998533183048,0.08907998533183048,magnetic_all_ties_better
Co,total,19,1,1,0.8740400570041723,0.8740400570041723,0.8895656594100545,0.8895656594100545,0.015525602405882188,-0.015525602405882188,nearest_all_ties_better
Co,F1,19,1,1,0.8116099362608118,0.8116099362608118,0.8737535372189333,0.8737535372189333,0.06214360095812155,-0.06214360095812155,nearest_all_ties_better
Co,F1_plus_F2_plus_F3,19,1,1,0.8475249297765883,0.8475249297765883,0.8762706926539023,0.8762706926539023,0.028745762877314007,-0.028745762877314007,nearest_all_ties_better
Co,minimum_four_fraction,19,1,1,0.8116099362608118,0.8116099362608118,0.8154061022863666,0.8154061022863666,0.0037961660255547702,-0.0037961660255547702,nearest_all_ties_better
Cr,total,19,1,1,0.7020895186311417,0.7020895186311417,0.8031123362152871,0.8031123362152871,0.10102281758414544,-0.10102281758414544,nearest_all_ties_better
Cr,F1,19,1,1,0.8897406430687127,0.8897406430687127,0.5763153739973372,0.5763153739973372,-0.31342526907137547,0.31342526907137547,magnetic_all_ties_better
Cr,F1_plus_F2_plus_F3,19,1,1,0.6437218904748172,0.6437218904748172,0.7547340649079137,0.7547340649079137,0.11101217443309652,-0.11101217443309652,nearest_all_ties_better
Cr,minimum_four_fraction,19,1,1,0.5695228442953499,0.5695228442953499,0.5763153739973372,0.5763153739973372,0.006792529701987293,-0.006792529701987293,nearest_all_ties_better
Cu,total,19,1,1,0.9243524268209553,0.9243524268209553,0.9332696722930931,0.9332696722930931,0.008917245472137791,-0.008917245472137791,nearest_all_ties_better
Cu,F1,19,1,1,0.868952057214257,0.868952057214257,0.8945379850294406,0.8945379850294406,0.02558592781518365,-0.02558592781518365,nearest_all_ties_better
Cu,F1_plus_F2_plus_F3,19,1,1,0.8414470188240264,0.8414470188240264,0.8845039863395278,0.8845039863395278,0.043056967515501365,-0.043056967515501365,nearest_all_ties_better
Cu,minimum_four_fraction,19,1,1,0.7228527558701628,0.7228527558701628,0.8112055144438997,0.8112055144438997,0.08835275857373681,-0.08835275857373681,nearest_all_ties_better
Fe,total,19,1,1,0.8908930408636533,0.8908930408636533,0.8761276683610002,0.8761276683610002,-0.014765372502653085,0.014765372502653085,magnetic_all_ties_better
Fe,F1,19,1,1,0.8714731117022555,0.8714731117022555,0.832312895015621,0.832312895015621,-0.0391602166866345,0.0391602166866345,magnetic_all_ties_better
Fe,F1_plus_F2_plus_F3,19,1,1,0.766164149064504,0.766164149064504,0.7209771368823412,0.7209771368823412,-0.04518701218216281,0.04518701218216281,magnetic_all_ties_better
Fe,minimum_four_fraction,19,1,1,0.7244437935562628,0.7244437935562628,0.6551286846354057,0.6551286846354057,-0.06931510892085702,0.06931510892085702,magnetic_all_ties_better
Mn,total,19,1,1,0.8939466569979033,0.8939466569979033,0.859374701123226,0.859374701123226,-0.03457195587467732,0.03457195587467732,magnetic_all_ties_better
Mn,F1,19,1,1,0.818108487785129,0.818108487785129,0.7810150918353853,0.7810150918353853,-0.0370933959497437,0.0370933959497437,magnetic_all_ties_better
Mn,F1_plus_F2_plus_F3,19,1,1,0.8760658116738923,0.8760658116738923,0.8427973463691052,0.8427973463691052,-0.03326846530478711,0.03326846530478711,magnetic_all_ties_better
Mn,minimum_four_fraction,19,1,1,0.818108487785129,0.818108487785129,0.7810150918353853,0.7810150918353853,-0.0370933959497437,0.0370933959497437,magnetic_all_ties_better
Ni,total,19,1,1,0.9069767085440362,0.9069767085440362,0.9053038834936175,0.9053038834936175,-0.0016728250504187692,0.0016728250504187692,magnetic_all_ties_better
Ni,F1,19,1,1,0.8514443738225932,0.8514443738225932,0.8152251767778814,0.8152251767778814,-0.03621919704471177,0.03621919704471177,magnetic_all_ties_better
Ni,F1_plus_F2_plus_F3,19,1,1,0.8920625926309722,0.8920625926309722,0.8974988231018257,0.8974988231018257,0.005436230470853509,-0.005436230470853509,nearest_all_ties_better
Ni,minimum_four_fraction,19,1,1,0.8354106628666715,0.8354106628666715,0.8152251767778814,0.8152251767778814,-0.020185486088790117,0.020185486088790117,magnetic_all_ties_better
Pb,total,19,1,1,0.9218214504758471,0.9218214504758471,0.3743341797760135,0.3743341797760135,-0.5474872706998335,0.5474872706998335,magnetic_all_ties_better
Pb,F1,19,1,1,0.8417118356806238,0.8417118356806238,0.6307732715954437,0.6307732715954437,-0.21093856408518008,0.21093856408518008,magnetic_all_ties_better
Pb,F1_plus_F2_plus_F3,19,1,1,0.9460142234256994,0.9460142234256994,0.3185217091880705,0.3185217091880705,-0.6274925142376289,0.6274925142376289,magnetic_all_ties_better
Pb,minimum_four_fraction,19,1,1,0.8417118356806238,0.8417118356806238,0.13925299064794372,0.13925299064794372,-0.7024588450326801,0.7024588450326801,magnetic_all_ties_better
Zn,total,19,1,1,0.968838456117065,0.968838456117065,0.9350162958315603,0.9350162958315603,-0.033822160285504665,0.033822160285504665,magnetic_all_ties_better
Zn,F1,19,1,1,0.931421181454599,0.931421181454599,0.8980325940137482,0.8980325940137482,-0.033388587440850714,0.033388587440850714,magnetic_all_ties_better
Zn,F1_plus_F2_plus_F3,19,1,1,0.9466054450181743,0.9466054450181743,0.9034651569868462,0.9034651569868462,-0.04314028803132819,0.04314028803132819,magnetic_all_ties_better
Zn,minimum_four_fraction,19,1,1,0.931421181454599,0.931421181454599,0.8918879392958028,0.8918879392958028,-0.03953324215879617,0.03953324215879617,magnetic_all_ties_better
Cd,total,20,1,1,0.7591944309006537,0.7591944309006537,0.7963081709063258,0.7963081709063258,0.037113740005672025,-0.037113740005672025,nearest_all_ties_better
Cd,F1,20,1,1,0.7981532295240161,0.7981532295240161,0.7704536554690813,0.7704536554690813,-0.02769957405493484,0.02769957405493484,magnetic_all_ties_better
Cd,F1_plus_F2_plus_F3,20,1,1,0.7651073503576036,0.7651073503576036,0.8258927571762007,0.8258927571762007,0.06078540681859712,-0.06078540681859712,nearest_all_ties_better
Cd,minimum_four_fraction,20,1,1,0.732012114377207,0.732012114377207,0.6822370694457557,0.6822370694457557,-0.04977504493145135,0.04977504493145135,magnetic_all_ties_better
Co,total,20,1,1,0.8779528584378735,0.8779528584378735,0.8890608776685432,0.8890608776685432,0.01110801923066973,-0.01110801923066973,nearest_all_ties_better
Co,F1,20,1,1,0.8308179633741061,0.8308179633741061,0.8686324642097603,0.8686324642097603,0.037814500835654186,-0.037814500835654186,nearest_all_ties_better
Co,F1_plus_F2_plus_F3,20,1,1,0.8592294353457985,0.8592294353457985,0.8728096013900876,0.8728096013900876,0.013580166044289022,-0.013580166044289022,nearest_all_ties_better
Co,minimum_four_fraction,20,1,1,0.8234563967981898,0.8234563967981898,0.8120349682193946,0.8120349682193946,-0.011421428578795245,0.011421428578795245,magnetic_all_ties_better
Cr,total,20,1,1,0.7137706427870715,0.7137706427870715,0.823472966152597,0.823472966152597,0.10970232336552554,-0.10970232336552554,nearest_all_ties_better
Cr,F1,20,1,1,0.8891665547998931,0.8891665547998931,0.578084538364318,0.578084538364318,-0.3110820164355752,0.3110820164355752,magnetic_all_ties_better
Cr,F1_plus_F2_plus_F3,20,1,1,0.679626798831225,0.679626798831225,0.7530767954101875,0.7530767954101875,0.07344999657896245,-0.07344999657896245,nearest_all_ties_better
Cr,minimum_four_fraction,20,1,1,0.6329964231964437,0.6329964231964437,0.578084538364318,0.578084538364318,-0.054911884832125724,0.054911884832125724,magnetic_all_ties_better
Cu,total,20,1,1,0.9330252164687693,0.9330252164687693,0.9346592040283058,0.9346592040283058,0.0016339875595364761,-0.0016339875595364761,nearest_all_ties_better
Cu,F1,20,1,1,0.8884212868192419,0.8884212868192419,0.8952124668708247,0.8952124668708247,0.006791180051582746,-0.006791180051582746,nearest_all_ties_better
Cu,F1_plus_F2_plus_F3,20,1,1,0.8487103031461193,0.8487103031461193,0.8834117215237768,0.8834117215237768,0.0347014183776575,-0.0347014183776575,nearest_all_ties_better
Cu,minimum_four_fraction,20,1,1,0.7445981283017669,0.7445981283017669,0.8095231241787283,0.8095231241787283,0.06492499587696143,-0.06492499587696143,nearest_all_ties_better
Fe,total,20,1,1,0.8925728420552753,0.8925728420552753,0.8791353129064768,0.8791353129064768,-0.013437529148798477,0.013437529148798477,magnetic_all_ties_better
Fe,F1,20,1,1,0.8692168478720613,0.8692168478720613,0.83928457302003,0.83928457302003,-0.029932274852031315,0.029932274852031315,magnetic_all_ties_better
Fe,F1_plus_F2_plus_F3,20,1,1,0.7680293318087628,0.7680293318087628,0.7257994196257448,0.7257994196257448,-0.04222991218301797,0.04222991218301797,magnetic_all_ties_better
Fe,minimum_four_fraction,20,1,1,0.724670523760086,0.724670523760086,0.6586057684521833,0.6586057684521833,-0.06606475530790268,0.06606475530790268,magnetic_all_ties_better
Mn,total,20,1,1,0.9039499984971175,0.9039499984971175,0.8652273035871595,0.8652273035871595,-0.038722694909958055,0.038722694909958055,magnetic_all_ties_better
Mn,F1,20,1,1,0.8299455255810799,0.8299455255810799,0.8629298793664028,0.8629298793664028,0.03298435378532283,-0.03298435378532283,nearest_all_ties_better
Mn,F1_plus_F2_plus_F3,20,1,1,0.8884148132814307,0.8884148132814307,0.8507534308753649,0.8507534308753649,-0.03766138240606576,0.03766138240606576,magnetic_all_ties_better
Mn,minimum_four_fraction,20,1,1,0.8299455255810799,0.8299455255810799,0.8317049027916478,0.8317049027916478,0.0017593772105678473,-0.0017593772105678473,nearest_all_ties_better
Ni,total,20,1,1,0.9079246949911859,0.9079246949911859,0.8999267563115136,0.8999267563115136,-0.007997938679672245,0.007997938679672245,magnetic_all_ties_better
Ni,F1,20,1,1,0.840204516562669,0.840204516562669,0.8163009100076054,0.8163009100076054,-0.023903606555063628,0.023903606555063628,magnetic_all_ties_better
Ni,F1_plus_F2_plus_F3,20,1,1,0.8952481063740424,0.8952481063740424,0.8903858329473128,0.8903858329473128,-0.004862273426729624,0.004862273426729624,magnetic_all_ties_better
Ni,minimum_four_fraction,20,1,1,0.840204516562669,0.840204516562669,0.8163009100076054,0.8163009100076054,-0.023903606555063628,0.023903606555063628,magnetic_all_ties_better
Pb,total,20,1,1,0.917593273297641,0.917593273297641,0.3824659623404377,0.3824659623404377,-0.5351273109572032,0.5351273109572032,magnetic_all_ties_better
Pb,F1,20,1,1,0.8364002081849138,0.8364002081849138,0.6411079468600703,0.6411079468600703,-0.19529226132484345,0.19529226132484345,magnetic_all_ties_better
Pb,F1_plus_F2_plus_F3,20,1,1,0.9420936005721968,0.9420936005721968,0.3256573802944996,0.3256573802944996,-0.6164362202776972,0.6164362202776972,magnetic_all_ties_better
Pb,minimum_four_fraction,20,1,1,0.8364002081849138,0.8364002081849138,0.1390372492692738,0.1390372492692738,-0.69736295891564,0.69736295891564,magnetic_all_ties_better
Zn,total,20,1,1,0.9666434861559022,0.9666434861559022,0.9485328549651911,0.9485328549651911,-0.0181106311907111,0.0181106311907111,magnetic_all_ties_better
Zn,F1,20,1,1,0.9288492685929206,0.9288492685929206,0.910213678294829,0.910213678294829,-0.018635590298091587,0.018635590298091587,magnetic_all_ties_better
Zn,F1_plus_F2_plus_F3,20,1,1,0.9436220134604478,0.9436220134604478,0.9183112039773594,0.9183112039773594,-0.025310809483088392,0.025310809483088392,magnetic_all_ties_better
Zn,minimum_four_fraction,20,1,1,0.9288492685929206,0.9288492685929206,0.9065290839010571,0.9065290839010571,-0.022320184691863476,0.022320184691863476,magnetic_all_ties_better
Cd,total,21,2,1,0.7693350341212012,0.8379364696257751,0.7966391344413164,0.7966391344413164,-0.04129733518445866,-0.02730410032011521,overlap_or_equal
Cd,F1,21,2,1,0.810743974598713,0.8433490654574501,0.7703640412416953,0.7703640412416953,-0.07298502421575481,0.04037993335701762,magnetic_all_ties_better
Cd,F1_plus_F2_plus_F3,21,2,1,0.7762887679975422,0.8185889543369065,0.8256745282754677,0.8256745282754677,0.00708557393856124,-0.04938576027792552,nearest_all_ties_better
Cd,minimum_four_fraction,21,2,1,0.7369748684951883,0.7734193988083864,0.6832598539857668,0.6832598539857668,-0.09015954482261956,0.05371501450942151,magnetic_all_ties_better
Co,total,21,2,1,0.898922316350733,0.9068731278515355,0.8778778351112414,0.8778778351112414,-0.02899529274029411,0.021044481239491653,magnetic_all_ties_better
Co,F1,21,2,1,0.8521295977252199,0.8650027323247456,0.8648425802400604,0.8648425802400604,-0.00016015208468511677,-0.012712982514840543,overlap_or_equal
Co,F1_plus_F2_plus_F3,21,2,1,0.8838953580817331,0.8924703291767342,0.8662221211220487,0.8662221211220487,-0.02624820805468553,0.01767323695968448,magnetic_all_ties_better
Co,minimum_four_fraction,21,2,1,0.8521295977252199,0.8650027323247456,0.8101092289555358,0.8101092289555358,-0.05489350336920973,0.04202036876968407,magnetic_all_ties_better
Cr,total,21,2,1,0.7699227075759273,0.7914634901680533,0.826784107408906,0.826784107408906,0.03532061724085267,-0.056861399832978665,nearest_all_ties_better
Cr,F1,21,2,1,0.8941534420515173,0.8961967546476926,0.5778464054704353,0.5778464054704353,-0.31835034917725724,0.31630703658108195,magnetic_all_ties_better
Cr,F1_plus_F2_plus_F3,21,2,1,0.766111329314976,0.8210057564553616,0.786574502253768,0.786574502253768,-0.03443125420159354,-0.020463172938791963,overlap_or_equal
Cr,minimum_four_fraction,21,2,1,0.6515441293372132,0.7685849354582449,0.5778464054704353,0.5778464054704353,-0.1907385299878096,0.07369772386677786,magnetic_all_ties_better
Cu,total,21,2,1,0.9355681933452129,0.9438595588113204,0.9341606957551791,0.9341606957551791,-0.009698863056141316,0.0014074975900337794,magnetic_all_ties_better
Cu,F1,21,2,1,0.8890548220271963,0.8979205586845476,0.9065103434429891,0.9065103434429891,0.008589784758441521,-0.017455521415792763,nearest_all_ties_better
Cu,F1_plus_F2_plus_F3,21,2,1,0.858473469728635,0.8632315911204516,0.8775183830457693,0.8775183830457693,0.014286791925317788,-0.019044913317134315,nearest_all_ties_better
Cu,minimum_four_fraction,21,2,1,0.7503944528626568,0.7746641978539763,0.8030031104602345,0.8030031104602345,0.028338912606258204,-0.05260865759757771,nearest_all_ties_better
Fe,total,21,2,1,0.9134400869786389,0.9234581237807676,0.8831849448694705,0.8831849448694705,-0.040273178911297114,0.030255142109168354,magnetic_all_ties_better
Fe,F1,21,2,1,0.8769975031095556,0.9087324597382452,0.8618472195119163,0.8618472195119163,-0.046885240226328895,0.015150283597639258,magnetic_all_ties_better
Fe,F1_plus_F2_plus_F3,21,2,1,0.7757303510794789,0.7849293199262783,0.7241255907926374,0.7241255907926374,-0.06080372913364096,0.05160476028684147,magnetic_all_ties_better
Fe,minimum_four_fraction,21,2,1,0.7304907308480091,0.7391273020304155,0.6563828325490494,0.6563828325490494,-0.08274446948136616,0.0741078982989597,magnetic_all_ties_better
Mn,total,21,2,1,0.919844633143742,0.9208724645945428,0.8681218643294171,0.8681218643294171,-0.05275060026512568,0.051722768814324915,magnetic_all_ties_better
Mn,F1,21,2,1,0.8475194098645372,0.84836851999289,0.865710388361555,0.865710388361555,0.017341868368665025,-0.018190978497017785,nearest_all_ties_better
Mn,F1_plus_F2_plus_F3,21,2,1,0.9066670570154609,0.9073036324486069,0.8548565054007216,0.8548565054007216,-0.052447127047885345,0.05181055161473935,magnetic_all_ties_better
Mn,minimum_four_fraction,21,2,1,0.8475194098645372,0.84836851999289,0.8370466252682289,0.8370466252682289,-0.011321894724661052,0.010472784596308293,magnetic_all_ties_better
Ni,total,21,2,1,0.9271968388708287,0.9315444326923861,0.9197621047306698,0.9197621047306698,-0.011782327961716299,0.007434734140158938,magnetic_all_ties_better
Ni,F1,21,2,1,0.8754823305897355,0.8757358571560981,0.8699232310385998,0.8699232310385998,-0.005812626117498332,0.005559099551135649,magnetic_all_ties_better
Ni,F1_plus_F2_plus_F3,21,2,1,0.9153841889068893,0.9181018576819174,0.9139041091972439,0.9139041091972439,-0.00419774848467358,0.0014800797096454765,magnetic_all_ties_better
Ni,minimum_four_fraction,21,2,1,0.8754823305897355,0.8757358571560981,0.8699232310385998,0.8699232310385998,-0.005812626117498332,0.005559099551135649,magnetic_all_ties_better
Pb,total,21,2,1,0.929513510986461,0.9362243137595638,0.3847517011036927,0.3847517011036927,-0.5514726126558711,0.5447618098827682,magnetic_all_ties_better
Pb,F1,21,2,1,0.8710480984317864,0.885269535469142,0.6395817059154437,0.6395817059154437,-0.24568782955369828,0.2314663925163427,magnetic_all_ties_better
Pb,F1_plus_F2_plus_F3,21,2,1,0.9483095720701931,0.9528027406462644,0.32847117273704746,0.32847117273704746,-0.624331567909217,0.6198383993331456,magnetic_all_ties_better
Pb,minimum_four_fraction,21,2,1,0.8710480984317864,0.885269535469142,0.1438167744371469,0.1438167744371469,-0.7414527610319951,0.7272313239946395,magnetic_all_ties_better
Zn,total,21,2,1,0.9661366287707472,0.9717831760470123,0.9424644108531804,0.9424644108531804,-0.02931876519383181,0.023672217917566796,magnetic_all_ties_better
Zn,F1,21,2,1,0.9280898525491793,0.9351993160781703,0.9106489352841082,0.9106489352841082,-0.024550380794062132,0.017440917265071132,magnetic_all_ties_better
Zn,F1_plus_F2_plus_F3,21,2,1,0.9397808106394945,0.9438473119344957,0.9123079145096841,0.9123079145096841,-0.0315393974248116,0.02747289612981041,magnetic_all_ties_better
Zn,minimum_four_fraction,21,2,1,0.928071787199823,0.933600476996691,0.8997314867583869,0.8997314867583869,-0.03386899023830414,0.028340300441436095,magnetic_all_ties_better
Cd,total,22,1,4,0.847932888400072,0.847932888400072,0.7969690242054792,0.7969690242054792,-0.050963864194592756,0.050963864194592756,magnetic_all_ties_better
Cd,F1,22,1,4,0.8559026213352915,0.8559026213352915,0.769292774165056,0.7712431837528613,-0.08660984717023545,0.08465943758243022,magnetic_all_ties_better
Cd,F1_plus_F2_plus_F3,22,1,4,0.8298250525018179,0.8298250525018179,0.8256055340552849,0.8258645397960725,-0.0042195184465330104,0.003960512705745378,magnetic_all_ties_better
Cd,minimum_four_fraction,22,1,4,0.7824690938493338,0.7824690938493338,0.6834776002065872,0.6844245722448181,-0.09899149364274662,0.09804452160451571,magnetic_all_ties_better
Co,total,22,1,4,0.9275874559627477,0.9275874559627477,0.8789373783351297,0.9054527110699297,-0.04865007762761797,0.02213474489281797,magnetic_all_ties_better
Co,F1,22,1,4,0.8858673735830247,0.8858673735830247,0.8649542476444715,0.8755278001211532,-0.020913125938553212,0.010339573461871532,magnetic_all_ties_better
Co,F1_plus_F2_plus_F3,22,1,4,0.9158737809351121,0.9158737809351121,0.8682289750409028,0.8898324356068565,-0.047644805894209274,0.026041345328255527,magnetic_all_ties_better
Co,minimum_four_fraction,22,1,4,0.8858673735830247,0.8858673735830247,0.8140943702642848,0.8581941445192142,-0.07177300331873993,0.027673229063810534,magnetic_all_ties_better
Cr,total,22,1,4,0.8470279861183816,0.8470279861183816,0.8137339487381763,0.8228056317402267,-0.03329403738020531,0.024222354378154898,magnetic_all_ties_better
Cr,F1,22,1,4,0.9012610968678438,0.9012610968678438,0.5770840547637801,0.6196660657519536,-0.32417704210406373,0.28159503111589024,magnetic_all_ties_better
Cr,F1_plus_F2_plus_F3,22,1,4,0.9088818852041028,0.9088818852041028,0.7837820221676852,0.7965066117765296,-0.12509986303641762,0.11237527342757325,magnetic_all_ties_better
Cr,minimum_four_fraction,22,1,4,0.8141110822577665,0.8141110822577665,0.5770840547637801,0.6196660657519536,-0.2370270274939864,0.19444501650581292,magnetic_all_ties_better
Cu,total,22,1,4,0.9460857868539656,0.9460857868539656,0.9340870127344677,0.9447594532589495,-0.011998774119497901,0.0013263335950161048,magnetic_all_ties_better
Cu,F1,22,1,4,0.8985405490801088,0.8985405490801088,0.901935633442947,0.9214284952908811,0.0033950843628381966,-0.02288794621077228,nearest_all_ties_better
Cu,F1_plus_F2_plus_F3,22,1,4,0.8723232895020296,0.8723232895020296,0.8739221385083435,0.8817785276210407,0.0015988490063139071,-0.009455238119011056,nearest_all_ties_better
Cu,minimum_four_fraction,22,1,4,0.7797696662292509,0.7797696662292509,0.8018139873850658,0.8109075440292289,0.022044321155814894,-0.03113787779997801,nearest_all_ties_better
Fe,total,22,1,4,0.9432493614698902,0.9432493614698902,0.8862690832192152,0.9125361722897442,-0.05698027825067509,0.030713189180146094,magnetic_all_ties_better
Fe,F1,22,1,4,0.9155233359715997,0.9155233359715997,0.856052459885905,0.8924157984688269,-0.05947087608569479,0.023107537502772835,magnetic_all_ties_better
Fe,F1_plus_F2_plus_F3,22,1,4,0.7924773167495422,0.7924773167495422,0.7275852485886016,0.7748216035816592,-0.06489206816094062,0.017655713167883058,magnetic_all_ties_better
Fe,minimum_four_fraction,22,1,4,0.7455440521044681,0.7455440521044681,0.6611540552192973,0.7209612243596675,-0.08438999688517079,0.024582827744800584,magnetic_all_ties_better
Mn,total,22,1,4,0.9358121300520856,0.9358121300520856,0.8821532242359208,0.8937061472747945,-0.05365890581616484,0.04210598277729116,magnetic_all_ties_better
Mn,F1,22,1,4,0.8650643235169346,0.8650643235169346,0.8691279745114978,0.8927510213283119,0.004063650994563184,-0.027686697811377226,nearest_all_ties_better
Mn,F1_plus_F2_plus_F3,22,1,4,0.9244349799576346,0.9244349799576346,0.8725067722018317,0.8824848707103978,-0.05192820775580287,0.041950109247236744,magnetic_all_ties_better
Mn,minimum_four_fraction,22,1,4,0.8650643235169346,0.8650643235169346,0.8593915226277622,0.8661158878942404,-0.005672800889172436,-0.0010515643773058025,overlap_or_equal
Ni,total,22,1,4,0.9496539688977431,0.9496539688977431,0.9221542580209819,0.9313181161411935,-0.027499710876761174,0.018335852756549587,magnetic_all_ties_better
Ni,F1,22,1,4,0.9112343617051779,0.9112343617051779,0.8646472750071682,0.891649086793064,-0.046587086698009705,0.019585274912113926,magnetic_all_ties_better
Ni,F1_plus_F2_plus_F3,22,1,4,0.9370886854022904,0.9370886854022904,0.9085834134524686,0.9273986552074917,-0.028505271949821775,0.009690030194798749,magnetic_all_ties_better
Ni,minimum_four_fraction,22,1,4,0.9112343617051779,0.9112343617051779,0.8646472750071682,0.891649086793064,-0.046587086698009705,0.019585274912113926,magnetic_all_ties_better
Pb,total,22,1,4,0.9485551247255563,0.9485551247255563,0.386045536692401,0.4004912023917651,-0.5625095880331552,0.5480639223337911,magnetic_all_ties_better
Pb,F1,22,1,4,0.9197284628295747,0.9197284628295747,0.6386040108272388,0.6702730435941813,-0.2811244520023358,0.24945541923539338,magnetic_all_ties_better
Pb,F1_plus_F2_plus_F3,22,1,4,0.9591116857080046,0.9591116857080046,0.3305814592920075,0.3435072163839976,-0.6285302264159971,0.615604469324007,magnetic_all_ties_better
Pb,minimum_four_fraction,22,1,4,0.9173220079388321,0.9173220079388321,0.14413128782669687,0.148863354870945,-0.7731907201121353,0.7684586530678871,magnetic_all_ties_better
Zn,total,22,1,4,0.9713267476794464,0.9713267476794464,0.939697164536465,0.9544860538298688,-0.031629583142981366,0.016840693849577537,magnetic_all_ties_better
Zn,F1,22,1,4,0.9345563368724781,0.9345563368724781,0.9055395375446578,0.9500617189370464,-0.02901679932782031,-0.015505382064568307,overlap_or_equal
Zn,F1_plus_F2_plus_F3,22,1,4,0.9405855696274772,0.9405855696274772,0.9081657383134601,0.934528568696007,-0.032419831314017045,0.006057000931470213,magnetic_all_ties_better
Zn,minimum_four_fraction,22,1,4,0.9293726317955746,0.9293726317955746,0.8961139436958757,0.9192385316231807,-0.033258688099698897,0.010134100172393912,magnetic_all_ties_better
Cd,total,23,2,6,0.8481791704834345,0.8929489289075981,0.7972978454159285,0.7972978454159285,-0.09565108349166962,0.05088132506750598,magnetic_all_ties_better
Cd,F1,23,2,6,0.8562136873544012,0.9069827960416389,0.7695934519824931,0.7718233458704444,-0.13738934405914582,0.08439034148395674,magnetic_all_ties_better
Cd,F1_plus_F2_plus_F3,23,2,6,0.8299853269933358,0.8697790283306037,0.8256672749994592,0.8259416257092135,-0.044111753331144476,0.004043701284122347,magnetic_all_ties_better
Cd,minimum_four_fraction,23,2,6,0.7822466547002772,0.81928680825724,0.6843910302045079,0.685393934725645,-0.13489577805273212,0.09685271997463218,magnetic_all_ties_better
Co,total,23,2,6,0.9273687372237038,0.9561331511246568,0.8841748782120918,0.9099927015358115,-0.07195827291256496,0.017376035687892366,magnetic_all_ties_better
Co,F1,23,2,6,0.8827065596413064,0.9170015454280908,0.868407121277672,0.8794912931128458,-0.04859442415041881,0.003215266528460603,magnetic_all_ties_better
Co,F1_plus_F2_plus_F3,23,2,6,0.9124111650550176,0.946810233589014,0.8708399350323673,0.8952515225356922,-0.07597029855664661,0.017159642519325446,magnetic_all_ties_better
Co,minimum_four_fraction,23,2,6,0.8827065596413064,0.9170015454280908,0.8183748565830368,0.8678466355960308,-0.09862668884505399,0.014859924045275585,magnetic_all_ties_better
Cr,total,23,2,6,0.8620840888606207,0.8684030069556502,0.8024698980308141,0.8152169369726795,-0.06593310892483606,0.046867151887941216,magnetic_all_ties_better
Cr,F1,23,2,6,0.9030774926617736,0.9049841572997981,0.5766307155098845,0.6195819391474255,-0.32835344178991355,0.2834955535143481,magnetic_all_ties_better
Cr,F1_plus_F2_plus_F3,23,2,6,0.9100232340256741,0.9175818090845277,0.7817570278396634,0.8012772455905666,-0.1358247812448643,0.10874598843510752,magnetic_all_ties_better
Cr,minimum_four_fraction,23,2,6,0.8291772913337195,0.8301896109893141,0.5766307155098845,0.6195819391474255,-0.25355889547942956,0.209595352186294,magnetic_all_ties_better
Cu,total,23,2,6,0.9481055215412547,0.957961571800947,0.9386169964184657,0.9526327891927019,-0.019344575382481244,-0.0045272676514471755,overlap_or_equal
Cu,F1,23,2,6,0.8995980802985282,0.9024049687727592,0.9089154379843467,0.9282460797262124,0.0065104692115874885,-0.028647999427684256,nearest_all_ties_better
Cu,F1_plus_F2_plus_F3,23,2,6,0.8733341673955979,0.9244484016979359,0.8769759875550289,0.8848474856802812,-0.04747241414290693,-0.011513318284683272,overlap_or_equal
Cu,minimum_four_fraction,23,2,6,0.7852628386182574,0.7908374853503203,0.8038417890941003,0.8179042854630704,0.013004303743780032,-0.03264144684481296,nearest_all_ties_better
Fe,total,23,2,6,0.9447144271838895,0.9679569329987415,0.8891982190399172,0.9161876457330662,-0.07875871395882428,0.028526781450823324,magnetic_all_ties_better
Fe,F1,23,2,6,0.9216239069081977,0.9294203987266123,0.8646527108631615,0.9127364417015021,-0.06476768786345077,0.008887465206695588,magnetic_all_ties_better
Fe,F1_plus_F2_plus_F3,23,2,6,0.7982839159598231,0.878371094483788,0.7334808245949771,0.800439313894595,-0.14489026988881093,-0.00215539793477193,overlap_or_equal
Fe,minimum_four_fraction,23,2,6,0.7497030303060938,0.8527199023726892,0.6688121756286279,0.7534816008980504,-0.1839077267440613,-0.0037785705919566315,overlap_or_equal
Mn,total,23,2,6,0.9401647213174131,0.9494812594186632,0.9035871185310403,0.9168103615198124,-0.04589414088762289,0.0233543597976007,magnetic_all_ties_better
Mn,F1,23,2,6,0.8866624826142578,0.9391876221355809,0.8769646842224565,0.9118598380267228,-0.06222293791312439,-0.025197355412464928,overlap_or_equal
Mn,F1_plus_F2_plus_F3,23,2,6,0.9297752590200242,0.9393865708841351,0.8953847239469748,0.9057463565227238,-0.04400184693716036,0.024028902497300386,magnetic_all_ties_better
Mn,minimum_four_fraction,23,2,6,0.8866624826142578,0.9166497429115148,0.8769646842224565,0.8902428707403112,-0.03968505868905825,-0.0035803881260533243,overlap_or_equal
Ni,total,23,2,6,0.9446725369164192,0.9690272041435519,0.9250030646567615,0.9369155624257733,-0.0440241394867904,0.007756974490645829,magnetic_all_ties_better
Ni,F1,23,2,6,0.9123351559986359,0.9246563543135936,0.8634852117626017,0.9045481551815224,-0.061171142550991875,0.007787000817113476,magnetic_all_ties_better
Ni,F1_plus_F2_plus_F3,23,2,6,0.9307487887554493,0.9554997955303562,0.9098215605461475,0.934381432504749,-0.045678234984208754,-0.0036326437492997243,overlap_or_equal
Ni,minimum_four_fraction,23,2,6,0.9123351559986359,0.9246563543135936,0.8634852117626017,0.9045481551815224,-0.061171142550991875,0.007787000817113476,magnetic_all_ties_better
Pb,total,23,2,6,0.9524368419174998,0.9665265657945741,0.39093653252754745,0.4068771406778419,-0.5755900332670266,0.5455597012396578,magnetic_all_ties_better
Pb,F1,23,2,6,0.9290638758591085,0.9450282548938708,0.643550935019582,0.681870483205487,-0.3014773198742887,0.2471933926536215,magnetic_all_ties_better
Pb,F1_plus_F2_plus_F3,23,2,6,0.9612652380808911,0.971214904863204,0.33499683999523744,0.3486775540014541,-0.6362180648679666,0.6125876840794371,magnetic_all_ties_better
Pb,minimum_four_fraction,23,2,6,0.9245596029329618,0.9450282548938708,0.14499963924190037,0.15010995846401273,-0.8000286156519704,0.774449644468949,magnetic_all_ties_better
Zn,total,23,2,6,0.973417919894147,0.9845863823394625,0.9413499228039066,0.9566866391638621,-0.04323645953555588,0.01673128073028496,magnetic_all_ties_better
Zn,F1,23,2,6,0.9348207654345051,0.9480489022921448,0.9060991171486098,0.9792653784077361,-0.04194978514353498,-0.04444461297323099,overlap_or_equal
Zn,F1_plus_F2_plus_F3,23,2,6,0.9454552238443967,0.956055875629186,0.9112365882190444,0.9510906381602319,-0.04481928741014163,-0.005635414315835141,overlap_or_equal
Zn,minimum_four_fraction,23,2,6,0.9321809740745134,0.944371245134439,0.8998834980714252,0.9240265885391252,-0.04448774706301384,0.008154385535388164,magnetic_all_ties_better
Cd,total,24,1,4,0.8931220243930135,0.8931220243930135,0.7976256032560358,0.7976256032560358,-0.09549642113697765,0.09549642113697765,magnetic_all_ties_better
Cd,F1,24,1,4,0.9072646606951672,0.9072646606951672,0.7702379885720831,0.7721807738137432,-0.13702667212308406,0.13508388688142403,magnetic_all_ties_better
Cd,F1_plus_F2_plus_F3,24,1,4,0.8699467226133638,0.8699467226133638,0.8258153819886322,0.8260735422868237,-0.04413134062473156,0.043873180326540084,magnetic_all_ties_better
Cd,minimum_four_fraction,24,1,4,0.819005392102988,0.819005392102988,0.6853775731572284,0.6863210770305048,-0.1336278189457596,0.13268431507248313,magnetic_all_ties_better
Co,total,24,1,4,0.9571920124846813,0.9571920124846813,0.8910400582225131,0.9162112204555608,-0.06615195426216824,0.04098079202912053,magnetic_all_ties_better
Co,F1,24,1,4,0.9134145523780606,0.9134145523780606,0.8727084560020436,0.882757779358462,-0.040706096376016965,0.03065677301959857,magnetic_all_ties_better
Co,F1_plus_F2_plus_F3,24,1,4,0.9431675891797998,0.9431675891797998,0.8769911047214694,0.8976109795954584,-0.06617648445833046,0.04555660958434138,magnetic_all_ties_better
Co,minimum_four_fraction,24,1,4,0.9134145523780606,0.9134145523780606,0.8299649314331249,0.8723888037591182,-0.08344962094493569,0.04102574861894237,magnetic_all_ties_better
Cr,total,24,1,4,0.883210119918482,0.883210119918482,0.7955666642213124,0.804369560665806,-0.08764345569716958,0.07884055925267597,magnetic_all_ties_better
Cr,F1,24,1,4,0.9069275904386498,0.9069275904386498,0.5766682546468288,0.6191817878278456,-0.330259335791821,0.2877458026108042,magnetic_all_ties_better
Cr,F1_plus_F2_plus_F3,24,1,4,0.9193089759917215,0.9193089759917215,0.7870783431024452,0.799743436478218,-0.13223063288927628,0.11956553951350346,magnetic_all_ties_better
Cr,minimum_four_fraction,24,1,4,0.8312349588633529,0.8312349588633529,0.5766682546468288,0.6191817878278456,-0.25456670421652405,0.21205317103550725,magnetic_all_ties_better
Cu,total,24,1,4,0.959543701407849,0.959543701407849,0.9464911110494937,0.956393465289218,-0.013052590358355265,0.003150236118630967,magnetic_all_ties_better
Cu,F1,24,1,4,0.9039199249815003,0.9039199249815003,0.9165338846306411,0.9348094722803252,0.012613959649140805,-0.03088954729882487,nearest_all_ties_better
Cu,F1_plus_F2_plus_F3,24,1,4,0.924312156238999,0.924312156238999,0.8802767606013556,0.887737169141126,-0.04403539563764336,0.03657498709787299,magnetic_all_ties_better
Cu,minimum_four_fraction,24,1,4,0.799623630535107,0.799623630535107,0.8049724775970621,0.8228170971009213,0.005348847061955153,-0.023193466565814336,nearest_all_ties_better
Fe,total,24,1,4,0.9687656130749326,0.9687656130749326,0.8933446918565404,0.918292756618571,-0.07542092121839217,0.05047285645636157,magnetic_all_ties_better
Fe,F1,24,1,4,0.935146062507165,0.935146062507165,0.8852881567194871,0.9198096276586444,-0.0498579057876779,0.015336434848520653,magnetic_all_ties_better
Fe,F1_plus_F2_plus_F3,24,1,4,0.8840492150420949,0.8840492150420949,0.7595283363298947,0.8062456134870463,-0.12452087871220019,0.07780360155504862,magnetic_all_ties_better
Fe,minimum_four_fraction,24,1,4,0.8571900837012485,0.8571900837012485,0.7021978676770161,0.7614101427083371,-0.1549922160242324,0.09577994099291143,magnetic_all_ties_better
Mn,total,24,1,4,0.953550415614663,0.953550415614663,0.9259694791113627,0.9368586732879888,-0.02758093650330029,0.016691742326674253,magnetic_all_ties_better
Mn,F1,24,1,4,0.9582505482146241,0.9582505482146241,0.896111276208144,0.9184172943493252,-0.06213927200648006,0.0398332538652989,magnetic_all_ties_better
Mn,F1_plus_F2_plus_F3,24,1,4,0.9443307214642359,0.9443307214642359,0.9177966802310982,0.9272126477898341,-0.02653404123313774,0.017118073674401768,magnetic_all_ties_better
Mn,minimum_four_fraction,24,1,4,0.9280118860610522,0.9280118860610522,0.896111276208144,0.9128114301890156,-0.03190060985290821,0.015200455872036667,magnetic_all_ties_better
Ni,total,24,1,4,0.9636139468965128,0.9636139468965128,0.9306241514361837,0.9392354618045848,-0.0329897954603291,0.02437848509192797,magnetic_all_ties_better
Ni,F1,24,1,4,0.9266496675065083,0.9266496675065083,0.8780374271163821,0.9035726710215817,-0.04861224039012624,0.02307699648492667,magnetic_all_ties_better
Ni,F1_plus_F2_plus_F3,24,1,4,0.9488298227485289,0.9488298227485289,0.9171066324901903,0.9348717282692124,-0.031723190258338585,0.013958094479316507,magnetic_all_ties_better
Ni,minimum_four_fraction,24,1,4,0.9266496675065083,0.9266496675065083,0.8780374271163821,0.9035726710215817,-0.04861224039012624,0.02307699648492667,magnetic_all_ties_better
Pb,total,24,1,4,0.970249238389386,0.970249238389386,0.39735339937044645,0.4115702499883859,-0.5728958390189396,0.5586789884010002,magnetic_all_ties_better
Pb,F1,24,1,4,0.9541915291043875,0.9541915291043875,0.6555556681452974,0.6863789606068349,-0.2986358609590901,0.26781256849755264,magnetic_all_ties_better
Pb,F1_plus_F2_plus_F3,24,1,4,0.9740850847789512,0.9740850847789512,0.34048270840603384,0.3532172829520194,-0.6336023763729173,0.6208678018269318,magnetic_all_ties_better
Pb,minimum_four_fraction,24,1,4,0.9541915291043875,0.9541915291043875,0.1463734050124858,0.151086357065488,-0.8078181240919018,0.8031051720388995,magnetic_all_ties_better
Zn,total,24,1,4,0.9870234314286427,0.9870234314286427,0.9443662853074929,0.9586046703852744,-0.04265714612114979,0.028418761043368268,magnetic_all_ties_better
Zn,F1,24,1,4,0.9483485169974049,0.9483485169974049,0.9355043212736222,0.979507506002358,-0.012844195723782703,-0.031158989004953175,overlap_or_equal
Zn,F1_plus_F2_plus_F3,24,1,4,0.9612626091504781,0.9612626091504781,0.9284559552852734,0.954171525440798,-0.03280665386520476,0.007091083709680146,magnetic_all_ties_better
Zn,minimum_four_fraction,24,1,4,0.94789241071874,0.94789241071874,0.9079568850742464,0.9317202067485034,-0.03993552564449354,0.016172203970236554,magnetic_all_ties_better
Cd,total,25,1,1,0.8932945610110008,0.8932945610110008,0.7979523028757018,0.7979523028757018,-0.09534225813529895,0.09534225813529895,magnetic_all_ties_better
Cd,F1,25,1,1,0.9077057732649962,0.9077057732649962,0.7712437676997003,0.7712437676997003,-0.13646200556529597,0.13646200556529597,magnetic_all_ties_better
Cd,F1_plus_F2_plus_F3,25,1,1,0.8701544543346599,0.8701544543346599,0.8260930666358394,0.8260930666358394,-0.04406138769882051,0.04406138769882051,magnetic_all_ties_better
Cd,minimum_four_fraction,25,1,1,0.8184783535962392,0.8184783535962392,0.686849926474337,0.686849926474337,-0.13162842712190226,0.13162842712190226,magnetic_all_ties_better
Co,total,25,1,1,0.9621500657191103,0.9621500657191103,0.9182038667751382,0.9182038667751382,-0.043946198943972115,0.043946198943972115,magnetic_all_ties_better
Co,F1,25,1,1,0.9174193673704772,0.9174193673704772,0.8841812103894776,0.8841812103894776,-0.033238156980999634,0.033238156980999634,magnetic_all_ties_better
Co,F1_plus_F2_plus_F3,25,1,1,0.9479935949479937,0.9479935949479937,0.8998238325673341,0.8998238325673341,-0.04816976238065962,0.04816976238065962,magnetic_all_ties_better
Co,minimum_four_fraction,25,1,1,0.9174193673704772,0.9174193673704772,0.8770851768929887,0.8770851768929887,-0.04033419047748854,0.04033419047748854,magnetic_all_ties_better
Cr,total,25,1,1,0.8720858526427082,0.8720858526427082,0.7942699654911106,0.7942699654911106,-0.0778158871515976,0.0778158871515976,magnetic_all_ties_better
Cr,F1,25,1,1,0.9063862844743911,0.9063862844743911,0.6188182514383388,0.6188182514383388,-0.2875680330360523,0.2875680330360523,magnetic_all_ties_better
Cr,F1_plus_F2_plus_F3,25,1,1,0.9175070537425236,0.9175070537425236,0.7981792500697165,0.7981792500697165,-0.11932780367280715,0.11932780367280715,magnetic_all_ties_better
Cr,minimum_four_fraction,25,1,1,0.8309085021682389,0.8309085021682389,0.6188182514383388,0.6188182514383388,-0.21209025072990006,0.21209025072990006,magnetic_all_ties_better
Cu,total,25,1,1,0.9704593722252749,0.9704593722252749,0.9578396688958252,0.9578396688958252,-0.012619703329449727,0.012619703329449727,magnetic_all_ties_better
Cu,F1,25,1,1,0.9112676420781126,0.9112676420781126,0.9308264331567768,0.9308264331567768,0.019558791078664206,-0.019558791078664206,nearest_all_ties_better
Cu,F1_plus_F2_plus_F3,25,1,1,0.9265207620689615,0.9265207620689615,0.8853841579711709,0.8853841579711709,-0.04113660409779063,0.04113660409779063,magnetic_all_ties_better
Cu,minimum_four_fraction,25,1,1,0.8024909041458378,0.8024909041458378,0.8229367663993974,0.8229367663993974,0.0204458622535596,-0.0204458622535596,nearest_all_ties_better
Fe,total,25,1,1,0.9698204397837519,0.9698204397837519,0.9205683447194672,0.9205683447194672,-0.04925209506428463,0.04925209506428463,magnetic_all_ties_better
Fe,F1,25,1,1,0.9295982024308216,0.9295982024308216,0.9146240908293475,0.9146240908293475,-0.014974111601474105,0.014974111601474105,magnetic_all_ties_better
Fe,F1_plus_F2_plus_F3,25,1,1,0.9099035858405865,0.9099035858405865,0.811150381878682,0.811150381878682,-0.09875320396190446,0.09875320396190446,magnetic_all_ties_better
Fe,minimum_four_fraction,25,1,1,0.8899408206017269,0.8899408206017269,0.7666984707595125,0.7666984707595125,-0.12324234984221438,0.12324234984221438,magnetic_all_ties_better
Mn,total,25,1,1,0.9651596118852768,0.9651596118852768,0.9489316681739469,0.9489316681739469,-0.01622794371132985,0.01622794371132985,magnetic_all_ties_better
Mn,F1,25,1,1,0.9638999552613605,0.9638999552613605,0.9211251666909263,0.9211251666909263,-0.04277478857043426,0.04277478857043426,magnetic_all_ties_better
Mn,F1_plus_F2_plus_F3,25,1,1,0.9587056083833623,0.9587056083833623,0.9420515993816452,0.9420515993816452,-0.016654009001717096,0.016654009001717096,magnetic_all_ties_better
Mn,minimum_four_fraction,25,1,1,0.9274325368621799,0.9274325368621799,0.9211251666909263,0.9211251666909263,-0.006307370171253601,0.006307370171253601,magnetic_all_ties_better
Ni,total,25,1,1,0.9684276234855836,0.9684276234855836,0.9414893054908746,0.9414893054908746,-0.026938317994709027,0.026938317994709027,magnetic_all_ties_better
Ni,F1,25,1,1,0.9397489585625718,0.9397489585625718,0.8995900188354244,0.8995900188354244,-0.04015893972714735,0.04015893972714735,magnetic_all_ties_better
Ni,F1_plus_F2_plus_F3,25,1,1,0.9561052550941275,0.9561052550941275,0.9315677573155872,0.9315677573155872,-0.024537497778540307,0.024537497778540307,magnetic_all_ties_better
Ni,minimum_four_fraction,25,1,1,0.9397489585625718,0.9397489585625718,0.8995900188354244,0.8995900188354244,-0.04015893972714735,0.04015893972714735,magnetic_all_ties_better
Pb,total,25,1,1,0.9724766593401807,0.9724766593401807,0.4129451195492283,0.4129451195492283,-0.5595315397909524,0.5595315397909524,magnetic_all_ties_better
Pb,F1,25,1,1,0.963923681293132,0.963923681293132,0.686770427810788,0.686770427810788,-0.277153253482344,0.277153253482344,magnetic_all_ties_better
Pb,F1_plus_F2_plus_F3,25,1,1,0.9752470375651104,0.9752470375651104,0.35546689281279165,0.35546689281279165,-0.6197801447523188,0.6197801447523188,magnetic_all_ties_better
Pb,minimum_four_fraction,25,1,1,0.9581308986159222,0.9581308986159222,0.15155131542670716,0.15155131542670716,-0.806579583189215,0.806579583189215,magnetic_all_ties_better
Zn,total,25,1,1,0.9890567641930413,0.9890567641930413,0.9572807421344056,0.9572807421344056,-0.03177602205863572,0.03177602205863572,magnetic_all_ties_better
Zn,F1,25,1,1,0.9878451588046492,0.9878451588046492,0.9750693950583609,0.9750693950583609,-0.012775763746288304,0.012775763746288304,magnetic_all_ties_better
Zn,F1_plus_F2_plus_F3,25,1,1,0.9787759935886878,0.9787759935886878,0.9517059796641141,0.9517059796641141,-0.027070013924573755,0.027070013924573755,magnetic_all_ties_better
Zn,minimum_four_fraction,25,1,1,0.9547285342017445,0.9547285342017445,0.9323156452458179,0.9323156452458179,-0.022412888955926635,0.022412888955926635,magnetic_all_ties_better
Cd,total,26,1,1,0.8934665414637927,0.8934665414637927,0.7982779493916264,0.7982779493916264,-0.09518859207216623,0.09518859207216623,magnetic_all_ties_better
Cd,F1,26,1,1,0.907783296689251,0.907783296689251,0.7718444312245611,0.7718444312245611,-0.1359388654646898,0.1359388654646898,magnetic_all_ties_better
Cd,F1_plus_F2_plus_F3,26,1,1,0.8701453204340268,0.8701453204340268,0.8263555535276753,0.8263555535276753,-0.0437897669063515,0.0437897669063515,magnetic_all_ties_better
Cd,minimum_four_fraction,26,1,1,0.8185123106754805,0.8185123106754805,0.6875239222066857,0.6875239222066857,-0.1309883884687948,0.1309883884687948,magnetic_all_ties_better
Co,total,26,1,1,0.9629202554842285,0.9629202554842285,0.9469014755618745,0.9469014755618745,-0.01601877992235401,0.01601877992235401,magnetic_all_ties_better
Co,F1,26,1,1,0.9192095704419179,0.9192095704419179,0.9151497672047336,0.9151497672047336,-0.004059803237184245,0.004059803237184245,magnetic_all_ties_better
Co,F1_plus_F2_plus_F3,26,1,1,0.945584275605353,0.945584275605353,0.9310403032580767,0.9310403032580767,-0.014543972347276224,0.014543972347276224,magnetic_all_ties_better
Co,minimum_four_fraction,26,1,1,0.9192095704419179,0.9192095704419179,0.9151497672047336,0.9151497672047336,-0.004059803237184245,0.004059803237184245,magnetic_all_ties_better
Cr,total,26,1,1,0.882150470767316,0.882150470767316,0.8140766987603036,0.8140766987603036,-0.06807377200701237,0.06807377200701237,magnetic_all_ties_better
Cr,F1,26,1,1,0.9064570613948683,0.9064570613948683,0.6229500888433749,0.6229500888433749,-0.2835069725514934,0.2835069725514934,magnetic_all_ties_better
Cr,F1_plus_F2_plus_F3,26,1,1,0.922462898779588,0.922462898779588,0.807663991482359,0.807663991482359,-0.11479890729722897,0.11479890729722897,magnetic_all_ties_better
Cr,minimum_four_fraction,26,1,1,0.8309021567661183,0.8309021567661183,0.6229500888433749,0.6229500888433749,-0.20795206792274346,0.20795206792274346,magnetic_all_ties_better
Cu,total,26,1,1,0.9693283571313669,0.9693283571313669,0.9699211012244574,0.9699211012244574,0.0005927440930905137,-0.0005927440930905137,nearest_all_ties_better
Cu,F1,26,1,1,0.9149354016696054,0.9149354016696054,0.931695069195567,0.931695069195567,0.016759667525961586,-0.016759667525961586,nearest_all_ties_better
Cu,F1_plus_F2_plus_F3,26,1,1,0.9217949233781171,0.9217949233781171,0.9338547324300536,0.9338547324300536,0.012059809051936488,-0.012059809051936488,nearest_all_ties_better
Cu,minimum_four_fraction,26,1,1,0.8172122007327245,0.8172122007327245,0.8341739652985126,0.8341739652985126,0.01696176456578813,-0.01696176456578813,nearest_all_ties_better
Fe,total,26,1,1,0.9701952296536225,0.9701952296536225,0.9447845862721803,0.9447845862721803,-0.025410643381442166,0.025410643381442166,magnetic_all_ties_better
Fe,F1,26,1,1,0.9263720484412858,0.9263720484412858,0.9290704013367136,0.9290704013367136,0.002698352895427747,-0.002698352895427747,nearest_all_ties_better
Fe,F1_plus_F2_plus_F3,26,1,1,0.9101734277828792,0.9101734277828792,0.8971809317552469,0.8971809317552469,-0.012992496027632305,0.012992496027632305,magnetic_all_ties_better
Fe,minimum_four_fraction,26,1,1,0.891196602391958,0.891196602391958,0.8743420231992751,0.8743420231992751,-0.01685457919268285,0.01685457919268285,magnetic_all_ties_better
Mn,total,26,1,1,0.9677587365017799,0.9677587365017799,0.9613827606071137,0.9613827606071137,-0.006375975894666208,0.006375975894666208,magnetic_all_ties_better
Mn,F1,26,1,1,0.9648246076258207,0.9648246076258207,0.9403824960014052,0.9403824960014052,-0.024442111624415452,0.024442111624415452,magnetic_all_ties_better
Mn,F1_plus_F2_plus_F3,26,1,1,0.961802310790528,0.961802310790528,0.9568241994509908,0.9568241994509908,-0.004978111339537183,0.004978111339537183,magnetic_all_ties_better
Mn,minimum_four_fraction,26,1,1,0.9373183332557548,0.9373183332557548,0.9403824960014052,0.9403824960014052,0.003064162745650467,-0.003064162745650467,nearest_all_ties_better
Ni,total,26,1,1,0.9680016239266276,0.9680016239266276,0.9601194586324785,0.9601194586324785,-0.00788216529414909,0.00788216529414909,magnetic_all_ties_better
Ni,F1,26,1,1,0.9445759691421449,0.9445759691421449,0.9153989051010317,0.9153989051010317,-0.0291770640411132,0.0291770640411132,magnetic_all_ties_better
Ni,F1_plus_F2_plus_F3,26,1,1,0.9571957014459502,0.9571957014459502,0.9502714801657028,0.9502714801657028,-0.006924221280247389,0.006924221280247389,magnetic_all_ties_better
Ni,minimum_four_fraction,26,1,1,0.9401011700689439,0.9401011700689439,0.9153989051010317,0.9153989051010317,-0.02470226496791217,0.02470226496791217,magnetic_all_ties_better
Pb,total,26,1,1,0.9745376361749145,0.9745376361749145,0.43487398469064686,0.43487398469064686,-0.5396636514842676,0.5396636514842676,magnetic_all_ties_better
Pb,F1,26,1,1,0.9645448344360896,0.9645448344360896,0.716008364522425,0.716008364522425,-0.24853646991366463,0.24853646991366463,magnetic_all_ties_better
Pb,F1_plus_F2_plus_F3,26,1,1,0.97721187119652,0.97721187119652,0.37233021861541393,0.37233021861541393,-0.604881652581106,0.604881652581106,magnetic_all_ties_better
Pb,minimum_four_fraction,26,1,1,0.9645448344360896,0.9645448344360896,0.15250781743596079,0.15250781743596079,-0.8120370170001289,0.8120370170001289,magnetic_all_ties_better
Zn,total,26,1,1,0.987182626684891,0.987182626684891,0.9627083583446905,0.9627083583446905,-0.0244742683402005,0.0244742683402005,magnetic_all_ties_better
Zn,F1,26,1,1,0.9858459920611576,0.9858459920611576,0.9756742896788428,0.9756742896788428,-0.010171702382314796,0.010171702382314796,magnetic_all_ties_better
Zn,F1_plus_F2_plus_F3,26,1,1,0.9720691422807005,0.9720691422807005,0.9579151909580298,0.9579151909580298,-0.014153951322670721,0.014153951322670721,magnetic_all_ties_better
Zn,minimum_four_fraction,26,1,1,0.9470549315028273,0.9470549315028273,0.939107545092967,0.939107545092967,-0.007947386409860258,0.007947386409860258,magnetic_all_ties_better
Cd,total,27,2,1,0.8936379684362272,0.9983817125281916,0.7986025478875755,0.7986025478875755,-0.19977916464061618,0.09503542054865177,magnetic_all_ties_better
Cd,F1,27,2,1,0.9086264758189467,0.9957812192923795,0.7723431921592906,0.7723431921592906,-0.2234380271330889,0.13628328365965614,magnetic_all_ties_better
Cd,F1_plus_F2_plus_F3,27,2,1,0.8701277657597122,0.9965383517556556,0.8271133726277327,0.8271133726277327,-0.16942497912792298,0.04301439313197952,magnetic_all_ties_better
Cd,minimum_four_fraction,27,2,1,0.8180897544537569,0.9931461640360372,0.6866199219889003,0.6866199219889003,-0.30652624204713685,0.13146983246485655,magnetic_all_ties_better
Co,total,27,2,1,0.9639016696961049,0.9907386152728836,0.940978548129091,0.940978548129091,-0.04976006714379266,0.022923121567013927,magnetic_all_ties_better
Co,F1,27,2,1,0.930301536258156,0.9591042808094798,0.9212018654158627,0.9212018654158627,-0.03790241539361716,0.00909967084229335,magnetic_all_ties_better
Co,F1_plus_F2_plus_F3,27,2,1,0.9503483147071469,0.9838638553448044,0.9321368362692102,0.9321368362692102,-0.05172701907559418,0.01821147843793669,magnetic_all_ties_better
Co,minimum_four_fraction,27,2,1,0.930301536258156,0.9591042808094798,0.9212018654158627,0.9212018654158627,-0.03790241539361716,0.00909967084229335,magnetic_all_ties_better
Cr,total,27,2,1,0.8869047991098107,0.9067297797534016,0.8105825004203733,0.8105825004203733,-0.09614727933302836,0.0763222986894374,magnetic_all_ties_better
Cr,F1,27,2,1,0.9064999493393963,0.9322980143956173,0.6226841888417564,0.6226841888417564,-0.30961382555386097,0.2838157604976399,magnetic_all_ties_better
Cr,F1_plus_F2_plus_F3,27,2,1,0.9333853957881915,0.9616975902515948,0.8063085086000338,0.8063085086000338,-0.15538908165156107,0.12707688718815768,magnetic_all_ties_better
Cr,minimum_four_fraction,27,2,1,0.8723389325955521,0.8895668337019039,0.6226841888417564,0.6226841888417564,-0.26688264486014757,0.2496547437537957,magnetic_all_ties_better
Cu,total,27,2,1,0.974834200240957,0.9791060158593528,0.9674136465479918,0.9674136465479918,-0.011692369311360973,0.007420553692965237,magnetic_all_ties_better
Cu,F1,27,2,1,0.9292886690730406,0.9295053825084286,0.947154549393949,0.947154549393949,0.01764916688552043,-0.01786588032090841,nearest_all_ties_better
Cu,F1_plus_F2_plus_F3,27,2,1,0.9264396759492635,0.9535744675068513,0.9428882969175909,0.9428882969175909,-0.010686170589260358,-0.016448620968327443,overlap_or_equal
Cu,minimum_four_fraction,27,2,1,0.8199000567321014,0.8407946994215152,0.8730602744058624,0.8730602744058624,0.032265574984347234,-0.053160217673761,nearest_all_ties_better
Fe,total,27,2,1,0.9717472936996755,0.9971128943962733,0.9434394826048028,0.9434394826048028,-0.05367341179147045,0.02830781109487268,magnetic_all_ties_better
Fe,F1,27,2,1,0.9498595191869087,0.9554275124463135,0.9276220739492241,0.9276220739492241,-0.027805438497089385,0.02223744523768456,magnetic_all_ties_better
Fe,F1_plus_F2_plus_F3,27,2,1,0.9151036390206064,0.9943243366158984,0.8955311147186984,0.8955311147186984,-0.09879322189719997,0.019572524301908034,magnetic_all_ties_better
Fe,minimum_four_fraction,27,2,1,0.8974769102719785,0.9498595191869087,0.8734251555876743,0.8734251555876743,-0.07643436359923439,0.024051754684304205,magnetic_all_ties_better
Mn,total,27,2,1,0.9689687642220025,0.9852682838541252,0.9494727063929026,0.9494727063929026,-0.03579557746122264,0.01949605782909991,magnetic_all_ties_better
Mn,F1,27,2,1,0.9664784336622017,0.9754172011093267,0.9364182070753911,0.9364182070753911,-0.038998994033935586,0.030060226586810512,magnetic_all_ties_better
Mn,F1_plus_F2_plus_F3,27,2,1,0.9643998042426822,0.9816368396320608,0.9449474608067701,0.9449474608067701,-0.036689378825290775,0.01945234343591218,magnetic_all_ties_better
Mn,minimum_four_fraction,27,2,1,0.9366991603284849,0.9664784336622017,0.9364182070753911,0.9364182070753911,-0.030060226586810512,0.00028095325309374086,magnetic_all_ties_better
Ni,total,27,2,1,0.970774778444458,0.9882944683344875,0.956357554960823,0.956357554960823,-0.031936913373664555,0.014417223483635055,magnetic_all_ties_better
Ni,F1,27,2,1,0.9450107058082599,0.9520297276044545,0.9287145254120799,0.9287145254120799,-0.023315202192374596,0.01629618039617997,magnetic_all_ties_better
Ni,F1_plus_F2_plus_F3,27,2,1,0.9541715541625878,0.9854362004218521,0.9502725193181182,0.9502725193181182,-0.03516368110373391,0.0038990348444696288,magnetic_all_ties_better
Ni,minimum_four_fraction,27,2,1,0.9411201268423492,0.9520297276044545,0.9287145254120799,0.9287145254120799,-0.023315202192374596,0.012405601430269364,magnetic_all_ties_better
Pb,total,27,2,1,0.9725794729837699,0.9914993214381814,0.4385452878601308,0.4385452878601308,-0.5529540335780506,0.5340341851236391,magnetic_all_ties_better
Pb,F1,27,2,1,0.9622277408852205,0.9856904031213911,0.7178149988593556,0.7178149988593556,-0.2678754042620355,0.24441274202586483,magnetic_all_ties_better
Pb,F1_plus_F2_plus_F3,27,2,1,0.9754163085858214,0.9914210977461636,0.3765916041200942,0.3765916041200942,-0.6148294936260694,0.5988247044657272,magnetic_all_ties_better
Pb,minimum_four_fraction,27,2,1,0.9622277408852205,0.9802987282515412,0.15820089317310954,0.15820089317310954,-0.8220978350784316,0.8040268477121109,magnetic_all_ties_better
Zn,total,27,2,1,0.9890326507734936,0.9969867073578501,0.9631978009763358,0.9631978009763358,-0.03378890638151433,0.025834849797157777,magnetic_all_ties_better
Zn,F1,27,2,1,0.9818374047323476,0.9887817545427148,0.9791006596375478,0.9791006596375478,-0.009681094905166998,0.0027367450947998195,magnetic_all_ties_better
Zn,F1_plus_F2_plus_F3,27,2,1,0.971084297323255,0.9880035601348209,0.9599554271611508,0.9599554271611508,-0.028048132973670148,0.011128870162104176,magnetic_all_ties_better
Zn,minimum_four_fraction,27,2,1,0.9476800096399436,0.9597105346460011,0.9427971236733208,0.9427971236733208,-0.016913410972680287,0.004882885966622785,magnetic_all_ties_better
Cd,total,28,1,1,0.9983843123915485,0.9983843123915485,0.7989261034146453,0.7989261034146453,-0.19945820897690314,0.19945820897690314,magnetic_all_ties_better
Cd,F1,28,1,1,0.9965610217184548,0.9965610217184548,0.7730572486806107,0.7730572486806107,-0.2235037730378442,0.2235037730378442,magnetic_all_ties_better
Cd,F1_plus_F2_plus_F3,28,1,1,0.996414950283705,0.996414950283705,0.8275979484313133,0.8275979484313133,-0.16881700185239168,0.16881700185239168,magnetic_all_ties_better
Cd,minimum_four_fraction,28,1,1,0.9930889005296896,0.9930889005296896,0.687029063730808,0.687029063730808,-0.3060598367988816,0.3060598367988816,magnetic_all_ties_better
Co,total,28,1,1,0.9918085448641651,0.9918085448641651,0.9572123468922223,0.9572123468922223,-0.0345961979719428,0.0345961979719428,magnetic_all_ties_better
Co,F1,28,1,1,0.9713484012945791,0.9713484012945791,0.9415925817650697,0.9415925817650697,-0.029755819529509453,0.029755819529509453,magnetic_all_ties_better
Co,F1_plus_F2_plus_F3,28,1,1,0.987981515259608,0.987981515259608,0.9548987729956575,0.9548987729956575,-0.03308274226395047,0.03308274226395047,magnetic_all_ties_better
Co,minimum_four_fraction,28,1,1,0.9713484012945791,0.9713484012945791,0.9329943228690806,0.9329943228690806,-0.03835407842549854,0.03835407842549854,magnetic_all_ties_better
Cr,total,28,1,1,0.914106724033337,0.914106724033337,0.8440704857439165,0.8440704857439165,-0.07003623828942052,0.07003623828942052,magnetic_all_ties_better
Cr,F1,28,1,1,0.9323812308328424,0.9323812308328424,0.635633678360633,0.635633678360633,-0.2967475524722094,0.2967475524722094,magnetic_all_ties_better
Cr,F1_plus_F2_plus_F3,28,1,1,0.9737587513483957,0.9737587513483957,0.8157743824458747,0.8157743824458747,-0.157984368902521,0.157984368902521,magnetic_all_ties_better
Cr,minimum_four_fraction,28,1,1,0.8959269007808744,0.8959269007808744,0.635633678360633,0.635633678360633,-0.26029322242024144,0.26029322242024144,magnetic_all_ties_better
Cu,total,28,1,1,0.984738347773565,0.984738347773565,0.9745357497429087,0.9745357497429087,-0.010202598030656262,0.010202598030656262,magnetic_all_ties_better
Cu,F1,28,1,1,0.943342541128083,0.943342541128083,0.943391680521657,0.943391680521657,4.913939357398256e-05,-4.913939357398256e-05,nearest_all_ties_better
Cu,F1_plus_F2_plus_F3,28,1,1,0.9583055003457098,0.9583055003457098,0.9613734483280789,0.9613734483280789,0.0030679479823690903,-0.0030679479823690903,nearest_all_ties_better
Cu,minimum_four_fraction,28,1,1,0.8432837399181862,0.8432837399181862,0.8833410726535288,0.8833410726535288,0.04005733273534262,-0.04005733273534262,nearest_all_ties_better
Fe,total,28,1,1,0.998226140121159,0.998226140121159,0.9665964315777451,0.9665964315777451,-0.03162970854341385,0.03162970854341385,magnetic_all_ties_better
Fe,F1,28,1,1,0.9779517720797152,0.9779517720797152,0.9422440603059051,0.9422440603059051,-0.03570771177381005,0.03570771177381005,magnetic_all_ties_better
Fe,F1_plus_F2_plus_F3,28,1,1,0.9990449369570826,0.9990449369570826,0.9774219727645233,0.9774219727645233,-0.02162296419255938,0.02162296419255938,magnetic_all_ties_better
Fe,minimum_four_fraction,28,1,1,0.9779517720797152,0.9779517720797152,0.9422440603059051,0.9422440603059051,-0.03570771177381005,0.03570771177381005,magnetic_all_ties_better
Mn,total,28,1,1,0.9876112222084208,0.9876112222084208,0.9623963189659124,0.9623963189659124,-0.025214903242508413,0.025214903242508413,magnetic_all_ties_better
Mn,F1,28,1,1,0.9793651976965112,0.9793651976965112,0.9567681619855879,0.9567681619855879,-0.022597035710923308,0.022597035710923308,magnetic_all_ties_better
Mn,F1_plus_F2_plus_F3,28,1,1,0.9859976277004461,0.9859976277004461,0.9598186746030221,0.9598186746030221,-0.026178953097424018,0.026178953097424018,magnetic_all_ties_better
Mn,minimum_four_fraction,28,1,1,0.9739948221656821,0.9739948221656821,0.9542027605187294,0.9542027605187294,-0.019792061646952686,0.019792061646952686,magnetic_all_ties_better
Ni,total,28,1,1,0.9918680798275031,0.9918680798275031,0.9665466991698779,0.9665466991698779,-0.025321380657625236,0.025321380657625236,magnetic_all_ties_better
Ni,F1,28,1,1,0.9530336239704816,0.9530336239704816,0.9378292485645424,0.9378292485645424,-0.015204375405939219,0.015204375405939219,magnetic_all_ties_better
Ni,F1_plus_F2_plus_F3,28,1,1,0.9829640833423492,0.9829640833423492,0.9605209251306729,0.9605209251306729,-0.022443158211676306,0.022443158211676306,magnetic_all_ties_better
Ni,minimum_four_fraction,28,1,1,0.9530336239704816,0.9530336239704816,0.9378292485645424,0.9378292485645424,-0.015204375405939219,0.015204375405939219,magnetic_all_ties_better
Pb,total,28,1,1,0.9903661521861788,0.9903661521861788,0.9659299603764243,0.9659299603764243,-0.024436191809754537,0.024436191809754537,magnetic_all_ties_better
Pb,F1,28,1,1,0.9835555096954139,0.9835555096954139,0.9334062253803697,0.9334062253803697,-0.050149284315044285,0.050149284315044285,magnetic_all_ties_better
Pb,F1_plus_F2_plus_F3,28,1,1,0.9907579779465002,0.9907579779465002,0.9729345270628503,0.9729345270628503,-0.017823450883649894,0.017823450883649894,magnetic_all_ties_better
Pb,minimum_four_fraction,28,1,1,0.9835555096954139,0.9835555096954139,0.9334062253803697,0.9334062253803697,-0.050149284315044285,0.050149284315044285,magnetic_all_ties_better
Zn,total,28,1,1,0.9989938088335336,0.9989938088335336,0.9927315729096498,0.9927315729096498,-0.006262235923883863,0.006262235923883863,magnetic_all_ties_better
Zn,F1,28,1,1,0.9849079309510089,0.9849079309510089,0.9882007877518004,0.9882007877518004,0.0032928568007914993,-0.0032928568007914993,nearest_all_ties_better
Zn,F1_plus_F2_plus_F3,28,1,1,0.9880942529227197,0.9880942529227197,0.986415758106147,0.986415758106147,-0.0016784948165726732,0.0016784948165726732,magnetic_all_ties_better
Zn,minimum_four_fraction,28,1,1,0.9608374315969664,0.9608374315969664,0.9704517185127913,0.9704517185127913,0.009614286915824888,-0.009614286915824888,nearest_all_ties_better
Cd,total,29,1,1,0.9983869039146714,0.9983869039146714,0.7992486209915253,0.7992486209915253,-0.19913828292314617,0.19913828292314617,magnetic_all_ties_better
Cd,F1,29,1,1,0.9973693331226104,0.9973693331226104,0.7742073611329974,0.7742073611329974,-0.22316197198961307,0.22316197198961307,magnetic_all_ties_better
Cd,F1_plus_F2_plus_F3,29,1,1,0.9968819504433968,0.9968819504433968,0.8283069673437323,0.8283069673437323,-0.16857498309966445,0.16857498309966445,magnetic_all_ties_better
Cd,minimum_four_fraction,29,1,1,0.993514456071123,0.993514456071123,0.6871937044484102,0.6871937044484102,-0.3063207516227128,0.3063207516227128,magnetic_all_ties_better
Co,total,29,1,1,0.9919725171281911,0.9919725171281911,0.9580688477502629,0.9580688477502629,-0.033903669377928214,0.033903669377928214,magnetic_all_ties_better
Co,F1,29,1,1,0.9797699759444968,0.9797699759444968,0.950535570385201,0.950535570385201,-0.029234405559295795,0.029234405559295795,magnetic_all_ties_better
Co,F1_plus_F2_plus_F3,29,1,1,0.9910527632003997,0.9910527632003997,0.9585035439821636,0.9585035439821636,-0.03254921921823606,0.03254921921823606,magnetic_all_ties_better
Co,minimum_four_fraction,29,1,1,0.9795446214490223,0.9795446214490223,0.9407730592313118,0.9407730592313118,-0.0387715622177105,0.0387715622177105,magnetic_all_ties_better
Cr,total,29,1,1,0.9273568128780983,0.9273568128780983,0.8573948786755192,0.8573948786755192,-0.06996193420257912,0.06996193420257912,magnetic_all_ties_better
Cr,F1,29,1,1,0.9334325493974502,0.9334325493974502,0.6367790492819176,0.6367790492819176,-0.2966535001155326,0.2966535001155326,magnetic_all_ties_better
Cr,F1_plus_F2_plus_F3,29,1,1,0.9750605018354366,0.9750605018354366,0.8171627266640618,0.8171627266640618,-0.15789777517137482,0.15789777517137482,magnetic_all_ties_better
Cr,minimum_four_fraction,29,1,1,0.912694506306212,0.912694506306212,0.6367790492819176,0.6367790492819176,-0.2759154570242943,0.2759154570242943,magnetic_all_ties_better
Cu,total,29,1,1,0.9945602436704017,0.9945602436704017,0.9846057658095214,0.9846057658095214,-0.009954477860880329,0.009954477860880329,magnetic_all_ties_better
Cu,F1,29,1,1,0.9624738260890565,0.9624738260890565,0.9625218983100997,0.9625218983100997,4.8072221043193863e-05,-4.8072221043193863e-05,nearest_all_ties_better
Cu,F1_plus_F2_plus_F3,29,1,1,0.9608532722840335,0.9608532722840335,0.9638581106157835,0.9638581106157835,0.003004838331750026,-0.003004838331750026,nearest_all_ties_better
Cu,minimum_four_fraction,29,1,1,0.8619862187568171,0.8619862187568171,0.9016121197648014,0.9016121197648014,0.03962590100798424,-0.03962590100798424,nearest_all_ties_better
Fe,total,29,1,1,1.0,1.0,0.9690328758518291,0.9690328758518291,-0.030967124148170933,0.030967124148170933,magnetic_all_ties_better
Fe,F1,29,1,1,0.9830754890115694,0.9830754890115694,0.9480354363126869,0.9480354363126869,-0.03504005269888244,0.03504005269888244,magnetic_all_ties_better
Fe,F1_plus_F2_plus_F3,29,1,1,0.9983318493288723,0.9983318493288723,0.9767829138954123,0.9767829138954123,-0.021548935433460037,0.021548935433460037,magnetic_all_ties_better
Fe,minimum_four_fraction,29,1,1,0.9830754890115694,0.9830754890115694,0.9480354363126869,0.9480354363126869,-0.03504005269888244,0.03504005269888244,magnetic_all_ties_better
Mn,total,29,1,1,0.9904860273553595,0.9904860273553595,0.965830451041563,0.965830451041563,-0.024655576313796557,0.024655576313796557,magnetic_all_ties_better
Mn,F1,29,1,1,0.9901654735806376,0.9901654735806376,0.9680380447917193,0.9680380447917193,-0.02212742878891827,0.02212742878891827,magnetic_all_ties_better
Mn,F1_plus_F2_plus_F3,29,1,1,0.9899301884487598,0.9899301884487598,0.964273851200405,0.964273851200405,-0.02565633724835481,0.02565633724835481,magnetic_all_ties_better
Mn,minimum_four_fraction,29,1,1,0.9829035766250555,0.9829035766250555,0.9635247538380319,0.9635247538380319,-0.01937882278702352,0.01937882278702352,magnetic_all_ties_better
Ni,total,29,1,1,0.9976442338272571,0.9976442338272571,0.972856206426859,0.972856206426859,-0.024788027400398094,0.024788027400398094,magnetic_all_ties_better
Ni,F1,29,1,1,0.974696881766546,0.974696881766546,0.9597550867293582,0.9597550867293582,-0.014941795037187844,0.014941795037187844,magnetic_all_ties_better
Ni,F1_plus_F2_plus_F3,29,1,1,0.990222110489126,0.990222110489126,0.9682080702049707,0.9682080702049707,-0.022014040284155323,0.022014040284155323,magnetic_all_ties_better
Ni,minimum_four_fraction,29,1,1,0.974696881766546,0.974696881766546,0.9597550867293582,0.9597550867293582,-0.014941795037187844,0.014941795037187844,magnetic_all_ties_better
Pb,total,29,1,1,0.9932529308900823,0.9932529308900823,0.9689245217777679,0.9689245217777679,-0.024328409112314375,0.024328409112314375,magnetic_all_ties_better
Pb,F1,29,1,1,0.9879465611790618,0.9879465611790618,0.9382557863598913,0.9382557863598913,-0.0496907748191705,0.0496907748191705,magnetic_all_ties_better
Pb,F1_plus_F2_plus_F3,29,1,1,0.992832757763674,0.992832757763674,0.9750911462548413,0.9750911462548413,-0.01774161150883269,0.01774161150883269,magnetic_all_ties_better
Pb,minimum_four_fraction,29,1,1,0.9870385456059837,0.9870385456059837,0.9382557863598913,0.9382557863598913,-0.04878275924609243,0.04878275924609243,magnetic_all_ties_better
Zn,total,29,1,1,0.9990232895297178,0.9990232895297178,0.9928391780822424,0.9928391780822424,-0.006184111447475327,0.006184111447475327,magnetic_all_ties_better
Zn,F1,29,1,1,0.9893617772362145,0.9893617772362145,0.9926417827392321,0.9926417827392321,0.003280005503017547,-0.003280005503017547,nearest_all_ties_better
Zn,F1_plus_F2_plus_F3,29,1,1,0.9881794504859762,0.9881794504859762,0.9865129669835514,0.9865129669835514,-0.0016664835024248204,0.0016664835024248204,magnetic_all_ties_better
Zn,minimum_four_fraction,29,1,1,0.9612302181216099,0.9612302181216099,0.9707480771855705,0.9707480771855705,0.009517859063960632,-0.009517859063960632,nearest_all_ties_better
Cd,total,30,1,2,1.0,1.0,0.7995701056047565,0.8011806184671271,-0.2004298943952435,0.19881938153287293,magnetic_all_ties_better
Cd,F1,30,1,2,0.9986128592728787,0.9986128592728787,0.7745398230966111,0.7757794757960881,-0.22407303617626761,0.2228333834767906,magnetic_all_ties_better
Cd,F1_plus_F2_plus_F3,30,1,2,0.9986124436624682,0.9986124436624682,0.8292071825102727,0.8302647218420365,-0.16940526115219545,0.16834772182043167,magnetic_all_ties_better
Cd,minimum_four_fraction,30,1,2,0.993540817145183,0.993540817145183,0.6869868411936749,0.6906139714457012,-0.30655397595150813,0.3029268456994818,magnetic_all_ties_better
Co,total,30,1,2,0.998112762003689,0.998112762003689,0.9557117079106673,0.9647018775043955,-0.04240105409302175,0.033410884499293525,magnetic_all_ties_better
Co,F1,30,1,2,0.9872176801459273,0.9872176801459273,0.9517298570293466,0.95847638822059,-0.03548782311658061,0.028741291925337253,magnetic_all_ties_better
Co,F1_plus_F2_plus_F3,30,1,2,0.9967703200984407,0.9967703200984407,0.9578334627196164,0.964724998677479,-0.03893685737882424,0.032045321420961725,magnetic_all_ties_better
Co,minimum_four_fraction,30,1,2,0.9872176801459273,0.9872176801459273,0.9447535988531981,0.9497666036408113,-0.04246408129272916,0.03745107650511592,magnetic_all_ties_better
Cr,total,30,1,2,0.9850669845923529,0.9850669845923529,0.8720787430964797,0.9151538230106956,-0.11298824149587317,0.06991316158165728,magnetic_all_ties_better
Cr,F1,30,1,2,0.9985672417449012,0.9985672417449012,0.6381971155667077,0.701929418825292,-0.36037012617819353,0.29663782291960916,magnetic_all_ties_better
Cr,F1_plus_F2_plus_F3,30,1,2,0.997991106113264,0.997991106113264,0.8190360200079768,0.840113616193937,-0.1789550861052872,0.15787748991932704,magnetic_all_ties_better
Cr,minimum_four_fraction,30,1,2,0.9811182127639856,0.9811182127639856,0.6381971155667077,0.701929418825292,-0.3429210971972779,0.27918879393869356,magnetic_all_ties_better
Cu,total,30,1,2,0.9978270083249148,0.9978270083249148,0.9834441057556934,0.9881035440119338,-0.014382902569221367,0.00972346431298099,magnetic_all_ties_better
Cu,F1,30,1,2,0.9687221048812035,0.9687221048812035,0.9687691696344092,0.9693493603270182,4.706475320570558e-05,-0.0006272554458147672,nearest_all_ties_better
Cu,F1_plus_F2_plus_F3,30,1,2,0.9644417015754329,0.9644417015754329,0.9673945452550262,0.9860195269399813,0.0029528436795933644,-0.021577825364548442,nearest_all_ties_better
Cu,minimum_four_fraction,30,1,2,0.8873758561684811,0.8873758561684811,0.9266576019717755,0.9604688395039779,0.039281745803294355,-0.07309298333549674,nearest_all_ties_better
Fe,total,30,1,2,1.0,1.0,0.9628793664513232,0.969653789651515,-0.037120633548676785,0.030346210348484948,magnetic_all_ties_better
Fe,F1,30,1,2,0.9963634090082999,0.9963634090082999,0.9505929212464946,0.96190837891021,-0.045770487761805256,0.03445503009808992,magnetic_all_ties_better
Fe,F1_plus_F2_plus_F3,30,1,2,1.0,1.0,0.9753884266142213,0.9785092456288793,-0.024611573385778684,0.02149075437112069,magnetic_all_ties_better
Fe,minimum_four_fraction,30,1,2,0.9963634090082999,0.9963634090082999,0.9505929212464946,0.96190837891021,-0.045770487761805256,0.03445503009808992,magnetic_all_ties_better
Mn,total,30,1,2,1.0,1.0,0.9570608766978185,0.9757293894488311,-0.042939123302181526,0.02427061055116886,magnetic_all_ties_better
Mn,F1,30,1,2,0.9929206937851697,0.9929206937851697,0.9651425399110567,0.9711987530913436,-0.027778153874112976,0.021721940693826047,magnetic_all_ties_better
Mn,F1_plus_F2_plus_F3,30,1,2,1.0,1.0,0.9549391035481596,0.9747299724331927,-0.045060896451840415,0.025270027566807296,magnetic_all_ties_better
Mn,minimum_four_fraction,30,1,2,0.9929206937851697,0.9929206937851697,0.9528748307254699,0.9711987530913436,-0.040045863059699816,0.021721940693826047,magnetic_all_ties_better
Ni,total,30,1,2,1.0,1.0,0.9602286417124026,0.9757199828086442,-0.03977135828759737,0.02428001719135575,magnetic_all_ties_better
Ni,F1,30,1,2,0.9828822438636525,0.9828822438636525,0.9532839284215051,0.9681911442969843,-0.029598315442147416,0.014691099566668253,magnetic_all_ties_better
Ni,F1_plus_F2_plus_F3,30,1,2,0.9960441757324161,0.9960441757324161,0.9597384380932291,0.9744420059397357,-0.036305737639186986,0.02160216979268037,magnetic_all_ties_better
Ni,minimum_four_fraction,30,1,2,0.9828822438636525,0.9828822438636525,0.9521034571266044,0.9681911442969843,-0.030778786737048147,0.014691099566668253,magnetic_all_ties_better
Pb,total,30,1,2,0.9932013129595324,0.9932013129595324,0.9689777795657525,0.9734499320907226,-0.024223533393779917,0.019751380868809787,magnetic_all_ties_better
Pb,F1,30,1,2,0.9904872068871229,0.9904872068871229,0.9411865452912045,0.9452869520003178,-0.049300661595918394,0.045200254886805125,magnetic_all_ties_better
Pb,F1_plus_F2_plus_F3,30,1,2,0.9929180712153001,0.9929180712153001,0.9752566161527566,0.9789475139730465,-0.017661455062543463,0.0139705572422536,magnetic_all_ties_better
Pb,minimum_four_fraction,30,1,2,0.9890918016552275,0.9890918016552275,0.9411865452912045,0.9452869520003178,-0.047905256364022986,0.04380484965490972,magnetic_all_ties_better
Zn,total,30,1,2,0.9987852017863701,0.9987852017863701,0.9923193345728019,0.9926733345646314,-0.006465867213568233,0.0061118672217387315,magnetic_all_ties_better
Zn,F1,30,1,2,0.9901684450761458,0.9901684450761458,0.9934382264480968,0.9946935197738058,0.003269781371950997,-0.004525074697660059,nearest_all_ties_better
Zn,F1_plus_F2_plus_F3,30,1,2,0.9871678793198686,0.9871678793198686,0.9855119969229799,0.9916043446569743,-0.0016558823968887415,-0.004436465337105733,overlap_or_equal
Zn,minimum_four_fraction,30,1,2,0.96283886476151,0.96283886476151,0.9722659281725907,0.976483473645954,0.009427063411080683,-0.013644608884443965,nearest_all_ties_better
Cd,total,31,1,1,1.0,1.0,0.8014985001087553,0.8014985001087553,-0.19850149989124466,0.19850149989124466,magnetic_all_ties_better
Cd,F1,31,1,1,0.9990115994129503,0.9990115994129503,0.7761410860384929,0.7761410860384929,-0.2228705133744574,0.2228705133744574,magnetic_all_ties_better
Cd,F1_plus_F2_plus_F3,31,1,1,0.9993032767978796,0.9993032767978796,0.831172692824197,0.831172692824197,-0.16813058397368252,0.16813058397368252,magnetic_all_ties_better
Cd,minimum_four_fraction,31,1,1,0.9968281394267293,0.9968281394267293,0.6906362276586298,0.6906362276586298,-0.30619191176809957,0.30619191176809957,magnetic_all_ties_better
Co,total,31,1,1,1.0,1.0,0.9640768546343728,0.9640768546343728,-0.03592314536562724,0.03592314536562724,magnetic_all_ties_better
Co,F1,31,1,1,0.9969311682621905,0.9969311682621905,0.962038719998373,0.962038719998373,-0.034892448263817544,0.034892448263817544,magnetic_all_ties_better
Co,F1_plus_F2_plus_F3,31,1,1,0.9987236184211931,0.9987236184211931,0.9652178139173707,0.9652178139173707,-0.033505804503822345,0.033505804503822345,magnetic_all_ties_better
Co,minimum_four_fraction,31,1,1,0.9881639205426211,0.9881639205426211,0.9546488336047818,0.9546488336047818,-0.03351508693783933,0.03351508693783933,magnetic_all_ties_better
Cr,total,31,1,1,0.9850721879113327,0.9850721879113327,0.9301111992370161,0.9301111992370161,-0.054960988674316535,0.054960988674316535,magnetic_all_ties_better
Cr,F1,31,1,1,0.9985672699660374,0.9985672699660374,0.7033672823159827,0.7033672823159827,-0.29519998765005473,0.29519998765005473,magnetic_all_ties_better
Cr,F1_plus_F2_plus_F3,31,1,1,0.9980477024476583,0.9980477024476583,0.8420312521558103,0.8420312521558103,-0.15601645029184796,0.15601645029184796,magnetic_all_ties_better
Cr,minimum_four_fraction,31,1,1,0.9810954342838757,0.9810954342838757,0.7033672823159827,0.7033672823159827,-0.277728151967893,0.277728151967893,magnetic_all_ties_better
Cu,total,31,1,1,0.9998961117284252,0.9998961117284252,0.988356078362419,0.988356078362419,-0.011540033366006175,0.011540033366006175,magnetic_all_ties_better
Cu,F1,31,1,1,0.9868555418261505,0.9868555418261505,0.9762715911018495,0.9762715911018495,-0.010583950724301072,0.010583950724301072,magnetic_all_ties_better
Cu,F1_plus_F2_plus_F3,31,1,1,0.9771868192656958,0.9771868192656958,0.9905280326281738,0.9905280326281738,0.013341213362477955,-0.013341213362477955,nearest_all_ties_better
Cu,minimum_four_fraction,31,1,1,0.9267627876687315,0.9267627876687315,0.9762715911018495,0.9762715911018495,0.04950880343311792,-0.04950880343311792,nearest_all_ties_better
Fe,total,31,1,1,1.0,1.0,0.9648880237547528,0.9648880237547528,-0.0351119762452472,0.0351119762452472,magnetic_all_ties_better
Fe,F1,31,1,1,0.9966459168167096,0.9966459168167096,0.9644116324395355,0.9644116324395355,-0.032234284377174016,0.032234284377174016,magnetic_all_ties_better
Fe,F1_plus_F2_plus_F3,31,1,1,1.0,1.0,0.9780186967534826,0.9780186967534826,-0.02198130324651737,0.02198130324651737,magnetic_all_ties_better
Fe,minimum_four_fraction,31,1,1,0.9966459168167096,0.9966459168167096,0.9613988948383071,0.9613988948383071,-0.03524702197840246,0.03524702197840246,magnetic_all_ties_better
Mn,total,31,1,1,1.0,1.0,0.9701448973454139,0.9701448973454139,-0.02985510265458613,0.02985510265458613,magnetic_all_ties_better
Mn,F1,31,1,1,0.9964545343888738,0.9964545343888738,0.9716200232496397,0.9716200232496397,-0.024834511139234072,0.024834511139234072,magnetic_all_ties_better
Mn,F1_plus_F2_plus_F3,31,1,1,1.0,1.0,0.969341352857051,0.969341352857051,-0.03065864714294897,0.03065864714294897,magnetic_all_ties_better
Mn,minimum_four_fraction,31,1,1,0.9964545343888738,0.9964545343888738,0.9674193523326573,0.9674193523326573,-0.02903518205621647,0.02903518205621647,magnetic_all_ties_better
Ni,total,31,1,1,1.0,1.0,0.9640823705525857,0.9640823705525857,-0.03591762944741428,0.03591762944741428,magnetic_all_ties_better
Ni,F1,31,1,1,1.0,1.0,0.9636790554300971,0.9636790554300971,-0.03632094456990287,0.03632094456990287,magnetic_all_ties_better
Ni,F1_plus_F2_plus_F3,31,1,1,1.0,1.0,0.9672141739927148,0.9672141739927148,-0.03278582600728519,0.03278582600728519,magnetic_all_ties_better
Ni,minimum_four_fraction,31,1,1,1.0,1.0,0.9599525411914382,0.9599525411914382,-0.04004745880856175,0.04004745880856175,magnetic_all_ties_better
Pb,total,31,1,1,0.9953949546403942,0.9953949546403942,0.9735617692431889,0.9735617692431889,-0.021833185397205246,0.021833185397205246,magnetic_all_ties_better
Pb,F1,31,1,1,0.9920228080223037,0.9920228080223037,0.9483797914792045,0.9483797914792045,-0.04364301654309921,0.04364301654309921,magnetic_all_ties_better
Pb,F1_plus_F2_plus_F3,31,1,1,0.9953883013017992,0.9953883013017992,0.979458531033557,0.979458531033557,-0.01592977026824227,0.01592977026824227,magnetic_all_ties_better
Pb,minimum_four_fraction,31,1,1,0.9920228080223037,0.9920228080223037,0.9483797914792045,0.9483797914792045,-0.04364301654309921,0.04364301654309921,magnetic_all_ties_better
Zn,total,31,1,1,1.0,1.0,0.9924061530075909,0.9924061530075909,-0.007593846992409059,0.007593846992409059,magnetic_all_ties_better
Zn,F1,31,1,1,0.9956292084535239,0.9956292084535239,0.9959808546537208,0.9959808546537208,0.00035164620019689785,-0.00035164620019689785,nearest_all_ties_better
Zn,F1_plus_F2_plus_F3,31,1,1,0.9922315181795864,0.9922315181795864,0.9916483959978827,0.9916483959978827,-0.0005831221817037546,0.0005831221817037546,magnetic_all_ties_better
Zn,minimum_four_fraction,31,1,1,0.9750246563396932,0.9750246563396932,0.9835120924179039,0.9835120924179039,0.008487436078210786,-0.008487436078210786,nearest_all_ties_better
