element,dominating_sample,dominated_sample,dominating_excel_row,dominated_excel_row,xlf_dominating,xlf_dominated,magnetic_relation,componentwise_strict,equal_fraction_coordinates,F1_dominating,F1_dominated,F1_difference,F2_dominating,F2_dominated,F2_difference,F3_dominating,F3_dominated,F3_difference,F4_dominating,F4_dominated,F4_difference
Pb,1,2,4,5,9.5,10.0,reversal,True,,806.0582265529264,65.3168668517327,740.7413597011937,3197.3642986599402,111.97177174582747,3085.3925269141128,4809.480751765793,142.76400897593004,4666.716742789863,1827.0653135199661,167.95765761874122,1659.107655901225
Pb,1,3,4,6,9.5,10.6,reversal,True,,806.0582265529264,128.51130529225912,677.5469212606672,3197.3642986599402,115.39790679304899,3081.966391866891,4809.480751765793,119.76903962611905,4689.711712139674,1827.0653135199661,189.7071649552396,1637.3581485647264
Pb,1,4,4,7,9.5,7.8,concordant,True,,806.0582265529264,112.00354660382287,694.0546799491035,3197.3642986599402,117.5006531856056,3079.8636454743346,4809.480751765793,72.14952388589818,4737.331227879895,1827.0653135199661,163.53892080803587,1663.5263927119304
Pb,1,5,4,8,9.5,10.5,reversal,True,,806.0582265529264,115.04033011396406,691.0178964389623,3197.3642986599402,26.8055138129625,3170.5587848469777,4809.480751765793,84.88412707438127,4724.596624691411,1827.0653135199661,157.4823936511547,1669.5829198688114
Pb,1,6,4,9,9.5,9.7,reversal,True,,806.0582265529264,214.84187201160833,591.2163545413181,3197.3642986599402,42.06693997430092,3155.297358685639,4809.480751765793,103.66495922238444,4705.815792543408,1827.0653135199661,259.913593412645,1567.1517201073211
Pb,1,7,4,10,9.5,8.7,concordant,True,,806.0582265529264,159.5733357662014,646.4848907867249,3197.3642986599402,5.740048049143935,3191.6242506107965,4809.480751765793,32.14426907520603,4777.336482690586,1827.0653135199661,191.71760484140745,1635.3477086785588
Pb,1,8,4,11,9.5,20.0,reversal,True,,806.0582265529264,168.553598415759,637.5046281371674,3197.3642986599402,74.16358330293397,3123.200715357006,4809.480751765793,87.6478711761947,4721.832880589598,1827.0653135199661,192.1511021939653,1634.914211326001
Pb,1,9,4,12,9.5,8.7,concordant,True,,806.0582265529264,206.87936191425723,599.1788646386692,3197.3642986599402,16.601430277070023,3180.7628683828702,4809.480751765793,37.03395984884852,4772.446791916945,1827.0653135199661,256.68365274546727,1570.3816607744989
Pb,1,10,4,13,9.5,9.55,reversal,True,,806.0582265529264,115.57219274467965,690.4860338082467,3197.3642986599402,66.91021685218294,3130.454081807757,4809.480751765793,23.114438548935926,4786.366313216857,1827.0653135199661,203.1637493511737,1623.9015641687924
Pb,1,11,4,14,9.5,10.1,reversal,True,,806.0582265529264,152.0965460142918,653.9616805386346,3197.3642986599402,68.4434457064313,3128.920852953509,4809.480751765793,15.20965460142918,4794.271097164364,1827.0653135199661,214.0215683201106,1613.0437451998555
Pb,1,12,4,15,9.5,34.0,reversal,True,,806.0582265529264,72.05448776780368,734.0037387851227,3197.3642986599402,243.18389621633742,2954.180402443603,4809.480751765793,3.8707094392962,4805.610042326497,1827.0653135199661,173.3811111912776,1653.6842023286886
Pb,1,13,4,16,9.5,8.4,concordant,True,,806.0582265529264,129.66141368508204,676.3968128678443,3197.3642986599402,143.92416919044106,3053.440129469499,4809.480751765793,6.718959026360479,4802.761792739432,1827.0653135199661,215.23794671723624,1611.82736680273
Pb,1,14,4,17,9.5,8.84,concordant,True,,806.0582265529264,275.7342775082924,530.323949044634,3197.3642986599402,375.74152841803584,2821.6227702419046,4809.480751765793,14.28675012996334,4795.194001635829,1827.0653135199661,278.5916275342851,1548.473685985681
Pb,1,15,4,18,9.5,9.44,concordant,True,,806.0582265529264,132.45742936789742,673.600797185029,3197.3642986599402,133.84441815709008,3063.5198805028504,4809.480751765793,3.487941708328029,4805.992810057464,1827.0653135199661,98.47620403267767,1728.5891094872884
Pb,1,16,4,19,9.5,10.8,reversal,True,,806.0582265529264,134.84932501710958,671.2089015358168,3197.3642986599402,111.14853455955698,3086.2157641003832,4809.480751765793,4.027002941180035,4805.453748824612,1827.0653135199661,115.23487774189363,1711.8304357780726
Pb,1,17,4,20,9.5,8.0,concordant,True,,806.0582265529264,71.08528178690122,734.9729447660252,3197.3642986599402,34.07046050141419,3163.293838158526,4809.480751765793,7.150590475605449,4802.330161290187,1827.0653135199661,73.60901960182079,1753.4562939181453
Pb,1,18,4,21,9.5,9.7,reversal,True,,806.0582265529264,46.843050332049934,759.2151762208764,3197.3642986599402,43.81004707314023,3153.5542515868,4809.480751765793,9.436010138830206,4800.044741626963,1827.0653135199661,54.59405866037475,1772.4712548595915
Pb,1,19,4,22,9.5,14.5,reversal,True,,806.0582265529264,45.768551004122116,760.2896755488043,3197.3642986599402,29.33881474623213,3168.0254839137083,4809.480751765793,20.537170322362485,4788.94358144343,1827.0653135199661,50.75614951098158,1776.3091640089845
Pb,1,20,4,23,9.5,7.7,concordant,True,,806.0582265529264,48.87263379679321,757.1855927561331,3197.3642986599402,21.721170576352538,3175.6431280835877,4809.480751765793,27.422977852645076,4782.057773913148,1827.0653135199661,48.329604532384394,1778.7357089875818
Pb,1,21,4,24,9.5,5.6,concordant,True,,806.0582265529264,33.38693912845105,772.6712874244754,3197.3642986599402,30.00598326734208,3167.3583153925983,4809.480751765793,34.65479757636692,4774.825954189426,1827.0653135199661,31.696461197896564,1795.3688523220696
Pb,1,22,4,25,9.5,7.8,concordant,True,,806.0582265529264,27.95806615898527,778.1001603939411,3197.3642986599402,7.4939146405527515,3189.8703840193875,4809.480751765793,31.705023479261655,4777.775728286531,1827.0653135199661,20.175924032257413,1806.8893894877087
Pb,1,23,4,26,9.5,8.9,concordant,True,,806.0582265529264,28.89554794520548,777.1626786077209,3197.3642986599402,18.461044520547947,3178.903254139392,4809.480751765793,30.233304794520553,4779.247446971272,1827.0653135199661,33.44392123287671,1793.6213922870895
Pb,1,24,4,27,9.5,12.1,reversal,True,,806.0582265529264,23.406464427591185,782.6517621253352,3197.3642986599402,6.0581437342000735,3191.30615492574,4809.480751765793,24.50794510653666,4784.972806659256,1827.0653135199661,28.638497652582156,1798.426815867384
Pb,1,25,4,28,9.5,8.8,concordant,True,,806.0582265529264,37.5909067464411,768.4673198064853,3197.3642986599402,7.117804827728492,3190.246493832212,4809.480751765793,16.904786465855167,4792.575965299938,1827.0653135199661,27.35906230658139,1799.7062512133848
Pb,1,26,4,29,9.5,11.53,reversal,True,,806.0582265529264,67.93412624032618,738.1241003126001,3197.3642986599402,8.963530545598594,3188.4007681143416,4809.480751765793,40.10000507241476,4769.380746693378,1827.0653135199661,45.28941749355079,1781.7758960264152
Pb,1,27,4,30,9.5,3.5,concordant,True,,806.0582265529264,52.990168976383195,753.0680575765432,3197.3642986599402,34.90821558159839,3162.4560830783416,4809.480751765793,34.90821558159839,4774.572536184194,1827.0653135199661,53.492445459571655,1773.5728680603945
Pb,1,28,4,31,9.5,7.4,concordant,True,,806.0582265529264,37.89830204984669,768.1599245030797,3197.3642986599402,22.875551687745304,3174.488746972195,4809.480751765793,7.169949036457482,4802.310802729336,1827.0653135199661,17.754159518847096,1809.3111540011191
Pb,1,29,4,32,9.5,11.4,reversal,True,,806.0582265529264,70.14527152868615,735.9129550242402,3197.3642986599402,52.60895364651461,3144.7553450134255,4809.480751765793,8.554301405937334,4800.926450359855,1827.0653135199661,73.56699209106108,1753.498321428905
Pb,1,30,4,33,9.5,8.4,concordant,True,,806.0582265529264,75.02964367173695,731.0285828811894,3197.3642986599402,61.789118317901014,3135.5751803420394,4809.480751765793,1.6049121641013249,4807.875839601691,1827.0653135199661,83.8566605742942,1743.208652945672
Pb,1,31,4,34,9.5,16.4,reversal,True,,806.0582265529264,36.20075984803038,769.857466704896,3197.3642986599402,46.36672665466906,3150.997572005271,4809.480751765793,30.99380123975204,4778.48695052604,1827.0653135199661,41.40771845630873,1785.6575950636575
Pb,1,32,4,35,9.5,7.9,concordant,True,,806.0582265529264,38.73275056160963,767.3254759913168,3197.3642986599402,56.254709149004455,3141.1095895109356,4809.480751765793,29.20326431232472,4780.277487453468,1827.0653135199661,59.021334189119436,1768.0439793308467
Pb,2,18,5,21,10.0,9.7,concordant,True,,65.3168668517327,46.843050332049934,18.473816519682764,111.97177174582747,43.81004707314023,68.16172467268723,142.76400897593004,9.436010138830206,133.32799883709984,167.95765761874122,54.59405866037475,113.36359895836648
Pb,2,19,5,22,10.0,14.5,reversal,True,,65.3168668517327,45.768551004122116,19.54831584761058,111.97177174582747,29.33881474623213,82.63295699959534,142.76400897593004,20.537170322362485,122.22683865356755,167.95765761874122,50.75614951098158,117.20150810775965
Pb,2,20,5,23,10.0,7.7,concordant,True,,65.3168668517327,48.87263379679321,16.444233054939488,111.97177174582747,21.721170576352538,90.25060116947493,142.76400897593004,27.422977852645076,115.34103112328496,167.95765761874122,48.329604532384394,119.62805308635683
Pb,2,21,5,24,10.0,5.6,concordant,True,,65.3168668517327,33.38693912845105,31.92992772328165,111.97177174582747,30.00598326734208,81.9657884784854,142.76400897593004,34.65479757636692,108.10921139956312,167.95765761874122,31.696461197896564,136.26119642084467
Pb,2,22,5,25,10.0,7.8,concordant,True,,65.3168668517327,27.95806615898527,37.35880069274742,111.97177174582747,7.4939146405527515,104.47785710527472,142.76400897593004,31.705023479261655,111.05898549666838,167.95765761874122,20.175924032257413,147.78173358648382
Pb,2,23,5,26,10.0,8.9,concordant,True,,65.3168668517327,28.89554794520548,36.42131890652722,111.97177174582747,18.461044520547947,93.51072722527952,142.76400897593004,30.233304794520553,112.53070418140949,167.95765761874122,33.44392123287671,134.51373638586452
Pb,2,24,5,27,10.0,12.1,reversal,True,,65.3168668517327,23.406464427591185,41.91040242414151,111.97177174582747,6.0581437342000735,105.9136280116274,142.76400897593004,24.50794510653666,118.25606386939339,167.95765761874122,28.638497652582156,139.31915996615908
Pb,2,25,5,28,10.0,8.8,concordant,True,,65.3168668517327,37.5909067464411,27.7259601052916,111.97177174582747,7.117804827728492,104.85396691809898,142.76400897593004,16.904786465855167,125.85922251007487,167.95765761874122,27.35906230658139,140.59859531215983
Pb,2,27,5,30,10.0,3.5,concordant,True,,65.3168668517327,52.990168976383195,12.326697875349502,111.97177174582747,34.90821558159839,77.06355616422908,142.76400897593004,34.90821558159839,107.85579339433164,167.95765761874122,53.492445459571655,114.46521215916957
Pb,2,28,5,31,10.0,7.4,concordant,True,,65.3168668517327,37.89830204984669,27.418564801886006,111.97177174582747,22.875551687745304,89.09622005808217,142.76400897593004,7.169949036457482,135.59405993947254,167.95765761874122,17.754159518847096,150.20349809989412
Pb,2,31,5,34,10.0,16.4,reversal,True,,65.3168668517327,36.20075984803038,29.116107003702318,111.97177174582747,46.36672665466906,65.60504509115842,142.76400897593004,30.99380123975204,111.770207736178,167.95765761874122,41.40771845630873,126.5499391624325
Pb,2,32,5,35,10.0,7.9,concordant,True,,65.3168668517327,38.73275056160963,26.58411629012307,111.97177174582747,56.254709149004455,55.71706259682301,142.76400897593004,29.20326431232472,113.56074466360532,167.95765761874122,59.021334189119436,108.93632342962178
Pb,3,5,6,8,10.6,10.5,concordant,True,,128.51130529225912,115.04033011396406,13.470975178295063,115.39790679304899,26.8055138129625,88.59239298008649,119.76903962611905,84.88412707438127,34.884912551737784,189.7071649552396,157.4823936511547,32.224771304084896
Pb,3,17,6,20,10.6,8.0,concordant,True,,128.51130529225912,71.08528178690122,57.426023505357904,115.39790679304899,34.07046050141419,81.3274462916348,119.76903962611905,7.150590475605449,112.6184491505136,189.7071649552396,73.60901960182079,116.0981453534188
Pb,3,18,6,21,10.6,9.7,concordant,True,,128.51130529225912,46.843050332049934,81.6682549602092,115.39790679304899,43.81004707314023,71.58785971990875,119.76903962611905,9.436010138830206,110.33302948728885,189.7071649552396,54.59405866037475,135.11310629486485
Pb,3,19,6,22,10.6,14.5,reversal,True,,128.51130529225912,45.768551004122116,82.74275428813701,115.39790679304899,29.33881474623213,86.05909204681686,119.76903962611905,20.537170322362485,99.23186930375657,189.7071649552396,50.75614951098158,138.95101544425802
Pb,3,20,6,23,10.6,7.7,concordant,True,,128.51130529225912,48.87263379679321,79.63867149546591,115.39790679304899,21.721170576352538,93.67673621669645,119.76903962611905,27.422977852645076,92.34606177347398,189.7071649552396,48.329604532384394,141.3775604228552
Pb,3,21,6,24,10.6,5.6,concordant,True,,128.51130529225912,33.38693912845105,95.12436616380808,115.39790679304899,30.00598326734208,85.39192352570691,119.76903962611905,34.65479757636692,85.11424204975214,189.7071649552396,31.696461197896564,158.01070375734304
Pb,3,22,6,25,10.6,7.8,concordant,True,,128.51130529225912,27.95806615898527,100.55323913327385,115.39790679304899,7.4939146405527515,107.90399215249624,119.76903962611905,31.705023479261655,88.0640161468574,189.7071649552396,20.175924032257413,169.5312409229822
Pb,3,23,6,26,10.6,8.9,concordant,True,,128.51130529225912,28.89554794520548,99.61575734705364,115.39790679304899,18.461044520547947,96.93686227250105,119.76903962611905,30.233304794520553,89.5357348315985,189.7071649552396,33.44392123287671,156.2632437223629
Pb,3,24,6,27,10.6,12.1,reversal,True,,128.51130529225912,23.406464427591185,105.10484086466793,115.39790679304899,6.0581437342000735,109.33976305884892,119.76903962611905,24.50794510653666,95.2610945195824,189.7071649552396,28.638497652582156,161.06866730265745
Pb,3,25,6,28,10.6,8.8,concordant,True,,128.51130529225912,37.5909067464411,90.92039854581802,115.39790679304899,7.117804827728492,108.2801019653205,119.76903962611905,16.904786465855167,102.86425316026389,189.7071649552396,27.35906230658139,162.3481026486582
Pb,3,26,6,29,10.6,11.53,reversal,True,,128.51130529225912,67.93412624032618,60.577179051932944,115.39790679304899,8.963530545598594,106.43437624745039,119.76903962611905,40.10000507241476,79.6690345537043,189.7071649552396,45.28941749355079,144.4177474616888
Pb,3,27,6,30,10.6,3.5,concordant,True,,128.51130529225912,52.990168976383195,75.52113631587594,115.39790679304899,34.90821558159839,80.4896912114506,119.76903962611905,34.90821558159839,84.86082404452065,189.7071649552396,53.492445459571655,136.21471949566794
Pb,3,28,6,31,10.6,7.4,concordant,True,,128.51130529225912,37.89830204984669,90.61300324241243,115.39790679304899,22.875551687745304,92.52235510530369,119.76903962611905,7.169949036457482,112.59909058966157,189.7071649552396,17.754159518847096,171.9530054363925
Pb,3,29,6,32,10.6,11.4,reversal,True,,128.51130529225912,70.14527152868615,58.36603376357297,115.39790679304899,52.60895364651461,62.78895314653438,119.76903962611905,8.554301405937334,111.21473822018172,189.7071649552396,73.56699209106108,116.14017286417851
Pb,3,30,6,33,10.6,8.4,concordant,True,,128.51130529225912,75.02964367173695,53.481661620522175,115.39790679304899,61.789118317901014,53.608788475147975,119.76903962611905,1.6049121641013249,118.16412746201773,189.7071649552396,83.8566605742942,105.8505043809454
Pb,3,31,6,34,10.6,16.4,reversal,True,,128.51130529225912,36.20075984803038,92.31054544422875,115.39790679304899,46.36672665466906,69.03118013837994,119.76903962611905,30.99380123975204,88.77523838636701,189.7071649552396,41.40771845630873,148.29944649893088
Pb,3,32,6,35,10.6,7.9,concordant,True,,128.51130529225912,38.73275056160963,89.77855473064949,115.39790679304899,56.254709149004455,59.143197644044534,119.76903962611905,29.20326431232472,90.56577531379433,189.7071649552396,59.021334189119436,130.68583076612015
Pb,4,17,7,20,7.8,8.0,reversal,True,,112.00354660382287,71.08528178690122,40.91826481692165,117.5006531856056,34.07046050141419,83.43019268419141,72.14952388589818,7.150590475605449,64.99893341029272,163.53892080803587,73.60901960182079,89.92990120621508
Pb,4,18,7,21,7.8,9.7,reversal,True,,112.00354660382287,46.843050332049934,65.16049627177293,117.5006531856056,43.81004707314023,73.69060611246536,72.14952388589818,9.436010138830206,62.71351374706797,163.53892080803587,54.59405866037475,108.94486214766113
Pb,4,19,7,22,7.8,14.5,reversal,True,,112.00354660382287,45.768551004122116,66.23499559970075,117.5006531856056,29.33881474623213,88.16183843937347,72.14952388589818,20.537170322362485,51.61235356353569,163.53892080803587,50.75614951098158,112.7827712970543
Pb,4,20,7,23,7.8,7.7,concordant,True,,112.00354660382287,48.87263379679321,63.13091280702966,117.5006531856056,21.721170576352538,95.77948260925307,72.14952388589818,27.422977852645076,44.7265460332531,163.53892080803587,48.329604532384394,115.20931627565147
Pb,4,21,7,24,7.8,5.6,concordant,True,,112.00354660382287,33.38693912845105,78.61660747537182,117.5006531856056,30.00598326734208,87.49466991826353,72.14952388589818,34.65479757636692,37.49472630953126,163.53892080803587,31.696461197896564,131.84245961013931
Pb,4,22,7,25,7.8,7.8,magnetic_tie,True,,112.00354660382287,27.95806615898527,84.0454804448376,117.5006531856056,7.4939146405527515,110.00673854505285,72.14952388589818,31.705023479261655,40.44450040663652,163.53892080803587,20.175924032257413,143.36299677577847
Pb,4,23,7,26,7.8,8.9,reversal,True,,112.00354660382287,28.89554794520548,83.10799865861739,117.5006531856056,18.461044520547947,99.03960866505766,72.14952388589818,30.233304794520553,41.91621909137763,163.53892080803587,33.44392123287671,130.09499957515916
Pb,4,24,7,27,7.8,12.1,reversal,True,,112.00354660382287,23.406464427591185,88.59708217623168,117.5006531856056,6.0581437342000735,111.44250945140553,72.14952388589818,24.50794510653666,47.64157877936152,163.53892080803587,28.638497652582156,134.90042315545372
Pb,4,25,7,28,7.8,8.8,reversal,True,,112.00354660382287,37.5909067464411,74.41263985738178,117.5006531856056,7.117804827728492,110.38284835787711,72.14952388589818,16.904786465855167,55.24473742004301,163.53892080803587,27.35906230658139,136.17985850145448
Pb,4,26,7,29,7.8,11.53,reversal,True,,112.00354660382287,67.93412624032618,44.06942036349669,117.5006531856056,8.963530545598594,108.537122640007,72.14952388589818,40.10000507241476,32.04951881348342,163.53892080803587,45.28941749355079,118.24950331448508
Pb,4,27,7,30,7.8,3.5,concordant,True,,112.00354660382287,52.990168976383195,59.013377627439674,117.5006531856056,34.90821558159839,82.59243760400722,72.14952388589818,34.90821558159839,37.241308304299785,163.53892080803587,53.492445459571655,110.04647534846421
Pb,4,28,7,31,7.8,7.4,concordant,True,,112.00354660382287,37.89830204984669,74.10524455397618,117.5006531856056,22.875551687745304,94.6251014978603,72.14952388589818,7.169949036457482,64.9795748494407,163.53892080803587,17.754159518847096,145.78476128918876
Pb,4,29,7,32,7.8,11.4,reversal,True,,112.00354660382287,70.14527152868615,41.85827507513672,117.5006531856056,52.60895364651461,64.891699539091,72.14952388589818,8.554301405937334,63.59522247996084,163.53892080803587,73.56699209106108,89.97192871697479
Pb,4,30,7,33,7.8,8.4,reversal,True,,112.00354660382287,75.02964367173695,36.97390293208592,117.5006531856056,61.789118317901014,55.711534867704586,72.14952388589818,1.6049121641013249,70.54461172179685,163.53892080803587,83.8566605742942,79.68226023374167
Pb,4,31,7,34,7.8,16.4,reversal,True,,112.00354660382287,36.20075984803038,75.80278675579248,117.5006531856056,46.36672665466906,71.13392653093655,72.14952388589818,30.99380123975204,41.15572264614613,163.53892080803587,41.40771845630873,122.13120235172714
Pb,4,32,7,35,7.8,7.9,reversal,True,,112.00354660382287,38.73275056160963,73.27079604221325,117.5006531856056,56.254709149004455,61.245944036601145,72.14952388589818,29.20326431232472,42.94625957357346,163.53892080803587,59.021334189119436,104.51758661891643
Pb,5,20,8,23,10.5,7.7,concordant,True,,115.04033011396406,48.87263379679321,66.16769631717085,26.8055138129625,21.721170576352538,5.084343236609961,84.88412707438127,27.422977852645076,57.46114922173619,157.4823936511547,48.329604532384394,109.1527891187703
Pb,5,22,8,25,10.5,7.8,concordant,True,,115.04033011396406,27.95806615898527,87.08226395497879,26.8055138129625,7.4939146405527515,19.311599172409746,84.88412707438127,31.705023479261655,53.179103595119614,157.4823936511547,20.175924032257413,137.30646961889727
Pb,5,23,8,26,10.5,8.9,concordant,True,,115.04033011396406,28.89554794520548,86.14478216875858,26.8055138129625,18.461044520547947,8.344469292414551,84.88412707438127,30.233304794520553,54.65082227986072,157.4823936511547,33.44392123287671,124.03847241827799
Pb,5,24,8,27,10.5,12.1,reversal,True,,115.04033011396406,23.406464427591185,91.63386568637287,26.8055138129625,6.0581437342000735,20.747370078762426,84.88412707438127,24.50794510653666,60.37618196784461,157.4823936511547,28.638497652582156,128.84389599857255
Pb,5,25,8,28,10.5,8.8,concordant,True,,115.04033011396406,37.5909067464411,77.44942336752297,26.8055138129625,7.117804827728492,19.687708985234007,84.88412707438127,16.904786465855167,67.9793406085261,157.4823936511547,27.35906230658139,130.1233313445733
Pb,5,26,8,29,10.5,11.53,reversal,True,,115.04033011396406,67.93412624032618,47.10620387363788,26.8055138129625,8.963530545598594,17.841983267363904,84.88412707438127,40.10000507241476,44.78412200196651,157.4823936511547,45.28941749355079,112.19297615760391
Pb,5,28,8,31,10.5,7.4,concordant,True,,115.04033011396406,37.89830204984669,77.14202806411737,26.8055138129625,22.875551687745304,3.9299621252171946,84.88412707438127,7.169949036457482,77.71417803792379,157.4823936511547,17.754159518847096,139.7282341323076
Pb,6,5,9,8,9.7,10.5,reversal,True,,214.84187201160833,115.04033011396406,99.80154189764427,42.06693997430092,26.8055138129625,15.261426161338424,103.66495922238444,84.88412707438127,18.78083214800317,259.913593412645,157.4823936511547,102.43119976149032
Pb,6,7,9,10,9.7,8.7,concordant,True,,214.84187201160833,159.5733357662014,55.26853624540692,42.06693997430092,5.740048049143935,36.326891925156986,103.66495922238444,32.14426907520603,71.52069014717841,259.913593412645,191.71760484140745,68.19598857123756
Pb,6,9,9,12,9.7,8.7,concordant,True,,214.84187201160833,206.87936191425723,7.9625100973511,42.06693997430092,16.601430277070023,25.4655096972309,103.66495922238444,37.03395984884852,66.63099937353593,259.913593412645,256.68365274546727,3.2299406671777433
Pb,6,17,9,20,9.7,8.0,concordant,True,,214.84187201160833,71.08528178690122,143.7565902247071,42.06693997430092,34.07046050141419,7.996479472886733,103.66495922238444,7.150590475605449,96.51436874677898,259.913593412645,73.60901960182079,186.30457381082422
Pb,6,19,9,22,9.7,14.5,reversal,True,,214.84187201160833,45.768551004122116,169.07332100748621,42.06693997430092,29.33881474623213,12.72812522806879,103.66495922238444,20.537170322362485,83.12778890002195,259.913593412645,50.75614951098158,209.15744390166344
Pb,6,20,9,23,9.7,7.7,concordant,True,,214.84187201160833,48.87263379679321,165.9692382148151,42.06693997430092,21.721170576352538,20.345769397948384,103.66495922238444,27.422977852645076,76.24198136973936,259.913593412645,48.329604532384394,211.58398888026062
Pb,6,21,9,24,9.7,5.6,concordant,True,,214.84187201160833,33.38693912845105,181.45493288315728,42.06693997430092,30.00598326734208,12.06095670695884,103.66495922238444,34.65479757636692,69.01016164601752,259.913593412645,31.696461197896564,228.21713221474846
Pb,6,22,9,25,9.7,7.8,concordant,True,,214.84187201160833,27.95806615898527,186.88380585262306,42.06693997430092,7.4939146405527515,34.57302533374817,103.66495922238444,31.705023479261655,71.95993574312278,259.913593412645,20.175924032257413,239.73766938038762
Pb,6,23,9,26,9.7,8.9,concordant,True,,214.84187201160833,28.89554794520548,185.94632406640284,42.06693997430092,18.461044520547947,23.605895453752975,103.66495922238444,30.233304794520553,73.43165442786389,259.913593412645,33.44392123287671,226.4696721797683
Pb,6,24,9,27,9.7,12.1,reversal,True,,214.84187201160833,23.406464427591185,191.43540758401716,42.06693997430092,6.0581437342000735,36.00879624010085,103.66495922238444,24.50794510653666,79.15701411584777,259.913593412645,28.638497652582156,231.27509576006287
Pb,6,25,9,28,9.7,8.8,concordant,True,,214.84187201160833,37.5909067464411,177.25096526516722,42.06693997430092,7.117804827728492,34.94913514657243,103.66495922238444,16.904786465855167,86.76017275652927,259.913593412645,27.35906230658139,232.55453110606362
Pb,6,26,9,29,9.7,11.53,reversal,True,,214.84187201160833,67.93412624032618,146.90774577128215,42.06693997430092,8.963530545598594,33.10340942870233,103.66495922238444,40.10000507241476,63.56495414996968,259.913593412645,45.28941749355079,214.62417591909423
Pb,6,27,9,30,9.7,3.5,concordant,True,,214.84187201160833,52.990168976383195,161.85170303522514,42.06693997430092,34.90821558159839,7.158724392702531,103.66495922238444,34.90821558159839,68.75674364078606,259.913593412645,53.492445459571655,206.42114795307336
Pb,6,28,9,31,9.7,7.4,concordant,True,,214.84187201160833,37.89830204984669,176.94356996176163,42.06693997430092,22.875551687745304,19.19138828655562,103.66495922238444,7.169949036457482,96.49501018592696,259.913593412645,17.754159518847096,242.1594338937979
Pb,8,5,11,8,20.0,10.5,concordant,True,,168.553598415759,115.04033011396406,53.51326830179495,74.16358330293397,26.8055138129625,47.35806948997147,87.6478711761947,84.88412707438127,2.7637441018134297,192.1511021939653,157.4823936511547,34.668708542810606
Pb,8,7,11,10,20.0,8.7,concordant,True,,168.553598415759,159.5733357662014,8.980262649557602,74.16358330293397,5.740048049143935,68.42353525379004,87.6478711761947,32.14426907520603,55.503602100988665,192.1511021939653,191.71760484140745,0.4334973525578505
Pb,8,17,11,20,20.0,8.0,concordant,True,,168.553598415759,71.08528178690122,97.46831662885779,74.16358330293397,34.07046050141419,40.09312280151978,87.6478711761947,7.150590475605449,80.49728070058924,192.1511021939653,73.60901960182079,118.54208259214451
Pb,8,18,11,21,20.0,9.7,concordant,True,,168.553598415759,46.843050332049934,121.71054808370909,74.16358330293397,43.81004707314023,30.35353622979374,87.6478711761947,9.436010138830206,78.21186103736449,192.1511021939653,54.59405866037475,137.55704353359056
Pb,8,19,11,22,20.0,14.5,concordant,True,,168.553598415759,45.768551004122116,122.7850474116369,74.16358330293397,29.33881474623213,44.82476855670184,87.6478711761947,20.537170322362485,67.11070085383221,192.1511021939653,50.75614951098158,141.39495268298373
Pb,8,20,11,23,20.0,7.7,concordant,True,,168.553598415759,48.87263379679321,119.6809646189658,74.16358330293397,21.721170576352538,52.44241272658144,87.6478711761947,27.422977852645076,60.22489332354962,192.1511021939653,48.329604532384394,143.8214976615809
Pb,8,21,11,24,20.0,5.6,concordant,True,,168.553598415759,33.38693912845105,135.16665928730797,74.16358330293397,30.00598326734208,44.15760003559189,87.6478711761947,34.65479757636692,52.99307359982778,192.1511021939653,31.696461197896564,160.45464099606875
Pb,8,22,11,25,20.0,7.8,concordant,True,,168.553598415759,27.95806615898527,140.59553225677374,74.16358330293397,7.4939146405527515,66.66966866238123,87.6478711761947,31.705023479261655,55.94284769693304,192.1511021939653,20.175924032257413,171.9751781617079
Pb,8,23,11,26,20.0,8.9,concordant,True,,168.553598415759,28.89554794520548,139.65805047055352,74.16358330293397,18.461044520547947,55.70253878238603,87.6478711761947,30.233304794520553,57.41456638167415,192.1511021939653,33.44392123287671,158.7071809610886
Pb,8,24,11,27,20.0,12.1,concordant,True,,168.553598415759,23.406464427591185,145.14713398816784,74.16358330293397,6.0581437342000735,68.1054395687339,87.6478711761947,24.50794510653666,63.13992606965804,192.1511021939653,28.638497652582156,163.51260454138315
Pb,8,25,11,28,20.0,8.8,concordant,True,,168.553598415759,37.5909067464411,130.9626916693179,74.16358330293397,7.117804827728492,67.04577847520548,87.6478711761947,16.904786465855167,70.74308471033953,192.1511021939653,27.35906230658139,164.7920398873839
Pb,8,26,11,29,20.0,11.53,concordant,True,,168.553598415759,67.93412624032618,100.61947217543283,74.16358330293397,8.963530545598594,65.20005275733538,87.6478711761947,40.10000507241476,47.54786610377994,192.1511021939653,45.28941749355079,146.86168470041451
Pb,8,27,11,30,20.0,3.5,concordant,True,,168.553598415759,52.990168976383195,115.56342943937582,74.16358330293397,34.90821558159839,39.25536772133558,87.6478711761947,34.90821558159839,52.73965559459631,192.1511021939653,53.492445459571655,138.65865673439365
Pb,8,28,11,31,20.0,7.4,concordant,True,,168.553598415759,37.89830204984669,130.6552963659123,74.16358330293397,22.875551687745304,51.28803161518867,87.6478711761947,7.169949036457482,80.47792213973722,192.1511021939653,17.754159518847096,174.3969426751182
Pb,8,29,11,32,20.0,11.4,concordant,True,,168.553598415759,70.14527152868615,98.40832688707286,74.16358330293397,52.60895364651461,21.554629656419365,87.6478711761947,8.554301405937334,79.09356977025736,192.1511021939653,73.56699209106108,118.58411010290422
Pb,8,30,11,33,20.0,8.4,concordant,True,,168.553598415759,75.02964367173695,93.52395474402206,74.16358330293397,61.789118317901014,12.374464985032958,87.6478711761947,1.6049121641013249,86.04295901209338,192.1511021939653,83.8566605742942,108.2944416196711
Pb,8,31,11,34,20.0,16.4,concordant,True,,168.553598415759,36.20075984803038,132.35283856772864,74.16358330293397,46.36672665466906,27.796856648264914,87.6478711761947,30.99380123975204,56.65406993644265,192.1511021939653,41.40771845630873,150.7433837376566
Pb,8,32,11,35,20.0,7.9,concordant,True,,168.553598415759,38.73275056160963,129.82084785414938,74.16358330293397,56.254709149004455,17.908874153929517,87.6478711761947,29.20326431232472,58.44460686386998,192.1511021939653,59.021334189119436,133.12976800484586
Pb,9,7,12,10,8.7,8.7,magnetic_tie,True,,206.87936191425723,159.5733357662014,47.30602614805582,16.601430277070023,5.740048049143935,10.861382227926088,37.03395984884852,32.14426907520603,4.889690773642485,256.68365274546727,191.71760484140745,64.96604790405982
Pb,9,22,12,25,8.7,7.8,concordant,True,,206.87936191425723,27.95806615898527,178.92129575527196,16.601430277070023,7.4939146405527515,9.10751563651727,37.03395984884852,31.705023479261655,5.328936369586863,256.68365274546727,20.175924032257413,236.50772871320987
Pb,9,24,12,27,8.7,12.1,reversal,True,,206.87936191425723,23.406464427591185,183.47289748666606,16.601430277070023,6.0581437342000735,10.54328654286995,37.03395984884852,24.50794510653666,12.526014742311858,256.68365274546727,28.638497652582156,228.04515509288512
Pb,9,25,12,28,8.7,8.8,reversal,True,,206.87936191425723,37.5909067464411,169.28845516781612,16.601430277070023,7.117804827728492,9.483625449341531,37.03395984884852,16.904786465855167,20.12917338299335,256.68365274546727,27.35906230658139,229.32459043888588
Pb,10,17,13,20,9.55,8.0,concordant,True,,115.57219274467965,71.08528178690122,44.486910957778434,66.91021685218294,34.07046050141419,32.83975635076875,23.114438548935926,7.150590475605449,15.963848073330478,203.1637493511737,73.60901960182079,129.5547297493529
Pb,10,18,13,21,9.55,9.7,reversal,True,,115.57219274467965,46.843050332049934,68.72914241262973,66.91021685218294,43.81004707314023,23.10016977904271,23.114438548935926,9.436010138830206,13.67842841010572,203.1637493511737,54.59405866037475,148.56969069079895
Pb,10,19,13,22,9.55,14.5,reversal,True,,115.57219274467965,45.768551004122116,69.80364174055754,66.91021685218294,29.33881474623213,37.57140210595081,23.114438548935926,20.537170322362485,2.577268226573441,203.1637493511737,50.75614951098158,152.40759984019212
Pb,10,25,13,28,9.55,8.8,concordant,True,,115.57219274467965,37.5909067464411,77.98128599823855,66.91021685218294,7.117804827728492,59.79241202445445,23.114438548935926,16.904786465855167,6.2096520830807584,203.1637493511737,27.35906230658139,175.8046870445923
Pb,10,28,13,31,9.55,7.4,concordant,True,,115.57219274467965,37.89830204984669,77.67389069483296,66.91021685218294,22.875551687745304,44.03466516443764,23.114438548935926,7.169949036457482,15.944489512478444,203.1637493511737,17.754159518847096,185.4095898323266
Pb,10,29,13,32,9.55,11.4,reversal,True,,115.57219274467965,70.14527152868615,45.4269212159935,66.91021685218294,52.60895364651461,14.301263205668334,23.114438548935926,8.554301405937334,14.560137142998592,203.1637493511737,73.56699209106108,129.5967572601126
Pb,10,30,13,33,9.55,8.4,concordant,True,,115.57219274467965,75.02964367173695,40.542549072942705,66.91021685218294,61.789118317901014,5.121098534281927,23.114438548935926,1.6049121641013249,21.5095263848346,203.1637493511737,83.8566605742942,119.3070887768795
Pb,11,17,14,20,10.1,8.0,concordant,True,,152.0965460142918,71.08528178690122,81.01126422739057,68.4434457064313,34.07046050141419,34.372985205017116,15.20965460142918,7.150590475605449,8.059064125823731,214.0215683201106,73.60901960182079,140.4125487182898
Pb,11,18,14,21,10.1,9.7,concordant,True,,152.0965460142918,46.843050332049934,105.25349568224186,68.4434457064313,43.81004707314023,24.633398633291073,15.20965460142918,9.436010138830206,5.773644462598975,214.0215683201106,54.59405866037475,159.42750965973585
Pb,11,28,14,31,10.1,7.4,concordant,True,,152.0965460142918,37.89830204984669,114.1982439644451,68.4434457064313,22.875551687745304,45.567894018686005,15.20965460142918,7.169949036457482,8.039705564971698,214.0215683201106,17.754159518847096,196.26740880126349
Pb,11,29,14,32,10.1,11.4,reversal,True,,152.0965460142918,70.14527152868615,81.95127448560564,68.4434457064313,52.60895364651461,15.834492059916698,15.20965460142918,8.554301405937334,6.655353195491847,214.0215683201106,73.56699209106108,140.4545762290495
Pb,11,30,14,33,10.1,8.4,concordant,True,,152.0965460142918,75.02964367173695,77.06690234255484,68.4434457064313,61.789118317901014,6.654327388530291,15.20965460142918,1.6049121641013249,13.604742437327856,214.0215683201106,83.8566605742942,130.16490774581638
Pb,13,30,16,33,8.4,8.4,magnetic_tie,True,,129.66141368508204,75.02964367173695,54.63177001334509,143.92416919044106,61.789118317901014,82.13505087254005,6.718959026360479,1.6049121641013249,5.114046862259154,215.23794671723624,83.8566605742942,131.38128614294203
Pb,14,12,17,15,8.84,34.0,reversal,True,,275.7342775082924,72.05448776780368,203.67978974048873,375.74152841803584,243.18389621633742,132.55763220169842,14.28675012996334,3.8707094392962,10.416040690667138,278.5916275342851,173.3811111912776,105.21051634300753
Pb,14,13,17,16,8.84,8.4,concordant,True,,275.7342775082924,129.66141368508204,146.07286382321035,375.74152841803584,143.92416919044106,231.81735922759478,14.28675012996334,6.718959026360479,7.56779110360286,278.5916275342851,215.23794671723624,63.35368081704888
Pb,14,15,17,18,8.84,9.44,reversal,True,,275.7342775082924,132.45742936789742,143.27684814039497,375.74152841803584,133.84441815709008,241.89711026094577,14.28675012996334,3.487941708328029,10.79880842163531,278.5916275342851,98.47620403267767,180.11542350160744
Pb,14,16,17,19,8.84,10.8,reversal,True,,275.7342775082924,134.84932501710958,140.88495249118282,375.74152841803584,111.14853455955698,264.59299385847885,14.28675012996334,4.027002941180035,10.259747188783304,278.5916275342851,115.23487774189363,163.3567497923915
Pb,14,17,17,20,8.84,8.0,concordant,True,,275.7342775082924,71.08528178690122,204.64899572139117,375.74152841803584,34.07046050141419,341.67106791662167,14.28675012996334,7.150590475605449,7.136159654357891,278.5916275342851,73.60901960182079,204.98260793246433
Pb,14,18,17,21,8.84,9.7,reversal,True,,275.7342775082924,46.843050332049934,228.89122717624247,375.74152841803584,43.81004707314023,331.9314813448956,14.28675012996334,9.436010138830206,4.850739991133134,278.5916275342851,54.59405866037475,223.99756887391038
Pb,14,28,17,31,8.84,7.4,concordant,True,,275.7342775082924,37.89830204984669,237.83597545844572,375.74152841803584,22.875551687745304,352.8659767302905,14.28675012996334,7.169949036457482,7.116801093505857,278.5916275342851,17.754159518847096,260.83746801543805
Pb,14,29,17,32,8.84,11.4,reversal,True,,275.7342775082924,70.14527152868615,205.58900597960624,375.74152841803584,52.60895364651461,323.13257477152126,14.28675012996334,8.554301405937334,5.732448724026005,278.5916275342851,73.56699209106108,205.02463544322404
Pb,14,30,17,33,8.84,8.4,concordant,True,,275.7342775082924,75.02964367173695,200.70463383655544,375.74152841803584,61.789118317901014,313.95241010013484,14.28675012996334,1.6049121641013249,12.681837965862014,278.5916275342851,83.8566605742942,194.7349669599909
Pb,15,30,18,33,9.44,8.4,concordant,True,,132.45742936789742,75.02964367173695,57.42778569616047,133.84441815709008,61.789118317901014,72.05529983918906,3.487941708328029,1.6049121641013249,1.883029544226704,98.47620403267767,83.8566605742942,14.619543458383475
Pb,16,30,19,33,10.8,8.4,concordant,True,,134.84932501710958,75.02964367173695,59.81968134537263,111.14853455955698,61.789118317901014,49.359416241655964,4.027002941180035,1.6049121641013249,2.4220907770787097,115.23487774189363,83.8566605742942,31.37821716759943
Pb,18,28,21,31,9.7,7.4,concordant,True,,46.843050332049934,37.89830204984669,8.944748282203243,43.81004707314023,22.875551687745304,20.93449538539493,9.436010138830206,7.169949036457482,2.2660611023727233,54.59405866037475,17.754159518847096,36.83989914152765
Pb,19,25,22,28,14.5,8.8,concordant,True,,45.768551004122116,37.5909067464411,8.177644257681017,29.33881474623213,7.117804827728492,22.22100991850364,20.537170322362485,16.904786465855167,3.6323838565073174,50.75614951098158,27.35906230658139,23.39708720440019
Pb,19,28,22,31,14.5,7.4,concordant,True,,45.768551004122116,37.89830204984669,7.870248954275425,29.33881474623213,22.875551687745304,6.463263058486827,20.537170322362485,7.169949036457482,13.367221285905003,50.75614951098158,17.754159518847096,33.00198999213448
Pb,20,24,23,27,7.7,12.1,reversal,True,,48.87263379679321,23.406464427591185,25.466169369202024,21.721170576352538,6.0581437342000735,15.663026842152465,27.422977852645076,24.50794510653666,2.915032746108416,48.329604532384394,28.638497652582156,19.691106879802238
Pb,20,25,23,28,7.7,8.8,reversal,True,,48.87263379679321,37.5909067464411,11.28172705035211,21.721170576352538,7.117804827728492,14.603365748624046,27.422977852645076,16.904786465855167,10.518191386789908,48.329604532384394,27.35906230658139,20.970542225803005
Pb,21,22,24,25,5.6,7.8,reversal,True,,33.38693912845105,27.95806615898527,5.428872969465775,30.00598326734208,7.4939146405527515,22.51206862678933,34.65479757636692,31.705023479261655,2.949774097105262,31.696461197896564,20.175924032257413,11.520537165639151
Pb,21,24,24,27,5.6,12.1,reversal,True,,33.38693912845105,23.406464427591185,9.980474700859862,30.00598326734208,6.0581437342000735,23.94783953314201,34.65479757636692,24.50794510653666,10.146852469830257,31.696461197896564,28.638497652582156,3.057963545314408
Pb,23,24,26,27,8.9,12.1,reversal,True,,28.89554794520548,23.406464427591185,5.489083517614294,18.461044520547947,6.0581437342000735,12.402900786347875,30.233304794520553,24.50794510653666,5.725359687983893,33.44392123287671,28.638497652582156,4.805423580294555
Pb,26,22,29,25,11.53,7.8,concordant,True,,67.93412624032618,27.95806615898527,39.976060081340904,8.963530545598594,7.4939146405527515,1.4696159050458428,40.10000507241476,31.705023479261655,8.394981593153105,45.28941749355079,20.175924032257413,25.11349346129338
Pb,26,24,29,27,11.53,12.1,reversal,True,,67.93412624032618,23.406464427591185,44.52766181273499,8.963530545598594,6.0581437342000735,2.905386811398521,40.10000507241476,24.50794510653666,15.5920599658781,45.28941749355079,28.638497652582156,16.650919840968637
Pb,26,25,29,28,11.53,8.8,concordant,True,,67.93412624032618,37.5909067464411,30.34321949388508,8.963530545598594,7.117804827728492,1.8457257178701019,40.10000507241476,16.904786465855167,23.195218606559592,45.28941749355079,27.35906230658139,17.930355186969404
Pb,27,19,30,22,3.5,14.5,reversal,True,,52.990168976383195,45.768551004122116,7.221617972261079,34.90821558159839,29.33881474623213,5.56940083536626,34.90821558159839,20.537170322362485,14.371045259235906,53.492445459571655,50.75614951098158,2.736295948590076
Pb,27,20,30,23,3.5,7.7,reversal,True,,52.990168976383195,48.87263379679321,4.117535179589986,34.90821558159839,21.721170576352538,13.187045005245853,34.90821558159839,27.422977852645076,7.485237728953315,53.492445459571655,48.329604532384394,5.162840927187261
Pb,27,21,30,24,3.5,5.6,reversal,True,,52.990168976383195,33.38693912845105,19.60322984793215,34.90821558159839,30.00598326734208,4.90223231425631,34.90821558159839,34.65479757636692,0.25341800523147384,53.492445459571655,31.696461197896564,21.79598426167509
Pb,27,22,30,25,3.5,7.8,reversal,True,,52.990168976383195,27.95806615898527,25.032102817397924,34.90821558159839,7.4939146405527515,27.41430094104564,34.90821558159839,31.705023479261655,3.203192102336736,53.492445459571655,20.175924032257413,33.31652142731424
Pb,27,23,30,26,3.5,8.9,reversal,True,,52.990168976383195,28.89554794520548,24.094621031177716,34.90821558159839,18.461044520547947,16.447171061050444,34.90821558159839,30.233304794520553,4.674910787077838,53.492445459571655,33.44392123287671,20.048524226694944
Pb,27,24,30,27,3.5,12.1,reversal,True,,52.990168976383195,23.406464427591185,29.58370454879201,34.90821558159839,6.0581437342000735,28.85007184739832,34.90821558159839,24.50794510653666,10.400270475061731,53.492445459571655,28.638497652582156,24.8539478069895
Pb,27,25,30,28,3.5,8.8,reversal,True,,52.990168976383195,37.5909067464411,15.399262229942096,34.90821558159839,7.117804827728492,27.7904107538699,34.90821558159839,16.904786465855167,18.003429115743224,53.492445459571655,27.35906230658139,26.133383152990266
Pb,27,28,30,31,3.5,7.4,reversal,True,,52.990168976383195,37.89830204984669,15.091866926536504,34.90821558159839,22.875551687745304,12.032663893853087,34.90821558159839,7.169949036457482,27.73826654514091,53.492445459571655,17.754159518847096,35.73828594072456
Pb,29,28,32,31,11.4,7.4,concordant,True,,70.14527152868615,37.89830204984669,32.24696947883946,52.60895364651461,22.875551687745304,29.733401958769303,8.554301405937334,7.169949036457482,1.3843523694798519,73.56699209106108,17.754159518847096,55.812832572213985
Pb,31,23,34,26,16.4,8.9,concordant,True,,36.20075984803038,28.89554794520548,7.305211902824901,46.36672665466906,18.461044520547947,27.90568213412111,30.99380123975204,30.233304794520553,0.7604964452314888,41.40771845630873,33.44392123287671,7.963797223432017
Pb,31,24,34,27,16.4,12.1,concordant,True,,36.20075984803038,23.406464427591185,12.794295420439195,46.36672665466906,6.0581437342000735,40.308582920468986,30.99380123975204,24.50794510653666,6.485856133215382,41.40771845630873,28.638497652582156,12.769220803726572
Pb,32,24,35,27,7.9,12.1,reversal,True,,38.73275056160963,23.406464427591185,15.326286134018442,56.254709149004455,6.0581437342000735,50.19656541480438,29.20326431232472,24.50794510653666,4.69531920578806,59.021334189119436,28.638497652582156,30.38283653653728
Pb,32,25,35,28,7.9,8.8,reversal,True,,38.73275056160963,37.5909067464411,1.141843815168528,56.254709149004455,7.117804827728492,49.13690432127596,29.20326431232472,16.904786465855167,12.298477846469552,59.021334189119436,27.35906230658139,31.662271882538047
Pb,32,28,35,31,7.9,7.4,concordant,True,,38.73275056160963,37.89830204984669,0.8344485117629361,56.254709149004455,22.875551687745304,33.379157461259155,29.20326431232472,7.169949036457482,22.03331527586724,59.021334189119436,17.754159518847096,41.26717467027234
Cr,1,14,4,17,9.5,8.84,concordant,True,,0.6470267844813883,0.0716293626901146,0.5753974217912736,0.3169286265360984,0.07008340522198264,0.24684522131411574,2.528437939644608,0.5591212843077291,1.969316655336879,49.02036675927116,1.8377524628086062,47.18261429646255
Cr,1,15,4,18,9.5,9.44,concordant,True,,0.6470267844813883,0.14349933129124998,0.5035274531901384,0.3169286265360984,0.006395597588432065,0.3105330289476663,2.528437939644608,0.05102370134888816,2.47741423829572,49.02036675927116,0.851269921959982,48.16909683731118
Cr,1,17,4,20,9.5,8.0,concordant,True,,0.6470267844813883,0.000929698207659724,0.6460970862737285,0.3169286265360984,0.000909632778717428,0.31601899375738096,2.528437939644608,0.0072569968007971265,2.5211809428438112,49.02036675927116,0.5169979483071018,48.50336881096406
Cr,1,18,4,21,9.5,9.7,reversal,True,,0.6470267844813883,0.0025913589699311664,0.6444354255114572,0.3169286265360984,0.0025354303590693424,0.31439319617702904,2.528437939644608,0.020227514261692912,2.508210425382915,49.02036675927116,1.5748163812823595,47.4455503779888
Cr,1,19,4,22,9.5,14.5,reversal,True,,0.6470267844813883,0.019720632480889375,0.6273061520004989,0.3169286265360984,0.01929500731943133,0.29763361921666703,2.528437939644608,0.1539344333939926,2.3745035062506155,49.02036675927116,19.089091442707414,29.93127531656375
Cr,1,20,4,23,9.5,7.7,concordant,True,,0.6470267844813883,0.06603875645573268,0.5809880280256556,0.3169286265360984,0.0646134595538104,0.25231516698228795,2.528437939644608,0.5154823795285608,2.0129555601160476,49.02036675927116,20.801180705228955,28.219186054042208
Cr,1,21,4,24,9.5,5.6,concordant,True,,0.6470267844813883,0.0009658702680018284,0.6460609142133864,0.3169286265360984,0.0367254306701115,0.28020319586598685,2.528437939644608,0.007539347055985493,2.5208985925886225,49.02036675927116,0.48086362810017724,48.53950313117099
Cr,1,27,4,30,9.5,3.5,concordant,True,,0.6470267844813883,0.07118540195196646,0.5758413825294219,0.3169286265360984,0.06964902637026933,0.24727960016582906,2.528437939644608,0.5556558353804576,1.9727821042641507,49.02036675927116,22.36819690490812,26.65216985436304
Cr,1,30,4,33,9.5,8.4,concordant,True,,0.6470267844813883,0.12743817182552566,0.5195886126558626,0.3169286265360984,0.12468770768540642,0.19224091885069194,2.528437939644608,0.9947511973431321,1.5336867423014762,49.02036675927116,48.177809115614565,0.8425576436565976
Cr,1,31,4,34,9.5,16.4,reversal,True,,0.6470267844813883,0.36948141140241675,0.27754537307897154,0.3169286265360984,0.03629539458789912,0.2806332319481993,2.528437939644608,0.28956252299904817,2.23887541664556,49.02036675927116,34.0477120607327,14.972654698538463
Cr,1,32,4,35,9.5,7.9,concordant,True,,0.6470267844813883,0.030238521617831974,0.6167882628635563,0.3169286265360984,0.029585891654857185,0.2873427348812412,2.528437939644608,2.317577993518433,0.2108599461261753,49.02036675927116,24.389749360360646,24.630617398910516
Cr,2,13,5,16,10.0,8.4,concordant,True,,0.5292612370362386,0.22063482244724938,0.3086264145889892,1.0342786515118707,0.21587291980450302,0.8184057317073676,4.131283756721718,3.447492751719786,0.683791005001932,87.44825998532866,36.423283269306154,51.02497671602251
Cr,2,14,5,17,10.0,8.84,concordant,True,,0.5292612370362386,0.0716293626901146,0.457631874346124,1.0342786515118707,0.07008340522198264,0.9641952462898881,4.131283756721718,0.5591212843077291,3.572162472413989,87.44825998532866,1.8377524628086062,85.61050752252005
Cr,2,15,5,18,10.0,9.44,concordant,True,,0.5292612370362386,0.14349933129124998,0.38576190574498864,1.0342786515118707,0.006395597588432065,1.0278830539234387,4.131283756721718,0.05102370134888816,4.08026005537283,87.44825998532866,0.851269921959982,86.59699006336868
Cr,2,17,5,20,10.0,8.0,concordant,True,,0.5292612370362386,0.000929698207659724,0.5283315388285789,1.0342786515118707,0.000909632778717428,1.0333690187331532,4.131283756721718,0.0072569968007971265,4.124026759920921,87.44825998532866,0.5169979483071018,86.93126203702155
Cr,2,18,5,21,10.0,9.7,concordant,True,,0.5292612370362386,0.0025913589699311664,0.5266698780663075,1.0342786515118707,0.0025354303590693424,1.0317432211528013,4.131283756721718,0.020227514261692912,4.111056242460025,87.44825998532866,1.5748163812823595,85.8734436040463
Cr,2,19,5,22,10.0,14.5,reversal,True,,0.5292612370362386,0.019720632480889375,0.5095406045553492,1.0342786515118707,0.01929500731943133,1.0149836441924394,4.131283756721718,0.1539344333939926,3.9773493233277253,87.44825998532866,19.089091442707414,68.35916854262125
Cr,2,20,5,23,10.0,7.7,concordant,True,,0.5292612370362386,0.06603875645573268,0.46322248058050597,1.0342786515118707,0.0646134595538104,0.9696651919580603,4.131283756721718,0.5154823795285608,3.615801377193157,87.44825998532866,20.801180705228955,66.6470792800997
Cr,2,21,5,24,10.0,5.6,concordant,True,,0.5292612370362386,0.0009658702680018284,0.5282953667682367,1.0342786515118707,0.0367254306701115,0.9975532208417592,4.131283756721718,0.007539347055985493,4.123744409665733,87.44825998532866,0.48086362810017724,86.96739635722848
Cr,2,27,5,30,10.0,3.5,concordant,True,,0.5292612370362386,0.07118540195196646,0.4580758350842722,1.0342786515118707,0.06964902637026933,0.9646296251416013,4.131283756721718,0.5556558353804576,3.5756279213412605,87.44825998532866,22.36819690490812,65.08006308042054
Cr,2,29,5,32,10.0,11.4,reversal,True,,0.5292612370362386,0.09543492136645773,0.4338263156697809,1.0342786515118707,0.09337517486214568,0.9409034766497251,4.131283756721718,0.7449416523928534,3.3863421043288646,87.44825998532866,76.34840592772709,11.099854057601576
Cr,2,30,5,33,10.0,8.4,concordant,True,,0.5292612370362386,0.12743817182552566,0.401823065210713,1.0342786515118707,0.12468770768540642,0.9095909438264643,4.131283756721718,0.9947511973431321,3.136532559378586,87.44825998532866,48.177809115614565,39.2704508697141
Cr,2,31,5,34,10.0,16.4,reversal,True,,0.5292612370362386,0.36948141140241675,0.15977982563382187,1.0342786515118707,0.03629539458789912,0.9979832569239716,4.131283756721718,0.28956252299904817,3.84172123372267,87.44825998532866,34.0477120607327,53.40054792459596
Cr,2,32,5,35,10.0,7.9,concordant,True,,0.5292612370362386,0.030238521617831974,0.49902271541840665,1.0342786515118707,0.029585891654857185,1.0046927598570135,4.131283756721718,2.317577993518433,1.8137057632032851,87.44825998532866,24.389749360360646,63.058510624968015
Cr,3,14,6,17,10.6,8.84,concordant,True,,0.3382770722874179,0.0716293626901146,0.2666477095973033,6.170171321304059,0.07008340522198264,6.100087916082076,2.6405080822435134,0.5591212843077291,2.0813867979357843,54.32760602416501,1.8377524628086062,52.4898535613564
Cr,3,15,6,18,10.6,9.44,concordant,True,,0.3382770722874179,0.14349933129124998,0.1947777409961679,6.170171321304059,0.006395597588432065,6.163775723715626,2.6405080822435134,0.05102370134888816,2.5894843808946253,54.32760602416501,0.851269921959982,53.476336102205025
Cr,3,17,6,20,10.6,8.0,concordant,True,,0.3382770722874179,0.000929698207659724,0.3373473740797582,6.170171321304059,0.000909632778717428,6.169261688525341,2.6405080822435134,0.0072569968007971265,2.6332510854427165,54.32760602416501,0.5169979483071018,53.81060807585791
Cr,3,18,6,21,10.6,9.7,concordant,True,,0.3382770722874179,0.0025913589699311664,0.3356857133174867,6.170171321304059,0.0025354303590693424,6.1676358909449895,2.6405080822435134,0.020227514261692912,2.6202805679818204,54.32760602416501,1.5748163812823595,52.75278964288265
Cr,3,19,6,22,10.6,14.5,reversal,True,,0.3382770722874179,0.019720632480889375,0.3185564398065285,6.170171321304059,0.01929500731943133,6.150876313984628,2.6405080822435134,0.1539344333939926,2.4865736488495207,54.32760602416501,19.089091442707414,35.23851458145759
Cr,3,20,6,23,10.6,7.7,concordant,True,,0.3382770722874179,0.06603875645573268,0.27223831583168523,6.170171321304059,0.0646134595538104,6.105557861750248,2.6405080822435134,0.5154823795285608,2.125025702714953,54.32760602416501,20.801180705228955,33.52642531893605
Cr,3,21,6,24,10.6,5.6,concordant,True,,0.3382770722874179,0.0009658702680018284,0.33731120201941606,6.170171321304059,0.0367254306701115,6.133445890633947,2.6405080822435134,0.007539347055985493,2.6329687351875277,54.32760602416501,0.48086362810017724,53.84674239606483
Cr,3,22,6,25,10.6,7.8,concordant,True,,0.3382770722874179,0.02246453901512422,0.31581253327229364,6.170171321304059,3.982423657382709,2.18774766392135,2.6405080822435134,0.43182907128246234,2.2086790109610512,54.32760602416501,8.9796456322792,45.347960391885806
Cr,3,27,6,30,10.6,3.5,concordant,True,,0.3382770722874179,0.07118540195196646,0.26709167033545145,6.170171321304059,0.06964902637026933,6.100522294933789,2.6405080822435134,0.5556558353804576,2.084852246863056,54.32760602416501,22.36819690490812,31.959409119256886
Cr,3,30,6,33,10.6,8.4,concordant,True,,0.3382770722874179,0.12743817182552566,0.21083890046189221,6.170171321304059,0.12468770768540642,6.045483613618653,2.6405080822435134,0.9947511973431321,1.6457568849003814,54.32760602416501,48.177809115614565,6.149796908550442
Cr,3,32,6,35,10.6,7.9,concordant,True,,0.3382770722874179,0.030238521617831974,0.3080385506695859,6.170171321304059,0.029585891654857185,6.140585429649201,2.6405080822435134,2.317577993518433,0.32293008872508056,54.32760602416501,24.389749360360646,29.93785666380436
Cr,4,14,7,17,7.8,8.84,reversal,True,,1.286503386060125,0.0716293626901146,1.2148740233700104,11.063929120117075,0.07008340522198264,10.993845714895093,2.0417132421026114,0.5591212843077291,1.4825919577948823,28.843405915468008,1.8377524628086062,27.005653452659402
Cr,4,15,7,18,7.8,9.44,reversal,True,,1.286503386060125,0.14349933129124998,1.143004054768875,11.063929120117075,0.006395597588432065,11.057533522528644,2.0417132421026114,0.05102370134888816,1.9906895407537233,28.843405915468008,0.851269921959982,27.992135993508025
Cr,4,17,7,20,7.8,8.0,reversal,True,,1.286503386060125,0.000929698207659724,1.2855736878524653,11.063929120117075,0.000909632778717428,11.063019487338359,2.0417132421026114,0.0072569968007971265,2.0344562453018145,28.843405915468008,0.5169979483071018,28.326407967160907
Cr,4,18,7,21,7.8,9.7,reversal,True,,1.286503386060125,0.0025913589699311664,1.2839120270901938,11.063929120117075,0.0025354303590693424,11.061393689758006,2.0417132421026114,0.020227514261692912,2.0214857278409184,28.843405915468008,1.5748163812823595,27.268589534185647
Cr,4,19,7,22,7.8,14.5,reversal,True,,1.286503386060125,0.019720632480889375,1.2667827535792355,11.063929120117075,0.01929500731943133,11.044634112797644,2.0417132421026114,0.1539344333939926,1.8877788087086187,28.843405915468008,19.089091442707414,9.754314472760594
Cr,4,20,7,23,7.8,7.7,concordant,True,,1.286503386060125,0.06603875645573268,1.2204646296043922,11.063929120117075,0.0646134595538104,10.999315660563266,2.0417132421026114,0.5154823795285608,1.5262308625740506,28.843405915468008,20.801180705228955,8.042225210239053
Cr,4,21,7,24,7.8,5.6,concordant,True,,1.286503386060125,0.0009658702680018284,1.2855375157921232,11.063929120117075,0.0367254306701115,11.027203689446964,2.0417132421026114,0.007539347055985493,2.0341738950466257,28.843405915468008,0.48086362810017724,28.36254228736783
Cr,4,22,7,25,7.8,7.8,magnetic_tie,True,,1.286503386060125,0.02246453901512422,1.2640388470450008,11.063929120117075,3.982423657382709,7.081505462734366,2.0417132421026114,0.43182907128246234,1.609884170820149,28.843405915468008,8.9796456322792,19.86376028318881
Cr,4,27,7,30,7.8,3.5,concordant,True,,1.286503386060125,0.07118540195196646,1.2153179841081585,11.063929120117075,0.06964902637026933,10.994280093746806,2.0417132421026114,0.5556558353804576,1.486057406722154,28.843405915468008,22.36819690490812,6.475209010559887
Cr,5,4,8,7,10.5,7.8,concordant,True,,6.140857276393535,1.286503386060125,4.85435389033341,12.163621143625653,11.063929120117075,1.0996920235085774,8.85700568710606,2.0417132421026114,6.815292445003449,40.948889626720344,28.843405915468008,12.105483711252337
Cr,5,12,8,15,10.5,34.0,reversal,True,,6.140857276393535,0.23728462715608675,5.903572649237448,12.163621143625653,0.2321633762102719,11.931457767415381,8.85700568710606,6.8866065755680435,1.9703991115380166,40.948889626720344,26.383605847709042,14.565283779011303
Cr,5,13,8,16,10.5,8.4,concordant,True,,6.140857276393535,0.22063482244724938,5.920222453946286,12.163621143625653,0.21587291980450302,11.947748223821149,8.85700568710606,3.447492751719786,5.4095129353862745,40.948889626720344,36.423283269306154,4.5256063574141905
Cr,5,14,8,17,10.5,8.84,concordant,True,,6.140857276393535,0.0716293626901146,6.06922791370342,12.163621143625653,0.07008340522198264,12.09353773840367,8.85700568710606,0.5591212843077291,8.297884402798331,40.948889626720344,1.8377524628086062,39.111137163911735
Cr,5,15,8,18,10.5,9.44,concordant,True,,6.140857276393535,0.14349933129124998,5.997357945102285,12.163621143625653,0.006395597588432065,12.157225546037221,8.85700568710606,0.05102370134888816,8.805981985757171,40.948889626720344,0.851269921959982,40.09761970476036
Cr,5,16,8,19,10.5,10.8,reversal,True,,6.140857276393535,2.0804871696223572,4.0603701067711775,12.163621143625653,0.036499056381515106,12.127122087244137,8.85700568710606,0.2911873248084109,8.56581836229765,40.948889626720344,4.694099176460442,36.254790450259904
Cr,5,17,8,20,10.5,8.0,concordant,True,,6.140857276393535,0.000929698207659724,6.139927578185875,12.163621143625653,0.000909632778717428,12.162711510846936,8.85700568710606,0.0072569968007971265,8.849748690305264,40.948889626720344,0.5169979483071018,40.431891678413244
Cr,5,18,8,21,10.5,9.7,concordant,True,,6.140857276393535,0.0025913589699311664,6.138265917423604,12.163621143625653,0.0025354303590693424,12.161085713266583,8.85700568710606,0.020227514261692912,8.836778172844367,40.948889626720344,1.5748163812823595,39.374073245437984
Cr,5,19,8,22,10.5,14.5,reversal,True,,6.140857276393535,0.019720632480889375,6.121136643912646,12.163621143625653,0.01929500731943133,12.144326136306221,8.85700568710606,0.1539344333939926,8.703071253712068,40.948889626720344,19.089091442707414,21.85979818401293
Cr,5,20,8,23,10.5,7.7,concordant,True,,6.140857276393535,0.06603875645573268,6.074818519937803,12.163621143625653,0.0646134595538104,12.099007684071843,8.85700568710606,0.5154823795285608,8.3415233075775,40.948889626720344,20.801180705228955,20.14770892149139
Cr,5,21,8,24,10.5,5.6,concordant,True,,6.140857276393535,0.0009658702680018284,6.139891406125534,12.163621143625653,0.0367254306701115,12.126895712955541,8.85700568710606,0.007539347055985493,8.849466340050075,40.948889626720344,0.48086362810017724,40.46802599862017
Cr,5,22,8,25,10.5,7.8,concordant,True,,6.140857276393535,0.02246453901512422,6.118392737378411,12.163621143625653,3.982423657382709,8.181197486242944,8.85700568710606,0.43182907128246234,8.425176615823597,40.948889626720344,8.9796456322792,31.969243994441143
Cr,5,23,8,26,10.5,8.9,concordant,True,,6.140857276393535,0.029537323048111092,6.111319953345424,12.163621143625653,7.494529165878361,4.669091977747292,8.85700568710606,5.880322883996869,2.976682803109191,40.948889626720344,12.815644873651998,28.133244753068347
Cr,5,24,8,27,10.5,12.1,reversal,True,,6.140857276393535,0.015540616874933032,6.125316659518602,12.163621143625653,1.1882811740098382,10.975339969615815,8.85700568710606,3.238066199176809,5.618939487929251,40.948889626720344,17.497440287294868,23.451449339425476
Cr,5,27,8,30,10.5,3.5,concordant,True,,6.140857276393535,0.07118540195196646,6.0696718744415685,12.163621143625653,0.06964902637026933,12.093972117255383,8.85700568710606,0.5556558353804576,8.301349851725602,40.948889626720344,22.36819690490812,18.580692721812223
Cr,5,31,8,34,10.5,16.4,reversal,True,,6.140857276393535,0.36948141140241675,5.771375864991119,12.163621143625653,0.03629539458789912,12.127325749037754,8.85700568710606,0.28956252299904817,8.567443164107011,40.948889626720344,34.0477120607327,6.901177565987645
Cr,5,32,8,35,10.5,7.9,concordant,True,,6.140857276393535,0.030238521617831974,6.110618754775703,12.163621143625653,0.029585891654857185,12.134035251970795,8.85700568710606,2.317577993518433,6.539427693587627,40.948889626720344,24.389749360360646,16.559140266359698
Cr,6,1,9,4,9.7,9.5,concordant,True,,14.546684893160604,0.6470267844813883,13.899658108679215,25.736442503284138,0.3169286265360984,25.41951387674804,15.345953293883714,2.528437939644608,12.817515354239106,50.417850717613774,49.02036675927116,1.3974839583426117
Cr,6,4,9,7,9.7,7.8,concordant,True,,14.546684893160604,1.286503386060125,13.26018150710048,25.736442503284138,11.063929120117075,14.672513383167063,15.345953293883714,2.0417132421026114,13.304240051781102,50.417850717613774,28.843405915468008,21.574444802145766
Cr,6,5,9,8,9.7,10.5,reversal,True,,14.546684893160604,6.140857276393535,8.40582761676707,25.736442503284138,12.163621143625653,13.572821359658485,15.345953293883714,8.85700568710606,6.4889476067776535,50.417850717613774,40.948889626720344,9.46896109089343
Cr,6,11,9,14,9.7,10.1,reversal,True,,14.546684893160604,8.546302264525751,6.000382628634853,25.736442503284138,0.2087676054606754,25.527674897823463,15.345953293883714,9.164107247503516,6.181846046380198,50.417850717613774,44.996796260213884,5.42105445739989
Cr,6,12,9,15,9.7,34.0,reversal,True,,14.546684893160604,0.23728462715608675,14.309400266004518,25.736442503284138,0.2321633762102719,25.504279127073865,15.345953293883714,6.8866065755680435,8.45934671831567,50.417850717613774,26.383605847709042,24.034244869904732
Cr,6,13,9,16,9.7,8.4,concordant,True,,14.546684893160604,0.22063482244724938,14.326050070713356,25.736442503284138,0.21587291980450302,25.520569583479634,15.345953293883714,3.447492751719786,11.898460542163928,50.417850717613774,36.423283269306154,13.99456744830762
Cr,6,14,9,17,9.7,8.84,concordant,True,,14.546684893160604,0.0716293626901146,14.47505553047049,25.736442503284138,0.07008340522198264,25.666359098062156,15.345953293883714,0.5591212843077291,14.786832009575985,50.417850717613774,1.8377524628086062,48.580098254805165
Cr,6,15,9,18,9.7,9.44,concordant,True,,14.546684893160604,0.14349933129124998,14.403185561869353,25.736442503284138,0.006395597588432065,25.730046905695705,15.345953293883714,0.05102370134888816,15.294929592534825,50.417850717613774,0.851269921959982,49.56658079565379
Cr,6,16,9,19,9.7,10.8,reversal,True,,14.546684893160604,2.0804871696223572,12.466197723538247,25.736442503284138,0.036499056381515106,25.699943446902623,15.345953293883714,0.2911873248084109,15.054765969075303,50.417850717613774,4.694099176460442,45.723751541153334
Cr,6,17,9,20,9.7,8.0,concordant,True,,14.546684893160604,0.000929698207659724,14.545755194952944,25.736442503284138,0.000909632778717428,25.73553287050542,15.345953293883714,0.0072569968007971265,15.338696297082917,50.417850717613774,0.5169979483071018,49.900852769306674
Cr,6,18,9,21,9.7,9.7,magnetic_tie,True,,14.546684893160604,0.0025913589699311664,14.544093534190672,25.736442503284138,0.0025354303590693424,25.733907072925067,15.345953293883714,0.020227514261692912,15.32572577962202,50.417850717613774,1.5748163812823595,48.843034336331414
Cr,6,19,9,22,9.7,14.5,reversal,True,,14.546684893160604,0.019720632480889375,14.526964260679716,25.736442503284138,0.01929500731943133,25.717147495964706,15.345953293883714,0.1539344333939926,15.192018860489721,50.417850717613774,19.089091442707414,31.32875927490636
Cr,6,20,9,23,9.7,7.7,concordant,True,,14.546684893160604,0.06603875645573268,14.480646136704872,25.736442503284138,0.0646134595538104,25.671829043730327,15.345953293883714,0.5154823795285608,14.830470914355153,50.417850717613774,20.801180705228955,29.61667001238482
Cr,6,21,9,24,9.7,5.6,concordant,True,,14.546684893160604,0.0009658702680018284,14.545719022892602,25.736442503284138,0.0367254306701115,25.69971707261403,15.345953293883714,0.007539347055985493,15.338413946827728,50.417850717613774,0.48086362810017724,49.9369870895136
Cr,6,22,9,25,9.7,7.8,concordant,True,,14.546684893160604,0.02246453901512422,14.52422035414548,25.736442503284138,3.982423657382709,21.754018845901427,15.345953293883714,0.43182907128246234,14.91412422260125,50.417850717613774,8.9796456322792,41.43820508533457
Cr,6,23,9,26,9.7,8.9,concordant,True,,14.546684893160604,0.029537323048111092,14.517147570112494,25.736442503284138,7.494529165878361,18.241913337405776,15.345953293883714,5.880322883996869,9.465630409886845,50.417850717613774,12.815644873651998,37.60220584396178
Cr,6,24,9,27,9.7,12.1,reversal,True,,14.546684893160604,0.015540616874933032,14.531144276285671,25.736442503284138,1.1882811740098382,24.5481613292743,15.345953293883714,3.238066199176809,12.107887094706903,50.417850717613774,17.497440287294868,32.92041043031891
Cr,6,25,9,28,9.7,8.8,concordant,True,,14.546684893160604,0.0357738575423712,14.510911035618232,25.736442503284138,0.03500175989757182,25.701440743386566,15.345953293883714,13.84268398172785,1.5032693121558633,50.417850717613774,20.90189010167809,29.515960615935683
Cr,6,27,9,30,9.7,3.5,concordant,True,,14.546684893160604,0.07118540195196646,14.475499491208637,25.736442503284138,0.06964902637026933,25.66679347691387,15.345953293883714,0.5556558353804576,14.790297458503256,50.417850717613774,22.36819690490812,28.049653812705653
Cr,6,30,9,33,9.7,8.4,concordant,True,,14.546684893160604,0.12743817182552566,14.419246721335078,25.736442503284138,0.12468770768540642,25.61175479559873,15.345953293883714,0.9947511973431321,14.35120209654058,50.417850717613774,48.177809115614565,2.2400416019992093
Cr,6,31,9,34,9.7,16.4,reversal,True,,14.546684893160604,0.36948141140241675,14.177203481758188,25.736442503284138,0.03629539458789912,25.70014710869624,15.345953293883714,0.28956252299904817,15.056390770884665,50.417850717613774,34.0477120607327,16.370138656881075
Cr,6,32,9,35,9.7,7.9,concordant,True,,14.546684893160604,0.030238521617831974,14.516446371542772,25.736442503284138,0.029585891654857185,25.70685661162928,15.345953293883714,2.317577993518433,13.02837530036528,50.417850717613774,24.389749360360646,26.028101357253128
Cr,7,3,10,6,8.7,10.6,reversal,True,,0.4061619480695,0.3382770722874179,0.06788487578208213,15.945149673284206,6.170171321304059,9.774978351980147,34.282071797561045,2.6405080822435134,31.64156371531753,76.68620420995124,54.32760602416501,22.358598185786235
Cr,7,9,10,12,8.7,8.7,magnetic_tie,True,,0.4061619480695,0.3065085978993245,0.09965335017017551,15.945149673284206,0.2998933044194829,15.645256368864723,34.282071797561045,30.99448085421594,3.287590943345105,76.68620420995124,65.60749211883913,11.07871209111211
Cr,7,12,10,15,8.7,34.0,reversal,True,,0.4061619480695,0.23728462715608675,0.16887732091341326,15.945149673284206,0.2321633762102719,15.712986297073934,34.282071797561045,6.8866065755680435,27.395465221993,76.68620420995124,26.383605847709042,50.3025983622422
Cr,7,13,10,16,8.7,8.4,concordant,True,,0.4061619480695,0.22063482244724938,0.18552712562225063,15.945149673284206,0.21587291980450302,15.729276753479702,34.282071797561045,3.447492751719786,30.83457904584126,76.68620420995124,36.423283269306154,40.26292094064509
Cr,7,14,10,17,8.7,8.84,reversal,True,,0.4061619480695,0.0716293626901146,0.3345325853793854,15.945149673284206,0.07008340522198264,15.875066268062223,34.282071797561045,0.5591212843077291,33.722950513253316,76.68620420995124,1.8377524628086062,74.84845174714263
Cr,7,15,10,18,8.7,9.44,reversal,True,,0.4061619480695,0.14349933129124998,0.26266261677825004,15.945149673284206,0.006395597588432065,15.938754075695774,34.282071797561045,0.05102370134888816,34.231048096212156,76.68620420995124,0.851269921959982,75.83493428799126
Cr,7,17,10,20,8.7,8.0,concordant,True,,0.4061619480695,0.000929698207659724,0.4052322498618403,15.945149673284206,0.000909632778717428,15.94424004050549,34.282071797561045,0.0072569968007971265,34.27481480076025,76.68620420995124,0.5169979483071018,76.16920626164413
Cr,7,18,10,21,8.7,9.7,reversal,True,,0.4061619480695,0.0025913589699311664,0.40357058909956883,15.945149673284206,0.0025354303590693424,15.942614242925137,34.282071797561045,0.020227514261692912,34.261844283299354,76.68620420995124,1.5748163812823595,75.11138782866888
Cr,7,19,10,22,8.7,14.5,reversal,True,,0.4061619480695,0.019720632480889375,0.3864413155886106,15.945149673284206,0.01929500731943133,15.925854665964774,34.282071797561045,0.1539344333939926,34.12813736416705,76.68620420995124,19.089091442707414,57.59711276724383
Cr,7,20,10,23,8.7,7.7,concordant,True,,0.4061619480695,0.06603875645573268,0.34012319161376736,15.945149673284206,0.0646134595538104,15.880536213730396,34.282071797561045,0.5154823795285608,33.76658941803248,76.68620420995124,20.801180705228955,55.885023504722284
Cr,7,21,10,24,8.7,5.6,concordant,True,,0.4061619480695,0.0009658702680018284,0.4051960778014982,15.945149673284206,0.0367254306701115,15.908424242614094,34.282071797561045,0.007539347055985493,34.274532450505056,76.68620420995124,0.48086362810017724,76.20534058185106
Cr,7,22,10,25,8.7,7.8,concordant,True,,0.4061619480695,0.02246453901512422,0.38369740905437577,15.945149673284206,3.982423657382709,11.962726015901497,34.282071797561045,0.43182907128246234,33.85024272627858,76.68620420995124,8.9796456322792,67.70655857767204
Cr,7,23,10,26,8.7,8.9,reversal,True,,0.4061619480695,0.029537323048111092,0.37662462502138894,15.945149673284206,7.494529165878361,8.450620507405844,34.282071797561045,5.880322883996869,28.401748913564177,76.68620420995124,12.815644873651998,63.870559336299245
Cr,7,24,10,27,8.7,12.1,reversal,True,,0.4061619480695,0.015540616874933032,0.390621331194567,15.945149673284206,1.1882811740098382,14.756868499274368,34.282071797561045,3.238066199176809,31.044005598384235,76.68620420995124,17.497440287294868,59.18876392265638
Cr,7,25,10,28,8.7,8.8,reversal,True,,0.4061619480695,0.0357738575423712,0.3703880905271288,15.945149673284206,0.03500175989757182,15.910147913386634,34.282071797561045,13.84268398172785,20.439387815833193,76.68620420995124,20.90189010167809,55.78431410827315
Cr,7,26,10,29,8.7,11.53,reversal,True,,0.4061619480695,0.04288858085616833,0.3632733672133317,15.945149673284206,0.041962928031934486,15.903186745252272,34.282071797561045,16.63616883392751,17.645902963633535,76.68620420995124,44.29892149349516,32.387282716456085
Cr,7,27,10,30,8.7,3.5,concordant,True,,0.4061619480695,0.07118540195196646,0.3349765461175336,15.945149673284206,0.06964902637026933,15.875500646913936,34.282071797561045,0.5556558353804576,33.72641596218059,76.68620420995124,22.36819690490812,54.318007305043125
Cr,7,29,10,32,8.7,11.4,reversal,True,,0.4061619480695,0.09543492136645773,0.3107270267030423,15.945149673284206,0.09337517486214568,15.85177449842206,34.282071797561045,0.7449416523928534,33.53713014516819,76.68620420995124,76.34840592772709,0.3377982822241563
Cr,7,30,10,33,8.7,8.4,concordant,True,,0.4061619480695,0.12743817182552566,0.2787237762439744,15.945149673284206,0.12468770768540642,15.820461965598799,34.282071797561045,0.9947511973431321,33.28732060021791,76.68620420995124,48.177809115614565,28.508395094336677
Cr,7,31,10,34,8.7,16.4,reversal,True,,0.4061619480695,0.36948141140241675,0.03668053666708326,15.945149673284206,0.03629539458789912,15.908854278696307,34.282071797561045,0.28956252299904817,33.992509274561996,76.68620420995124,34.0477120607327,42.63849214921854
Cr,7,32,10,35,8.7,7.9,concordant,True,,0.4061619480695,0.030238521617831974,0.37592342645166804,15.945149673284206,0.029585891654857185,15.915563781629348,34.282071797561045,2.317577993518433,31.96449380404261,76.68620420995124,24.389749360360646,52.296454849590596
Cr,8,9,11,12,20.0,8.7,concordant,True,,0.45803716012868256,0.3065085978993245,0.15152856222935807,3.148751450361435,0.2998933044194829,2.848858145941952,33.28680104667803,30.99448085421594,2.292320192462089,105.97797738645056,65.60749211883913,40.37048526761143
Cr,8,12,11,15,20.0,34.0,reversal,True,,0.45803716012868256,0.23728462715608675,0.2207525329725958,3.148751450361435,0.2321633762102719,2.9165880741511634,33.28680104667803,6.8866065755680435,26.400194471109984,105.97797738645056,26.383605847709042,79.59437153874151
Cr,8,13,11,16,20.0,8.4,concordant,True,,0.45803716012868256,0.22063482244724938,0.23740233768143318,3.148751450361435,0.21587291980450302,2.9328785305569323,33.28680104667803,3.447492751719786,29.839308294958244,105.97797738645056,36.423283269306154,69.55469411714441
Cr,8,14,11,17,20.0,8.84,concordant,True,,0.45803716012868256,0.0716293626901146,0.38640779743856796,3.148751450361435,0.07008340522198264,3.0786680451394526,33.28680104667803,0.5591212843077291,32.7276797623703,105.97797738645056,1.8377524628086062,104.14022492364195
Cr,8,15,11,18,20.0,9.44,concordant,True,,0.45803716012868256,0.14349933129124998,0.3145378288374326,3.148751450361435,0.006395597588432065,3.142355852773003,33.28680104667803,0.05102370134888816,33.23577734532914,105.97797738645056,0.851269921959982,105.12670746449058
Cr,8,17,11,20,20.0,8.0,concordant,True,,0.45803716012868256,0.000929698207659724,0.45710746192102286,3.148751450361435,0.000909632778717428,3.1478418175827176,33.28680104667803,0.0072569968007971265,33.27954404987723,105.97797738645056,0.5169979483071018,105.46097943814345
Cr,8,18,11,21,20.0,9.7,concordant,True,,0.45803716012868256,0.0025913589699311664,0.4554458011587514,3.148751450361435,0.0025354303590693424,3.146216020002366,33.28680104667803,0.020227514261692912,33.26657353241634,105.97797738645056,1.5748163812823595,104.4031610051682
Cr,8,19,11,22,20.0,14.5,concordant,True,,0.45803716012868256,0.019720632480889375,0.43831652764779316,3.148751450361435,0.01929500731943133,3.1294564430420038,33.28680104667803,0.1539344333939926,33.13286661328404,105.97797738645056,19.089091442707414,86.88888594374315
Cr,8,20,11,23,20.0,7.7,concordant,True,,0.45803716012868256,0.06603875645573268,0.3919984036729499,3.148751450361435,0.0646134595538104,3.0841379908076245,33.28680104667803,0.5154823795285608,32.771318667149465,105.97797738645056,20.801180705228955,85.1767966812216
Cr,8,21,11,24,20.0,5.6,concordant,True,,0.45803716012868256,0.0009658702680018284,0.45707128986068074,3.148751450361435,0.0367254306701115,3.1120260196913234,33.28680104667803,0.007539347055985493,33.27926169962204,105.97797738645056,0.48086362810017724,105.49711375835038
Cr,8,24,11,27,20.0,12.1,concordant,True,,0.45803716012868256,0.015540616874933032,0.44249654325374954,3.148751450361435,1.1882811740098382,1.9604702763515969,33.28680104667803,3.238066199176809,30.04873484750122,105.97797738645056,17.497440287294868,88.4805370991557
Cr,8,25,11,28,20.0,8.8,concordant,True,,0.45803716012868256,0.0357738575423712,0.42226330258631134,3.148751450361435,0.03500175989757182,3.1137496904638633,33.28680104667803,13.84268398172785,19.444117064950177,105.97797738645056,20.90189010167809,85.07608728477247
Cr,8,26,11,29,20.0,11.53,concordant,True,,0.45803716012868256,0.04288858085616833,0.41514857927251425,3.148751450361435,0.041962928031934486,3.1067885223295004,33.28680104667803,16.63616883392751,16.65063221275052,105.97797738645056,44.29892149349516,61.679055892955404
Cr,8,27,11,30,20.0,3.5,concordant,True,,0.45803716012868256,0.07118540195196646,0.38685175817671613,3.148751450361435,0.06964902637026933,3.079102423991166,33.28680104667803,0.5556558353804576,32.73114521129757,105.97797738645056,22.36819690490812,83.60978048154244
Cr,8,29,11,32,20.0,11.4,concordant,True,,0.45803716012868256,0.09543492136645773,0.36260223876222486,3.148751450361435,0.09337517486214568,3.0553762754992895,33.28680104667803,0.7449416523928534,32.541859394285176,105.97797738645056,76.34840592772709,29.629571458723476
Cr,8,30,11,33,20.0,8.4,concordant,True,,0.45803716012868256,0.12743817182552566,0.3305989883031569,3.148751450361435,0.12468770768540642,3.0240637426760286,33.28680104667803,0.9947511973431321,32.292049849334894,105.97797738645056,48.177809115614565,57.800168270836
Cr,8,31,11,34,20.0,16.4,concordant,True,,0.45803716012868256,0.36948141140241675,0.08855574872626581,3.148751450361435,0.03629539458789912,3.112456055773536,33.28680104667803,0.28956252299904817,32.99723852367898,105.97797738645056,34.0477120607327,71.93026532571787
Cr,8,32,11,35,20.0,7.9,concordant,True,,0.45803716012868256,0.030238521617831974,0.4277986385108506,3.148751450361435,0.029585891654857185,3.119165558706578,33.28680104667803,2.317577993518433,30.969223053159595,105.97797738645056,24.389749360360646,81.58822802608992
Cr,9,12,12,15,8.7,34.0,reversal,True,,0.3065085978993245,0.23728462715608675,0.06922397074323774,0.2998933044194829,0.2321633762102719,0.06772992820921103,30.99448085421594,6.8866065755680435,24.1078742786479,65.60749211883913,26.383605847709042,39.22388627113009
Cr,9,13,12,16,8.7,8.4,concordant,True,,0.3065085978993245,0.22063482244724938,0.08587377545207511,0.2998933044194829,0.21587291980450302,0.0840203846149799,30.99448085421594,3.447492751719786,27.546988102496154,65.60749211883913,36.423283269306154,29.18420884953298
Cr,9,14,12,17,8.7,8.84,reversal,True,,0.3065085978993245,0.0716293626901146,0.2348792352092099,0.2998933044194829,0.07008340522198264,0.22980989919750028,30.99448085421594,0.5591212843077291,30.43535956990821,65.60749211883913,1.8377524628086062,63.769739656030524
Cr,9,15,12,18,8.7,9.44,reversal,True,,0.3065085978993245,0.14349933129124998,0.16300926660807452,0.2998933044194829,0.006395597588432065,0.29349770683105086,30.99448085421594,0.05102370134888816,30.94345715286705,65.60749211883913,0.851269921959982,64.75622219687915
Cr,9,17,12,20,8.7,8.0,concordant,True,,0.3065085978993245,0.000929698207659724,0.3055788996916648,0.2998933044194829,0.000909632778717428,0.2989836716407655,30.99448085421594,0.0072569968007971265,30.98722385741514,65.60749211883913,0.5169979483071018,65.09049417053203
Cr,9,18,12,21,8.7,9.7,reversal,True,,0.3065085978993245,0.0025913589699311664,0.3039172389293933,0.2998933044194829,0.0025354303590693424,0.2973578740604136,30.99448085421594,0.020227514261692912,30.97425333995425,65.60749211883913,1.5748163812823595,64.03267573755677
Cr,9,19,12,22,8.7,14.5,reversal,True,,0.3065085978993245,0.019720632480889375,0.2867879654184351,0.2998933044194829,0.01929500731943133,0.2805982971000516,30.99448085421594,0.1539344333939926,30.840546420821948,65.60749211883913,19.089091442707414,46.51840067613172
Cr,9,20,12,23,8.7,7.7,concordant,True,,0.3065085978993245,0.06603875645573268,0.24046984144359182,0.2998933044194829,0.0646134595538104,0.23527984486567252,30.99448085421594,0.5154823795285608,30.47899847468738,65.60749211883913,20.801180705228955,44.806311413610175
Cr,9,21,12,24,8.7,5.6,concordant,True,,0.3065085978993245,0.0009658702680018284,0.3055427276313227,0.2998933044194829,0.0367254306701115,0.26316787374937145,30.99448085421594,0.007539347055985493,30.986941507159955,65.60749211883913,0.48086362810017724,65.12662849073895
Cr,9,25,12,28,8.7,8.8,reversal,True,,0.3065085978993245,0.0357738575423712,0.2707347403569533,0.2998933044194829,0.03500175989757182,0.2648915445219111,30.99448085421594,13.84268398172785,17.15179687248809,65.60749211883913,20.90189010167809,44.70560201716104
Cr,9,26,12,29,8.7,11.53,reversal,True,,0.3065085978993245,0.04288858085616833,0.2636200170431562,0.2998933044194829,0.041962928031934486,0.25793037638754845,30.99448085421594,16.63616883392751,14.35831202028843,65.60749211883913,44.29892149349516,21.308570625343975
Cr,9,27,12,30,8.7,3.5,concordant,True,,0.3065085978993245,0.07118540195196646,0.23532319594735804,0.2998933044194829,0.06964902637026933,0.2302442780492136,30.99448085421594,0.5556558353804576,30.438825018835484,65.60749211883913,22.36819690490812,43.239295213931015
Cr,9,30,12,33,8.7,8.4,concordant,True,,0.3065085978993245,0.12743817182552566,0.17907042607379883,0.2998933044194829,0.12468770768540642,0.17520559673407649,30.99448085421594,0.9947511973431321,29.99972965687281,65.60749211883913,48.177809115614565,17.429683003224568
Cr,9,32,12,35,8.7,7.9,concordant,True,,0.3065085978993245,0.030238521617831974,0.2762700762814925,0.2998933044194829,0.029585891654857185,0.2703074127646257,30.99448085421594,2.317577993518433,28.676902860697506,65.60749211883913,24.389749360360646,41.21774275847849
Cr,10,12,13,15,9.55,34.0,reversal,True,,8.95147423798354,0.23728462715608675,8.714189610827454,0.28346028074334023,0.2321633762102719,0.051296904533068344,7.849754331770185,6.8866065755680435,0.9631477562021411,51.54672011195753,26.383605847709042,25.163114264248485
Cr,10,13,13,16,9.55,8.4,concordant,True,,8.95147423798354,0.22063482244724938,8.730839415536291,0.28346028074334023,0.21587291980450302,0.06758736093883722,7.849754331770185,3.447492751719786,4.402261580050398,51.54672011195753,36.423283269306154,15.123436842651373
Cr,10,14,13,17,9.55,8.84,concordant,True,,8.95147423798354,0.0716293626901146,8.879844875293426,0.28346028074334023,0.07008340522198264,0.2133768755213576,7.849754331770185,0.5591212843077291,7.290633047462455,51.54672011195753,1.8377524628086062,49.70896764914892
Cr,10,15,13,18,9.55,9.44,concordant,True,,8.95147423798354,0.14349933129124998,8.807974906692289,0.28346028074334023,0.006395597588432065,0.2770646831549082,7.849754331770185,0.05102370134888816,7.798730630421296,51.54672011195753,0.851269921959982,50.695450189997544
Cr,10,16,13,19,9.55,10.8,reversal,True,,8.95147423798354,2.0804871696223572,6.870987068361183,0.28346028074334023,0.036499056381515106,0.24696122436182513,7.849754331770185,0.2911873248084109,7.558567006961773,51.54672011195753,4.694099176460442,46.852620935497086
Cr,10,17,13,20,9.55,8.0,concordant,True,,8.95147423798354,0.000929698207659724,8.95054453977588,0.28346028074334023,0.000909632778717428,0.2825506479646228,7.849754331770185,0.0072569968007971265,7.842497334969387,51.54672011195753,0.5169979483071018,51.029722163650426
Cr,10,18,13,21,9.55,9.7,reversal,True,,8.95147423798354,0.0025913589699311664,8.948882879013608,0.28346028074334023,0.0025354303590693424,0.2809248503842709,7.849754331770185,0.020227514261692912,7.8295268175084916,51.54672011195753,1.5748163812823595,49.971903730675166
Cr,10,19,13,22,9.55,14.5,reversal,True,,8.95147423798354,0.019720632480889375,8.931753605502651,0.28346028074334023,0.01929500731943133,0.2641652734239089,7.849754331770185,0.1539344333939926,7.695819898376192,51.54672011195753,19.089091442707414,32.45762866925011
Cr,10,20,13,23,9.55,7.7,concordant,True,,8.95147423798354,0.06603875645573268,8.885435481527807,0.28346028074334023,0.0646134595538104,0.21884682118952983,7.849754331770185,0.5154823795285608,7.3342719522416235,51.54672011195753,20.801180705228955,30.74553940672857
Cr,10,21,13,24,9.55,5.6,concordant,True,,8.95147423798354,0.0009658702680018284,8.950508367715537,0.28346028074334023,0.0367254306701115,0.24673485007322873,7.849754331770185,0.007539347055985493,7.842214984714199,51.54672011195753,0.48086362810017724,51.06585648385735
Cr,10,27,13,30,9.55,3.5,concordant,True,,8.95147423798354,0.07118540195196646,8.880288836031573,0.28346028074334023,0.06964902637026933,0.2138112543730709,7.849754331770185,0.5556558353804576,7.294098496389727,51.54672011195753,22.36819690490812,29.178523207049405
Cr,10,30,13,33,9.55,8.4,concordant,True,,8.95147423798354,0.12743817182552566,8.824036066158014,0.28346028074334023,0.12468770768540642,0.1587725730579338,7.849754331770185,0.9947511973431321,6.855003134427053,51.54672011195753,48.177809115614565,3.3689109963429615
Cr,10,31,13,34,9.55,16.4,reversal,True,,8.95147423798354,0.36948141140241675,8.581992826581123,0.28346028074334023,0.03629539458789912,0.2471648861554411,7.849754331770185,0.28956252299904817,7.560191808771137,51.54672011195753,34.0477120607327,17.499008051224827
Cr,10,32,13,35,9.55,7.9,concordant,True,,8.95147423798354,0.030238521617831974,8.921235716365707,0.28346028074334023,0.029585891654857185,0.25387438908848303,7.849754331770185,2.317577993518433,5.532176338251752,51.54672011195753,24.389749360360646,27.15697075159688
Cr,11,14,14,17,10.1,8.84,concordant,True,,8.546302264525751,0.0716293626901146,8.474672901835637,0.2087676054606754,0.07008340522198264,0.13868420023869277,9.164107247503516,0.5591212843077291,8.604985963195787,44.996796260213884,1.8377524628086062,43.159043797405275
Cr,11,15,14,18,10.1,9.44,concordant,True,,8.546302264525751,0.14349933129124998,8.4028029332345,0.2087676054606754,0.006395597588432065,0.20237200787224335,9.164107247503516,0.05102370134888816,9.113083546154627,44.996796260213884,0.851269921959982,44.1455263382539
Cr,11,16,14,19,10.1,10.8,reversal,True,,8.546302264525751,2.0804871696223572,6.465815094903395,0.2087676054606754,0.036499056381515106,0.1722685490791603,9.164107247503516,0.2911873248084109,8.872919922695106,44.996796260213884,4.694099176460442,40.30269708375344
Cr,11,17,14,20,10.1,8.0,concordant,True,,8.546302264525751,0.000929698207659724,8.545372566318092,0.2087676054606754,0.000909632778717428,0.207857972681958,9.164107247503516,0.0072569968007971265,9.15685025070272,44.996796260213884,0.5169979483071018,44.479798311906784
Cr,11,18,14,21,10.1,9.7,concordant,True,,8.546302264525751,0.0025913589699311664,8.54371090555582,0.2087676054606754,0.0025354303590693424,0.20623217510160607,9.164107247503516,0.020227514261692912,9.143879733241823,44.996796260213884,1.5748163812823595,43.42197987893152
Cr,11,19,14,22,10.1,14.5,reversal,True,,8.546302264525751,0.019720632480889375,8.526581632044863,0.2087676054606754,0.01929500731943133,0.18947259814124406,9.164107247503516,0.1539344333939926,9.010172814109524,44.996796260213884,19.089091442707414,25.90770481750647
Cr,11,20,14,23,10.1,7.7,concordant,True,,8.546302264525751,0.06603875645573268,8.480263508070019,0.2087676054606754,0.0646134595538104,0.144154145906865,9.164107247503516,0.5154823795285608,8.648624867974956,44.996796260213884,20.801180705228955,24.19561555498493
Cr,11,21,14,24,10.1,5.6,concordant,True,,8.546302264525751,0.0009658702680018284,8.545336394257749,0.2087676054606754,0.0367254306701115,0.1720421747905639,9.164107247503516,0.007539347055985493,9.15656790044753,44.996796260213884,0.48086362810017724,44.51593263211371
Cr,11,27,14,30,10.1,3.5,concordant,True,,8.546302264525751,0.07118540195196646,8.475116862573785,0.2087676054606754,0.06964902637026933,0.1391185790904061,9.164107247503516,0.5556558353804576,8.608451412123058,44.996796260213884,22.36819690490812,22.628599355305763
Cr,11,31,14,34,10.1,16.4,reversal,True,,8.546302264525751,0.36948141140241675,8.176820853123335,0.2087676054606754,0.03629539458789912,0.17247221087277628,9.164107247503516,0.28956252299904817,8.874544724504467,44.996796260213884,34.0477120607327,10.949084199481184
Cr,11,32,14,35,10.1,7.9,concordant,True,,8.546302264525751,0.030238521617831974,8.51606374290792,0.2087676054606754,0.029585891654857185,0.1791817138058182,9.164107247503516,2.317577993518433,6.846529253985083,44.996796260213884,24.389749360360646,20.607046899853238
Cr,12,14,15,17,34.0,8.84,concordant,True,,0.23728462715608675,0.0716293626901146,0.16565526446597215,0.2321633762102719,0.07008340522198264,0.16207997098828925,6.8866065755680435,0.5591212843077291,6.327485291260315,26.383605847709042,1.8377524628086062,24.545853384900436
Cr,12,15,15,18,34.0,9.44,concordant,True,,0.23728462715608675,0.14349933129124998,0.09378529586483678,0.2321633762102719,0.006395597588432065,0.22576777862183983,6.8866065755680435,0.05102370134888816,6.835582874219155,26.383605847709042,0.851269921959982,25.53233592574906
Cr,12,17,15,20,34.0,8.0,concordant,True,,0.23728462715608675,0.000929698207659724,0.23635492894842702,0.2321633762102719,0.000909632778717428,0.23125374343155447,6.8866065755680435,0.0072569968007971265,6.879349578767246,26.383605847709042,0.5169979483071018,25.86660789940194
Cr,12,18,15,21,34.0,9.7,concordant,True,,0.23728462715608675,0.0025913589699311664,0.23469326818615557,0.2321633762102719,0.0025354303590693424,0.22962794585120255,6.8866065755680435,0.020227514261692912,6.8663790613063505,26.383605847709042,1.5748163812823595,24.80878946642668
Cr,12,19,15,22,34.0,14.5,concordant,True,,0.23728462715608675,0.019720632480889375,0.21756399467519738,0.2321633762102719,0.01929500731943133,0.21286836889084054,6.8866065755680435,0.1539344333939926,6.732672142174051,26.383605847709042,19.089091442707414,7.294514405001628
Cr,12,20,15,23,34.0,7.7,concordant,True,,0.23728462715608675,0.06603875645573268,0.17124587070035407,0.2321633762102719,0.0646134595538104,0.1675499166564615,6.8866065755680435,0.5154823795285608,6.371124196039482,26.383605847709042,20.801180705228955,5.582425142480087
Cr,12,21,15,24,34.0,5.6,concordant,True,,0.23728462715608675,0.0009658702680018284,0.23631875688808493,0.2321633762102719,0.0367254306701115,0.1954379455401604,6.8866065755680435,0.007539347055985493,6.879067228512058,26.383605847709042,0.48086362810017724,25.902742219608864
Cr,12,27,15,30,34.0,3.5,concordant,True,,0.23728462715608675,0.07118540195196646,0.1660992252041203,0.2321633762102719,0.06964902637026933,0.16251434984000257,6.8866065755680435,0.5556558353804576,6.3309507401875855,26.383605847709042,22.36819690490812,4.015408942800921
Cr,12,32,15,35,34.0,7.9,concordant,True,,0.23728462715608675,0.030238521617831974,0.20704610553825478,0.2321633762102719,0.029585891654857185,0.2025774845554147,6.8866065755680435,2.317577993518433,4.569028582049611,26.383605847709042,24.389749360360646,1.9938564873483955
Cr,13,14,16,17,8.4,8.84,reversal,True,,0.22063482244724938,0.0716293626901146,0.14900545975713478,0.21587291980450302,0.07008340522198264,0.14578951458252037,3.447492751719786,0.5591212843077291,2.888371467412057,36.423283269306154,1.8377524628086062,34.585530806497545
Cr,13,15,16,18,8.4,9.44,reversal,True,,0.22063482244724938,0.14349933129124998,0.07713549115599941,0.21587291980450302,0.006395597588432065,0.20947732221607096,3.447492751719786,0.05102370134888816,3.396469050370898,36.423283269306154,0.851269921959982,35.57201334734617
Cr,13,17,16,20,8.4,8.0,concordant,True,,0.22063482244724938,0.000929698207659724,0.21970512423958966,0.21587291980450302,0.000909632778717428,0.2149632870257856,3.447492751719786,0.0072569968007971265,3.440235754918989,36.423283269306154,0.5169979483071018,35.906285320999054
Cr,13,18,16,21,8.4,9.7,reversal,True,,0.22063482244724938,0.0025913589699311664,0.2180434634773182,0.21587291980450302,0.0025354303590693424,0.21333748944543368,3.447492751719786,0.020227514261692912,3.427265237458093,36.423283269306154,1.5748163812823595,34.84846688802379
Cr,13,19,16,22,8.4,14.5,reversal,True,,0.22063482244724938,0.019720632480889375,0.20091418996636,0.21587291980450302,0.01929500731943133,0.19657791248507167,3.447492751719786,0.1539344333939926,3.2935583183257933,36.423283269306154,19.089091442707414,17.33419182659874
Cr,13,20,16,23,8.4,7.7,concordant,True,,0.22063482244724938,0.06603875645573268,0.1545960659915167,0.21587291980450302,0.0646134595538104,0.15125946025069262,3.447492751719786,0.5154823795285608,2.9320103721912254,36.423283269306154,20.801180705228955,15.622102564077199
Cr,13,21,16,24,8.4,5.6,concordant,True,,0.22063482244724938,0.0009658702680018284,0.21966895217924756,0.21587291980450302,0.0367254306701115,0.17914748913439152,3.447492751719786,0.007539347055985493,3.4399534046638003,36.423283269306154,0.48086362810017724,35.94241964120598
Cr,13,27,16,30,8.4,3.5,concordant,True,,0.22063482244724938,0.07118540195196646,0.14944942049528293,0.21587291980450302,0.06964902637026933,0.1462238934342337,3.447492751719786,0.5556558353804576,2.8918369163393285,36.423283269306154,22.36819690490812,14.055086364398033
Cr,13,32,16,35,8.4,7.9,concordant,True,,0.22063482244724938,0.030238521617831974,0.19039630082941741,0.21587291980450302,0.029585891654857185,0.18628702814964582,3.447492751719786,2.317577993518433,1.1299147582013531,36.423283269306154,24.389749360360646,12.033533908945508
Cr,14,17,17,20,8.84,8.0,concordant,True,,0.0716293626901146,0.000929698207659724,0.07069966448245488,0.07008340522198264,0.000909632778717428,0.06917377244326521,0.5591212843077291,0.0072569968007971265,0.551864287506932,1.8377524628086062,0.5169979483071018,1.3207545145015045
Cr,14,18,17,21,8.84,9.7,reversal,True,,0.0716293626901146,0.0025913589699311664,0.06903800372018344,0.07008340522198264,0.0025354303590693424,0.0675479748629133,0.5591212843077291,0.020227514261692912,0.5388937700460362,1.8377524628086062,1.5748163812823595,0.2629360815262467
Cr,14,21,17,24,8.84,5.6,concordant,True,,0.0716293626901146,0.0009658702680018284,0.07066349242211278,0.07008340522198264,0.0367254306701115,0.033357974551871145,0.5591212843077291,0.007539347055985493,0.5515819372517436,1.8377524628086062,0.48086362810017724,1.356888834708429
Cr,15,17,18,20,9.44,8.0,concordant,True,,0.14349933129124998,0.000929698207659724,0.14256963308359025,0.006395597588432065,0.000909632778717428,0.005485964809714637,0.05102370134888816,0.0072569968007971265,0.043766704548091034,0.851269921959982,0.5169979483071018,0.3342719736528802
Cr,16,15,19,18,10.8,9.44,concordant,True,,2.0804871696223572,0.14349933129124998,1.9369878383311072,0.036499056381515106,0.006395597588432065,0.030103458793083043,0.2911873248084109,0.05102370134888816,0.24016362345952275,4.694099176460442,0.851269921959982,3.8428292545004603
Cr,16,17,19,20,10.8,8.0,concordant,True,,2.0804871696223572,0.000929698207659724,2.0795574714146974,0.036499056381515106,0.000909632778717428,0.035589423602797675,0.2911873248084109,0.0072569968007971265,0.2839303280076138,4.694099176460442,0.5169979483071018,4.17710122815334
Cr,16,18,19,21,10.8,9.7,concordant,True,,2.0804871696223572,0.0025913589699311664,2.077895810652426,0.036499056381515106,0.0025354303590693424,0.033963626022445764,0.2911873248084109,0.020227514261692912,0.270959810546718,4.694099176460442,1.5748163812823595,3.1192827951780826
Cr,18,17,21,20,9.7,8.0,concordant,True,,0.0025913589699311664,0.000929698207659724,0.0016616607622714423,0.0025354303590693424,0.000909632778717428,0.0016257975803519145,0.020227514261692912,0.0072569968007971265,0.012970517460895786,1.5748163812823595,0.5169979483071018,1.0578184329752576
Cr,19,17,22,20,14.5,8.0,concordant,True,,0.019720632480889375,0.000929698207659724,0.018790934273229653,0.01929500731943133,0.000909632778717428,0.018385374540713904,0.1539344333939926,0.0072569968007971265,0.14667743659319546,19.089091442707414,0.5169979483071018,18.572093494400313
Cr,19,18,22,21,14.5,9.7,concordant,True,,0.019720632480889375,0.0025913589699311664,0.01712927351095821,0.01929500731943133,0.0025354303590693424,0.01675957696036199,0.1539344333939926,0.020227514261692912,0.13370691913229968,19.089091442707414,1.5748163812823595,17.514275061425053
Cr,20,17,23,20,7.7,8.0,reversal,True,,0.06603875645573268,0.000929698207659724,0.06510905824807295,0.0646134595538104,0.000909632778717428,0.06370382677509297,0.5154823795285608,0.0072569968007971265,0.5082253827277636,20.801180705228955,0.5169979483071018,20.284182756921854
Cr,20,18,23,21,7.7,9.7,reversal,True,,0.06603875645573268,0.0025913589699311664,0.06344739748580151,0.0646134595538104,0.0025354303590693424,0.062078029194741056,0.5154823795285608,0.020227514261692912,0.4952548652668679,20.801180705228955,1.5748163812823595,19.226364323946594
Cr,20,19,23,22,7.7,14.5,reversal,True,,0.06603875645573268,0.019720632480889375,0.046318123974843306,0.0646134595538104,0.01929500731943133,0.04531845223437907,0.5154823795285608,0.1539344333939926,0.3615479461345682,20.801180705228955,19.089091442707414,1.7120892625215411
Cr,20,21,23,24,7.7,5.6,concordant,True,,0.06603875645573268,0.0009658702680018284,0.06507288618773086,0.0646134595538104,0.0367254306701115,0.0278880288836989,0.5154823795285608,0.007539347055985493,0.5079430324725753,20.801180705228955,0.48086362810017724,20.320317077128777
Cr,22,17,25,20,7.8,8.0,reversal,True,,0.02246453901512422,0.000929698207659724,0.021534840807464498,3.982423657382709,0.000909632778717428,3.9815140246039915,0.43182907128246234,0.0072569968007971265,0.42457207448166523,8.9796456322792,0.5169979483071018,8.462647683972097
Cr,22,18,25,21,7.8,9.7,reversal,True,,0.02246453901512422,0.0025913589699311664,0.019873180045193055,3.982423657382709,0.0025354303590693424,3.9798882270236398,0.43182907128246234,0.020227514261692912,0.41160155702076945,8.9796456322792,1.5748163812823595,7.40482925099684
Cr,22,21,25,24,7.8,5.6,concordant,True,,0.02246453901512422,0.0009658702680018284,0.02149866874712239,3.982423657382709,0.0367254306701115,3.9456982267125973,0.43182907128246234,0.007539347055985493,0.42428972422647687,8.9796456322792,0.48086362810017724,8.498782004179022
Cr,23,17,26,20,8.9,8.0,concordant,True,,0.029537323048111092,0.000929698207659724,0.02860762484045137,7.494529165878361,0.000909632778717428,7.493619533099643,5.880322883996869,0.0072569968007971265,5.873065887196072,12.815644873651998,0.5169979483071018,12.298646925344896
Cr,23,18,26,21,8.9,9.7,reversal,True,,0.029537323048111092,0.0025913589699311664,0.026945964078179927,7.494529165878361,0.0025354303590693424,7.491993735519292,5.880322883996869,0.020227514261692912,5.860095369735176,12.815644873651998,1.5748163812823595,11.240828492369639
Cr,23,21,26,24,8.9,5.6,concordant,True,,0.029537323048111092,0.0009658702680018284,0.028571452780109263,7.494529165878361,0.0367254306701115,7.457803735208249,5.880322883996869,0.007539347055985493,5.872783536940884,12.815644873651998,0.48086362810017724,12.33478124555182
Cr,23,22,26,25,8.9,7.8,concordant,True,,0.029537323048111092,0.02246453901512422,0.007072784032986872,7.494529165878361,3.982423657382709,3.512105508495652,5.880322883996869,0.43182907128246234,5.448493812714407,12.815644873651998,8.9796456322792,3.8359992413727984
Cr,24,17,27,20,12.1,8.0,concordant,True,,0.015540616874933032,0.000929698207659724,0.014610918667273308,1.1882811740098382,0.000909632778717428,1.1873715412311208,3.238066199176809,0.0072569968007971265,3.230809202376012,17.497440287294868,0.5169979483071018,16.980442338987768
Cr,24,18,27,21,12.1,9.7,concordant,True,,0.015540616874933032,0.0025913589699311664,0.012949257905001866,1.1882811740098382,0.0025354303590693424,1.1857457436507688,3.238066199176809,0.020227514261692912,3.217838684915116,17.497440287294868,1.5748163812823595,15.92262390601251
Cr,24,21,27,24,12.1,5.6,concordant,True,,0.015540616874933032,0.0009658702680018284,0.014574746606931204,1.1882811740098382,0.0367254306701115,1.1515557433397268,3.238066199176809,0.007539347055985493,3.2305268521208235,17.497440287294868,0.48086362810017724,17.01657665919469
Cr,25,17,28,20,8.8,8.0,concordant,True,,0.0357738575423712,0.000929698207659724,0.03484415933471148,0.03500175989757182,0.000909632778717428,0.03409212711885439,13.84268398172785,0.0072569968007971265,13.835426984927054,20.90189010167809,0.5169979483071018,20.38489215337099
Cr,25,18,28,21,8.8,9.7,reversal,True,,0.0357738575423712,0.0025913589699311664,0.03318249857244004,0.03500175989757182,0.0025354303590693424,0.03246632953850248,13.84268398172785,0.020227514261692912,13.822456467466157,20.90189010167809,1.5748163812823595,19.32707372039573
Cr,25,19,28,22,8.8,14.5,reversal,True,,0.0357738575423712,0.019720632480889375,0.016053225061481827,0.03500175989757182,0.01929500731943133,0.01570675257814049,13.84268398172785,0.1539344333939926,13.688749548333858,20.90189010167809,19.089091442707414,1.812798658970678
Cr,26,17,29,20,11.53,8.0,concordant,True,,0.04288858085616833,0.000929698207659724,0.04195888264850861,0.041962928031934486,0.000909632778717428,0.041053295253217055,16.63616883392751,0.0072569968007971265,16.62891183712671,44.29892149349516,0.5169979483071018,43.78192354518806
Cr,26,18,29,21,11.53,9.7,concordant,True,,0.04288858085616833,0.0025913589699311664,0.04029722188623717,0.041962928031934486,0.0025354303590693424,0.039427497672865144,16.63616883392751,0.020227514261692912,16.61594131966582,44.29892149349516,1.5748163812823595,42.7241051122128
Cr,26,19,29,22,11.53,14.5,reversal,True,,0.04288858085616833,0.019720632480889375,0.023167948375278958,0.041962928031934486,0.01929500731943133,0.022667920712503155,16.63616883392751,0.1539344333939926,16.482234400533518,44.29892149349516,19.089091442707414,25.209830050787744
Cr,26,21,29,24,11.53,5.6,concordant,True,,0.04288858085616833,0.0009658702680018284,0.041922710588166504,0.041962928031934486,0.0367254306701115,0.005237497361822989,16.63616883392751,0.007539347055985493,16.628629486871525,44.29892149349516,0.48086362810017724,43.818057865394984
Cr,26,25,29,28,11.53,8.8,concordant,True,,0.04288858085616833,0.0357738575423712,0.0071147233137971305,0.041962928031934486,0.03500175989757182,0.006961168134362664,16.63616883392751,13.84268398172785,2.7934848521996596,44.29892149349516,20.90189010167809,23.397031391817066
Cr,26,32,29,35,11.53,7.9,concordant,True,,0.04288858085616833,0.030238521617831974,0.01265005923833636,0.041962928031934486,0.029585891654857185,0.012377036377077301,16.63616883392751,2.317577993518433,14.318590840409076,44.29892149349516,24.389749360360646,19.90917213313451
Cr,27,17,30,20,3.5,8.0,reversal,True,,0.07118540195196646,0.000929698207659724,0.07025570374430673,0.06964902637026933,0.000909632778717428,0.0687393935915519,0.5556558353804576,0.0072569968007971265,0.5483988385796604,22.36819690490812,0.5169979483071018,21.85119895660102
Cr,27,18,30,21,3.5,9.7,reversal,True,,0.07118540195196646,0.0025913589699311664,0.0685940429820353,0.06964902637026933,0.0025354303590693424,0.06711359601119998,0.5556558353804576,0.020227514261692912,0.5354283211187647,22.36819690490812,1.5748163812823595,20.79338052362576
Cr,27,19,30,22,3.5,14.5,reversal,True,,0.07118540195196646,0.019720632480889375,0.05146476947107709,0.06964902637026933,0.01929500731943133,0.050354019050838,0.5556558353804576,0.1539344333939926,0.401721401986465,22.36819690490812,19.089091442707414,3.2791054622007074
Cr,27,20,30,23,3.5,7.7,reversal,True,,0.07118540195196646,0.06603875645573268,0.0051466454962337815,0.06964902637026933,0.0646134595538104,0.0050355668164589334,0.5556558353804576,0.5154823795285608,0.0401734558518968,22.36819690490812,20.801180705228955,1.5670161996791663
Cr,27,21,30,24,3.5,5.6,reversal,True,,0.07118540195196646,0.0009658702680018284,0.07021953168396464,0.06964902637026933,0.0367254306701115,0.032923595700157834,0.5556558353804576,0.007539347055985493,0.5481164883244721,22.36819690490812,0.48086362810017724,21.887333276807944
Cr,28,14,31,17,7.4,8.84,reversal,True,,3.1963168054830002,0.0716293626901146,3.1246874427928857,0.12647714793646977,0.07008340522198264,0.05639374271448713,4.794475208224501,0.5591212843077291,4.235353923916772,79.96119208383307,1.8377524628086062,78.12343962102446
Cr,28,15,31,18,7.4,9.44,reversal,True,,3.1963168054830002,0.14349933129124998,3.0528174741917504,0.12647714793646977,0.006395597588432065,0.1200815503480377,4.794475208224501,0.05102370134888816,4.743451506875613,79.96119208383307,0.851269921959982,79.10992216187309
Cr,28,16,31,19,7.4,10.8,reversal,True,,3.1963168054830002,2.0804871696223572,1.115829635860643,0.12647714793646977,0.036499056381515106,0.08997809155495468,4.794475208224501,0.2911873248084109,4.50328788341609,79.96119208383307,4.694099176460442,75.26709290737263
Cr,28,17,31,20,7.4,8.0,reversal,True,,3.1963168054830002,0.000929698207659724,3.1953871072753404,0.12647714793646977,0.000909632778717428,0.12556751515775236,4.794475208224501,0.0072569968007971265,4.787218211423704,79.96119208383307,0.5169979483071018,79.44419413552596
Cr,28,18,31,21,7.4,9.7,reversal,True,,3.1963168054830002,0.0025913589699311664,3.193725446513069,0.12647714793646977,0.0025354303590693424,0.12394171757740043,4.794475208224501,0.020227514261692912,4.774247693962808,79.96119208383307,1.5748163812823595,78.38637570255071
Cr,28,19,31,22,7.4,14.5,reversal,True,,3.1963168054830002,0.019720632480889375,3.176596173002111,0.12647714793646977,0.01929500731943133,0.10718214061703844,4.794475208224501,0.1539344333939926,4.640540774830509,79.96119208383307,19.089091442707414,60.872100641125655
Cr,28,20,31,23,7.4,7.7,reversal,True,,3.1963168054830002,0.06603875645573268,3.1302780490272677,0.12647714793646977,0.0646134595538104,0.061863688382659376,4.794475208224501,0.5154823795285608,4.27899282869594,79.96119208383307,20.801180705228955,59.16001137860411
Cr,28,21,31,24,7.4,5.6,concordant,True,,3.1963168054830002,0.0009658702680018284,3.1953509352149982,0.12647714793646977,0.0367254306701115,0.08975171726635828,4.794475208224501,0.007539347055985493,4.786935861168516,79.96119208383307,0.48086362810017724,79.48032845573289
Cr,28,27,31,30,7.4,3.5,concordant,True,,3.1963168054830002,0.07118540195196646,3.1251314035310336,0.12647714793646977,0.06964902637026933,0.05682812156620044,4.794475208224501,0.5556558353804576,4.238819372844043,79.96119208383307,22.36819690490812,57.59299517892495
Cr,28,29,31,32,7.4,11.4,reversal,True,,3.1963168054830002,0.09543492136645773,3.1008818841165424,0.12647714793646977,0.09337517486214568,0.033101973074324095,4.794475208224501,0.7449416523928534,4.049533555831648,79.96119208383307,76.34840592772709,3.612786156105983
Cr,28,30,31,33,7.4,8.4,reversal,True,,3.1963168054830002,0.12743817182552566,3.0688786336574747,0.12647714793646977,0.12468770768540642,0.001789440251063354,4.794475208224501,0.9947511973431321,3.799724010881369,79.96119208383307,48.177809115614565,31.783382968218504
Cr,28,31,31,34,7.4,16.4,reversal,True,,3.1963168054830002,0.36948141140241675,2.8268353940805833,0.12647714793646977,0.03629539458789912,0.09018175334857065,4.794475208224501,0.28956252299904817,4.504912685225452,79.96119208383307,34.0477120607327,45.91348002310037
Cr,28,32,31,35,7.4,7.9,reversal,True,,3.1963168054830002,0.030238521617831974,3.1660782838651684,0.12647714793646977,0.029585891654857185,0.09689125628161259,4.794475208224501,2.317577993518433,2.476897214706068,79.96119208383307,24.389749360360646,55.57144272347242
Cr,29,14,32,17,11.4,8.84,concordant,True,,0.09543492136645773,0.0716293626901146,0.023805558676343125,0.09337517486214568,0.07008340522198264,0.023291769640163038,0.7449416523928534,0.5591212843077291,0.18582036808512425,76.34840592772709,1.8377524628086062,74.51065346491848
Cr,29,17,32,20,11.4,8.0,concordant,True,,0.09543492136645773,0.000929698207659724,0.094505223158798,0.09337517486214568,0.000909632778717428,0.09246554208342825,0.7449416523928534,0.0072569968007971265,0.7376846555920562,76.34840592772709,0.5169979483071018,75.83140797941998
Cr,29,18,32,21,11.4,9.7,concordant,True,,0.09543492136645773,0.0025913589699311664,0.09284356239652657,0.09337517486214568,0.0025354303590693424,0.09083974450307633,0.7449416523928534,0.020227514261692912,0.7247141381311605,76.34840592772709,1.5748163812823595,74.77358954644473
Cr,29,19,32,22,11.4,14.5,reversal,True,,0.09543492136645773,0.019720632480889375,0.07571428888556836,0.09337517486214568,0.01929500731943133,0.07408016754271435,0.7449416523928534,0.1539344333939926,0.5910072189988608,76.34840592772709,19.089091442707414,57.25931448501967
Cr,29,20,32,23,11.4,7.7,concordant,True,,0.09543492136645773,0.06603875645573268,0.029396164910725053,0.09337517486214568,0.0646134595538104,0.02876171530833528,0.7449416523928534,0.5154823795285608,0.22945927286429257,76.34840592772709,20.801180705228955,55.54722522249813
Cr,29,21,32,24,11.4,5.6,concordant,True,,0.09543492136645773,0.0009658702680018284,0.09446905109845591,0.09337517486214568,0.0367254306701115,0.05664974419203418,0.7449416523928534,0.007539347055985493,0.7374023053368679,76.34840592772709,0.48086362810017724,75.8675422996269
Cr,29,27,32,30,11.4,3.5,concordant,True,,0.09543492136645773,0.07118540195196646,0.024249519414491272,0.09337517486214568,0.06964902637026933,0.023726148491876348,0.7449416523928534,0.5556558353804576,0.18928581701239577,76.34840592772709,22.36819690490812,53.98020902281897
Cr,30,14,33,17,8.4,8.84,reversal,True,,0.12743817182552566,0.0716293626901146,0.05580880913541106,0.12468770768540642,0.07008340522198264,0.05460430246342378,0.9947511973431321,0.5591212843077291,0.435629913035403,48.177809115614565,1.8377524628086062,46.340056652805956
Cr,30,17,33,20,8.4,8.0,concordant,True,,0.12743817182552566,0.000929698207659724,0.12650847361786594,0.12468770768540642,0.000909632778717428,0.12377807490668899,0.9947511973431321,0.0072569968007971265,0.9874942005423349,48.177809115614565,0.5169979483071018,47.660811167307465
Cr,30,18,33,21,8.4,9.7,reversal,True,,0.12743817182552566,0.0025913589699311664,0.1248468128555945,0.12468770768540642,0.0025354303590693424,0.12215227732633707,0.9947511973431321,0.020227514261692912,0.9745236830814392,48.177809115614565,1.5748163812823595,46.602992734332204
Cr,30,19,33,22,8.4,14.5,reversal,True,,0.12743817182552566,0.019720632480889375,0.10771753934463629,0.12468770768540642,0.01929500731943133,0.10539270036597509,0.9947511973431321,0.1539344333939926,0.8408167639491395,48.177809115614565,19.089091442707414,29.08871767290715
Cr,30,20,33,23,8.4,7.7,concordant,True,,0.12743817182552566,0.06603875645573268,0.06139941536979299,0.12468770768540642,0.0646134595538104,0.06007424813159602,0.9947511973431321,0.5154823795285608,0.4792688178145713,48.177809115614565,20.801180705228955,27.37662841038561
Cr,30,21,33,24,8.4,5.6,concordant,True,,0.12743817182552566,0.0009658702680018284,0.12647230155752384,0.12468770768540642,0.0367254306701115,0.08796227701529492,0.9947511973431321,0.007539347055985493,0.9872118502871466,48.177809115614565,0.48086362810017724,47.69694548751439
Cr,30,27,33,30,8.4,3.5,concordant,True,,0.12743817182552566,0.07118540195196646,0.056252769873559205,0.12468770768540642,0.06964902637026933,0.05503868131513709,0.9947511973431321,0.5556558353804576,0.4390953619626745,48.177809115614565,22.36819690490812,25.809612210706444
Cr,31,15,34,18,16.4,9.44,concordant,True,,0.36948141140241675,0.14349933129124998,0.22598208011116677,0.03629539458789912,0.006395597588432065,0.029899796999467057,0.28956252299904817,0.05102370134888816,0.23853882165016,34.0477120607327,0.851269921959982,33.19644213877272
Cr,31,17,34,20,16.4,8.0,concordant,True,,0.36948141140241675,0.000929698207659724,0.36855171319475705,0.03629539458789912,0.000909632778717428,0.03538576180918169,0.28956252299904817,0.0072569968007971265,0.28230552619825106,34.0477120607327,0.5169979483071018,33.5307141124256
Cr,31,18,34,21,16.4,9.7,concordant,True,,0.36948141140241675,0.0025913589699311664,0.36689005243248557,0.03629539458789912,0.0025354303590693424,0.03375996422882978,0.28956252299904817,0.020227514261692912,0.2693350087373553,34.0477120607327,1.5748163812823595,32.47289567945034
Cr,31,19,34,22,16.4,14.5,concordant,True,,0.36948141140241675,0.019720632480889375,0.34976077892152735,0.03629539458789912,0.01929500731943133,0.01700038726846779,0.28956252299904817,0.1539344333939926,0.13562808960505557,34.0477120607327,19.089091442707414,14.958620618025286
Cr,32,17,35,20,7.9,8.0,reversal,True,,0.030238521617831974,0.000929698207659724,0.02930882341017225,0.029585891654857185,0.000909632778717428,0.028676258876139758,2.317577993518433,0.0072569968007971265,2.310320996717636,24.389749360360646,0.5169979483071018,23.872751412053546
Cr,32,18,35,21,7.9,9.7,reversal,True,,0.030238521617831974,0.0025913589699311664,0.02764716264790081,0.029585891654857185,0.0025354303590693424,0.027050461295787843,2.317577993518433,0.020227514261692912,2.29735047925674,24.389749360360646,1.5748163812823595,22.814932979078286
Cr,32,19,35,22,7.9,14.5,reversal,True,,0.030238521617831974,0.019720632480889375,0.010517889136942599,0.029585891654857185,0.01929500731943133,0.010290884335425854,2.317577993518433,0.1539344333939926,2.16364356012444,24.389749360360646,19.089091442707414,5.300657917653233
Co,1,17,4,20,9.5,8.0,concordant,True,,16.270840751952235,10.3257606659421,5.945080086010135,34.698057989102956,20.2913203784211,14.406737610681855,8.42947171486682,6.4620571465453756,1.967414568321444,30.457528154573875,26.945559045028837,3.5119691095450385
Co,1,19,4,22,9.5,14.5,reversal,True,,16.270840751952235,9.501320726194882,6.769520025757354,34.698057989102956,18.402558038103773,16.295499950999183,8.42947171486682,6.29685052266251,2.1326211922043097,30.457528154573875,28.538951562389766,1.9185765921841096
Co,1,20,4,23,9.5,7.7,concordant,True,,16.270840751952235,11.325838786525066,4.945001965427169,34.698057989102956,11.325838786525066,23.372219202577888,8.42947171486682,7.336947769470919,1.0925239453959001,30.457528154573875,20.622772108783128,9.834756045790748
Co,1,21,4,24,9.5,5.6,concordant,True,,16.270840751952235,10.8100456583036,5.460795093648635,34.698057989102956,10.727526225797465,23.97053176330549,8.42947171486682,4.273637978212432,4.155833736654388,30.457528154573875,11.480164765002021,18.977363389571856
Co,1,22,4,25,9.5,7.8,concordant,True,,16.270840751952235,13.010442449946895,3.26039830200534,34.698057989102956,12.359920327449549,22.338137661653406,8.42947171486682,6.417180636966286,2.0122910779005334,30.457528154573875,23.1207243537756,7.336803800798275
Co,1,23,4,26,9.5,8.9,concordant,True,,16.270840751952235,7.981875403471961,8.288965348480275,34.698057989102956,7.981875403471961,26.716182585630996,8.42947171486682,4.670927979195009,3.75854373567181,30.457528154573875,11.81470018266973,18.642827971904147
Co,1,24,4,27,9.5,12.1,reversal,True,,16.270840751952235,11.634729198940875,4.636111553011361,34.698057989102956,16.77078082730217,17.927277161800788,8.42947171486682,5.109117131289575,3.3203545835772443,30.457528154573875,26.184225297859076,4.2733028567148
Co,1,26,4,29,9.5,11.53,reversal,True,,16.270840751952235,9.900378483356517,6.370462268595718,34.698057989102956,21.931218159334062,12.766839829768895,8.42947171486682,5.090448160114336,3.339023554752483,30.457528154573875,23.03427792451737,7.423250230056507
Co,1,27,4,30,9.5,3.5,concordant,True,,16.270840751952235,7.8004488508829715,8.470391901069263,34.698057989102956,9.126525155533079,25.571532833569876,8.42947171486682,5.78247514815919,2.64699656670763,30.457528154573875,6.970654973123409,23.486873181450466
Co,1,28,4,31,9.5,7.4,concordant,True,,16.270840751952235,10.855210718411925,5.41563003354031,34.698057989102956,15.369258739929755,19.3287992491732,8.42947171486682,7.530733806795779,0.8987379080710403,30.457528154573875,18.990546121485007,11.466982033088868
Co,1,29,4,32,9.5,11.4,reversal,True,,16.270840751952235,6.391174986235905,9.87966576571633,34.698057989102956,21.30391662078634,13.394141368316618,8.42947171486682,5.4084246529550475,3.021047061911772,30.457528154573875,30.407365271058378,0.05016288351549747
Co,1,30,4,33,9.5,8.4,concordant,True,,16.270840751952235,7.637470943529394,8.633369808422842,34.698057989102956,12.815417345922206,21.88264064318075,8.42947171486682,4.995195352896592,3.4342763619702277,30.457528154573875,29.445362080232538,1.0121660743413372
Co,1,31,4,34,9.5,16.4,reversal,True,,16.270840751952235,6.431612898328506,9.83922785362373,34.698057989102956,13.87874362270888,20.819314366394075,8.42947171486682,5.614517543964788,2.8149541709020314,30.457528154573875,28.87466165467606,1.5828664998978148
Co,1,32,4,35,9.5,7.9,concordant,True,,16.270840751952235,9.113477403451922,7.157363348500313,34.698057989102956,14.095511717338974,20.602546271763984,8.42947171486682,1.60412250354258,6.825349211324239,30.457528154573875,29.73796333490476,0.7195648196691167
Co,2,1,5,4,10.0,9.5,concordant,True,,21.468266065996026,16.270840751952235,5.197425314043791,40.08870091915585,34.698057989102956,5.390642930052891,8.981621517406502,8.42947171486682,0.5521498025396827,36.927533669089264,30.457528154573875,6.470005514515389
Co,2,17,5,20,10.0,8.0,concordant,True,,21.468266065996026,10.3257606659421,11.142505400053926,40.08870091915585,20.2913203784211,19.797380540734746,8.981621517406502,6.4620571465453756,2.5195643708611266,36.927533669089264,26.945559045028837,9.981974624060427
Co,2,18,5,21,10.0,9.7,concordant,True,,21.468266065996026,10.019714040592307,11.44855202540372,40.08870091915585,13.978119587492973,26.110581331662875,8.981621517406502,8.416207459238489,0.5654140581680132,36.927533669089264,31.654989249673118,5.272544419416146
Co,2,19,5,22,10.0,14.5,reversal,True,,21.468266065996026,9.501320726194882,11.966945339801144,40.08870091915585,18.402558038103773,21.686142881052074,8.981621517406502,6.29685052266251,2.6847709947439924,36.927533669089264,28.538951562389766,8.388582106699499
Co,2,20,5,23,10.0,7.7,concordant,True,,21.468266065996026,11.325838786525066,10.14242727947096,40.08870091915585,11.325838786525066,28.76286213263078,8.981621517406502,7.336947769470919,1.6446737479355829,36.927533669089264,20.622772108783128,16.304761560306137
Co,2,21,5,24,10.0,5.6,concordant,True,,21.468266065996026,10.8100456583036,10.658220407692426,40.08870091915585,10.727526225797465,29.361174693358382,8.981621517406502,4.273637978212432,4.70798353919407,36.927533669089264,11.480164765002021,25.44736890408724
Co,2,22,5,25,10.0,7.8,concordant,True,,21.468266065996026,13.010442449946895,8.457823616049131,40.08870091915585,12.359920327449549,27.728780591706297,8.981621517406502,6.417180636966286,2.564440880440216,36.927533669089264,23.1207243537756,13.806809315313664
Co,2,23,5,26,10.0,8.9,concordant,True,,21.468266065996026,7.981875403471961,13.486390662524066,40.08870091915585,7.981875403471961,32.10682551568389,8.981621517406502,4.670927979195009,4.310693538211493,36.927533669089264,11.81470018266973,25.112833486419532
Co,2,24,5,27,10.0,12.1,reversal,True,,21.468266065996026,11.634729198940875,9.833536867055152,40.08870091915585,16.77078082730217,23.31792009185368,8.981621517406502,5.109117131289575,3.872504386116927,36.927533669089264,26.184225297859076,10.743308371230189
Co,2,25,5,28,10.0,8.8,concordant,True,,21.468266065996026,15.739045307954584,5.729220758041443,40.08870091915585,20.089675718283488,19.99902520087236,8.981621517406502,8.446133704991105,0.535487812415397,36.927533669089264,18.581494150980433,18.34603951810883
Co,2,26,5,29,10.0,11.53,reversal,True,,21.468266065996026,9.900378483356517,11.567887582639509,40.08870091915585,21.931218159334062,18.157482759821786,8.981621517406502,5.090448160114336,3.891173357292166,36.927533669089264,23.03427792451737,13.893255744571896
Co,2,27,5,30,10.0,3.5,concordant,True,,21.468266065996026,7.8004488508829715,13.667817215113054,40.08870091915585,9.126525155533079,30.962175763622767,8.981621517406502,5.78247514815919,3.1991463692473125,36.927533669089264,6.970654973123409,29.956878695965855
Co,2,28,5,31,10.0,7.4,concordant,True,,21.468266065996026,10.855210718411925,10.613055347584101,40.08870091915585,15.369258739929755,24.719442179226093,8.981621517406502,7.530733806795779,1.450887710610723,36.927533669089264,18.990546121485007,17.936987547604257
Co,2,29,5,32,10.0,11.4,reversal,True,,21.468266065996026,6.391174986235905,15.077091079760121,40.08870091915585,21.30391662078634,18.78478429836951,8.981621517406502,5.4084246529550475,3.5731968644514547,36.927533669089264,30.407365271058378,6.520168398030886
Co,2,30,5,33,10.0,8.4,concordant,True,,21.468266065996026,7.637470943529394,13.830795122466633,40.08870091915585,12.815417345922206,27.27328357323364,8.981621517406502,4.995195352896592,3.9864261645099104,36.927533669089264,29.445362080232538,7.482171588856726
Co,2,31,5,34,10.0,16.4,reversal,True,,21.468266065996026,6.431612898328506,15.03665316766752,40.08870091915585,13.87874362270888,26.209957296446966,8.981621517406502,5.614517543964788,3.367103973441714,36.927533669089264,28.87466165467606,8.052872014413204
Co,2,32,5,35,10.0,7.9,concordant,True,,21.468266065996026,9.113477403451922,12.354788662544104,40.08870091915585,14.095511717338974,25.993189201816875,8.981621517406502,1.60412250354258,7.377499013863922,36.927533669089264,29.73796333490476,7.189570334184506
Co,3,1,6,4,10.6,9.5,concordant,True,,25.86790346053625,16.270840751952235,9.597062708584016,41.80103240362016,34.698057989102956,7.102974414517206,10.497120244855287,8.42947171486682,2.0676485299884675,34.453396433910264,30.457528154573875,3.9958682793363884
Co,3,17,6,20,10.6,8.0,concordant,True,,25.86790346053625,10.3257606659421,15.54214279459415,41.80103240362016,20.2913203784211,21.50971202519906,10.497120244855287,6.4620571465453756,4.035063098309911,34.453396433910264,26.945559045028837,7.507837388881427
Co,3,18,6,21,10.6,9.7,concordant,True,,25.86790346053625,10.019714040592307,15.848189419943944,41.80103240362016,13.978119587492973,27.82291281612719,10.497120244855287,8.416207459238489,2.080912785616798,34.453396433910264,31.654989249673118,2.7984071842371456
Co,3,19,6,22,10.6,14.5,reversal,True,,25.86790346053625,9.501320726194882,16.36658273434137,41.80103240362016,18.402558038103773,23.39847436551639,10.497120244855287,6.29685052266251,4.200269722192777,34.453396433910264,28.538951562389766,5.914444871520498
Co,3,20,6,23,10.6,7.7,concordant,True,,25.86790346053625,11.325838786525066,14.542064674011185,41.80103240362016,11.325838786525066,30.475193617095094,10.497120244855287,7.336947769470919,3.1601724753843676,34.453396433910264,20.622772108783128,13.830624325127136
Co,3,21,6,24,10.6,5.6,concordant,True,,25.86790346053625,10.8100456583036,15.05785780223265,41.80103240362016,10.727526225797465,31.073506177822697,10.497120244855287,4.273637978212432,6.223482266642855,34.453396433910264,11.480164765002021,22.97323166890824
Co,3,22,6,25,10.6,7.8,concordant,True,,25.86790346053625,13.010442449946895,12.857461010589356,41.80103240362016,12.359920327449549,29.44111207617061,10.497120244855287,6.417180636966286,4.079939607889001,34.453396433910264,23.1207243537756,11.332672080134664
Co,3,23,6,26,10.6,8.9,concordant,True,,25.86790346053625,7.981875403471961,17.88602805706429,41.80103240362016,7.981875403471961,33.8191570001482,10.497120244855287,4.670927979195009,5.826192265660278,34.453396433910264,11.81470018266973,22.638696251240532
Co,3,24,6,27,10.6,12.1,reversal,True,,25.86790346053625,11.634729198940875,14.233174261595376,41.80103240362016,16.77078082730217,25.030251576317994,10.497120244855287,5.109117131289575,5.388003113565712,34.453396433910264,26.184225297859076,8.269171136051188
Co,3,25,6,28,10.6,8.8,concordant,True,,25.86790346053625,15.739045307954584,10.128858152581667,41.80103240362016,20.089675718283488,21.711356685336675,10.497120244855287,8.446133704991105,2.050986539864182,34.453396433910264,18.581494150980433,15.871902282929831
Co,3,26,6,29,10.6,11.53,reversal,True,,25.86790346053625,9.900378483356517,15.967524977179734,41.80103240362016,21.931218159334062,19.8698142442861,10.497120244855287,5.090448160114336,5.406672084740951,34.453396433910264,23.03427792451737,11.419118509392895
Co,3,27,6,30,10.6,3.5,concordant,True,,25.86790346053625,7.8004488508829715,18.06745460965328,41.80103240362016,9.126525155533079,32.67450724808708,10.497120244855287,5.78247514815919,4.714645096696097,34.453396433910264,6.970654973123409,27.482741460786855
Co,3,28,6,31,10.6,7.4,concordant,True,,25.86790346053625,10.855210718411925,15.012692742124326,41.80103240362016,15.369258739929755,26.431773663690407,10.497120244855287,7.530733806795779,2.9663864380595077,34.453396433910264,18.990546121485007,15.462850312425257
Co,3,29,6,32,10.6,11.4,reversal,True,,25.86790346053625,6.391174986235905,19.476728474300344,41.80103240362016,21.30391662078634,20.497115782833824,10.497120244855287,5.4084246529550475,5.0886955919002395,34.453396433910264,30.407365271058378,4.046031162851886
Co,3,30,6,33,10.6,8.4,concordant,True,,25.86790346053625,7.637470943529394,18.230432517006857,41.80103240362016,12.815417345922206,28.985615057697956,10.497120244855287,4.995195352896592,5.501924891958695,34.453396433910264,29.445362080232538,5.008034353677726
Co,3,31,6,34,10.6,16.4,reversal,True,,25.86790346053625,6.431612898328506,19.436290562207745,41.80103240362016,13.87874362270888,27.92228878091128,10.497120244855287,5.614517543964788,4.882602700890499,34.453396433910264,28.87466165467606,5.578734779234203
Co,3,32,6,35,10.6,7.9,concordant,True,,25.86790346053625,9.113477403451922,16.75442605708433,41.80103240362016,14.095511717338974,27.70552068628119,10.497120244855287,1.60412250354258,8.892997741312707,34.453396433910264,29.73796333490476,4.715433099005505
Co,4,1,7,4,7.8,9.5,reversal,True,,25.377482817138624,16.270840751952235,9.106642065186389,43.93076857420636,34.698057989102956,9.232710585103405,13.648394120141779,8.42947171486682,5.218922405274959,37.031304634796456,30.457528154573875,6.57377648022258
Co,4,2,7,5,7.8,10.0,reversal,True,,25.377482817138624,21.468266065996026,3.9092167511425977,43.93076857420636,40.08870091915585,3.8420676550505135,13.648394120141779,8.981621517406502,4.666772602735277,37.031304634796456,36.927533669089264,0.10377096570719146
Co,4,17,7,20,7.8,8.0,reversal,True,,25.377482817138624,10.3257606659421,15.051722151196524,43.93076857420636,20.2913203784211,23.63944819578526,13.648394120141779,6.4620571465453756,7.186336973596403,37.031304634796456,26.945559045028837,10.085745589767619
Co,4,18,7,21,7.8,9.7,reversal,True,,25.377482817138624,10.019714040592307,15.357768776546317,43.93076857420636,13.978119587492973,29.95264898671339,13.648394120141779,8.416207459238489,5.23218666090329,37.031304634796456,31.654989249673118,5.376315385123338
Co,4,19,7,22,7.8,14.5,reversal,True,,25.377482817138624,9.501320726194882,15.876162090943742,43.93076857420636,18.402558038103773,25.528210536102588,13.648394120141779,6.29685052266251,7.351543597479269,37.031304634796456,28.538951562389766,8.49235307240669
Co,4,20,7,23,7.8,7.7,concordant,True,,25.377482817138624,11.325838786525066,14.051644030613557,43.93076857420636,11.325838786525066,32.60492978768129,13.648394120141779,7.336947769470919,6.31144635067086,37.031304634796456,20.622772108783128,16.408532526013328
Co,4,21,7,24,7.8,5.6,concordant,True,,25.377482817138624,10.8100456583036,14.567437158835023,43.93076857420636,10.727526225797465,33.20324234840889,13.648394120141779,4.273637978212432,9.374756141929346,37.031304634796456,11.480164765002021,25.551139869794433
Co,4,22,7,25,7.8,7.8,magnetic_tie,True,,25.377482817138624,13.010442449946895,12.367040367191729,43.93076857420636,12.359920327449549,31.57084824675681,13.648394120141779,6.417180636966286,7.231213483175493,37.031304634796456,23.1207243537756,13.910580281020856
Co,4,23,7,26,7.8,8.9,reversal,True,,25.377482817138624,7.981875403471961,17.395607413666664,43.93076857420636,7.981875403471961,35.9488931707344,13.648394120141779,4.670927979195009,8.97746614094677,37.031304634796456,11.81470018266973,25.216604452126724
Co,4,24,7,27,7.8,12.1,reversal,True,,25.377482817138624,11.634729198940875,13.74275361819775,43.93076857420636,16.77078082730217,27.159987746904193,13.648394120141779,5.109117131289575,8.539276988852205,37.031304634796456,26.184225297859076,10.84707933693738
Co,4,25,7,28,7.8,8.8,reversal,True,,25.377482817138624,15.739045307954584,9.63843750918404,43.93076857420636,20.089675718283488,23.841092855922874,13.648394120141779,8.446133704991105,5.202260415150674,37.031304634796456,18.581494150980433,18.449810483816023
Co,4,26,7,29,7.8,11.53,reversal,True,,25.377482817138624,9.900378483356517,15.477104333782107,43.93076857420636,21.931218159334062,21.9995504148723,13.648394120141779,5.090448160114336,8.557945960027443,37.031304634796456,23.03427792451737,13.997026710279087
Co,4,27,7,30,7.8,3.5,concordant,True,,25.377482817138624,7.8004488508829715,17.57703396625565,43.93076857420636,9.126525155533079,34.80424341867328,13.648394120141779,5.78247514815919,7.865918971982589,37.031304634796456,6.970654973123409,30.060649661673047
Co,4,28,7,31,7.8,7.4,concordant,True,,25.377482817138624,10.855210718411925,14.522272098726699,43.93076857420636,15.369258739929755,28.561509834276606,13.648394120141779,7.530733806795779,6.117660313346,37.031304634796456,18.990546121485007,18.04075851331145
Co,4,29,7,32,7.8,11.4,reversal,True,,25.377482817138624,6.391174986235905,18.986307830902717,43.93076857420636,21.30391662078634,22.626851953420022,13.648394120141779,5.4084246529550475,8.239969467186732,37.031304634796456,30.407365271058378,6.623939363738078
Co,4,30,7,33,7.8,8.4,reversal,True,,25.377482817138624,7.637470943529394,17.74001187360923,43.93076857420636,12.815417345922206,31.115351228284155,13.648394120141779,4.995195352896592,8.653198767245186,37.031304634796456,29.445362080232538,7.585942554563918
Co,4,31,7,34,7.8,16.4,reversal,True,,25.377482817138624,6.431612898328506,18.945869918810118,43.93076857420636,13.87874362270888,30.05202495149748,13.648394120141779,5.614517543964788,8.03387657617699,37.031304634796456,28.87466165467606,8.156642980120395
Co,4,32,7,35,7.8,7.9,reversal,True,,25.377482817138624,9.113477403451922,16.264005413686704,43.93076857420636,14.095511717338974,29.83525685686739,13.648394120141779,1.60412250354258,12.044271616599199,37.031304634796456,29.73796333490476,7.293341299891697
Co,5,17,8,20,10.5,8.0,concordant,True,,19.583251505424077,10.3257606659421,9.257490839481976,28.20706868212459,20.2913203784211,7.915748303703488,16.70864577985724,6.4620571465453756,10.246588633311863,38.86057554392445,26.945559045028837,11.91501649889561
Co,5,18,8,21,10.5,9.7,concordant,True,,19.583251505424077,10.019714040592307,9.56353746483177,28.20706868212459,13.978119587492973,14.228949094631616,16.70864577985724,8.416207459238489,8.29243832061875,38.86057554392445,31.654989249673118,7.205586294251329
Co,5,19,8,22,10.5,14.5,reversal,True,,19.583251505424077,9.501320726194882,10.081930779229195,28.20706868212459,18.402558038103773,9.804510644020816,16.70864577985724,6.29685052266251,10.41179525719473,38.86057554392445,28.538951562389766,10.321623981534682
Co,5,20,8,23,10.5,7.7,concordant,True,,19.583251505424077,11.325838786525066,8.25741271889901,28.20706868212459,11.325838786525066,16.881229895599525,16.70864577985724,7.336947769470919,9.37169801038632,38.86057554392445,20.622772108783128,18.23780343514132
Co,5,21,8,24,10.5,5.6,concordant,True,,19.583251505424077,10.8100456583036,8.773205847120476,28.20706868212459,10.727526225797465,17.479542456327124,16.70864577985724,4.273637978212432,12.435007801644808,38.86057554392445,11.480164765002021,27.380410778922425
Co,5,22,8,25,10.5,7.8,concordant,True,,19.583251505424077,13.010442449946895,6.572809055477181,28.20706868212459,12.359920327449549,15.84714835467504,16.70864577985724,6.417180636966286,10.291465142890953,38.86057554392445,23.1207243537756,15.739851190148848
Co,5,23,8,26,10.5,8.9,concordant,True,,19.583251505424077,7.981875403471961,11.601376101952116,28.20706868212459,7.981875403471961,20.22519327865263,16.70864577985724,4.670927979195009,12.037717800662229,38.86057554392445,11.81470018266973,27.045875361254716
Co,5,24,8,27,10.5,12.1,reversal,True,,19.583251505424077,11.634729198940875,7.948522306483202,28.20706868212459,16.77078082730217,11.436287854822421,16.70864577985724,5.109117131289575,11.599528648567663,38.86057554392445,26.184225297859076,12.676350246065372
Co,5,25,8,28,10.5,8.8,concordant,True,,19.583251505424077,15.739045307954584,3.844206197469493,28.20706868212459,20.089675718283488,8.117392963841102,16.70864577985724,8.446133704991105,8.262512074866134,38.86057554392445,18.581494150980433,20.279081392944015
Co,5,26,8,29,10.5,11.53,reversal,True,,19.583251505424077,9.900378483356517,9.68287302206756,28.20706868212459,21.931218159334062,6.2758505227905275,16.70864577985724,5.090448160114336,11.618197619742903,38.86057554392445,23.03427792451737,15.826297619407079
Co,5,27,8,30,10.5,3.5,concordant,True,,19.583251505424077,7.8004488508829715,11.782802654541104,28.20706868212459,9.126525155533079,19.080543526591512,16.70864577985724,5.78247514815919,10.92617063169805,38.86057554392445,6.970654973123409,31.88992057080104
Co,5,28,8,31,10.5,7.4,concordant,True,,19.583251505424077,10.855210718411925,8.728040787012151,28.20706868212459,15.369258739929755,12.837809942194834,16.70864577985724,7.530733806795779,9.177911973061459,38.86057554392445,18.990546121485007,19.87002942243944
Co,5,29,8,32,10.5,11.4,reversal,True,,19.583251505424077,6.391174986235905,13.192076519188172,28.20706868212459,21.30391662078634,6.90315206133825,16.70864577985724,5.4084246529550475,11.30022112690219,38.86057554392445,30.407365271058378,8.45321027286607
Co,5,30,8,33,10.5,8.4,concordant,True,,19.583251505424077,7.637470943529394,11.945780561894683,28.20706868212459,12.815417345922206,15.391651336202383,16.70864577985724,4.995195352896592,11.713450426960648,38.86057554392445,29.445362080232538,9.41521346369191
Co,5,31,8,34,10.5,16.4,reversal,True,,19.583251505424077,6.431612898328506,13.15163860709557,28.20706868212459,13.87874362270888,14.32832505941571,16.70864577985724,5.614517543964788,11.094128235892452,38.86057554392445,28.87466165467606,9.985913889248387
Co,5,32,8,35,10.5,7.9,concordant,True,,19.583251505424077,9.113477403451922,10.469774101972154,28.20706868212459,14.095511717338974,14.111556964785615,16.70864577985724,1.60412250354258,15.104523276314659,38.86057554392445,29.73796333490476,9.122612209019689
Co,6,1,9,4,9.7,9.5,concordant,True,,23.823815269417818,16.270840751952235,7.552974517465582,35.735722904126725,34.698057989102956,1.0376649150237682,17.61391415171991,8.42947171486682,9.184442436853091,45.83861996110241,30.457528154573875,15.381091806528534
Co,6,5,9,8,9.7,10.5,reversal,True,,23.823815269417818,19.583251505424077,4.240563763993741,35.735722904126725,28.20706868212459,7.528654222002135,17.61391415171991,16.70864577985724,0.9052683718626717,45.83861996110241,38.86057554392445,6.978044417177962
Co,6,9,9,12,9.7,8.7,concordant,True,,23.823815269417818,16.899235605194693,6.924579664223124,35.735722904126725,31.012882923818832,4.722839980307892,17.61391415171991,14.14354424141086,3.470369910309051,45.83861996110241,36.773215027668236,9.065404933434174
Co,6,17,9,20,9.7,8.0,concordant,True,,23.823815269417818,10.3257606659421,13.498054603475717,35.735722904126725,20.2913203784211,15.444402525705623,17.61391415171991,6.4620571465453756,11.151857005174534,45.83861996110241,26.945559045028837,18.893060916073573
Co,6,18,9,21,9.7,9.7,magnetic_tie,True,,23.823815269417818,10.019714040592307,13.80410122882551,35.735722904126725,13.978119587492973,21.75760331663375,17.61391415171991,8.416207459238489,9.197706692481422,45.83861996110241,31.654989249673118,14.183630711429291
Co,6,19,9,22,9.7,14.5,reversal,True,,23.823815269417818,9.501320726194882,14.322494543222936,35.735722904126725,18.402558038103773,17.33316486602295,17.61391415171991,6.29685052266251,11.317063629057401,45.83861996110241,28.538951562389766,17.299668398712644
Co,6,20,9,23,9.7,7.7,concordant,True,,23.823815269417818,11.325838786525066,12.497976482892751,35.735722904126725,11.325838786525066,24.409884117601656,17.61391415171991,7.336947769470919,10.276966382248991,45.83861996110241,20.622772108783128,25.215847852319282
Co,6,21,9,24,9.7,5.6,concordant,True,,23.823815269417818,10.8100456583036,13.013769611114217,35.735722904126725,10.727526225797465,25.00819667832926,17.61391415171991,4.273637978212432,13.34027617350748,45.83861996110241,11.480164765002021,34.35845519610039
Co,6,22,9,25,9.7,7.8,concordant,True,,23.823815269417818,13.010442449946895,10.813372819470922,35.735722904126725,12.359920327449549,23.375802576677174,17.61391415171991,6.417180636966286,11.196733514753625,45.83861996110241,23.1207243537756,22.71789560732681
Co,6,23,9,26,9.7,8.9,concordant,True,,23.823815269417818,7.981875403471961,15.841939865945857,35.735722904126725,7.981875403471961,27.753847500654764,17.61391415171991,4.670927979195009,12.9429861725249,45.83861996110241,11.81470018266973,34.02391977843268
Co,6,24,9,27,9.7,12.1,reversal,True,,23.823815269417818,11.634729198940875,12.189086070476943,35.735722904126725,16.77078082730217,18.964942076824556,17.61391415171991,5.109117131289575,12.504797020430335,45.83861996110241,26.184225297859076,19.654394663243334
Co,6,25,9,28,9.7,8.8,concordant,True,,23.823815269417818,15.739045307954584,8.084769961463234,35.735722904126725,20.089675718283488,15.646047185843237,17.61391415171991,8.446133704991105,9.167780446728806,45.83861996110241,18.581494150980433,27.257125810121977
Co,6,26,9,29,9.7,11.53,reversal,True,,23.823815269417818,9.900378483356517,13.9234367860613,35.735722904126725,21.931218159334062,13.804504744792663,17.61391415171991,5.090448160114336,12.523465991605574,45.83861996110241,23.03427792451737,22.80434203658504
Co,6,27,9,30,9.7,3.5,concordant,True,,23.823815269417818,7.8004488508829715,16.023366418534845,35.735722904126725,9.126525155533079,26.609197748593644,17.61391415171991,5.78247514815919,11.831439003560721,45.83861996110241,6.970654973123409,38.867964987979
Co,6,28,9,31,9.7,7.4,concordant,True,,23.823815269417818,10.855210718411925,12.968604551005892,35.735722904126725,15.369258739929755,20.36646416419697,17.61391415171991,7.530733806795779,10.08318034492413,45.83861996110241,18.990546121485007,26.848073839617403
Co,6,29,9,32,9.7,11.4,reversal,True,,23.823815269417818,6.391174986235905,17.43264028318191,35.735722904126725,21.30391662078634,14.431806283340386,17.61391415171991,5.4084246529550475,12.205489498764862,45.83861996110241,30.407365271058378,15.431254690044032
Co,6,30,9,33,9.7,8.4,concordant,True,,23.823815269417818,7.637470943529394,16.186344325888424,35.735722904126725,12.815417345922206,22.920305558204518,17.61391415171991,4.995195352896592,12.61871879882332,45.83861996110241,29.445362080232538,16.39325788086987
Co,6,31,9,34,9.7,16.4,reversal,True,,23.823815269417818,6.431612898328506,17.39220237108931,35.735722904126725,13.87874362270888,21.856979281417843,17.61391415171991,5.614517543964788,11.999396607755124,45.83861996110241,28.87466165467606,16.96395830642635
Co,6,32,9,35,9.7,7.9,concordant,True,,23.823815269417818,9.113477403451922,14.710337865965895,35.735722904126725,14.095511717338974,21.640211186787752,17.61391415171991,1.60412250354258,16.00979164817733,45.83861996110241,29.73796333490476,16.10065662619765
Co,7,5,10,8,8.7,10.5,reversal,True,,21.682078271142167,19.583251505424077,2.0988267657180906,30.56817592324961,28.20706868212459,2.361107241125019,21.295821890227025,16.70864577985724,4.587176110369786,41.86975151298872,38.86057554392445,3.009175969064273
Co,7,15,10,18,8.7,9.44,reversal,True,,21.682078271142167,15.126140569965402,6.555937701176765,30.56817592324961,27.908794572753067,2.659381350496542,21.295821890227025,20.9851867777447,0.31063511248232345,41.86975151298872,37.210846657444215,4.658904855544506
Co,7,17,10,20,8.7,8.0,concordant,True,,21.682078271142167,10.3257606659421,11.356317605200067,30.56817592324961,20.2913203784211,10.276855544828507,21.295821890227025,6.4620571465453756,14.833764743681648,41.86975151298872,26.945559045028837,14.924192467959884
Co,7,18,10,21,8.7,9.7,reversal,True,,21.682078271142167,10.019714040592307,11.66236423054986,30.56817592324961,13.978119587492973,16.590056335756636,21.295821890227025,8.416207459238489,12.879614430988536,41.86975151298872,31.654989249673118,10.214762263315603
Co,7,19,10,22,8.7,14.5,reversal,True,,21.682078271142167,9.501320726194882,12.180757544947285,30.56817592324961,18.402558038103773,12.165617885145835,21.295821890227025,6.29685052266251,14.998971367564515,41.86975151298872,28.538951562389766,13.330799950598955
Co,7,20,10,23,8.7,7.7,concordant,True,,21.682078271142167,11.325838786525066,10.3562394846171,30.56817592324961,11.325838786525066,19.242337136724544,21.295821890227025,7.336947769470919,13.958874120756105,41.86975151298872,20.622772108783128,21.246979404205593
Co,7,21,10,24,8.7,5.6,concordant,True,,21.682078271142167,10.8100456583036,10.872032612838566,30.56817592324961,10.727526225797465,19.840649697452143,21.295821890227025,4.273637978212432,17.022183912014594,41.86975151298872,11.480164765002021,30.389586747986698
Co,7,22,10,25,8.7,7.8,concordant,True,,21.682078271142167,13.010442449946895,8.671635821195272,30.56817592324961,12.359920327449549,18.20825559580006,21.295821890227025,6.417180636966286,14.878641253260739,41.86975151298872,23.1207243537756,18.74902715921312
Co,7,23,10,26,8.7,8.9,reversal,True,,21.682078271142167,7.981875403471961,13.700202867670207,30.56817592324961,7.981875403471961,22.586300519777648,21.295821890227025,4.670927979195009,16.624893911032014,41.86975151298872,11.81470018266973,30.05505133031899
Co,7,24,10,27,8.7,12.1,reversal,True,,21.682078271142167,11.634729198940875,10.047349072201293,30.56817592324961,16.77078082730217,13.79739509594744,21.295821890227025,5.109117131289575,16.18670475893745,41.86975151298872,26.184225297859076,15.685526215129645
Co,7,25,10,28,8.7,8.8,reversal,True,,21.682078271142167,15.739045307954584,5.943032963187584,30.56817592324961,20.089675718283488,10.478500204966121,21.295821890227025,8.446133704991105,12.84968818523592,41.86975151298872,18.581494150980433,23.288257362008288
Co,7,26,10,29,8.7,11.53,reversal,True,,21.682078271142167,9.900378483356517,11.78169978778565,30.56817592324961,21.931218159334062,8.636957763915547,21.295821890227025,5.090448160114336,16.20537373011269,41.86975151298872,23.03427792451737,18.835473588471352
Co,7,27,10,30,8.7,3.5,concordant,True,,21.682078271142167,7.8004488508829715,13.881629420259195,30.56817592324961,9.126525155533079,21.44165076771653,21.295821890227025,5.78247514815919,15.513346742067835,41.86975151298872,6.970654973123409,34.89909653986531
Co,7,28,10,31,8.7,7.4,concordant,True,,21.682078271142167,10.855210718411925,10.826867552730242,30.56817592324961,15.369258739929755,15.198917183319853,21.295821890227025,7.530733806795779,13.765088083431245,41.86975151298872,18.990546121485007,22.879205391503714
Co,7,29,10,32,8.7,11.4,reversal,True,,21.682078271142167,6.391174986235905,15.290903284906262,30.56817592324961,21.30391662078634,9.26425930246327,21.295821890227025,5.4084246529550475,15.887397237271976,41.86975151298872,30.407365271058378,11.462386241930343
Co,7,30,10,33,8.7,8.4,concordant,True,,21.682078271142167,7.637470943529394,14.044607327612773,30.56817592324961,12.815417345922206,17.752758577327402,21.295821890227025,4.995195352896592,16.300626537330434,41.86975151298872,29.445362080232538,12.424389432756183
Co,7,31,10,34,8.7,16.4,reversal,True,,21.682078271142167,6.431612898328506,15.250465372813661,30.56817592324961,13.87874362270888,16.68943230054073,21.295821890227025,5.614517543964788,15.681304346262237,41.86975151298872,28.87466165467606,12.99508985831266
Co,7,32,10,35,8.7,7.9,concordant,True,,21.682078271142167,9.113477403451922,12.568600867690245,30.56817592324961,14.095511717338974,16.472664205910633,21.295821890227025,1.60412250354258,19.691699386684444,41.86975151298872,29.73796333490476,12.131788178083962
Co,8,1,11,4,20.0,9.5,concordant,True,,21.4847211929533,16.270840751952235,5.213880441001066,39.54102942958427,34.698057989102956,4.842971440481314,13.229640584396778,8.42947171486682,4.8001688695299585,45.25929673609425,30.457528154573875,14.801768581520374
Co,8,17,11,20,20.0,8.0,concordant,True,,21.4847211929533,10.3257606659421,11.158960527011201,39.54102942958427,20.2913203784211,19.24970905116317,13.229640584396778,6.4620571465453756,6.767583437851402,45.25929673609425,26.945559045028837,18.313737691065413
Co,8,18,11,21,20.0,9.7,concordant,True,,21.4847211929533,10.019714040592307,11.465007152360995,39.54102942958427,13.978119587492973,25.562909842091297,13.229640584396778,8.416207459238489,4.813433125158289,45.25929673609425,31.654989249673118,13.604307486421131
Co,8,19,11,22,20.0,14.5,concordant,True,,21.4847211929533,9.501320726194882,11.98340046675842,39.54102942958427,18.402558038103773,21.138471391480497,13.229640584396778,6.29685052266251,6.932790061734268,45.25929673609425,28.538951562389766,16.720345173704484
Co,8,20,11,23,20.0,7.7,concordant,True,,21.4847211929533,11.325838786525066,10.158882406428235,39.54102942958427,11.325838786525066,28.215190643059202,13.229640584396778,7.336947769470919,5.892692814925859,45.25929673609425,20.622772108783128,24.636524627311122
Co,8,21,11,24,20.0,5.6,concordant,True,,21.4847211929533,10.8100456583036,10.674675534649701,39.54102942958427,10.727526225797465,28.813503203786805,13.229640584396778,4.273637978212432,8.956002606184345,45.25929673609425,11.480164765002021,33.77913197109223
Co,8,22,11,25,20.0,7.8,concordant,True,,21.4847211929533,13.010442449946895,8.474278743006407,39.54102942958427,12.359920327449549,27.18110910213472,13.229640584396778,6.417180636966286,6.812459947430492,45.25929673609425,23.1207243537756,22.13857238231865
Co,8,23,11,26,20.0,8.9,concordant,True,,21.4847211929533,7.981875403471961,13.502845789481341,39.54102942958427,7.981875403471961,31.55915402611231,13.229640584396778,4.670927979195009,8.55871260520177,45.25929673609425,11.81470018266973,33.44459655342452
Co,8,24,11,27,20.0,12.1,concordant,True,,21.4847211929533,11.634729198940875,9.849991994012427,39.54102942958427,16.77078082730217,22.770248602282102,13.229640584396778,5.109117131289575,8.120523453107204,45.25929673609425,26.184225297859076,19.075071438235174
Co,8,25,11,28,20.0,8.8,concordant,True,,21.4847211929533,15.739045307954584,5.745675884998718,39.54102942958427,20.089675718283488,19.451353711300783,13.229640584396778,8.446133704991105,4.783506879405673,45.25929673609425,18.581494150980433,26.677802585113817
Co,8,26,11,29,20.0,11.53,concordant,True,,21.4847211929533,9.900378483356517,11.584342709596784,39.54102942958427,21.931218159334062,17.60981127025021,13.229640584396778,5.090448160114336,8.139192424282442,45.25929673609425,23.03427792451737,22.22501881157688
Co,8,27,11,30,20.0,3.5,concordant,True,,21.4847211929533,7.8004488508829715,13.68427234207033,39.54102942958427,9.126525155533079,30.41450427405119,13.229640584396778,5.78247514815919,7.447165436237588,45.25929673609425,6.970654973123409,38.28864176297084
Co,8,28,11,31,20.0,7.4,concordant,True,,21.4847211929533,10.855210718411925,10.629510474541377,39.54102942958427,15.369258739929755,24.171770689654515,13.229640584396778,7.530733806795779,5.698906777600999,45.25929673609425,18.990546121485007,26.268750614609242
Co,8,29,11,32,20.0,11.4,concordant,True,,21.4847211929533,6.391174986235905,15.093546206717397,39.54102942958427,21.30391662078634,18.23711280879793,13.229640584396778,5.4084246529550475,7.82121593144173,45.25929673609425,30.407365271058378,14.851931465035872
Co,8,30,11,33,20.0,8.4,concordant,True,,21.4847211929533,7.637470943529394,13.847250249423908,39.54102942958427,12.815417345922206,26.725612083662064,13.229640584396778,4.995195352896592,8.234445231500185,45.25929673609425,29.445362080232538,15.813934655861711
Co,8,31,11,34,20.0,16.4,concordant,True,,21.4847211929533,6.431612898328506,15.053108294624796,39.54102942958427,13.87874362270888,25.66228580687539,13.229640584396778,5.614517543964788,7.61512304043199,45.25929673609425,28.87466165467606,16.38463508141819
Co,8,32,11,35,20.0,7.9,concordant,True,,21.4847211929533,9.113477403451922,12.37124378950138,39.54102942958427,14.095511717338974,25.445517712245298,13.229640584396778,1.60412250354258,11.625518080854198,45.25929673609425,29.73796333490476,15.52133340118949
Co,9,17,12,20,8.7,8.0,concordant,True,,16.899235605194693,10.3257606659421,6.573474939252593,31.012882923818832,20.2913203784211,10.721562545397731,14.14354424141086,6.4620571465453756,7.681487094865484,36.773215027668236,26.945559045028837,9.8276559826394
Co,9,18,12,21,8.7,9.7,reversal,True,,16.899235605194693,10.019714040592307,6.879521564602387,31.012882923818832,13.978119587492973,17.03476333632586,14.14354424141086,8.416207459238489,5.727336782172371,36.773215027668236,31.654989249673118,5.118225777995118
Co,9,19,12,22,8.7,14.5,reversal,True,,16.899235605194693,9.501320726194882,7.397914878999812,31.012882923818832,18.402558038103773,12.610324885715059,14.14354424141086,6.29685052266251,7.84669371874835,36.773215027668236,28.538951562389766,8.23426346527847
Co,9,20,12,23,8.7,7.7,concordant,True,,16.899235605194693,11.325838786525066,5.573396818669627,31.012882923818832,11.325838786525066,19.687044137293768,14.14354424141086,7.336947769470919,6.80659647193994,36.773215027668236,20.622772108783128,16.15044291888511
Co,9,21,12,24,8.7,5.6,concordant,True,,16.899235605194693,10.8100456583036,6.089189946891093,31.012882923818832,10.727526225797465,20.285356698021367,14.14354424141086,4.273637978212432,9.869906263198427,36.773215027668236,11.480164765002021,25.293050262666213
Co,9,22,12,25,8.7,7.8,concordant,True,,16.899235605194693,13.010442449946895,3.8887931552477983,31.012882923818832,12.359920327449549,18.652962596369285,14.14354424141086,6.417180636966286,7.726363604444574,36.773215027668236,23.1207243537756,13.652490673892636
Co,9,23,12,26,8.7,8.9,reversal,True,,16.899235605194693,7.981875403471961,8.917360201722733,31.012882923818832,7.981875403471961,23.031007520346872,14.14354424141086,4.670927979195009,9.472616262215851,36.773215027668236,11.81470018266973,24.958514844998504
Co,9,24,12,27,8.7,12.1,reversal,True,,16.899235605194693,11.634729198940875,5.264506406253819,31.012882923818832,16.77078082730217,14.242102096516664,14.14354424141086,5.109117131289575,9.034427110121285,36.773215027668236,26.184225297859076,10.58898972980916
Co,9,25,12,28,8.7,8.8,reversal,True,,16.899235605194693,15.739045307954584,1.16019029724011,31.012882923818832,20.089675718283488,10.923207205535345,14.14354424141086,8.446133704991105,5.6974105364197545,36.773215027668236,18.581494150980433,18.191720876687803
Co,9,26,12,29,8.7,11.53,reversal,True,,16.899235605194693,9.900378483356517,6.998857121838176,31.012882923818832,21.931218159334062,9.08166476448477,14.14354424141086,5.090448160114336,9.053096081296523,36.773215027668236,23.03427792451737,13.738937103150867
Co,9,27,12,30,8.7,3.5,concordant,True,,16.899235605194693,7.8004488508829715,9.098786754311721,31.012882923818832,9.126525155533079,21.886357768285755,14.14354424141086,5.78247514815919,8.36106909325167,36.773215027668236,6.970654973123409,29.802560054544827
Co,9,28,12,31,8.7,7.4,concordant,True,,16.899235605194693,10.855210718411925,6.044024886782768,31.012882923818832,15.369258739929755,15.643624183889077,14.14354424141086,7.530733806795779,6.6128104346150804,36.773215027668236,18.990546121485007,17.78266890618323
Co,9,29,12,32,8.7,11.4,reversal,True,,16.899235605194693,6.391174986235905,10.508060618958789,31.012882923818832,21.30391662078634,9.708966303032494,14.14354424141086,5.4084246529550475,8.735119588455813,36.773215027668236,30.407365271058378,6.365849756609858
Co,9,30,12,33,8.7,8.4,concordant,True,,16.899235605194693,7.637470943529394,9.2617646616653,31.012882923818832,12.815417345922206,18.197465577896626,14.14354424141086,4.995195352896592,9.148348888514267,36.773215027668236,29.445362080232538,7.327852947435698
Co,9,31,12,34,8.7,16.4,reversal,True,,16.899235605194693,6.431612898328506,10.467622706866187,31.012882923818832,13.87874362270888,17.134139301109954,14.14354424141086,5.614517543964788,8.52902669744607,36.773215027668236,28.87466165467606,7.8985533729921755
Co,9,32,12,35,8.7,7.9,concordant,True,,16.899235605194693,9.113477403451922,7.785758201742771,31.012882923818832,14.095511717338974,16.917371206479856,14.14354424141086,1.60412250354258,12.53942173786828,36.773215027668236,29.73796333490476,7.035251692763477
Co,10,17,13,20,9.55,8.0,concordant,True,,15.936278519559217,10.3257606659421,5.610517853617116,43.02795200280989,20.2913203784211,22.73663162438879,19.621851291729726,6.4620571465453756,13.15979414518435,41.46886097736693,26.945559045028837,14.523301932338093
Co,10,18,13,21,9.55,9.7,reversal,True,,15.936278519559217,10.019714040592307,5.91656447896691,43.02795200280989,13.978119587492973,29.049832415316917,19.621851291729726,8.416207459238489,11.205643832491237,41.46886097736693,31.654989249673118,9.813871727693812
Co,10,19,13,22,9.55,14.5,reversal,True,,15.936278519559217,9.501320726194882,6.434957793364335,43.02795200280989,18.402558038103773,24.625393964706117,19.621851291729726,6.29685052266251,13.325000769067216,41.46886097736693,28.538951562389766,12.929909414977164
Co,10,20,13,23,9.55,7.7,concordant,True,,15.936278519559217,11.325838786525066,4.61043973303415,43.02795200280989,11.325838786525066,31.702113216284822,19.621851291729726,7.336947769470919,12.284903522258807,41.46886097736693,20.622772108783128,20.846088868583802
Co,10,21,13,24,9.55,5.6,concordant,True,,15.936278519559217,10.8100456583036,5.126232861255616,43.02795200280989,10.727526225797465,32.30042577701242,19.621851291729726,4.273637978212432,15.348213313517295,41.46886097736693,11.480164765002021,29.988696212364907
Co,10,22,13,25,9.55,7.8,concordant,True,,15.936278519559217,13.010442449946895,2.9258360696123216,43.02795200280989,12.359920327449549,30.66803167536034,19.621851291729726,6.417180636966286,13.20467065476344,41.46886097736693,23.1207243537756,18.34813662359133
Co,10,23,13,26,9.55,8.9,concordant,True,,15.936278519559217,7.981875403471961,7.9544031160872555,43.02795200280989,7.981875403471961,35.04607659933793,19.621851291729726,4.670927979195009,14.950923312534716,41.46886097736693,11.81470018266973,29.654160794697198
Co,10,24,13,27,9.55,12.1,reversal,True,,15.936278519559217,11.634729198940875,4.301549320618342,43.02795200280989,16.77078082730217,26.25717117550772,19.621851291729726,5.109117131289575,14.51273416044015,41.46886097736693,26.184225297859076,15.284635679507854
Co,10,25,13,28,9.55,8.8,concordant,True,,15.936278519559217,15.739045307954584,0.19723321160463314,43.02795200280989,20.089675718283488,22.938276284526403,19.621851291729726,8.446133704991105,11.175717586738621,41.46886097736693,18.581494150980433,22.887366826386497
Co,10,26,13,29,9.55,11.53,reversal,True,,15.936278519559217,9.900378483356517,6.035900036202699,43.02795200280989,21.931218159334062,21.09673384347583,19.621851291729726,5.090448160114336,14.53140313161539,41.46886097736693,23.03427792451737,18.43458305284956
Co,10,27,13,30,9.55,3.5,concordant,True,,15.936278519559217,7.8004488508829715,8.135829668676244,43.02795200280989,9.126525155533079,33.90142684727681,19.621851291729726,5.78247514815919,13.839376143570536,41.46886097736693,6.970654973123409,34.49820600424352
Co,10,28,13,31,9.55,7.4,concordant,True,,15.936278519559217,10.855210718411925,5.081067801147292,43.02795200280989,15.369258739929755,27.658693262880135,19.621851291729726,7.530733806795779,12.091117484933946,41.46886097736693,18.990546121485007,22.478314855881923
Co,10,29,13,32,9.55,11.4,reversal,True,,15.936278519559217,6.391174986235905,9.545103533323312,43.02795200280989,21.30391662078634,21.72403538202355,19.621851291729726,5.4084246529550475,14.213426638774678,41.46886097736693,30.407365271058378,11.061495706308552
Co,10,30,13,33,9.55,8.4,concordant,True,,15.936278519559217,7.637470943529394,8.298807576029823,43.02795200280989,12.815417345922206,30.212534656887684,19.621851291729726,4.995195352896592,14.626655938833135,41.46886097736693,29.445362080232538,12.023498897134392
Co,10,31,13,34,9.55,16.4,reversal,True,,15.936278519559217,6.431612898328506,9.50466562123071,43.02795200280989,13.87874362270888,29.14920838010101,19.621851291729726,5.614517543964788,14.007333747764939,41.46886097736693,28.87466165467606,12.59419932269087
Co,10,32,13,35,9.55,7.9,concordant,True,,15.936278519559217,9.113477403451922,6.822801116107295,43.02795200280989,14.095511717338974,28.932440285470918,19.621851291729726,1.60412250354258,18.017728788187146,41.46886097736693,29.73796333490476,11.730897642462171
Co,11,1,14,4,10.1,9.5,concordant,True,,17.551512123122745,16.270840751952235,1.2806713711705093,44.65637894617304,34.698057989102956,9.958320957070086,21.20736065290279,8.42947171486682,12.77788893803597,43.317162184652496,30.457528154573875,12.85963403007862
Co,11,9,14,12,10.1,8.7,concordant,True,,17.551512123122745,16.899235605194693,0.6522765179280512,44.65637894617304,31.012882923818832,13.64349602235421,21.20736065290279,14.14354424141086,7.0638164114919295,43.317162184652496,36.773215027668236,6.5439471569842595
Co,11,10,14,13,10.1,9.55,concordant,True,,17.551512123122745,15.936278519559217,1.615233603563528,44.65637894617304,43.02795200280989,1.6284269433631522,21.20736065290279,19.621851291729726,1.585509361173063,43.317162184652496,41.46886097736693,1.8483012072855658
Co,11,15,14,18,10.1,9.44,concordant,True,,17.551512123122745,15.126140569965402,2.4253715531573423,44.65637894617304,27.908794572753067,16.747584373419976,21.20736065290279,20.9851867777447,0.22217387515808795,43.317162184652496,37.210846657444215,6.106315527208281
Co,11,17,14,20,10.1,8.0,concordant,True,,17.551512123122745,10.3257606659421,7.225751457180644,44.65637894617304,20.2913203784211,24.36505856775194,21.20736065290279,6.4620571465453756,14.745303506357413,43.317162184652496,26.945559045028837,16.37160313962366
Co,11,18,14,21,10.1,9.7,concordant,True,,17.551512123122745,10.019714040592307,7.531798082530438,44.65637894617304,13.978119587492973,30.67825935868007,21.20736065290279,8.416207459238489,12.7911531936643,43.317162184652496,31.654989249673118,11.662172934979377
Co,11,19,14,22,10.1,14.5,reversal,True,,17.551512123122745,9.501320726194882,8.050191396927863,44.65637894617304,18.402558038103773,26.25382090806927,21.20736065290279,6.29685052266251,14.91051013024028,43.317162184652496,28.538951562389766,14.77821062226273
Co,11,20,14,23,10.1,7.7,concordant,True,,17.551512123122745,11.325838786525066,6.225673336597678,44.65637894617304,11.325838786525066,33.330540159647974,21.20736065290279,7.336947769470919,13.87041288343187,43.317162184652496,20.622772108783128,22.694390075869368
Co,11,21,14,24,10.1,5.6,concordant,True,,17.551512123122745,10.8100456583036,6.741466464819144,44.65637894617304,10.727526225797465,33.92885272037557,21.20736065290279,4.273637978212432,16.933722674690358,43.317162184652496,11.480164765002021,31.836997419650473
Co,11,22,14,25,10.1,7.8,concordant,True,,17.551512123122745,13.010442449946895,4.5410696731758495,44.65637894617304,12.359920327449549,32.29645861872349,21.20736065290279,6.417180636966286,14.790180015936503,43.317162184652496,23.1207243537756,20.196437830876896
Co,11,23,14,26,10.1,8.9,concordant,True,,17.551512123122745,7.981875403471961,9.569636719650784,44.65637894617304,7.981875403471961,36.67450354270108,21.20736065290279,4.670927979195009,16.53643267370778,43.317162184652496,11.81470018266973,31.502462001982764
Co,11,24,14,27,10.1,12.1,reversal,True,,17.551512123122745,11.634729198940875,5.91678292418187,44.65637894617304,16.77078082730217,27.885598118870874,21.20736065290279,5.109117131289575,16.098243521613213,43.317162184652496,26.184225297859076,17.13293688679342
Co,11,25,14,28,10.1,8.8,concordant,True,,17.551512123122745,15.739045307954584,1.812466815168161,44.65637894617304,20.089675718283488,24.566703227889555,21.20736065290279,8.446133704991105,12.761226947911684,43.317162184652496,18.581494150980433,24.735668033672063
Co,11,26,14,29,10.1,11.53,reversal,True,,17.551512123122745,9.900378483356517,7.651133639766227,44.65637894617304,21.931218159334062,22.72516078683898,21.20736065290279,5.090448160114336,16.11691249278845,43.317162184652496,23.03427792451737,20.282884260135127
Co,11,27,14,30,10.1,3.5,concordant,True,,17.551512123122745,7.8004488508829715,9.751063272239772,44.65637894617304,9.126525155533079,35.52985379063996,21.20736065290279,5.78247514815919,15.4248855047436,43.317162184652496,6.970654973123409,36.34650721152909
Co,11,28,14,31,10.1,7.4,concordant,True,,17.551512123122745,10.855210718411925,6.69630140471082,44.65637894617304,15.369258739929755,29.287120206243287,21.20736065290279,7.530733806795779,13.676626846107009,43.317162184652496,18.990546121485007,24.32661606316749
Co,11,29,14,32,10.1,11.4,reversal,True,,17.551512123122745,6.391174986235905,11.16033713688684,44.65637894617304,21.30391662078634,23.352462325386703,21.20736065290279,5.4084246529550475,15.79893599994774,43.317162184652496,30.407365271058378,12.909796913594118
Co,11,30,14,33,10.1,8.4,concordant,True,,17.551512123122745,7.637470943529394,9.914041179593351,44.65637894617304,12.815417345922206,31.840961600250836,21.20736065290279,4.995195352896592,16.2121653000062,43.317162184652496,29.445362080232538,13.871800104419957
Co,11,31,14,34,10.1,16.4,reversal,True,,17.551512123122745,6.431612898328506,11.119899224794239,44.65637894617304,13.87874362270888,30.77763532346416,21.20736065290279,5.614517543964788,15.592843108938002,43.317162184652496,28.87466165467606,14.442500529976435
Co,11,32,14,35,10.1,7.9,concordant,True,,17.551512123122745,9.113477403451922,8.438034719670823,44.65637894617304,14.095511717338974,30.56086722883407,21.20736065290279,1.60412250354258,19.60323814936021,43.317162184652496,29.73796333490476,13.579198849747737
Co,12,14,15,17,34.0,8.84,concordant,True,,18.125369220034166,17.887481828353646,0.23788739168051976,42.36532082754973,36.52027539955537,5.845045427994357,17.74067247318798,17.218316486477676,0.5223559867103056,28.385075957100764,22.516260020778496,5.868815936322267
Co,12,17,15,20,34.0,8.0,concordant,True,,18.125369220034166,10.3257606659421,7.799608554092066,42.36532082754973,20.2913203784211,22.07400044912863,17.74067247318798,6.4620571465453756,11.278615326642605,28.385075957100764,26.945559045028837,1.4395169120719267
Co,12,20,15,23,34.0,7.7,concordant,True,,18.125369220034166,11.325838786525066,6.7995304335091,42.36532082754973,11.325838786525066,31.039482041024662,17.74067247318798,7.336947769470919,10.403724703717062,28.385075957100764,20.622772108783128,7.762303848317636
Co,12,21,15,24,34.0,5.6,concordant,True,,18.125369220034166,10.8100456583036,7.315323561730565,42.36532082754973,10.727526225797465,31.637794601752265,17.74067247318798,4.273637978212432,13.46703449497555,28.385075957100764,11.480164765002021,16.904911192098744
Co,12,22,15,25,34.0,7.8,concordant,True,,18.125369220034166,13.010442449946895,5.114926770087271,42.36532082754973,12.359920327449549,30.00540050010018,17.74067247318798,6.417180636966286,11.323491836221695,28.385075957100764,23.1207243537756,5.264351603325164
Co,12,23,15,26,34.0,8.9,concordant,True,,18.125369220034166,7.981875403471961,10.143493816562206,42.36532082754973,7.981875403471961,34.38344542407777,17.74067247318798,4.670927979195009,13.069744493992971,28.385075957100764,11.81470018266973,16.570375774431035
Co,12,24,15,27,34.0,12.1,concordant,True,,18.125369220034166,11.634729198940875,6.4906400210932915,42.36532082754973,16.77078082730217,25.594540000247562,17.74067247318798,5.109117131289575,12.631555341898405,28.385075957100764,26.184225297859076,2.200850659241688
Co,12,25,15,28,34.0,8.8,concordant,True,,18.125369220034166,15.739045307954584,2.3863239120795825,42.36532082754973,20.089675718283488,22.275645109266243,17.74067247318798,8.446133704991105,9.294538768196876,28.385075957100764,18.581494150980433,9.80358180612033
Co,12,26,15,29,34.0,11.53,concordant,True,,18.125369220034166,9.900378483356517,8.224990736677649,42.36532082754973,21.931218159334062,20.43410266821567,17.74067247318798,5.090448160114336,12.650224313073645,28.385075957100764,23.03427792451737,5.350798032583395
Co,12,27,15,30,34.0,3.5,concordant,True,,18.125369220034166,7.8004488508829715,10.324920369151194,42.36532082754973,9.126525155533079,33.23879567201665,17.74067247318798,5.78247514815919,11.958197325028792,28.385075957100764,6.970654973123409,21.414420983977354
Co,12,28,15,31,34.0,7.4,concordant,True,,18.125369220034166,10.855210718411925,7.270158501622241,42.36532082754973,15.369258739929755,26.996062087619976,17.74067247318798,7.530733806795779,10.209938666392201,28.385075957100764,18.990546121485007,9.394529835615756
Co,13,5,16,8,8.4,10.5,reversal,True,,21.07706646847919,19.583251505424077,1.4938149630551152,32.81316029751874,28.20706868212459,4.606091615394153,19.944018425844934,16.70864577985724,3.2353726459876953,44.50921185280027,38.86057554392445,5.6486363088758225
Co,13,9,16,12,8.4,8.7,reversal,True,,21.07706646847919,16.899235605194693,4.177830863284498,32.81316029751874,31.012882923818832,1.8002773736999096,19.944018425844934,14.14354424141086,5.800474184434075,44.50921185280027,36.773215027668236,7.735996825132034
Co,13,17,16,20,8.4,8.0,concordant,True,,21.07706646847919,10.3257606659421,10.751305802537091,32.81316029751874,20.2913203784211,12.52183991909764,19.944018425844934,6.4620571465453756,13.481961279299558,44.50921185280027,26.945559045028837,17.563652807771433
Co,13,18,16,21,8.4,9.7,reversal,True,,21.07706646847919,10.019714040592307,11.057352427886885,32.81316029751874,13.978119587492973,18.83504071002577,19.944018425844934,8.416207459238489,11.527810966606445,44.50921185280027,31.654989249673118,12.854222603127152
Co,13,19,16,22,8.4,14.5,reversal,True,,21.07706646847919,9.501320726194882,11.57574574228431,32.81316029751874,18.402558038103773,14.410602259414969,19.944018425844934,6.29685052266251,13.647167903182424,44.50921185280027,28.538951562389766,15.970260290410504
Co,13,20,16,23,8.4,7.7,concordant,True,,21.07706646847919,11.325838786525066,9.751227681954125,32.81316029751874,11.325838786525066,21.487321510993674,19.944018425844934,7.336947769470919,12.607070656374015,44.50921185280027,20.622772108783128,23.886439744017142
Co,13,21,16,24,8.4,5.6,concordant,True,,21.07706646847919,10.8100456583036,10.267020810175591,32.81316029751874,10.727526225797465,22.085634071721277,19.944018425844934,4.273637978212432,15.670380447632503,44.50921185280027,11.480164765002021,33.02904708779825
Co,13,22,16,25,8.4,7.8,concordant,True,,21.07706646847919,13.010442449946895,8.066624018532297,32.81316029751874,12.359920327449549,20.45323997006919,19.944018425844934,6.417180636966286,13.526837788878648,44.50921185280027,23.1207243537756,21.38848749902467
Co,13,23,16,26,8.4,8.9,reversal,True,,21.07706646847919,7.981875403471961,13.095191065007231,32.81316029751874,7.981875403471961,24.83128489404678,19.944018425844934,4.670927979195009,15.273090446649924,44.50921185280027,11.81470018266973,32.69451167013054
Co,13,24,16,27,8.4,12.1,reversal,True,,21.07706646847919,11.634729198940875,9.442337269538317,32.81316029751874,16.77078082730217,16.042379470216574,19.944018425844934,5.109117131289575,14.834901294555358,44.50921185280027,26.184225297859076,18.324986554941194
Co,13,25,16,28,8.4,8.8,reversal,True,,21.07706646847919,15.739045307954584,5.338021160524608,32.81316029751874,20.089675718283488,12.723484579235254,19.944018425844934,8.446133704991105,11.497884720853829,44.50921185280027,18.581494150980433,25.927717701819837
Co,13,26,16,29,8.4,11.53,reversal,True,,21.07706646847919,9.900378483356517,11.176687985122674,32.81316029751874,21.931218159334062,10.88194213818468,19.944018425844934,5.090448160114336,14.853570265730598,44.50921185280027,23.03427792451737,21.4749339282829
Co,13,27,16,30,8.4,3.5,concordant,True,,21.07706646847919,7.8004488508829715,13.27661761759622,32.81316029751874,9.126525155533079,23.68663514198566,19.944018425844934,5.78247514815919,14.161543277685745,44.50921185280027,6.970654973123409,37.53855687967686
Co,13,28,16,31,8.4,7.4,concordant,True,,21.07706646847919,10.855210718411925,10.221855750067267,32.81316029751874,15.369258739929755,17.443901557588987,19.944018425844934,7.530733806795779,12.413284619049154,44.50921185280027,18.990546121485007,25.518665731315263
Co,13,29,16,32,8.4,11.4,reversal,True,,21.07706646847919,6.391174986235905,14.685891482243287,32.81316029751874,21.30391662078634,11.509243676732403,19.944018425844934,5.4084246529550475,14.535593772889886,44.50921185280027,30.407365271058378,14.101846581741892
Co,13,30,16,33,8.4,8.4,magnetic_tie,True,,21.07706646847919,7.637470943529394,13.439595524949798,32.81316029751874,12.815417345922206,19.997742951596535,19.944018425844934,4.995195352896592,14.948823072948343,44.50921185280027,29.445362080232538,15.063849772567732
Co,13,31,16,34,8.4,16.4,reversal,True,,21.07706646847919,6.431612898328506,14.645453570150686,32.81316029751874,13.87874362270888,18.93441667480986,19.944018425844934,5.614517543964788,14.329500881880147,44.50921185280027,28.87466165467606,15.63455019812421
Co,13,32,16,35,8.4,7.9,concordant,True,,21.07706646847919,9.113477403451922,11.96358906502727,32.81316029751874,14.095511717338974,18.71764858017977,19.944018425844934,1.60412250354258,18.339895922302354,44.50921185280027,29.73796333490476,14.771248517895511
Co,14,20,17,23,8.84,7.7,concordant,True,,17.887481828353646,11.325838786525066,6.56164304182858,36.52027539955537,11.325838786525066,25.194436613030305,17.218316486477676,7.336947769470919,9.881368717006756,22.516260020778496,20.622772108783128,1.8934879119953685
Co,14,21,17,24,8.84,5.6,concordant,True,,17.887481828353646,10.8100456583036,7.077436170050046,36.52027539955537,10.727526225797465,25.792749173757908,17.218316486477676,4.273637978212432,12.944678508265245,22.516260020778496,11.480164765002021,11.036095255776475
Co,14,23,17,26,8.84,8.9,reversal,True,,17.887481828353646,7.981875403471961,9.905606424881686,36.52027539955537,7.981875403471961,28.538399996083413,17.218316486477676,4.670927979195009,12.547388507282665,22.516260020778496,11.81470018266973,10.701559838108766
Co,14,25,17,28,8.84,8.8,concordant,True,,17.887481828353646,15.739045307954584,2.1484365203990627,36.52027539955537,20.089675718283488,16.430599681271886,17.218316486477676,8.446133704991105,8.77218278148657,22.516260020778496,18.581494150980433,3.9347658697980634
Co,14,27,17,30,8.84,3.5,concordant,True,,17.887481828353646,7.8004488508829715,10.087032977470674,36.52027539955537,9.126525155533079,27.393750244022293,17.218316486477676,5.78247514815919,11.435841338318486,22.516260020778496,6.970654973123409,15.545605047655087
Co,14,28,17,31,8.84,7.4,concordant,True,,17.887481828353646,10.855210718411925,7.032271109941721,36.52027539955537,15.369258739929755,21.15101665962562,17.218316486477676,7.530733806795779,9.687582679681896,22.516260020778496,18.990546121485007,3.525713899293489
Co,15,17,18,20,9.44,8.0,concordant,True,,15.126140569965402,10.3257606659421,4.800379904023302,27.908794572753067,20.2913203784211,7.617474194331965,20.9851867777447,6.4620571465453756,14.523129631199325,37.210846657444215,26.945559045028837,10.265287612415378
Co,15,18,18,21,9.44,9.7,reversal,True,,15.126140569965402,10.019714040592307,5.1064265293730955,27.908794572753067,13.978119587492973,13.930674985260094,20.9851867777447,8.416207459238489,12.568979318506212,37.210846657444215,31.654989249673118,5.5558574077710965
Co,15,19,18,22,9.44,14.5,reversal,True,,15.126140569965402,9.501320726194882,5.624819843770521,27.908794572753067,18.402558038103773,9.506236534649293,20.9851867777447,6.29685052266251,14.688336255082191,37.210846657444215,28.538951562389766,8.671895095054449
Co,15,20,18,23,9.44,7.7,concordant,True,,15.126140569965402,11.325838786525066,3.800301783440336,27.908794572753067,11.325838786525066,16.582955786228,20.9851867777447,7.336947769470919,13.648239008273782,37.210846657444215,20.622772108783128,16.588074548661087
Co,15,21,18,24,9.44,5.6,concordant,True,,15.126140569965402,10.8100456583036,4.316094911661802,27.908794572753067,10.727526225797465,17.1812683469556,20.9851867777447,4.273637978212432,16.71154879953227,37.210846657444215,11.480164765002021,25.730681892442192
Co,15,22,18,25,9.44,7.8,concordant,True,,15.126140569965402,13.010442449946895,2.115698120018507,27.908794572753067,12.359920327449549,15.548874245303518,20.9851867777447,6.417180636966286,14.568006140778415,37.210846657444215,23.1207243537756,14.090122303668615
Co,15,23,18,26,9.44,8.9,concordant,True,,15.126140569965402,7.981875403471961,7.144265166493441,27.908794572753067,7.981875403471961,19.926919169281106,20.9851867777447,4.670927979195009,16.31425879854969,37.210846657444215,11.81470018266973,25.396146474774483
Co,15,24,18,27,9.44,12.1,reversal,True,,15.126140569965402,11.634729198940875,3.491411371024528,27.908794572753067,16.77078082730217,11.138013745450898,20.9851867777447,5.109117131289575,15.876069646455125,37.210846657444215,26.184225297859076,11.026621359585139
Co,15,26,18,29,9.44,11.53,reversal,True,,15.126140569965402,9.900378483356517,5.225762086608885,27.908794572753067,21.931218159334062,5.977576413419005,20.9851867777447,5.090448160114336,15.894738617630365,37.210846657444215,23.03427792451737,14.176568732926846
Co,15,27,18,30,9.44,3.5,concordant,True,,15.126140569965402,7.8004488508829715,7.325691719082431,27.908794572753067,9.126525155533079,18.782269417219986,20.9851867777447,5.78247514815919,15.202711629585512,37.210846657444215,6.970654973123409,30.240191684320806
Co,15,28,18,31,9.44,7.4,concordant,True,,15.126140569965402,10.855210718411925,4.270929851553477,27.908794572753067,15.369258739929755,12.539535832823312,20.9851867777447,7.530733806795779,13.454452970948921,37.210846657444215,18.990546121485007,18.220300535959208
Co,15,29,18,32,9.44,11.4,reversal,True,,15.126140569965402,6.391174986235905,8.734965583729497,27.908794572753067,21.30391662078634,6.604877951966728,20.9851867777447,5.4084246529550475,15.576762124789653,37.210846657444215,30.407365271058378,6.803481386385837
Co,15,30,18,33,9.44,8.4,concordant,True,,15.126140569965402,7.637470943529394,7.488669626436009,27.908794572753067,12.815417345922206,15.09337722683086,20.9851867777447,4.995195352896592,15.98999142484811,37.210846657444215,29.445362080232538,7.7654845772116765
Co,15,31,18,34,9.44,16.4,reversal,True,,15.126140569965402,6.431612898328506,8.694527671636896,27.908794572753067,13.87874362270888,14.030050950044187,20.9851867777447,5.614517543964788,15.370669233779914,37.210846657444215,28.87466165467606,8.336185002768154
Co,15,32,18,35,9.44,7.9,concordant,True,,15.126140569965402,9.113477403451922,6.01266316651348,27.908794572753067,14.095511717338974,13.813282855414093,20.9851867777447,1.60412250354258,19.38106427420212,37.210846657444215,29.73796333490476,7.472883322539456
Co,16,23,19,26,10.8,8.9,concordant,True,,8.972799093329105,7.981875403471961,0.9909236898571434,32.58542828630043,7.981875403471961,24.603552882828467,19.90186430803255,4.670927979195009,15.23093632883754,50.354114514299226,11.81470018266973,38.539414331629494
Co,16,27,19,30,10.8,3.5,concordant,True,,8.972799093329105,7.8004488508829715,1.1723502424461332,32.58542828630043,9.126525155533079,23.458903130767347,19.90186430803255,5.78247514815919,14.11938915987336,50.354114514299226,6.970654973123409,43.38345954117582
Co,16,29,19,32,10.8,11.4,reversal,True,,8.972799093329105,6.391174986235905,2.5816241070932,32.58542828630043,21.30391662078634,11.281511665514088,19.90186430803255,5.4084246529550475,14.493439655077502,50.354114514299226,30.407365271058378,19.94674924324085
Co,16,30,19,33,10.8,8.4,concordant,True,,8.972799093329105,7.637470943529394,1.335328149799711,32.58542828630043,12.815417345922206,19.77001094037822,19.90186430803255,4.995195352896592,14.90666895513596,50.354114514299226,29.445362080232538,20.908752434066688
Co,16,31,19,34,10.8,16.4,reversal,True,,8.972799093329105,6.431612898328506,2.5411861950005985,32.58542828630043,13.87874362270888,18.706684663591545,19.90186430803255,5.614517543964788,14.287346764067763,50.354114514299226,28.87466165467606,21.479452859623166
Co,17,23,20,26,8.0,8.9,reversal,True,,10.3257606659421,7.981875403471961,2.343885262470139,20.2913203784211,7.981875403471961,12.309444974949141,6.4620571465453756,4.670927979195009,1.7911291673503662,26.945559045028837,11.81470018266973,15.130858862359107
Co,17,27,20,30,8.0,3.5,concordant,True,,10.3257606659421,7.8004488508829715,2.525311815059129,20.2913203784211,9.126525155533079,11.164795222888023,6.4620571465453756,5.78247514815919,0.6795819983861859,26.945559045028837,6.970654973123409,19.974904071905428
Co,18,23,21,26,9.7,8.9,concordant,True,,10.019714040592307,7.981875403471961,2.0378386371203456,13.978119587492973,7.981875403471961,5.996244184021012,8.416207459238489,4.670927979195009,3.7452794800434797,31.654989249673118,11.81470018266973,19.84028906700339
Co,18,27,21,30,9.7,3.5,concordant,True,,10.019714040592307,7.8004488508829715,2.2192651897093354,13.978119587492973,9.126525155533079,4.851594431959894,8.416207459238489,5.78247514815919,2.6337323110792994,31.654989249673118,6.970654973123409,24.68433427654971
Co,18,30,21,33,9.7,8.4,concordant,True,,10.019714040592307,7.637470943529394,2.382243097062913,13.978119587492973,12.815417345922206,1.1627022415707664,8.416207459238489,4.995195352896592,3.4210121063418972,31.654989249673118,29.445362080232538,2.20962716944058
Co,18,31,21,34,9.7,16.4,reversal,True,,10.019714040592307,6.431612898328506,3.5881011422638007,13.978119587492973,13.87874362270888,0.09937596478409283,8.416207459238489,5.614517543964788,2.801689915273701,31.654989249673118,28.87466165467606,2.7803275949970576
Co,19,23,22,26,14.5,8.9,concordant,True,,9.501320726194882,7.981875403471961,1.5194453227229205,18.402558038103773,7.981875403471961,10.420682634631813,6.29685052266251,4.670927979195009,1.6259225434675004,28.538951562389766,11.81470018266973,16.724251379720037
Co,19,27,22,30,14.5,3.5,concordant,True,,9.501320726194882,7.8004488508829715,1.7008718753119103,18.402558038103773,9.126525155533079,9.276032882570695,6.29685052266251,5.78247514815919,0.5143753745033202,28.538951562389766,6.970654973123409,21.568296589266357
Co,20,21,23,24,7.7,5.6,concordant,True,,11.325838786525066,10.8100456583036,0.5157931282214658,11.325838786525066,10.727526225797465,0.5983125607276012,7.336947769470919,4.273637978212432,3.0633097912584875,20.622772108783128,11.480164765002021,9.142607343781107
Co,20,23,23,26,7.7,8.9,reversal,True,,11.325838786525066,7.981875403471961,3.3439633830531053,11.325838786525066,7.981875403471961,3.3439633830531053,7.336947769470919,4.670927979195009,2.66601979027591,20.622772108783128,11.81470018266973,8.808071926113398
Co,20,27,23,30,7.7,3.5,concordant,True,,11.325838786525066,7.8004488508829715,3.525389935642095,11.325838786525066,9.126525155533079,2.1993136309919876,7.336947769470919,5.78247514815919,1.5544726213117297,20.622772108783128,6.970654973123409,13.652117135659719
Co,22,21,25,24,7.8,5.6,concordant,True,,13.010442449946895,10.8100456583036,2.2003967916432945,12.359920327449549,10.727526225797465,1.6323941016520838,6.417180636966286,4.273637978212432,2.143542658753854,23.1207243537756,11.480164765002021,11.640559588773579
Co,22,23,25,26,7.8,8.9,reversal,True,,13.010442449946895,7.981875403471961,5.028567046474934,12.359920327449549,7.981875403471961,4.378044923977588,6.417180636966286,4.670927979195009,1.7462526577712767,23.1207243537756,11.81470018266973,11.30602417110587
Co,22,27,25,30,7.8,3.5,concordant,True,,13.010442449946895,7.8004488508829715,5.209993599063924,12.359920327449549,9.126525155533079,3.23339517191647,6.417180636966286,5.78247514815919,0.6347054888070964,23.1207243537756,6.970654973123409,16.15006938065219
Co,24,21,27,24,12.1,5.6,concordant,True,,11.634729198940875,10.8100456583036,0.8246835406372739,16.77078082730217,10.727526225797465,6.043254601504703,5.109117131289575,4.273637978212432,0.8354791530771433,26.184225297859076,11.480164765002021,14.704060532857055
Co,24,23,27,26,12.1,8.9,concordant,True,,11.634729198940875,7.981875403471961,3.6528537954689133,16.77078082730217,7.981875403471961,8.788905423830208,5.109117131289575,4.670927979195009,0.43818915209456577,26.184225297859076,11.81470018266973,14.369525115189345
Co,25,21,28,24,8.8,5.6,concordant,True,,15.739045307954584,10.8100456583036,4.928999649650983,20.089675718283488,10.727526225797465,9.362149492486022,8.446133704991105,4.273637978212432,4.172495726778673,18.581494150980433,11.480164765002021,7.101329385978412
Co,25,23,28,26,8.8,8.9,reversal,True,,15.739045307954584,7.981875403471961,7.757169904482622,20.089675718283488,7.981875403471961,12.107800314811527,8.446133704991105,4.670927979195009,3.775205725796096,18.581494150980433,11.81470018266973,6.766793968310703
Co,25,27,28,30,8.8,3.5,concordant,True,,15.739045307954584,7.8004488508829715,7.938596457071612,20.089675718283488,9.126525155533079,10.963150562750409,8.446133704991105,5.78247514815919,2.6636585568319155,18.581494150980433,6.970654973123409,11.610839177857024
Co,26,23,29,26,11.53,8.9,concordant,True,,9.900378483356517,7.981875403471961,1.9185030798845562,21.931218159334062,7.981875403471961,13.949342755862101,5.090448160114336,4.670927979195009,0.41952018091932697,23.03427792451737,11.81470018266973,11.219577741847639
Co,28,21,31,24,7.4,5.6,concordant,True,,10.855210718411925,10.8100456583036,0.04516506010832444,15.369258739929755,10.727526225797465,4.64173251413229,7.530733806795779,4.273637978212432,3.2570958285833473,18.990546121485007,11.480164765002021,7.510381356482986
Co,28,23,31,26,7.4,8.9,reversal,True,,10.855210718411925,7.981875403471961,2.873335314939964,15.369258739929755,7.981875403471961,7.387383336457794,7.530733806795779,4.670927979195009,2.85980582760077,18.990546121485007,11.81470018266973,7.175845938815277
Co,28,27,31,30,7.4,3.5,concordant,True,,10.855210718411925,7.8004488508829715,3.0547618675289536,15.369258739929755,9.126525155533079,6.242733584396676,7.530733806795779,5.78247514815919,1.7482586586365896,18.990546121485007,6.970654973123409,12.019891148361598
Fe,1,17,4,20,9.5,8.0,concordant,True,,33.04269918803673,15.436049492161194,17.606649695875532,8105.250893955193,2690.8999904829952,5414.350903472197,477.38004879558326,270.988424417941,206.39162437764224,11392.586649006997,7486.956712605187,3905.6299364018096
Fe,1,18,4,21,9.5,9.7,reversal,True,,33.04269918803673,27.44114420295477,5.6015549850819575,8105.250893955193,834.2107837698247,7271.040110185368,477.38004879558326,136.1603440927565,341.2197047028268,11392.586649006997,10034.821973711445,1357.7646752955516
Fe,1,19,4,22,9.5,14.5,reversal,True,,33.04269918803673,23.13495451693586,9.907744671100868,8105.250893955193,485.3713457653144,7619.879548189878,477.38004879558326,192.7141711260757,284.66587766950755,11392.586649006997,9082.939379405498,2309.647269601499
Fe,1,20,4,23,9.5,7.7,concordant,True,,33.04269918803673,23.724995314737,9.317703873299727,8105.250893955193,136.6883252792234,7968.5625686759695,477.38004879558326,114.31134106191465,363.0687077336686,11392.586649006997,10320.587709998845,1071.9989390081519
Fe,1,21,4,24,9.5,5.6,concordant,True,,33.04269918803673,17.208247976569343,15.834451211467385,8105.250893955193,80.38373369876912,8024.867160256424,477.38004879558326,82.74102794213479,394.63902085344847,11392.586649006997,8731.842394484962,2660.7442545220347
Fe,1,24,4,27,9.5,12.1,reversal,True,,33.04269918803673,23.00547734179644,10.03722184624029,8105.250893955193,548.0865371100514,7557.164356845141,477.38004879558326,132.97671518444974,344.4033336111335,11392.586649006997,9954.756013695489,1437.8306353115076
Fe,1,25,4,28,9.5,8.8,concordant,True,,33.04269918803673,20.041293148521568,13.00140603951516,8105.250893955193,413.4709645998558,7691.779929355337,477.38004879558326,340.4633967016699,136.91665209391334,11392.586649006997,9351.44668471275,2041.139964294247
Fe,1,26,4,29,9.5,11.53,reversal,True,,33.04269918803673,19.94416241474659,13.098536773290139,8105.250893955193,2234.8750877888774,5870.375806166316,477.38004879558326,303.4515034071659,173.92854538841738,11392.586649006997,8379.344463190137,3013.24218581686
Fe,1,27,4,30,9.5,3.5,concordant,True,,33.04269918803673,18.95000727227098,14.092691915765748,8105.250893955193,68.14714153682067,8037.103752418372,477.38004879558326,39.35770741163972,438.0223413839435,11392.586649006997,6201.328353853041,5191.258295153955
Fe,1,28,4,31,9.5,7.4,concordant,True,,33.04269918803673,30.612755123203616,2.429944064833112,8105.250893955193,135.26566217229507,7969.985231782897,477.38004879558326,278.12518608057854,199.25486271500472,11392.586649006997,9112.617646256029,2279.969002750968
Fe,1,29,4,32,9.5,11.4,reversal,True,,33.04269918803673,21.572245269466922,11.470453918569806,8105.250893955193,408.11677969096144,7697.134114264231,477.38004879558326,139.46707406771637,337.91297472786687,11392.586649006997,9767.464403567463,1625.1222454395338
Fe,1,30,4,33,9.5,8.4,concordant,True,,33.04269918803673,26.597462622738473,6.445236565298256,8105.250893955193,610.7744598639763,7494.476434091216,477.38004879558326,388.564749406734,88.81529938884927,11392.586649006997,9439.748270778942,1952.8383782280544
Fe,1,31,4,34,9.5,16.4,reversal,True,,33.04269918803673,24.03118938567283,9.0115098023639,8105.250893955193,231.30019783710097,7873.950696118091,477.38004879558326,139.43096341478923,337.94908538079403,11392.586649006997,9675.085151723435,1717.5014972835615
Fe,1,32,4,35,9.5,7.9,concordant,True,,33.04269918803673,16.974001748177255,16.068697439859474,8105.250893955193,299.4698879856987,7805.781005969494,477.38004879558326,69.83589290678641,407.54415588879687,11392.586649006997,9597.43020106932,1795.1564479376757
Fe,2,17,5,20,10.0,8.0,concordant,True,,25.112358718783277,15.436049492161194,9.676309226622083,6941.865104558875,2690.8999904829952,4250.96511407588,3942.79166232313,270.988424417941,3671.803237905189,9633.698504668268,7486.956712605187,2146.7417920630805
Fe,2,19,5,22,10.0,14.5,reversal,True,,25.112358718783277,23.13495451693586,1.977404201847417,6941.865104558875,485.3713457653144,6456.49375879356,3942.79166232313,192.7141711260757,3750.0774911970543,9633.698504668268,9082.939379405498,550.7591252627699
Fe,2,21,5,24,10.0,5.6,concordant,True,,25.112358718783277,17.208247976569343,7.904110742213934,6941.865104558875,80.38373369876912,6861.481370860106,3942.79166232313,82.74102794213479,3860.0506343809952,9633.698504668268,8731.842394484962,901.8561101833056
Fe,2,25,5,28,10.0,8.8,concordant,True,,25.112358718783277,20.041293148521568,5.071065570261709,6941.865104558875,413.4709645998558,6528.394139959019,3942.79166232313,340.4633967016699,3602.32826562146,9633.698504668268,9351.44668471275,282.25181995551793
Fe,2,26,5,29,10.0,11.53,reversal,True,,25.112358718783277,19.94416241474659,5.168196304036687,6941.865104558875,2234.8750877888774,4706.990016769998,3942.79166232313,303.4515034071659,3639.340158915964,9633.698504668268,8379.344463190137,1254.354041478131
Fe,2,27,5,30,10.0,3.5,concordant,True,,25.112358718783277,18.95000727227098,6.162351446512297,6941.865104558875,68.14714153682067,6873.717963022054,3942.79166232313,39.35770741163972,3903.43395491149,9633.698504668268,6201.328353853041,3432.370150815226
Fe,2,32,5,35,10.0,7.9,concordant,True,,25.112358718783277,16.974001748177255,8.138356970606022,6941.865104558875,299.4698879856987,6642.395216573176,3942.79166232313,69.83589290678641,3872.9557694163436,9633.698504668268,9597.43020106932,36.26830359894666
Fe,3,2,6,5,10.6,10.0,concordant,True,,35.01451209051252,25.112358718783277,9.902153371729241,7237.747226467156,6941.865104558875,295.8821219082811,4143.131300753285,3942.79166232313,200.33963843015545,10633.093853425944,9633.698504668268,999.3953487576764
Fe,3,17,6,20,10.6,8.0,concordant,True,,35.01451209051252,15.436049492161194,19.578462598351322,7237.747226467156,2690.8999904829952,4546.847235984161,4143.131300753285,270.988424417941,3872.142876335344,10633.093853425944,7486.956712605187,3146.137140820757
Fe,3,18,6,21,10.6,9.7,concordant,True,,35.01451209051252,27.44114420295477,7.5733678875577475,7237.747226467156,834.2107837698247,6403.536442697331,4143.131300753285,136.1603440927565,4006.970956660529,10633.093853425944,10034.821973711445,598.2718797144989
Fe,3,19,6,22,10.6,14.5,reversal,True,,35.01451209051252,23.13495451693586,11.879557573576658,7237.747226467156,485.3713457653144,6752.375880701841,4143.131300753285,192.7141711260757,3950.4171296272098,10633.093853425944,9082.939379405498,1550.1544740204463
Fe,3,20,6,23,10.6,7.7,concordant,True,,35.01451209051252,23.724995314737,11.289516775775517,7237.747226467156,136.6883252792234,7101.058901187933,4143.131300753285,114.31134106191465,4028.8199596913705,10633.093853425944,10320.587709998845,312.50614342709923
Fe,3,21,6,24,10.6,5.6,concordant,True,,35.01451209051252,17.208247976569343,17.806264113943175,7237.747226467156,80.38373369876912,7157.363492768387,4143.131300753285,82.74102794213479,4060.3902728111507,10633.093853425944,8731.842394484962,1901.251458940982
Fe,3,24,6,27,10.6,12.1,reversal,True,,35.01451209051252,23.00547734179644,12.00903474871608,7237.747226467156,548.0865371100514,6689.660689357104,4143.131300753285,132.97671518444974,4010.1545855688355,10633.093853425944,9954.756013695489,678.337839730455
Fe,3,25,6,28,10.6,8.8,concordant,True,,35.01451209051252,20.041293148521568,14.97321894199095,7237.747226467156,413.4709645998558,6824.2762618673005,4143.131300753285,340.4633967016699,3802.6679040516156,10633.093853425944,9351.44668471275,1281.6471687131943
Fe,3,26,6,29,10.6,11.53,reversal,True,,35.01451209051252,19.94416241474659,15.070349675765929,7237.747226467156,2234.8750877888774,5002.872138678278,4143.131300753285,303.4515034071659,3839.6797973461194,10633.093853425944,8379.344463190137,2253.7493902358074
Fe,3,27,6,30,10.6,3.5,concordant,True,,35.01451209051252,18.95000727227098,16.064504818241538,7237.747226467156,68.14714153682067,7169.6000849303355,4143.131300753285,39.35770741163972,4103.773593341645,10633.093853425944,6201.328353853041,4431.765499572903
Fe,3,28,6,31,10.6,7.4,concordant,True,,35.01451209051252,30.612755123203616,4.401756967308902,7237.747226467156,135.26566217229507,7102.481564294861,4143.131300753285,278.12518608057854,3865.0061146727066,10633.093853425944,9112.617646256029,1520.4762071699151
Fe,3,29,6,32,10.6,11.4,reversal,True,,35.01451209051252,21.572245269466922,13.442266821045596,7237.747226467156,408.11677969096144,6829.630446776195,4143.131300753285,139.46707406771637,4003.664226685569,10633.093853425944,9767.464403567463,865.6294498584812
Fe,3,30,6,33,10.6,8.4,concordant,True,,35.01451209051252,26.597462622738473,8.417049467774046,7237.747226467156,610.7744598639763,6626.9727666031795,4143.131300753285,388.564749406734,3754.5665513465515,10633.093853425944,9439.748270778942,1193.3455826470017
Fe,3,31,6,34,10.6,16.4,reversal,True,,35.01451209051252,24.03118938567283,10.98332270483969,7237.747226467156,231.30019783710097,7006.447028630055,4143.131300753285,139.43096341478923,4003.700337338496,10633.093853425944,9675.085151723435,958.0087017025089
Fe,3,32,6,35,10.6,7.9,concordant,True,,35.01451209051252,16.974001748177255,18.040510342335264,7237.747226467156,299.4698879856987,6938.277338481457,4143.131300753285,69.83589290678641,4073.295407846499,10633.093853425944,9597.43020106932,1035.663652356623
Fe,4,17,7,20,7.8,8.0,reversal,True,,41.456330122094776,15.436049492161194,26.02028062993358,7818.868421526957,2690.8999904829952,5127.968431043962,970.0107161901525,270.988424417941,699.0222917722115,12979.58257675485,7486.956712605187,5492.625864149663
Fe,4,18,7,21,7.8,9.7,reversal,True,,41.456330122094776,27.44114420295477,14.015185919140006,7818.868421526957,834.2107837698247,6984.657637757132,970.0107161901525,136.1603440927565,833.850372097396,12979.58257675485,10034.821973711445,2944.7606030434054
Fe,4,19,7,22,7.8,14.5,reversal,True,,41.456330122094776,23.13495451693586,18.321375605158916,7818.868421526957,485.3713457653144,7333.497075761642,970.0107161901525,192.7141711260757,777.2965450640768,12979.58257675485,9082.939379405498,3896.6431973493527
Fe,4,20,7,23,7.8,7.7,concordant,True,,41.456330122094776,23.724995314737,17.731334807357776,7818.868421526957,136.6883252792234,7682.180096247734,970.0107161901525,114.31134106191465,855.6993751282379,12979.58257675485,10320.587709998845,2658.9948667560056
Fe,4,21,7,24,7.8,5.6,concordant,True,,41.456330122094776,17.208247976569343,24.248082145525434,7818.868421526957,80.38373369876912,7738.484687828188,970.0107161901525,82.74102794213479,887.2696882480177,12979.58257675485,8731.842394484962,4247.7401822698885
Fe,4,23,7,26,7.8,8.9,reversal,True,,41.456330122094776,39.145742908296526,2.31058721379825,7818.868421526957,157.67035338063883,7661.198068146318,970.0107161901525,150.6023720221964,819.4083441679561,12979.58257675485,10527.90768954927,2451.6748872055796
Fe,4,24,7,27,7.8,12.1,reversal,True,,41.456330122094776,23.00547734179644,18.450852780298337,7818.868421526957,548.0865371100514,7270.781884416905,970.0107161901525,132.97671518444974,837.0340010057027,12979.58257675485,9954.756013695489,3024.8265630593614
Fe,4,25,7,28,7.8,8.8,reversal,True,,41.456330122094776,20.041293148521568,21.41503697357321,7818.868421526957,413.4709645998558,7405.397456927101,970.0107161901525,340.4633967016699,629.5473194884826,12979.58257675485,9351.44668471275,3628.1358920421007
Fe,4,26,7,29,7.8,11.53,reversal,True,,41.456330122094776,19.94416241474659,21.512167707348187,7818.868421526957,2234.8750877888774,5583.993333738079,970.0107161901525,303.4515034071659,666.5592127829866,12979.58257675485,8379.344463190137,4600.238113564714
Fe,4,27,7,30,7.8,3.5,concordant,True,,41.456330122094776,18.95000727227098,22.506322849823796,7818.868421526957,68.14714153682067,7750.721279990136,970.0107161901525,39.35770741163972,930.6530087785128,12979.58257675485,6201.328353853041,6778.254222901809
Fe,4,28,7,31,7.8,7.4,concordant,True,,41.456330122094776,30.612755123203616,10.84357499889116,7818.868421526957,135.26566217229507,7683.602759354661,970.0107161901525,278.12518608057854,691.8855301095739,12979.58257675485,9112.617646256029,3866.9649304988216
Fe,4,29,7,32,7.8,11.4,reversal,True,,41.456330122094776,21.572245269466922,19.884084852627854,7818.868421526957,408.11677969096144,7410.7516418359955,970.0107161901525,139.46707406771637,830.5436421224362,12979.58257675485,9767.464403567463,3212.1181731873876
Fe,4,30,7,33,7.8,8.4,reversal,True,,41.456330122094776,26.597462622738473,14.858867499356304,7818.868421526957,610.7744598639763,7208.09396166298,970.0107161901525,388.564749406734,581.4459667834185,12979.58257675485,9439.748270778942,3539.834305975908
Fe,4,31,7,34,7.8,16.4,reversal,True,,41.456330122094776,24.03118938567283,17.425140736421948,7818.868421526957,231.30019783710097,7587.568223689856,970.0107161901525,139.43096341478923,830.5797527753632,12979.58257675485,9675.085151723435,3304.4974250314153
Fe,4,32,7,35,7.8,7.9,reversal,True,,41.456330122094776,16.974001748177255,24.48232837391752,7818.868421526957,299.4698879856987,7519.398533541258,970.0107161901525,69.83589290678641,900.1748232833661,12979.58257675485,9597.43020106932,3382.1523756855295
Fe,5,17,8,20,10.5,8.0,concordant,True,,28.4631715024072,15.436049492161194,13.027122010246005,3373.8111965982434,2690.8999904829952,682.9112061152482,3468.8601922384482,270.988424417941,3197.871767820507,11547.168524397794,7486.956712605187,4060.2118117926066
Fe,5,18,8,21,10.5,9.7,concordant,True,,28.4631715024072,27.44114420295477,1.0220272994524287,3373.8111965982434,834.2107837698247,2539.6004128284185,3468.8601922384482,136.1603440927565,3332.6998481456917,11547.168524397794,10034.821973711445,1512.3465506863486
Fe,5,19,8,22,10.5,14.5,reversal,True,,28.4631715024072,23.13495451693586,5.3282169854713395,3373.8111965982434,485.3713457653144,2888.439850832929,3468.8601922384482,192.7141711260757,3276.1460211123726,11547.168524397794,9082.939379405498,2464.229144992296
Fe,5,20,8,23,10.5,7.7,concordant,True,,28.4631715024072,23.724995314737,4.738176187670199,3373.8111965982434,136.6883252792234,3237.12287131902,3468.8601922384482,114.31134106191465,3354.5488511765334,11547.168524397794,10320.587709998845,1226.5808143989489
Fe,5,21,8,24,10.5,5.6,concordant,True,,28.4631715024072,17.208247976569343,11.254923525837857,3373.8111965982434,80.38373369876912,3293.4274628994744,3468.8601922384482,82.74102794213479,3386.1191642963136,11547.168524397794,8731.842394484962,2815.3261299128317
Fe,5,24,8,27,10.5,12.1,reversal,True,,28.4631715024072,23.00547734179644,5.45769416061076,3373.8111965982434,548.0865371100514,2825.724659488192,3468.8601922384482,132.97671518444974,3335.8834770539984,11547.168524397794,9954.756013695489,1592.4125107023046
Fe,5,25,8,28,10.5,8.8,concordant,True,,28.4631715024072,20.041293148521568,8.421878353885631,3373.8111965982434,413.4709645998558,2960.3402319983875,3468.8601922384482,340.4633967016699,3128.3967955367784,11547.168524397794,9351.44668471275,2195.721839685044
Fe,5,26,8,29,10.5,11.53,reversal,True,,28.4631715024072,19.94416241474659,8.51900908766061,3373.8111965982434,2234.8750877888774,1138.936108809366,3468.8601922384482,303.4515034071659,3165.4086888312822,11547.168524397794,8379.344463190137,3167.824061207657
Fe,5,27,8,30,10.5,3.5,concordant,True,,28.4631715024072,18.95000727227098,9.51316423013622,3373.8111965982434,68.14714153682067,3305.664055061423,3468.8601922384482,39.35770741163972,3429.5024848268085,11547.168524397794,6201.328353853041,5345.840170544752
Fe,5,29,8,32,10.5,11.4,reversal,True,,28.4631715024072,21.572245269466922,6.890926232940277,3373.8111965982434,408.11677969096144,2965.694416907282,3468.8601922384482,139.46707406771637,3329.3931181707317,11547.168524397794,9767.464403567463,1779.7041208303308
Fe,5,30,8,33,10.5,8.4,concordant,True,,28.4631715024072,26.597462622738473,1.865708879668727,3373.8111965982434,610.7744598639763,2763.036736734267,3468.8601922384482,388.564749406734,3080.2954428317144,11547.168524397794,9439.748270778942,2107.4202536188513
Fe,5,31,8,34,10.5,16.4,reversal,True,,28.4631715024072,24.03118938567283,4.431982116734371,3373.8111965982434,231.30019783710097,3142.5109987611427,3468.8601922384482,139.43096341478923,3329.429228823659,11547.168524397794,9675.085151723435,1872.0833726743585
Fe,5,32,8,35,10.5,7.9,concordant,True,,28.4631715024072,16.974001748177255,11.489169754229945,3373.8111965982434,299.4698879856987,3074.3413086125447,3468.8601922384482,69.83589290678641,3399.024299331662,11547.168524397794,9597.43020106932,1949.7383233284727
Fe,6,9,9,12,9.7,8.7,concordant,True,,52.72076016764748,27.432380492152078,25.2883796754954,1591.3062099581757,775.8859855616148,815.4202243965609,723.027568013451,490.0979022254632,232.92966578798774,21008.787429760458,16205.314091866883,4803.473337893574
Fe,6,18,9,21,9.7,9.7,magnetic_tie,True,,52.72076016764748,27.44114420295477,25.279615964692706,1591.3062099581757,834.2107837698247,757.095426188351,723.027568013451,136.1603440927565,586.8672239206944,21008.787429760458,10034.821973711445,10973.965456049013
Fe,6,19,9,22,9.7,14.5,reversal,True,,52.72076016764748,23.13495451693586,29.585805650711617,1591.3062099581757,485.3713457653144,1105.9348641928614,723.027568013451,192.7141711260757,530.3133968873752,21008.787429760458,9082.939379405498,11925.84805035496
Fe,6,20,9,23,9.7,7.7,concordant,True,,52.72076016764748,23.724995314737,28.995764852910476,1591.3062099581757,136.6883252792234,1454.6178846789524,723.027568013451,114.31134106191465,608.7162269515363,21008.787429760458,10320.587709998845,10688.199719761613
Fe,6,21,9,24,9.7,5.6,concordant,True,,52.72076016764748,17.208247976569343,35.51251219107813,1591.3062099581757,80.38373369876912,1510.9224762594065,723.027568013451,82.74102794213479,640.2865400713162,21008.787429760458,8731.842394484962,12276.945035275496
Fe,6,22,9,25,9.7,7.8,concordant,True,,52.72076016764748,46.88283645797915,5.837923709668324,1591.3062099581757,621.0742071828081,970.2320027753676,723.027568013451,180.37554447780403,542.6520235356469,21008.787429760458,9615.619552625772,11393.167877134685
Fe,6,23,9,26,9.7,8.9,concordant,True,,52.72076016764748,39.145742908296526,13.57501725935095,1591.3062099581757,157.67035338063883,1433.635856577537,723.027568013451,150.6023720221964,572.4251959912546,21008.787429760458,10527.90768954927,10480.879740211187
Fe,6,24,9,27,9.7,12.1,reversal,True,,52.72076016764748,23.00547734179644,29.715282825851038,1591.3062099581757,548.0865371100514,1043.2196728481244,723.027568013451,132.97671518444974,590.0508528290012,21008.787429760458,9954.756013695489,11054.031416064969
Fe,6,25,9,28,9.7,8.8,concordant,True,,52.72076016764748,20.041293148521568,32.67946701912591,1591.3062099581757,413.4709645998558,1177.83524535832,723.027568013451,340.4633967016699,382.564171311781,21008.787429760458,9351.44668471275,11657.340745047708
Fe,6,27,9,30,9.7,3.5,concordant,True,,52.72076016764748,18.95000727227098,33.770752895376496,1591.3062099581757,68.14714153682067,1523.159068421355,723.027568013451,39.35770741163972,683.6698606018113,21008.787429760458,6201.328353853041,14807.459075907416
Fe,6,28,9,31,9.7,7.4,concordant,True,,52.72076016764748,30.612755123203616,22.10800504444386,1591.3062099581757,135.26566217229507,1456.0405477858806,723.027568013451,278.12518608057854,444.9023819328724,21008.787429760458,9112.617646256029,11896.169783504429
Fe,6,29,9,32,9.7,11.4,reversal,True,,52.72076016764748,21.572245269466922,31.148514898180554,1591.3062099581757,408.11677969096144,1183.1894302672142,723.027568013451,139.46707406771637,583.5604939457346,21008.787429760458,9767.464403567463,11241.323026192995
Fe,6,30,9,33,9.7,8.4,concordant,True,,52.72076016764748,26.597462622738473,26.123297544909004,1591.3062099581757,610.7744598639763,980.5317500941994,723.027568013451,388.564749406734,334.46281860671695,21008.787429760458,9439.748270778942,11569.039158981515
Fe,6,31,9,34,9.7,16.4,reversal,True,,52.72076016764748,24.03118938567283,28.68957078197465,1591.3062099581757,231.30019783710097,1360.0060121210747,723.027568013451,139.43096341478923,583.5966045986618,21008.787429760458,9675.085151723435,11333.702278037023
Fe,6,32,9,35,9.7,7.9,concordant,True,,52.72076016764748,16.974001748177255,35.746758419470225,1591.3062099581757,299.4698879856987,1291.836321972477,723.027568013451,69.83589290678641,653.1916751066645,21008.787429760458,9597.43020106932,11411.357228691137
Fe,7,9,10,12,8.7,8.7,magnetic_tie,True,,54.12366009744922,27.432380492152078,26.69127960529714,1405.2821746730565,775.8859855616148,629.3961891114417,733.0856461413434,490.0979022254632,242.98774391588023,19166.905136216727,16205.314091866883,2961.5910443498433
Fe,7,18,10,21,8.7,9.7,reversal,True,,54.12366009744922,27.44114420295477,26.682515894494447,1405.2821746730565,834.2107837698247,571.0713909032318,733.0856461413434,136.1603440927565,596.9253020485869,19166.905136216727,10034.821973711445,9132.083162505282
Fe,7,19,10,22,8.7,14.5,reversal,True,,54.12366009744922,23.13495451693586,30.988705580513358,1405.2821746730565,485.3713457653144,919.9108289077421,733.0856461413434,192.7141711260757,540.3714750152677,19166.905136216727,9082.939379405498,10083.965756811229
Fe,7,20,10,23,8.7,7.7,concordant,True,,54.12366009744922,23.724995314737,30.398664782712217,1405.2821746730565,136.6883252792234,1268.5938493938331,733.0856461413434,114.31134106191465,618.7743050794288,19166.905136216727,10320.587709998845,8846.317426217882
Fe,7,21,10,24,8.7,5.6,concordant,True,,54.12366009744922,17.208247976569343,36.91541212087988,1405.2821746730565,80.38373369876912,1324.8984409742873,733.0856461413434,82.74102794213479,650.3446181992086,19166.905136216727,8731.842394484962,10435.062741731765
Fe,7,22,10,25,8.7,7.8,concordant,True,,54.12366009744922,46.88283645797915,7.240823639470065,1405.2821746730565,621.0742071828081,784.2079674902484,733.0856461413434,180.37554447780403,552.7101016635394,19166.905136216727,9615.619552625772,9551.285583590954
Fe,7,23,10,26,8.7,8.9,reversal,True,,54.12366009744922,39.145742908296526,14.977917189152691,1405.2821746730565,157.67035338063883,1247.6118212924177,733.0856461413434,150.6023720221964,582.483274119147,19166.905136216727,10527.90768954927,8638.997446667456
Fe,7,24,10,27,8.7,12.1,reversal,True,,54.12366009744922,23.00547734179644,31.11818275565278,1405.2821746730565,548.0865371100514,857.1956375630051,733.0856461413434,132.97671518444974,600.1089309568937,19166.905136216727,9954.756013695489,9212.149122521238
Fe,7,25,10,28,8.7,8.8,reversal,True,,54.12366009744922,20.041293148521568,34.08236694892765,1405.2821746730565,413.4709645998558,991.8112100732008,733.0856461413434,340.4633967016699,392.6222494396735,19166.905136216727,9351.44668471275,9815.458451503977
Fe,7,27,10,30,8.7,3.5,concordant,True,,54.12366009744922,18.95000727227098,35.17365282517824,1405.2821746730565,68.14714153682067,1337.1350331362357,733.0856461413434,39.35770741163972,693.7279387297037,19166.905136216727,6201.328353853041,12965.576782363685
Fe,7,28,10,31,8.7,7.4,concordant,True,,54.12366009744922,30.612755123203616,23.5109049742456,1405.2821746730565,135.26566217229507,1270.0165125007613,733.0856461413434,278.12518608057854,454.9604600607649,19166.905136216727,9112.617646256029,10054.287489960698
Fe,7,29,10,32,8.7,11.4,reversal,True,,54.12366009744922,21.572245269466922,32.5514148279823,1405.2821746730565,408.11677969096144,997.165394982095,733.0856461413434,139.46707406771637,593.6185720736271,19166.905136216727,9767.464403567463,9399.440732649264
Fe,7,30,10,33,8.7,8.4,concordant,True,,54.12366009744922,26.597462622738473,27.526197474710745,1405.2821746730565,610.7744598639763,794.5077148090802,733.0856461413434,388.564749406734,344.52089673460944,19166.905136216727,9439.748270778942,9727.156865437784
Fe,7,31,10,34,8.7,16.4,reversal,True,,54.12366009744922,24.03118938567283,30.09247071177639,1405.2821746730565,231.30019783710097,1173.9819768359555,733.0856461413434,139.43096341478923,593.6546827265543,19166.905136216727,9675.085151723435,9491.819984493291
Fe,7,32,10,35,8.7,7.9,concordant,True,,54.12366009744922,16.974001748177255,37.14965834927196,1405.2821746730565,299.4698879856987,1105.8122866873578,733.0856461413434,69.83589290678641,663.249753234557,19166.905136216727,9597.43020106932,9569.474935147406
Fe,8,20,11,23,20.0,7.7,concordant,True,,64.56494997373328,23.724995314737,40.83995465899628,328.20516236647745,136.6883252792234,191.51683708725406,131.82010619637214,114.31134106191465,17.50876513445749,20623.8897344668,10320.587709998845,10303.302024467956
Fe,8,21,11,24,20.0,5.6,concordant,True,,64.56494997373328,17.208247976569343,47.35670199716394,328.20516236647745,80.38373369876912,247.82142866770835,131.82010619637214,82.74102794213479,49.079078254237345,20623.8897344668,8731.842394484962,11892.047339981838
Fe,8,27,11,30,20.0,3.5,concordant,True,,64.56494997373328,18.95000727227098,45.6149427014623,328.20516236647745,68.14714153682067,260.0580208296568,131.82010619637214,39.35770741163972,92.46239878473241,20623.8897344668,6201.328353853041,14422.561380613759
Fe,8,32,11,35,20.0,7.9,concordant,True,,64.56494997373328,16.974001748177255,47.59094822555602,328.20516236647745,299.4698879856987,28.735274380778776,131.82010619637214,69.83589290678641,61.984213289585725,20623.8897344668,9597.43020106932,11026.45953339748
Fe,9,19,12,22,8.7,14.5,reversal,True,,27.432380492152078,23.13495451693586,4.297425975216218,775.8859855616148,485.3713457653144,290.5146397963004,490.0979022254632,192.7141711260757,297.3837310993875,16205.314091866883,9082.939379405498,7122.374712461386
Fe,9,20,12,23,8.7,7.7,concordant,True,,27.432380492152078,23.724995314737,3.707385177415077,775.8859855616148,136.6883252792234,639.1976602823914,490.0979022254632,114.31134106191465,375.7865611635485,16205.314091866883,10320.587709998845,5884.7263818680385
Fe,9,21,12,24,8.7,5.6,concordant,True,,27.432380492152078,17.208247976569343,10.224132515582735,775.8859855616148,80.38373369876912,695.5022518628457,490.0979022254632,82.74102794213479,407.3568742833284,16205.314091866883,8731.842394484962,7473.471697381921
Fe,9,24,12,27,8.7,12.1,reversal,True,,27.432380492152078,23.00547734179644,4.426903150355638,775.8859855616148,548.0865371100514,227.79944845156342,490.0979022254632,132.97671518444974,357.12118704101346,16205.314091866883,9954.756013695489,6250.558078171394
Fe,9,25,12,28,8.7,8.8,reversal,True,,27.432380492152078,20.041293148521568,7.39108734363051,775.8859855616148,413.4709645998558,362.415020961759,490.0979022254632,340.4633967016699,149.63450552379328,16205.314091866883,9351.44668471275,6853.867407154134
Fe,9,27,12,30,8.7,3.5,concordant,True,,27.432380492152078,18.95000727227098,8.482373219881097,775.8859855616148,68.14714153682067,707.7388440247942,490.0979022254632,39.35770741163972,450.74019481382345,16205.314091866883,6201.328353853041,10003.985738013842
Fe,9,29,12,32,8.7,11.4,reversal,True,,27.432380492152078,21.572245269466922,5.860135222685155,775.8859855616148,408.11677969096144,367.76920587065337,490.0979022254632,139.46707406771637,350.6308281577468,16205.314091866883,9767.464403567463,6437.84968829942
Fe,9,30,12,33,8.7,8.4,concordant,True,,27.432380492152078,26.597462622738473,0.834917869413605,775.8859855616148,610.7744598639763,165.1115256976385,490.0979022254632,388.564749406734,101.5331528187292,16205.314091866883,9439.748270778942,6765.565821087941
Fe,9,31,12,34,8.7,16.4,reversal,True,,27.432380492152078,24.03118938567283,3.4011911064792493,775.8859855616148,231.30019783710097,544.5857877245138,490.0979022254632,139.43096341478923,350.66693881067397,16205.314091866883,9675.085151723435,6530.228940143448
Fe,9,32,12,35,8.7,7.9,concordant,True,,27.432380492152078,16.974001748177255,10.458378743974823,775.8859855616148,299.4698879856987,476.4160975759161,490.0979022254632,69.83589290678641,420.2620093186768,16205.314091866883,9597.43020106932,6607.883890797562
Fe,10,19,13,22,9.55,14.5,reversal,True,,62.69581856052475,23.13495451693586,39.56086404358889,680.6258062930565,485.3713457653144,195.25446052774208,285.8929326359929,192.7141711260757,93.1787615099172,19623.12462533003,9082.939379405498,10540.185245924533
Fe,10,20,13,23,9.55,7.7,concordant,True,,62.69581856052475,23.724995314737,38.97082324578775,680.6258062930565,136.6883252792234,543.9374810138331,285.8929326359929,114.31134106191465,171.58159157407826,19623.12462533003,10320.587709998845,9302.536915331186
Fe,10,21,13,24,9.55,5.6,concordant,True,,62.69581856052475,17.208247976569343,45.4875705839554,680.6258062930565,80.38373369876912,600.2420725942874,285.8929326359929,82.74102794213479,203.1519046938581,19623.12462533003,8731.842394484962,10891.282230845069
Fe,10,22,13,25,9.55,7.8,concordant,True,,62.69581856052475,46.88283645797915,15.812982102545597,680.6258062930565,621.0742071828081,59.55159911024839,285.8929326359929,180.37554447780403,105.51738815818888,19623.12462533003,9615.619552625772,10007.505072704258
Fe,10,23,13,26,9.55,8.9,concordant,True,,62.69581856052475,39.145742908296526,23.550075652228223,680.6258062930565,157.67035338063883,522.9554529124176,285.8929326359929,150.6023720221964,135.29056061379652,19623.12462533003,10527.90768954927,9095.21693578076
Fe,10,24,13,27,9.55,12.1,reversal,True,,62.69581856052475,23.00547734179644,39.69034121872831,680.6258062930565,548.0865371100514,132.5392691830051,285.8929326359929,132.97671518444974,152.91621745154316,19623.12462533003,9954.756013695489,9668.368611634542
Fe,10,27,13,30,9.55,3.5,concordant,True,,62.69581856052475,18.95000727227098,43.74581128825377,680.6258062930565,68.14714153682067,612.4786647562358,285.8929326359929,39.35770741163972,246.53522522435318,19623.12462533003,6201.328353853041,13421.79627147699
Fe,10,28,13,31,9.55,7.4,concordant,True,,62.69581856052475,30.612755123203616,32.08306343732113,680.6258062930565,135.26566217229507,545.3601441207614,285.8929326359929,278.12518608057854,7.767746555414362,19623.12462533003,9112.617646256029,10510.506979074002
Fe,10,29,13,32,9.55,11.4,reversal,True,,62.69581856052475,21.572245269466922,41.123573291057824,680.6258062930565,408.11677969096144,272.50902660209505,285.8929326359929,139.46707406771637,146.42585856827654,19623.12462533003,9767.464403567463,9855.660221762568
Fe,10,31,13,34,9.55,16.4,reversal,True,,62.69581856052475,24.03118938567283,38.664629174851925,680.6258062930565,231.30019783710097,449.3256084559555,285.8929326359929,139.43096341478923,146.46196922120367,19623.12462533003,9675.085151723435,9948.039473606595
Fe,10,32,13,35,9.55,7.9,concordant,True,,62.69581856052475,16.974001748177255,45.7218168123475,680.6258062930565,299.4698879856987,381.1559183073578,285.8929326359929,69.83589290678641,216.0570397292065,19623.12462533003,9597.43020106932,10025.69442426071
Fe,11,9,14,12,10.1,8.7,concordant,True,,61.042984100971125,27.432380492152078,33.61060360881905,1540.3815519229431,775.8859855616148,764.4955663613283,641.9051296867743,490.0979022254632,151.80722746131113,19115.372641410915,16205.314091866883,2910.058549544032
Fe,11,18,14,21,10.1,9.7,concordant,True,,61.042984100971125,27.44114420295477,33.60183989801635,1540.3815519229431,834.2107837698247,706.1707681531184,641.9051296867743,136.1603440927565,505.7447855940178,19115.372641410915,10034.821973711445,9080.55066769947
Fe,11,19,14,22,10.1,14.5,reversal,True,,61.042984100971125,23.13495451693586,37.90802958403526,1540.3815519229431,485.3713457653144,1055.0102061576288,641.9051296867743,192.7141711260757,449.1909585606986,19115.372641410915,9082.939379405498,10032.433262005417
Fe,11,20,14,23,10.1,7.7,concordant,True,,61.042984100971125,23.724995314737,37.317988786234125,1540.3815519229431,136.6883252792234,1403.6932266437198,641.9051296867743,114.31134106191465,527.5937886248597,19115.372641410915,10320.587709998845,8794.78493141207
Fe,11,21,14,24,10.1,5.6,concordant,True,,61.042984100971125,17.208247976569343,43.834736124401786,1540.3815519229431,80.38373369876912,1459.997818224174,641.9051296867743,82.74102794213479,559.1641017446395,19115.372641410915,8731.842394484962,10383.530246925953
Fe,11,22,14,25,10.1,7.8,concordant,True,,61.042984100971125,46.88283645797915,14.160147642991973,1540.3815519229431,621.0742071828081,919.307344740135,641.9051296867743,180.37554447780403,461.5295852089703,19115.372641410915,9615.619552625772,9499.753088785143
Fe,11,23,14,26,10.1,8.9,concordant,True,,61.042984100971125,39.145742908296526,21.8972411926746,1540.3815519229431,157.67035338063883,1382.7111985423044,641.9051296867743,150.6023720221964,491.30275766457794,19115.372641410915,10527.90768954927,8587.464951861644
Fe,11,24,14,27,10.1,12.1,reversal,True,,61.042984100971125,23.00547734179644,38.03750675917469,1540.3815519229431,548.0865371100514,992.2950148128917,641.9051296867743,132.97671518444974,508.9284145023246,19115.372641410915,9954.756013695489,9160.616627715426
Fe,11,25,14,28,10.1,8.8,concordant,True,,61.042984100971125,20.041293148521568,41.00169095244956,1540.3815519229431,413.4709645998558,1126.9105873230874,641.9051296867743,340.4633967016699,301.4417329851044,19115.372641410915,9351.44668471275,9763.925956698165
Fe,11,27,14,30,10.1,3.5,concordant,True,,61.042984100971125,18.95000727227098,42.092976828700145,1540.3815519229431,68.14714153682067,1472.2344103861224,641.9051296867743,39.35770741163972,602.5474222751346,19115.372641410915,6201.328353853041,12914.044287557874
Fe,11,28,14,31,10.1,7.4,concordant,True,,61.042984100971125,30.612755123203616,30.43022897776751,1540.3815519229431,135.26566217229507,1405.115889750648,641.9051296867743,278.12518608057854,363.7799436061958,19115.372641410915,9112.617646256029,10002.754995154886
Fe,11,29,14,32,10.1,11.4,reversal,True,,61.042984100971125,21.572245269466922,39.47073883150421,1540.3815519229431,408.11677969096144,1132.2647722319816,641.9051296867743,139.46707406771637,502.438055619058,19115.372641410915,9767.464403567463,9347.908237843452
Fe,11,30,14,33,10.1,8.4,concordant,True,,61.042984100971125,26.597462622738473,34.44552147823265,1540.3815519229431,610.7744598639763,929.6070920589668,641.9051296867743,388.564749406734,253.34038028004034,19115.372641410915,9439.748270778942,9675.624370631973
Fe,11,31,14,34,10.1,16.4,reversal,True,,61.042984100971125,24.03118938567283,37.011794715298294,1540.3815519229431,231.30019783710097,1309.0813540858421,641.9051296867743,139.43096341478923,502.4741662719851,19115.372641410915,9675.085151723435,9440.28748968748
Fe,11,32,14,35,10.1,7.9,concordant,True,,61.042984100971125,16.974001748177255,44.06898235279387,1540.3815519229431,299.4698879856987,1240.9116639372444,641.9051296867743,69.83589290678641,572.0692367799879,19115.372641410915,9597.43020106932,9517.942440341594
Fe,12,1,15,4,34.0,9.5,concordant,True,,35.260589423134455,33.04269918803673,2.2178902350977268,8118.517509720206,8105.250893955193,13.26661576501374,1100.5874717165393,477.38004879558326,623.2074229209561,12616.812155781496,11392.586649006997,1224.225506774499
Fe,12,17,15,20,34.0,8.0,concordant,True,,35.260589423134455,15.436049492161194,19.82453993097326,8118.517509720206,2690.8999904829952,5427.617519237211,1100.5874717165393,270.988424417941,829.5990472985983,12616.812155781496,7486.956712605187,5129.855443176309
Fe,12,18,15,21,34.0,9.7,concordant,True,,35.260589423134455,27.44114420295477,7.819445220179684,8118.517509720206,834.2107837698247,7284.306725950381,1100.5874717165393,136.1603440927565,964.4271276237828,12616.812155781496,10034.821973711445,2581.9901820700507
Fe,12,19,15,22,34.0,14.5,concordant,True,,35.260589423134455,23.13495451693586,12.125634906198595,8118.517509720206,485.3713457653144,7633.146163954892,1100.5874717165393,192.7141711260757,907.8733005904636,12616.812155781496,9082.939379405498,3533.872776375998
Fe,12,20,15,23,34.0,7.7,concordant,True,,35.260589423134455,23.724995314737,11.535594108397454,8118.517509720206,136.6883252792234,7981.829184440983,1100.5874717165393,114.31134106191465,986.2761306546247,12616.812155781496,10320.587709998845,2296.224445782651
Fe,12,21,15,24,34.0,5.6,concordant,True,,35.260589423134455,17.208247976569343,18.052341446565112,8118.517509720206,80.38373369876912,8038.133776021437,1100.5874717165393,82.74102794213479,1017.8464437744045,12616.812155781496,8731.842394484962,3884.9697612965338
Fe,12,24,15,27,34.0,12.1,concordant,True,,35.260589423134455,23.00547734179644,12.255112081338016,8118.517509720206,548.0865371100514,7570.430972610155,1100.5874717165393,132.97671518444974,967.6107565320896,12616.812155781496,9954.756013695489,2662.0561420860067
Fe,12,25,15,28,34.0,8.8,concordant,True,,35.260589423134455,20.041293148521568,15.219296274612887,8118.517509720206,413.4709645998558,7705.046545120351,1100.5874717165393,340.4633967016699,760.1240750148694,12616.812155781496,9351.44668471275,3265.365471068746
Fe,12,26,15,29,34.0,11.53,concordant,True,,35.260589423134455,19.94416241474659,15.316427008387866,8118.517509720206,2234.8750877888774,5883.6424219313285,1100.5874717165393,303.4515034071659,797.1359683093734,12616.812155781496,8379.344463190137,4237.467692591359
Fe,12,27,15,30,34.0,3.5,concordant,True,,35.260589423134455,18.95000727227098,16.310582150863475,8118.517509720206,68.14714153682067,8050.370368183386,1100.5874717165393,39.35770741163972,1061.2297643048996,12616.812155781496,6201.328353853041,6415.483801928454
Fe,12,28,15,31,34.0,7.4,concordant,True,,35.260589423134455,30.612755123203616,4.647834299930839,8118.517509720206,135.26566217229507,7983.251847547911,1100.5874717165393,278.12518608057854,822.4622856359608,12616.812155781496,9112.617646256029,3504.194509525467
Fe,12,29,15,32,34.0,11.4,concordant,True,,35.260589423134455,21.572245269466922,13.688344153667533,8118.517509720206,408.11677969096144,7710.400730029245,1100.5874717165393,139.46707406771637,961.120397648823,12616.812155781496,9767.464403567463,2849.347752214033
Fe,12,30,15,33,34.0,8.4,concordant,True,,35.260589423134455,26.597462622738473,8.663126800395982,8118.517509720206,610.7744598639763,7507.74304985623,1100.5874717165393,388.564749406734,712.0227223098053,12616.812155781496,9439.748270778942,3177.0638850025534
Fe,12,31,15,34,34.0,16.4,concordant,True,,35.260589423134455,24.03118938567283,11.229400037461627,8118.517509720206,231.30019783710097,7887.217311883105,1100.5874717165393,139.43096341478923,961.1565083017501,12616.812155781496,9675.085151723435,2941.7270040580606
Fe,12,32,15,35,34.0,7.9,concordant,True,,35.260589423134455,16.974001748177255,18.2865876749572,8118.517509720206,299.4698879856987,7819.047621734508,1100.5874717165393,69.83589290678641,1030.7515788097528,12616.812155781496,9597.43020106932,3019.381954712175
Fe,13,17,16,20,8.4,8.0,concordant,True,,33.520191294904244,15.436049492161194,18.084141802743048,8202.838744858514,2690.8999904829952,5511.938754375519,718.7608231759795,270.988424417941,447.77239875803843,10954.030271216685,7486.956712605187,3467.073558611498
Fe,13,18,16,21,8.4,9.7,reversal,True,,33.520191294904244,27.44114420295477,6.079047091949473,8202.838744858514,834.2107837698247,7368.6279610886895,718.7608231759795,136.1603440927565,582.6004790832229,10954.030271216685,10034.821973711445,919.2082975052399
Fe,13,19,16,22,8.4,14.5,reversal,True,,33.520191294904244,23.13495451693586,10.385236777968384,8202.838744858514,485.3713457653144,7717.4673990932,718.7608231759795,192.7141711260757,526.0466520499037,10954.030271216685,9082.939379405498,1871.0908918111872
Fe,13,20,16,23,8.4,7.7,concordant,True,,33.520191294904244,23.724995314737,9.795195980167243,8202.838744858514,136.6883252792234,8066.150419579291,718.7608231759795,114.31134106191465,604.4494821140648,10954.030271216685,10320.587709998845,633.4425612178402
Fe,13,21,16,24,8.4,5.6,concordant,True,,33.520191294904244,17.208247976569343,16.3119433183349,8202.838744858514,80.38373369876912,8122.4550111597455,718.7608231759795,82.74102794213479,636.0197952338447,10954.030271216685,8731.842394484962,2222.187876731723
Fe,13,24,16,27,8.4,12.1,reversal,True,,33.520191294904244,23.00547734179644,10.514713953107805,8202.838744858514,548.0865371100514,7654.752207748463,718.7608231759795,132.97671518444974,585.7841079915297,10954.030271216685,9954.756013695489,999.274257521196
Fe,13,25,16,28,8.4,8.8,reversal,True,,33.520191294904244,20.041293148521568,13.478898146382676,8202.838744858514,413.4709645998558,7789.367780258659,718.7608231759795,340.4633967016699,378.29742647430953,10954.030271216685,9351.44668471275,1602.5835865039353
Fe,13,26,16,29,8.4,11.53,reversal,True,,33.520191294904244,19.94416241474659,13.576028880157654,8202.838744858514,2234.8750877888774,5967.963657069637,718.7608231759795,303.4515034071659,415.30931976881357,10954.030271216685,8379.344463190137,2574.6858080265483
Fe,13,27,16,30,8.4,3.5,concordant,True,,33.520191294904244,18.95000727227098,14.570184022633264,8202.838744858514,68.14714153682067,8134.691603321694,718.7608231759795,39.35770741163972,679.4031157643398,10954.030271216685,6201.328353853041,4752.701917363644
Fe,13,28,16,31,8.4,7.4,concordant,True,,33.520191294904244,30.612755123203616,2.9074361717006276,8202.838744858514,135.26566217229507,8067.573082686219,718.7608231759795,278.12518608057854,440.6356370954009,10954.030271216685,9112.617646256029,1841.412624960656
Fe,13,29,16,32,8.4,11.4,reversal,True,,33.520191294904244,21.572245269466922,11.947946025437322,8202.838744858514,408.11677969096144,7794.721965167553,718.7608231759795,139.46707406771637,579.2937491082631,10954.030271216685,9767.464403567463,1186.5658676492221
Fe,13,30,16,33,8.4,8.4,magnetic_tie,True,,33.520191294904244,26.597462622738473,6.922728672165771,8202.838744858514,610.7744598639763,7592.064284994538,718.7608231759795,388.564749406734,330.19607376924546,10954.030271216685,9439.748270778942,1514.2820004377427
Fe,13,31,16,34,8.4,16.4,reversal,True,,33.520191294904244,24.03118938567283,9.489001909231416,8202.838744858514,231.30019783710097,7971.538547021413,718.7608231759795,139.43096341478923,579.3298597611902,10954.030271216685,9675.085151723435,1278.9451194932499
Fe,13,32,16,35,8.4,7.9,concordant,True,,33.520191294904244,16.974001748177255,16.54618954672699,8202.838744858514,299.4698879856987,7903.368856872816,718.7608231759795,69.83589290678641,648.924930269193,10954.030271216685,9597.43020106932,1356.600070147364
Fe,14,17,17,20,8.84,8.0,concordant,True,,22.04154942461055,15.436049492161194,6.605499932449357,4053.7367348708003,2690.8999904829952,1362.836744387805,4299.051295429783,270.988424417941,4028.0628710118417,10956.231993415986,7486.956712605187,3469.275280810799
Fe,14,21,17,24,8.84,5.6,concordant,True,,22.04154942461055,17.208247976569343,4.833301448041208,4053.7367348708003,80.38373369876912,3973.3530011720313,4299.051295429783,82.74102794213479,4216.310267487648,10956.231993415986,8731.842394484962,2224.389598931024
Fe,14,25,17,28,8.84,8.8,concordant,True,,22.04154942461055,20.041293148521568,2.000256276088983,4053.7367348708003,413.4709645998558,3640.2657702709444,4299.051295429783,340.4633967016699,3958.587898728113,10956.231993415986,9351.44668471275,1604.7853087032363
Fe,14,26,17,29,8.84,11.53,reversal,True,,22.04154942461055,19.94416241474659,2.0973870098639615,4053.7367348708003,2234.8750877888774,1818.861647081923,4299.051295429783,303.4515034071659,3995.599792022617,10956.231993415986,8379.344463190137,2576.8875302258493
Fe,14,27,17,30,8.84,3.5,concordant,True,,22.04154942461055,18.95000727227098,3.0915421523395707,4053.7367348708003,68.14714153682067,3985.58959333398,4299.051295429783,39.35770741163972,4259.693588018143,10956.231993415986,6201.328353853041,4754.903639562945
Fe,14,29,17,32,8.84,11.4,reversal,True,,22.04154942461055,21.572245269466922,0.4693041551436288,4053.7367348708003,408.11677969096144,3645.619955179839,4299.051295429783,139.46707406771637,4159.584221362066,10956.231993415986,9767.464403567463,1188.7675898485231
Fe,14,32,17,35,8.84,7.9,concordant,True,,22.04154942461055,16.974001748177255,5.067547676433296,4053.7367348708003,299.4698879856987,3754.2668468851016,4299.051295429783,69.83589290678641,4229.215402522997,10956.231993415986,9597.43020106932,1358.801792346665
Fe,15,20,18,23,9.44,7.7,concordant,True,,53.217910795261275,23.724995314737,29.492915480524275,170.29731454483607,136.6883252792234,33.60898926561268,149.5423293346842,114.31134106191465,35.230988272769565,20703.508976437206,10320.587709998845,10382.921266438361
Fe,15,21,18,24,9.44,5.6,concordant,True,,53.217910795261275,17.208247976569343,36.009662818691936,170.29731454483607,80.38373369876912,89.91358084606695,149.5423293346842,82.74102794213479,66.80130139254942,20703.508976437206,8731.842394484962,11971.666581952244
Fe,15,27,18,30,9.44,3.5,concordant,True,,53.217910795261275,18.95000727227098,34.267903522990295,170.29731454483607,68.14714153682067,102.1501730080154,149.5423293346842,39.35770741163972,110.18462192304449,20703.508976437206,6201.328353853041,14502.180622584165
Fe,16,17,19,20,10.8,8.0,concordant,True,,38.68928078635074,15.436049492161194,23.253231294189547,5004.292179979487,2690.8999904829952,2313.3921894964915,455.1912321088001,270.988424417941,184.20280769085906,15363.271058179507,7486.956712605187,7876.31434557432
Fe,16,18,19,21,10.8,9.7,concordant,True,,38.68928078635074,27.44114420295477,11.248136583395972,5004.292179979487,834.2107837698247,4170.081396209662,455.1912321088001,136.1603440927565,319.0308880160436,15363.271058179507,10034.821973711445,5328.449084468062
Fe,16,19,19,22,10.8,14.5,reversal,True,,38.68928078635074,23.13495451693586,15.554326269414883,5004.292179979487,485.3713457653144,4518.920834214172,455.1912321088001,192.7141711260757,262.47706098272437,15363.271058179507,9082.939379405498,6280.33167877401
Fe,16,20,19,23,10.8,7.7,concordant,True,,38.68928078635074,23.724995314737,14.964285471613742,5004.292179979487,136.6883252792234,4867.603854700264,455.1912321088001,114.31134106191465,340.8798910468854,15363.271058179507,10320.587709998845,5042.6833481806625
Fe,16,21,19,24,10.8,5.6,concordant,True,,38.68928078635074,17.208247976569343,21.4810328097814,5004.292179979487,80.38373369876912,4923.908446280718,455.1912321088001,82.74102794213479,372.4502041666653,15363.271058179507,8731.842394484962,6631.428663694545
Fe,16,24,19,27,10.8,12.1,reversal,True,,38.68928078635074,23.00547734179644,15.683803444554304,5004.292179979487,548.0865371100514,4456.205642869435,455.1912321088001,132.97671518444974,322.21451692435033,15363.271058179507,9954.756013695489,5408.515044484018
Fe,16,25,19,28,10.8,8.8,concordant,True,,38.68928078635074,20.041293148521568,18.647987637829175,5004.292179979487,413.4709645998558,4590.821215379631,455.1912321088001,340.4633967016699,114.72783540713016,15363.271058179507,9351.44668471275,6011.824373466758
Fe,16,26,19,29,10.8,11.53,reversal,True,,38.68928078635074,19.94416241474659,18.745118371604153,5004.292179979487,2234.8750877888774,2769.4170921906093,455.1912321088001,303.4515034071659,151.7397287016342,15363.271058179507,8379.344463190137,6983.926594989371
Fe,16,27,19,30,10.8,3.5,concordant,True,,38.68928078635074,18.95000727227098,19.739273514079763,5004.292179979487,68.14714153682067,4936.145038442666,455.1912321088001,39.35770741163972,415.8335246971603,15363.271058179507,6201.328353853041,9161.942704326466
Fe,16,28,19,31,10.8,7.4,concordant,True,,38.68928078635074,30.612755123203616,8.076525663147127,5004.292179979487,135.26566217229507,4869.026517807191,455.1912321088001,278.12518608057854,177.06604602822154,15363.271058179507,9112.617646256029,6250.653411923478
Fe,16,29,19,32,10.8,11.4,reversal,True,,38.68928078635074,21.572245269466922,17.11703551688382,5004.292179979487,408.11677969096144,4596.175400288525,455.1912321088001,139.46707406771637,315.7241580410837,15363.271058179507,9767.464403567463,5595.806654612044
Fe,16,30,19,33,10.8,8.4,concordant,True,,38.68928078635074,26.597462622738473,12.09181816361227,5004.292179979487,610.7744598639763,4393.51772011551,455.1912321088001,388.564749406734,66.62648270206608,15363.271058179507,9439.748270778942,5923.522787400565
Fe,16,31,19,34,10.8,16.4,reversal,True,,38.68928078635074,24.03118938567283,14.658091400677915,5004.292179979487,231.30019783710097,4772.9919821423855,455.1912321088001,139.43096341478923,315.76026869401085,15363.271058179507,9675.085151723435,5688.185906456072
Fe,16,32,19,35,10.8,7.9,concordant,True,,38.68928078635074,16.974001748177255,21.715279038173488,5004.292179979487,299.4698879856987,4704.822291993788,455.1912321088001,69.83589290678641,385.3553392020137,15363.271058179507,9597.43020106932,5765.840857110186
Fe,18,21,21,24,9.7,5.6,concordant,True,,27.44114420295477,17.208247976569343,10.232896226385428,834.2107837698247,80.38373369876912,753.8270500710556,136.1603440927565,82.74102794213479,53.41931615062171,10034.821973711445,8731.842394484962,1302.979579226483
Fe,18,24,21,27,9.7,12.1,reversal,True,,27.44114420295477,23.00547734179644,4.435666861158332,834.2107837698247,548.0865371100514,286.12424665977335,136.1603440927565,132.97671518444974,3.1836289083067584,10034.821973711445,9954.756013695489,80.06596001595608
Fe,18,27,21,30,9.7,3.5,concordant,True,,27.44114420295477,18.95000727227098,8.49113693068379,834.2107837698247,68.14714153682067,766.0636422330041,136.1603440927565,39.35770741163972,96.80263668111678,10034.821973711445,6201.328353853041,3833.4936198584037
Fe,18,32,21,35,9.7,7.9,concordant,True,,27.44114420295477,16.974001748177255,10.467142454777516,834.2107837698247,299.4698879856987,534.740895784126,136.1603440927565,69.83589290678641,66.32445118597009,10034.821973711445,9597.43020106932,437.3917726421241
Fe,19,21,22,24,14.5,5.6,concordant,True,,23.13495451693586,17.208247976569343,5.926706540366517,485.3713457653144,80.38373369876912,404.9876120665453,192.7141711260757,82.74102794213479,109.97314318394092,9082.939379405498,8731.842394484962,351.09698492053576
Fe,19,27,22,30,14.5,3.5,concordant,True,,23.13495451693586,18.95000727227098,4.18494724466488,485.3713457653144,68.14714153682067,417.2242042284937,192.7141711260757,39.35770741163972,153.356463714436,9082.939379405498,6201.328353853041,2881.6110255524563
Fe,20,21,23,24,7.7,5.6,concordant,True,,23.724995314737,17.208247976569343,6.516747338167658,136.6883252792234,80.38373369876912,56.30459158045427,114.31134106191465,82.74102794213479,31.570313119779854,10320.587709998845,8731.842394484962,1588.7453155138828
Fe,20,27,23,30,7.7,3.5,concordant,True,,23.724995314737,18.95000727227098,4.7749880424660205,136.6883252792234,68.14714153682067,68.54118374240272,114.31134106191465,39.35770741163972,74.95363365027492,10320.587709998845,6201.328353853041,4119.259356145803
Fe,22,21,25,24,7.8,5.6,concordant,True,,46.88283645797915,17.208247976569343,29.67458848140981,621.0742071828081,80.38373369876912,540.690473484039,180.37554447780403,82.74102794213479,97.63451653566923,9615.619552625772,8731.842394484962,883.7771581408106
Fe,22,27,25,30,7.8,3.5,concordant,True,,46.88283645797915,18.95000727227098,27.932829185708172,621.0742071828081,68.14714153682067,552.9270656459875,180.37554447780403,39.35770741163972,141.0178370661643,9615.619552625772,6201.328353853041,3414.291198772731
Fe,22,32,25,35,7.8,7.9,reversal,True,,46.88283645797915,16.974001748177255,29.908834709801898,621.0742071828081,299.4698879856987,321.6043191971094,180.37554447780403,69.83589290678641,110.53965157101761,9615.619552625772,9597.43020106932,18.189351556451584
Fe,23,20,26,23,8.9,7.7,concordant,True,,39.145742908296526,23.724995314737,15.420747593559526,157.67035338063883,136.6883252792234,20.982028101415438,150.6023720221964,114.31134106191465,36.291030960281745,10527.90768954927,10320.587709998845,207.31997955042607
Fe,23,21,26,24,8.9,5.6,concordant,True,,39.145742908296526,17.208247976569343,21.937494931727183,157.67035338063883,80.38373369876912,77.28661968186971,150.6023720221964,82.74102794213479,67.8613440800616,10527.90768954927,8731.842394484962,1796.0652950643089
Fe,23,27,26,30,8.9,3.5,concordant,True,,39.145742908296526,18.95000727227098,20.195735636025546,157.67035338063883,68.14714153682067,89.52321184381816,150.6023720221964,39.35770741163972,111.24466461055667,10527.90768954927,6201.328353853041,4326.5793356962295
Fe,24,21,27,24,12.1,5.6,concordant,True,,23.00547734179644,17.208247976569343,5.797229365227096,548.0865371100514,80.38373369876912,467.7028034112823,132.97671518444974,82.74102794213479,50.23568724231495,9954.756013695489,8731.842394484962,1222.913619210527
Fe,24,27,27,30,12.1,3.5,concordant,True,,23.00547734179644,18.95000727227098,4.055470069525459,548.0865371100514,68.14714153682067,479.93939557323074,132.97671518444974,39.35770741163972,93.61900777281002,9954.756013695489,6201.328353853041,3753.4276598424476
Fe,24,32,27,35,12.1,7.9,concordant,True,,23.00547734179644,16.974001748177255,6.031475593619184,548.0865371100514,299.4698879856987,248.6166491243527,132.97671518444974,69.83589290678641,63.14082227766333,9954.756013695489,9597.43020106932,357.32581262616804
Fe,25,21,28,24,8.8,5.6,concordant,True,,20.041293148521568,17.208247976569343,2.833045171952225,413.4709645998558,80.38373369876912,333.0872309010867,340.4633967016699,82.74102794213479,257.72236875953513,9351.44668471275,8731.842394484962,619.6042902277877
Fe,25,27,28,30,8.8,3.5,concordant,True,,20.041293148521568,18.95000727227098,1.0912858762505877,413.4709645998558,68.14714153682067,345.3238230630351,340.4633967016699,39.35770741163972,301.1056892900302,9351.44668471275,6201.328353853041,3150.1183308597083
Fe,26,27,29,30,11.53,3.5,concordant,True,,19.94416241474659,18.95000727227098,0.9941551424756092,2234.8750877888774,68.14714153682067,2166.727946252057,303.4515034071659,39.35770741163972,264.0937959955262,8379.344463190137,6201.328353853041,2178.0161093370953
Fe,28,21,31,24,7.4,5.6,concordant,True,,30.612755123203616,17.208247976569343,13.404507146634273,135.26566217229507,80.38373369876912,54.881928473525946,278.12518608057854,82.74102794213479,195.38415813844375,9112.617646256029,8731.842394484962,380.7752517710669
Fe,28,27,31,30,7.4,3.5,concordant,True,,30.612755123203616,18.95000727227098,11.662747850932636,135.26566217229507,68.14714153682067,67.1185206354744,278.12518608057854,39.35770741163972,238.76747866893882,9112.617646256029,6201.328353853041,2911.2892924029875
Fe,29,21,32,24,11.4,5.6,concordant,True,,21.572245269466922,17.208247976569343,4.363997292897579,408.11677969096144,80.38373369876912,327.73304599219233,139.46707406771637,82.74102794213479,56.726046125581576,9767.464403567463,8731.842394484962,1035.6220090825009
Fe,29,27,32,30,11.4,3.5,concordant,True,,21.572245269466922,18.95000727227098,2.622237997195942,408.11677969096144,68.14714153682067,339.96963815414074,139.46707406771637,39.35770741163972,100.10936665607665,9767.464403567463,6201.328353853041,3566.1360497144215
Fe,29,32,32,35,11.4,7.9,concordant,True,,21.572245269466922,16.974001748177255,4.5982435212896675,408.11677969096144,299.4698879856987,108.64689170526276,139.46707406771637,69.83589290678641,69.63118116092996,9767.464403567463,9597.43020106932,170.0342024981419
Fe,30,19,33,22,8.4,14.5,reversal,True,,26.597462622738473,23.13495451693586,3.4625081058026126,610.7744598639763,485.3713457653144,125.40311409866189,388.564749406734,192.7141711260757,195.85057828065828,9439.748270778942,9082.939379405498,356.80889137344457
Fe,30,21,33,24,8.4,5.6,concordant,True,,26.597462622738473,17.208247976569343,9.38921464616913,610.7744598639763,80.38373369876912,530.3907261652072,388.564749406734,82.74102794213479,305.8237214645992,9439.748270778942,8731.842394484962,707.9058762939803
Fe,30,25,33,28,8.4,8.8,reversal,True,,26.597462622738473,20.041293148521568,6.5561694742169045,610.7744598639763,413.4709645998558,197.3034952641205,388.564749406734,340.4633967016699,48.10135270506407,9439.748270778942,9351.44668471275,88.30158606619261
Fe,30,27,33,30,8.4,3.5,concordant,True,,26.597462622738473,18.95000727227098,7.647455350467492,610.7744598639763,68.14714153682067,542.6273183271556,388.564749406734,39.35770741163972,349.2070419950943,9439.748270778942,6201.328353853041,3238.419916925901
Fe,31,21,34,24,16.4,5.6,concordant,True,,24.03118938567283,17.208247976569343,6.8229414091034855,231.30019783710097,80.38373369876912,150.91646413833183,139.43096341478923,82.74102794213479,56.68993547265444,9675.085151723435,8731.842394484962,943.2427572384731
Fe,31,27,34,30,16.4,3.5,concordant,True,,24.03118938567283,18.95000727227098,5.081182113401848,231.30019783710097,68.14714153682067,163.1530563002803,139.43096341478923,39.35770741163972,100.07325600314951,9675.085151723435,6201.328353853041,3473.7567978703937
Cd,2,1,5,4,10.0,9.5,concordant,True,,0.6617852846371289,0.0541546943660694,0.6076305902710595,0.5046112795358106,0.029538924199674216,0.47507235533613645,0.16544632115928223,0.027692741437194576,0.13775357972208765,0.17091937955592582,0.023613639997061835,0.14730573955886397
Cd,2,9,5,12,10.0,8.7,concordant,True,,0.6617852846371289,0.38564205440657806,0.2761432302305509,0.5046112795358106,0.32136837867214846,0.18324290086366218,0.16544632115928223,0.11997752803760209,0.045468793121680146,0.17091937955592582,0.11804424085595353,0.05287513869997229
Cd,2,11,5,14,10.0,10.1,reversal,True,,0.6617852846371289,0.04484260888015825,0.6169426757569707,0.5046112795358106,0.03119485835141443,0.4734164211843962,0.16544632115928223,0.02827034038096933,0.1371759807783129,0.17091937955592582,0.03069219238745799,0.14022718716846783
Cd,2,13,5,16,10.0,8.4,concordant,True,,0.6617852846371289,0.05477911626783168,0.6070061683692972,0.5046112795358106,0.03722170720762923,0.4673895723281814,0.16544632115928223,0.009832149073713383,0.15561417208556885,0.17091937955592582,0.0331670274508257,0.13775235210510012
Cd,2,14,5,17,10.0,8.84,concordant,True,,0.6617852846371289,0.05196093696722434,0.6098243476699046,0.5046112795358106,0.056291015047826375,0.4483202644879843,0.16544632115928223,0.0017948370229640264,0.16365148413631822,0.17091937955592582,0.024953210961985266,0.14596616859394054
Cd,2,15,5,18,10.0,9.44,concordant,True,,0.6617852846371289,0.06196123909112352,0.5998240455460054,0.5046112795358106,0.0559890714678827,0.44862220806792796,0.16544632115928223,0.009704772387766333,0.15574154877151591,0.17091937955592582,0.007344917053227457,0.16357446250269836
Cd,2,16,5,19,10.0,10.8,reversal,True,,0.6617852846371289,0.013233142087291816,0.6485521425498371,0.5046112795358106,0.061203282153724656,0.44340799738208597,0.16544632115928223,0.0215038558918492,0.14394246526743304,0.17091937955592582,0.039059719867134336,0.1318596596887915
Cd,2,17,5,20,10.0,8.0,concordant,True,,0.6617852846371289,0.057485255597107134,0.6043000290400218,0.5046112795358106,0.022290201149898686,0.482321078385912,0.16544632115928223,0.02463653811304591,0.14080978304623631,0.17091937955592582,0.030588005139948277,0.14033137441597754
Cd,2,18,5,21,10.0,9.7,concordant,True,,0.6617852846371289,0.04980733024295714,0.6119779543941718,0.5046112795358106,0.044524734611128346,0.4600865449246823,0.16544632115928223,0.0005731415974694137,0.16487317956181283,0.17091937955592582,0.04009479354844512,0.1308245860074807
Cd,2,19,5,22,10.0,14.5,reversal,True,,0.6617852846371289,0.039243660537889254,0.6225416240992396,0.5046112795358106,0.06238735777818293,0.4422239217576277,0.16544632115928223,0.0006978831770652806,0.16474843798221694,0.17091937955592582,0.032671098506862534,0.13824828104906328
Cd,2,20,5,23,10.0,7.7,concordant,True,,0.6617852846371289,0.06385888617203181,0.5979263984650971,0.5046112795358106,0.060956209527848554,0.4436550700079621,0.16544632115928223,0.0006652254481062645,0.16478109571117597,0.17091937955592582,0.009519678852013361,0.16139970070391246
Cd,2,21,5,24,10.0,5.6,concordant,True,,0.6617852846371289,0.05013838748481978,0.6116468971523091,0.5046112795358106,0.05720013220099157,0.44741114733481907,0.16544632115928223,0.026834629921452836,0.1386116912378294,0.17091937955592582,0.0008268503927358117,0.17009252916319
Cd,2,22,5,25,10.0,7.8,concordant,True,,0.6617852846371289,0.06597159384694934,0.5958136907901797,0.5046112795358106,0.017643565796277152,0.4869677137395335,0.16544632115928223,0.00383555778179938,0.16161076337748284,0.17091937955592582,0.04754928257497415,0.12337009698095167
Cd,2,23,5,26,10.0,8.9,concordant,True,,0.6617852846371289,0.04187149423733657,0.6199137903997923,0.5046112795358106,0.047024908912701065,0.4575863706231096,0.16544632115928223,0.00047023201844089845,0.16497608914084133,0.17091937955592582,0.04563336483152147,0.12528601472440434
Cd,2,26,5,29,10.0,11.53,reversal,True,,0.6617852846371289,0.08186706626988906,0.5799182183672399,0.5046112795358106,0.06627333936133878,0.43833794017447186,0.16544632115928223,0.0014533870800659068,0.16399293407921633,0.17091937955592582,0.1457533090475967,0.025166070508329114
Cd,2,27,5,30,10.0,3.5,concordant,True,,0.6617852846371289,0.04037402526186648,0.6214112593752624,0.5046112795358106,0.06751066519197346,0.4371006143438372,0.16544632115928223,0.025812901396931025,0.13963341976235122,0.17091937955592582,0.0013024081492290394,0.16961697140669676
Cd,2,28,5,31,10.0,7.4,concordant,True,,0.6617852846371289,0.07436549118993342,0.5874197934471955,0.5046112795358106,0.12856406951480012,0.3760472100210105,0.16544632115928223,0.0008715168451340958,0.16457480431414814,0.17091937955592582,0.06696657582421316,0.10395280373171266
Cd,2,32,5,35,10.0,7.9,concordant,True,,0.6617852846371289,0.047322584403479695,0.6144627002336492,0.5046112795358106,0.03748932011184755,0.46712195942396306,0.16544632115928223,0.0036280550952775483,0.16181826606400468,0.17091937955592582,0.0465600403893952,0.12435933916653061
Cd,3,1,6,4,10.6,9.5,concordant,True,,1.8138439159178705,0.0541546943660694,1.7596892215518012,2.2470006719579585,0.029538924199674216,2.2174617477582843,0.2707229725250552,0.027692741437194576,0.24303023108786065,0.3995409177455081,0.023613639997061835,0.37592727774844625
Cd,3,2,6,5,10.6,10.0,concordant,True,,1.8138439159178705,0.6617852846371289,1.1520586312807417,2.2470006719579585,0.5046112795358106,1.7423893924221479,0.2707229725250552,0.16544632115928223,0.105276651365773,0.3995409177455081,0.17091937955592582,0.22862153818958228
Cd,3,9,6,12,10.6,8.7,concordant,True,,1.8138439159178705,0.38564205440657806,1.4282018615112926,2.2470006719579585,0.32136837867214846,1.92563229328581,0.2707229725250552,0.11997752803760209,0.15074544448745314,0.3995409177455081,0.11804424085595353,0.2814966768895546
Cd,3,11,6,14,10.6,10.1,concordant,True,,1.8138439159178705,0.04484260888015825,1.7690013070377122,2.2470006719579585,0.03119485835141443,2.215805813606544,0.2707229725250552,0.02827034038096933,0.2424526321440859,0.3995409177455081,0.03069219238745799,0.36884872535805013
Cd,3,13,6,16,10.6,8.4,concordant,True,,1.8138439159178705,0.05477911626783168,1.7590647996500388,2.2470006719579585,0.03722170720762923,2.2097789647503294,0.2707229725250552,0.009832149073713383,0.26089082345134185,0.3995409177455081,0.0331670274508257,0.36637389029468237
Cd,3,14,6,17,10.6,8.84,concordant,True,,1.8138439159178705,0.05196093696722434,1.7618829789506463,2.2470006719579585,0.056291015047826375,2.190709656910132,0.2707229725250552,0.0017948370229640264,0.2689281355020912,0.3995409177455081,0.024953210961985266,0.3745877067835228
Cd,3,15,6,18,10.6,9.44,concordant,True,,1.8138439159178705,0.06196123909112352,1.751882676826747,2.2470006719579585,0.0559890714678827,2.191011600490076,0.2707229725250552,0.009704772387766333,0.2610182001372889,0.3995409177455081,0.007344917053227457,0.39219600069228067
Cd,3,16,6,19,10.6,10.8,reversal,True,,1.8138439159178705,0.013233142087291816,1.8006107738305788,2.2470006719579585,0.061203282153724656,2.1857973898042338,0.2707229725250552,0.0215038558918492,0.24921911663320603,0.3995409177455081,0.039059719867134336,0.36048119787837374
Cd,3,17,6,20,10.6,8.0,concordant,True,,1.8138439159178705,0.057485255597107134,1.7563586603207635,2.2470006719579585,0.022290201149898686,2.2247104708080596,0.2707229725250552,0.02463653811304591,0.2460864344120093,0.3995409177455081,0.030588005139948277,0.36895291260555985
Cd,3,18,6,21,10.6,9.7,concordant,True,,1.8138439159178705,0.04980733024295714,1.7640365856749134,2.2470006719579585,0.044524734611128346,2.20247593734683,0.2707229725250552,0.0005731415974694137,0.2701498309275858,0.3995409177455081,0.04009479354844512,0.35944612419706296
Cd,3,19,6,22,10.6,14.5,reversal,True,,1.8138439159178705,0.039243660537889254,1.7746002553799813,2.2470006719579585,0.06238735777818293,2.1846133141797757,0.2707229725250552,0.0006978831770652806,0.27002508934798997,0.3995409177455081,0.032671098506862534,0.3668698192386456
Cd,3,20,6,23,10.6,7.7,concordant,True,,1.8138439159178705,0.06385888617203181,1.7499850297458388,2.2470006719579585,0.060956209527848554,2.18604446243011,0.2707229725250552,0.0006652254481062645,0.27005774707694896,0.3995409177455081,0.009519678852013361,0.3900212388934947
Cd,3,21,6,24,10.6,5.6,concordant,True,,1.8138439159178705,0.05013838748481978,1.7637055284330507,2.2470006719579585,0.05720013220099157,2.189800539756967,0.2707229725250552,0.026834629921452836,0.2438883426036024,0.3995409177455081,0.0008268503927358117,0.39871406735277226
Cd,3,22,6,25,10.6,7.8,concordant,True,,1.8138439159178705,0.06597159384694934,1.7478723220709211,2.2470006719579585,0.017643565796277152,2.2293571061616815,0.2707229725250552,0.00383555778179938,0.26688741474325584,0.3995409177455081,0.04754928257497415,0.35199163517053395
Cd,3,23,6,26,10.6,8.9,concordant,True,,1.8138439159178705,0.04187149423733657,1.771972421680534,2.2470006719579585,0.047024908912701065,2.1999757630452574,0.2707229725250552,0.00047023201844089845,0.27025274050661435,0.3995409177455081,0.04563336483152147,0.3539075529139866
Cd,3,25,6,28,10.6,8.8,concordant,True,,1.8138439159178705,0.9374081246443066,0.876435791273564,2.2470006719579585,0.9793816227627085,1.26761904919525,0.2707229725250552,0.012672766990812108,0.2580502055342431,0.3995409177455081,0.12389144373526366,0.2756494740102444
Cd,3,26,6,29,10.6,11.53,reversal,True,,1.8138439159178705,0.08186706626988906,1.7319768496479815,2.2470006719579585,0.06627333936133878,2.1807273325966197,0.2707229725250552,0.0014533870800659068,0.2692695854449893,0.3995409177455081,0.1457533090475967,0.2537876086979114
Cd,3,27,6,30,10.6,3.5,concordant,True,,1.8138439159178705,0.04037402526186648,1.773469890656004,2.2470006719579585,0.06751066519197346,2.179490006765985,0.2707229725250552,0.025812901396931025,0.2449100711281242,0.3995409177455081,0.0013024081492290394,0.39823850959627904
Cd,3,28,6,31,10.6,7.4,concordant,True,,1.8138439159178705,0.07436549118993342,1.7394784247279371,2.2470006719579585,0.12856406951480012,2.1184366024431585,0.2707229725250552,0.0008715168451340958,0.26985145567992114,0.3995409177455081,0.06696657582421316,0.3325743419212949
Cd,3,32,6,35,10.6,7.9,concordant,True,,1.8138439159178705,0.047322584403479695,1.7665213315143908,2.2470006719579585,0.03748932011184755,2.209511351846111,0.2707229725250552,0.0036280550952775483,0.2670949174297777,0.3995409177455081,0.0465600403893952,0.3529808773561129
Cd,4,1,7,4,7.8,9.5,reversal,True,,2.4446916080130197,0.0541546943660694,2.39053691364695,5.438191536192228,0.029538924199674216,5.4086526119925535,0.5488083201661881,0.027692741437194576,0.5211155787289935,0.49087723940758576,0.023613639997061835,0.4672635994105239
Cd,4,2,7,5,7.8,10.0,reversal,True,,2.4446916080130197,0.6617852846371289,1.7829063233758906,5.438191536192228,0.5046112795358106,4.933580256656418,0.5488083201661881,0.16544632115928223,0.3833619990069058,0.49087723940758576,0.17091937955592582,0.3199578598516599
Cd,4,3,7,6,7.8,10.6,reversal,True,,2.4446916080130197,1.8138439159178705,0.6308476920951491,5.438191536192228,2.2470006719579585,3.1911908642342697,0.5488083201661881,0.2707229725250552,0.27808534764113285,0.49087723940758576,0.3995409177455081,0.09133632166207767
Cd,4,9,7,12,7.8,8.7,reversal,True,,2.4446916080130197,0.38564205440657806,2.0590495536064415,5.438191536192228,0.32136837867214846,5.11682315752008,0.5488083201661881,0.11997752803760209,0.428830792128586,0.49087723940758576,0.11804424085595353,0.3728329985516322
Cd,4,11,7,14,7.8,10.1,reversal,True,,2.4446916080130197,0.04484260888015825,2.3998489991328613,5.438191536192228,0.03119485835141443,5.406996677840814,0.5488083201661881,0.02827034038096933,0.5205379797852188,0.49087723940758576,0.03069219238745799,0.46018504702012775
Cd,4,13,7,16,7.8,8.4,reversal,True,,2.4446916080130197,0.05477911626783168,2.389912491745188,5.438191536192228,0.03722170720762923,5.400969828984599,0.5488083201661881,0.009832149073713383,0.5389761710924746,0.49087723940758576,0.0331670274508257,0.4577102119567601
Cd,4,14,7,17,7.8,8.84,reversal,True,,2.4446916080130197,0.05196093696722434,2.392730671045795,5.438191536192228,0.056291015047826375,5.381900521144402,0.5488083201661881,0.0017948370229640264,0.5470134831432241,0.49087723940758576,0.024953210961985266,0.4659240284456005
Cd,4,15,7,18,7.8,9.44,reversal,True,,2.4446916080130197,0.06196123909112352,2.382730368921896,5.438191536192228,0.0559890714678827,5.382202464724346,0.5488083201661881,0.009704772387766333,0.5391035477784217,0.49087723940758576,0.007344917053227457,0.4835323223543583
Cd,4,16,7,19,7.8,10.8,reversal,True,,2.4446916080130197,0.013233142087291816,2.431458465925728,5.438191536192228,0.061203282153724656,5.376988254038504,0.5488083201661881,0.0215038558918492,0.5273044642743389,0.49087723940758576,0.039059719867134336,0.4518175195404514
Cd,4,17,7,20,7.8,8.0,reversal,True,,2.4446916080130197,0.057485255597107134,2.3872063524159124,5.438191536192228,0.022290201149898686,5.41590133504233,0.5488083201661881,0.02463653811304591,0.5241717820531422,0.49087723940758576,0.030588005139948277,0.46028923426763746
Cd,4,18,7,21,7.8,9.7,reversal,True,,2.4446916080130197,0.04980733024295714,2.3948842777700623,5.438191536192228,0.044524734611128346,5.3936668015811,0.5488083201661881,0.0005731415974694137,0.5482351785687186,0.49087723940758576,0.04009479354844512,0.4507824458591406
Cd,4,19,7,22,7.8,14.5,reversal,True,,2.4446916080130197,0.039243660537889254,2.4054479474751305,5.438191536192228,0.06238735777818293,5.375804178414045,0.5488083201661881,0.0006978831770652806,0.5481104369891228,0.49087723940758576,0.032671098506862534,0.4582061409007232
Cd,4,20,7,23,7.8,7.7,concordant,True,,2.4446916080130197,0.06385888617203181,2.3808327218409877,5.438191536192228,0.060956209527848554,5.37723532666438,0.5488083201661881,0.0006652254481062645,0.5481430947180819,0.49087723940758576,0.009519678852013361,0.4813575605555724
Cd,4,21,7,24,7.8,5.6,concordant,True,,2.4446916080130197,0.05013838748481978,2.3945532205282,5.438191536192228,0.05720013220099157,5.380991403991237,0.5488083201661881,0.026834629921452836,0.5219736902447353,0.49087723940758576,0.0008268503927358117,0.49005038901484993
Cd,4,22,7,25,7.8,7.8,magnetic_tie,True,,2.4446916080130197,0.06597159384694934,2.3787200141660705,5.438191536192228,0.017643565796277152,5.420547970395951,0.5488083201661881,0.00383555778179938,0.5449727623843887,0.49087723940758576,0.04754928257497415,0.4433279568326116
Cd,4,23,7,26,7.8,8.9,reversal,True,,2.4446916080130197,0.04187149423733657,2.4028201137756833,5.438191536192228,0.047024908912701065,5.391166627279527,0.5488083201661881,0.00047023201844089845,0.5483380881477472,0.49087723940758576,0.04563336483152147,0.4452438745760643
Cd,4,24,7,27,7.8,12.1,reversal,True,,2.4446916080130197,0.721746721235355,1.7229448867776647,5.438191536192228,0.49720329685102244,4.9409882393412055,0.5488083201661881,0.005977069447922622,0.5428312507182654,0.49087723940758576,0.4181798222437265,0.07269741716385925
Cd,4,25,7,28,7.8,8.8,reversal,True,,2.4446916080130197,0.9374081246443066,1.5072834833687132,5.438191536192228,0.9793816227627085,4.45880991342952,0.5488083201661881,0.012672766990812108,0.536135553175376,0.49087723940758576,0.12389144373526366,0.3669857956723221
Cd,4,26,7,29,7.8,11.53,reversal,True,,2.4446916080130197,0.08186706626988906,2.3628245417431306,5.438191536192228,0.06627333936133878,5.371918196830889,0.5488083201661881,0.0014533870800659068,0.5473549330861222,0.49087723940758576,0.1457533090475967,0.34512393035998906
Cd,4,27,7,30,7.8,3.5,concordant,True,,2.4446916080130197,0.04037402526186648,2.4043175827511534,5.438191536192228,0.06751066519197346,5.370680871000255,0.5488083201661881,0.025812901396931025,0.522995418769257,0.49087723940758576,0.0013024081492290394,0.4895748312583567
Cd,4,28,7,31,7.8,7.4,concordant,True,,2.4446916080130197,0.07436549118993342,2.3703261168230862,5.438191536192228,0.12856406951480012,5.309627466677428,0.5488083201661881,0.0008715168451340958,0.547936803321054,0.49087723940758576,0.06696657582421316,0.4239106635833726
Cd,4,32,7,35,7.8,7.9,reversal,True,,2.4446916080130197,0.047322584403479695,2.39736902360954,5.438191536192228,0.03748932011184755,5.400702216080381,0.5488083201661881,0.0036280550952775483,0.5451802650709106,0.49087723940758576,0.0465600403893952,0.44431719901819056
Cd,5,1,8,4,10.5,9.5,concordant,True,,2.9743068978011302,0.0541546943660694,2.9201522034350607,2.544286623420244,0.029538924199674216,2.5147476992205697,1.3617308688728067,0.027692741437194576,1.3340381274356121,1.7276217374060543,0.023613639997061835,1.7040080974089924
Cd,5,2,8,5,10.5,10.0,concordant,True,,2.9743068978011302,0.6617852846371289,2.312521613164001,2.544286623420244,0.5046112795358106,2.0396753438844333,1.3617308688728067,0.16544632115928223,1.1962845477135244,1.7276217374060543,0.17091937955592582,1.5567023578501284
Cd,5,3,8,6,10.5,10.6,reversal,True,,2.9743068978011302,1.8138439159178705,1.1604629818832597,2.544286623420244,2.2470006719579585,0.2972859514622854,1.3617308688728067,0.2707229725250552,1.0910078963477514,1.7276217374060543,0.3995409177455081,1.3280808196605463
Cd,5,9,8,12,10.5,8.7,concordant,True,,2.9743068978011302,0.38564205440657806,2.588664843394552,2.544286623420244,0.32136837867214846,2.2229182447480955,1.3617308688728067,0.11997752803760209,1.2417533408352046,1.7276217374060543,0.11804424085595353,1.6095774965501009
Cd,5,11,8,14,10.5,10.1,concordant,True,,2.9743068978011302,0.04484260888015825,2.929464288920972,2.544286623420244,0.03119485835141443,2.5130917650688294,1.3617308688728067,0.02827034038096933,1.3334605284918373,1.7276217374060543,0.03069219238745799,1.6969295450185964
Cd,5,13,8,16,10.5,8.4,concordant,True,,2.9743068978011302,0.05477911626783168,2.9195277815332985,2.544286623420244,0.03722170720762923,2.507064916212615,1.3617308688728067,0.009832149073713383,1.3518987197990933,1.7276217374060543,0.0331670274508257,1.6944547099552285
Cd,5,14,8,17,10.5,8.84,concordant,True,,2.9743068978011302,0.05196093696722434,2.9223459608339057,2.544286623420244,0.056291015047826375,2.4879956083724175,1.3617308688728067,0.0017948370229640264,1.3599360318498426,1.7276217374060543,0.024953210961985266,1.702668526444069
Cd,5,15,8,18,10.5,9.44,concordant,True,,2.9743068978011302,0.06196123909112352,2.9123456587100067,2.544286623420244,0.0559890714678827,2.4882975519523614,1.3617308688728067,0.009704772387766333,1.3520260964850404,1.7276217374060543,0.007344917053227457,1.720276820352827
Cd,5,16,8,19,10.5,10.8,reversal,True,,2.9743068978011302,0.013233142087291816,2.9610737557138385,2.544286623420244,0.061203282153724656,2.483083341266519,1.3617308688728067,0.0215038558918492,1.3402270129809575,1.7276217374060543,0.039059719867134336,1.68856201753892
Cd,5,17,8,20,10.5,8.0,concordant,True,,2.9743068978011302,0.057485255597107134,2.916821642204023,2.544286623420244,0.022290201149898686,2.521996422270345,1.3617308688728067,0.02463653811304591,1.3370943307597607,1.7276217374060543,0.030588005139948277,1.697033732266106
Cd,5,18,8,21,10.5,9.7,concordant,True,,2.9743068978011302,0.04980733024295714,2.924499567558173,2.544286623420244,0.044524734611128346,2.4997618888091155,1.3617308688728067,0.0005731415974694137,1.3611577272753372,1.7276217374060543,0.04009479354844512,1.6875269438576093
Cd,5,19,8,22,10.5,14.5,reversal,True,,2.9743068978011302,0.039243660537889254,2.935063237263241,2.544286623420244,0.06238735777818293,2.481899265642061,1.3617308688728067,0.0006978831770652806,1.3610329856957415,1.7276217374060543,0.032671098506862534,1.6949506388991917
Cd,5,20,8,23,10.5,7.7,concordant,True,,2.9743068978011302,0.06385888617203181,2.9104480116290983,2.544286623420244,0.060956209527848554,2.4833304138923955,1.3617308688728067,0.0006652254481062645,1.3610656434247004,1.7276217374060543,0.009519678852013361,1.718102058554041
Cd,5,21,8,24,10.5,5.6,concordant,True,,2.9743068978011302,0.05013838748481978,2.9241685103163104,2.544286623420244,0.05720013220099157,2.4870864912192525,1.3617308688728067,0.026834629921452836,1.334896238951354,1.7276217374060543,0.0008268503927358117,1.7267948870133185
Cd,5,22,8,25,10.5,7.8,concordant,True,,2.9743068978011302,0.06597159384694934,2.908335303954181,2.544286623420244,0.017643565796277152,2.526643057623967,1.3617308688728067,0.00383555778179938,1.3578953110910073,1.7276217374060543,0.04754928257497415,1.6800724548310801
Cd,5,23,8,26,10.5,8.9,concordant,True,,2.9743068978011302,0.04187149423733657,2.932435403563794,2.544286623420244,0.047024908912701065,2.497261714507543,1.3617308688728067,0.00047023201844089845,1.3612606368543658,1.7276217374060543,0.04563336483152147,1.6819883725745328
Cd,5,24,8,27,10.5,12.1,reversal,True,,2.9743068978011302,0.721746721235355,2.2525601765657752,2.544286623420244,0.49720329685102244,2.0470833265692217,1.3617308688728067,0.005977069447922622,1.355753799424884,1.7276217374060543,0.4181798222437265,1.3094419151623278
Cd,5,25,8,28,10.5,8.8,concordant,True,,2.9743068978011302,0.9374081246443066,2.0368987731568238,2.544286623420244,0.9793816227627085,1.5649050006575353,1.3617308688728067,0.012672766990812108,1.3490581018819945,1.7276217374060543,0.12389144373526366,1.6037302936707907
Cd,5,26,8,29,10.5,11.53,reversal,True,,2.9743068978011302,0.08186706626988906,2.892439831531241,2.544286623420244,0.06627333936133878,2.478013284058905,1.3617308688728067,0.0014533870800659068,1.3602774817927408,1.7276217374060543,0.1457533090475967,1.5818684283584576
Cd,5,27,8,30,10.5,3.5,concordant,True,,2.9743068978011302,0.04037402526186648,2.933932872539264,2.544286623420244,0.06751066519197346,2.4767759582282705,1.3617308688728067,0.025812901396931025,1.3359179674758757,1.7276217374060543,0.0013024081492290394,1.7263193292568253
Cd,5,28,8,31,10.5,7.4,concordant,True,,2.9743068978011302,0.07436549118993342,2.899941406611197,2.544286623420244,0.12856406951480012,2.415722553905444,1.3617308688728067,0.0008715168451340958,1.3608593520276726,1.7276217374060543,0.06696657582421316,1.6606551615818412
Cd,5,29,8,32,10.5,11.4,reversal,True,,2.9743068978011302,1.475038785989064,1.4992681118120663,2.544286623420244,0.9764341259364224,1.5678524974838215,1.3617308688728067,0.16352342405517906,1.1982074448176276,1.7276217374060543,0.5314511281793319,1.1961706092267224
Cd,5,30,8,33,10.5,8.4,concordant,True,,2.9743068978011302,1.4303089711875026,1.5439979266136277,2.544286623420244,1.1735868481538483,1.3706997752663956,1.3617308688728067,0.10825087219049419,1.2534799966823125,1.7276217374060543,1.1546759700319382,0.5729457673741161
Cd,5,31,8,34,10.5,16.4,reversal,True,,2.9743068978011302,1.250408747455179,1.7238981503459512,2.544286623420244,1.3129291848279379,1.231357438592306,1.3617308688728067,0.24605199618170168,1.115678872691105,1.7276217374060543,0.5074822421247598,1.2201394952812945
Cd,5,32,8,35,10.5,7.9,concordant,True,,2.9743068978011302,0.047322584403479695,2.9269843133976505,2.544286623420244,0.03748932011184755,2.5067973033083963,1.3617308688728067,0.0036280550952775483,1.358102813777529,1.7276217374060543,0.0465600403893952,1.6810616970166592
Cd,6,1,9,4,9.7,9.5,concordant,True,,6.160263719590202,0.0541546943660694,6.106109025224133,4.293517137896202,0.029538924199674216,4.263978213696527,0.8400359617623003,0.027692741437194576,0.8123432203251058,5.601832230317573,0.023613639997061835,5.578218590320511
Cd,6,2,9,5,9.7,10.0,reversal,True,,6.160263719590202,0.6617852846371289,5.498478434953073,4.293517137896202,0.5046112795358106,3.788905858360391,0.8400359617623003,0.16544632115928223,0.6745896406030181,5.601832230317573,0.17091937955592582,5.430912850761647
Cd,6,3,9,6,9.7,10.6,reversal,True,,6.160263719590202,1.8138439159178705,4.346419803672331,4.293517137896202,2.2470006719579585,2.046516465938243,0.8400359617623003,0.2707229725250552,0.569312989237245,5.601832230317573,0.3995409177455081,5.202291312572065
Cd,6,9,9,12,9.7,8.7,concordant,True,,6.160263719590202,0.38564205440657806,5.774621665183624,4.293517137896202,0.32136837867214846,3.972148759224053,0.8400359617623003,0.11997752803760209,0.7200584337246982,5.601832230317573,0.11804424085595353,5.48378798946162
Cd,6,11,9,14,9.7,10.1,reversal,True,,6.160263719590202,0.04484260888015825,6.115421110710044,4.293517137896202,0.03119485835141443,4.2623222795447875,0.8400359617623003,0.02827034038096933,0.811765621381331,5.601832230317573,0.03069219238745799,5.571140037930115
Cd,6,12,9,15,9.7,34.0,reversal,True,,6.160263719590202,0.883651103169214,5.276612616420988,4.293517137896202,3.421797888868022,0.8717192490281795,0.8400359617623003,0.11280652380883584,0.7272294379534645,5.601832230317573,0.7399252556939756,4.861906974623597
Cd,6,13,9,16,9.7,8.4,concordant,True,,6.160263719590202,0.05477911626783168,6.10548460332237,4.293517137896202,0.03722170720762923,4.2562954306885725,0.8400359617623003,0.009832149073713383,0.8302038126885869,5.601832230317573,0.0331670274508257,5.568665202866748
Cd,6,14,9,17,9.7,8.84,concordant,True,,6.160263719590202,0.05196093696722434,6.108302782622978,4.293517137896202,0.056291015047826375,4.237226122848376,0.8400359617623003,0.0017948370229640264,0.8382411247393363,5.601832230317573,0.024953210961985266,5.576879019355587
Cd,6,15,9,18,9.7,9.44,concordant,True,,6.160263719590202,0.06196123909112352,6.098302480499078,4.293517137896202,0.0559890714678827,4.237528066428319,0.8400359617623003,0.009704772387766333,0.830331189374534,5.601832230317573,0.007344917053227457,5.594487313264345
Cd,6,16,9,19,9.7,10.8,reversal,True,,6.160263719590202,0.013233142087291816,6.14703057750291,4.293517137896202,0.061203282153724656,4.232313855742477,0.8400359617623003,0.0215038558918492,0.8185321058704511,5.601832230317573,0.039059719867134336,5.562772510450438
Cd,6,17,9,20,9.7,8.0,concordant,True,,6.160263719590202,0.057485255597107134,6.102778463993095,4.293517137896202,0.022290201149898686,4.271226936746303,0.8400359617623003,0.02463653811304591,0.8153994236492544,5.601832230317573,0.030588005139948277,5.571244225177625
Cd,6,18,9,21,9.7,9.7,magnetic_tie,True,,6.160263719590202,0.04980733024295714,6.110456389347245,4.293517137896202,0.044524734611128346,4.248992403285073,0.8400359617623003,0.0005731415974694137,0.8394628201648309,5.601832230317573,0.04009479354844512,5.5617374367691275
Cd,6,19,9,22,9.7,14.5,reversal,True,,6.160263719590202,0.039243660537889254,6.121020059052313,4.293517137896202,0.06238735777818293,4.231129780118018,0.8400359617623003,0.0006978831770652806,0.839338078585235,5.601832230317573,0.032671098506862534,5.56916113181071
Cd,6,20,9,23,9.7,7.7,concordant,True,,6.160263719590202,0.06385888617203181,6.096404833418171,4.293517137896202,0.060956209527848554,4.232560928368353,0.8400359617623003,0.0006652254481062645,0.8393707363141941,5.601832230317573,0.009519678852013361,5.592312551465559
Cd,6,21,9,24,9.7,5.6,concordant,True,,6.160263719590202,0.05013838748481978,6.110125332105382,4.293517137896202,0.05720013220099157,4.23631700569521,0.8400359617623003,0.026834629921452836,0.8132013318408475,5.601832230317573,0.0008268503927358117,5.601005379924837
Cd,6,22,9,25,9.7,7.8,concordant,True,,6.160263719590202,0.06597159384694934,6.0942921257432525,4.293517137896202,0.017643565796277152,4.275873572099925,0.8400359617623003,0.00383555778179938,0.836200403980501,5.601832230317573,0.04754928257497415,5.554282947742599
Cd,6,23,9,26,9.7,8.9,concordant,True,,6.160263719590202,0.04187149423733657,6.118392225352865,4.293517137896202,0.047024908912701065,4.2464922289835005,0.8400359617623003,0.00047023201844089845,0.8395657297438595,5.601832230317573,0.04563336483152147,5.556198865486051
Cd,6,24,9,27,9.7,12.1,reversal,True,,6.160263719590202,0.721746721235355,5.438516998354848,4.293517137896202,0.49720329685102244,3.7963138410451793,0.8400359617623003,0.005977069447922622,0.8340588923143777,5.601832230317573,0.4181798222437265,5.183652408073846
Cd,6,25,9,28,9.7,8.8,concordant,True,,6.160263719590202,0.9374081246443066,5.222855594945895,4.293517137896202,0.9793816227627085,3.314135515133493,0.8400359617623003,0.012672766990812108,0.8273631947714882,5.601832230317573,0.12389144373526366,5.477940786582309
Cd,6,26,9,29,9.7,11.53,reversal,True,,6.160263719590202,0.08186706626988906,6.078396653320313,4.293517137896202,0.06627333936133878,4.227243798534863,0.8400359617623003,0.0014533870800659068,0.8385825746822344,5.601832230317573,0.1457533090475967,5.4560789212699765
Cd,6,27,9,30,9.7,3.5,concordant,True,,6.160263719590202,0.04037402526186648,6.119889694328336,4.293517137896202,0.06751066519197346,4.226006472704228,0.8400359617623003,0.025812901396931025,0.8142230603653693,5.601832230317573,0.0013024081492290394,5.600529822168344
Cd,6,28,9,31,9.7,7.4,concordant,True,,6.160263719590202,0.07436549118993342,6.085898228400269,4.293517137896202,0.12856406951480012,4.164953068381402,0.8400359617623003,0.0008715168451340958,0.8391644449171662,5.601832230317573,0.06696657582421316,5.53486565449336
Cd,6,29,9,32,9.7,11.4,reversal,True,,6.160263719590202,1.475038785989064,4.6852249336011385,4.293517137896202,0.9764341259364224,3.317083011959779,0.8400359617623003,0.16352342405517906,0.6765125377071213,5.601832230317573,0.5314511281793319,5.070381102138241
Cd,6,30,9,33,9.7,8.4,concordant,True,,6.160263719590202,1.4303089711875026,4.729954748402699,4.293517137896202,1.1735868481538483,3.1199302897423533,0.8400359617623003,0.10825087219049419,0.7317850895718061,5.601832230317573,1.1546759700319382,4.4471562602856345
Cd,6,31,9,34,9.7,16.4,reversal,True,,6.160263719590202,1.250408747455179,4.909854972135023,4.293517137896202,1.3129291848279379,2.9805879530682637,0.8400359617623003,0.24605199618170168,0.5939839655805986,5.601832230317573,0.5074822421247598,5.094349988192813
Cd,6,32,9,35,9.7,7.9,concordant,True,,6.160263719590202,0.047322584403479695,6.112941135186722,4.293517137896202,0.03748932011184755,4.2560278177843545,0.8400359617623003,0.0036280550952775483,0.8364079066670228,5.601832230317573,0.0465600403893952,5.555272189928178
Cd,7,1,10,4,8.7,9.5,reversal,True,,1.265487210174613,0.0541546943660694,1.2113325158085437,1.102198537894018,0.029538924199674216,1.0726596136943438,1.2246650421044647,0.027692741437194576,1.1969723006672701,3.0524921276946917,0.023613639997061835,3.02887848769763
Cd,7,2,10,5,8.7,10.0,reversal,True,,1.265487210174613,0.6617852846371289,0.6037019255374841,1.102198537894018,0.5046112795358106,0.5975872583582074,1.2246650421044647,0.16544632115928223,1.0592187209451824,3.0524921276946917,0.17091937955592582,2.881572748138766
Cd,7,9,10,12,8.7,8.7,magnetic_tie,True,,1.265487210174613,0.38564205440657806,0.879845155768035,1.102198537894018,0.32136837867214846,0.7808301592218696,1.2246650421044647,0.11997752803760209,1.1046875140668626,3.0524921276946917,0.11804424085595353,2.934447886838738
Cd,7,11,10,14,8.7,10.1,reversal,True,,1.265487210174613,0.04484260888015825,1.2206446012944547,1.102198537894018,0.03119485835141443,1.0710036795426037,1.2246650421044647,0.02827034038096933,1.1963947017234953,3.0524921276946917,0.03069219238745799,3.0217999353072336
Cd,7,13,10,16,8.7,8.4,concordant,True,,1.265487210174613,0.05477911626783168,1.2107080939067814,1.102198537894018,0.03722170720762923,1.0649768306863887,1.2246650421044647,0.009832149073713383,1.2148328930307513,3.0524921276946917,0.0331670274508257,3.019325100243866
Cd,7,14,10,17,8.7,8.84,reversal,True,,1.265487210174613,0.05196093696722434,1.2135262732073888,1.102198537894018,0.056291015047826375,1.0459075228461916,1.2246650421044647,0.0017948370229640264,1.2228702050815006,3.0524921276946917,0.024953210961985266,3.0275389167327065
Cd,7,15,10,18,8.7,9.44,reversal,True,,1.265487210174613,0.06196123909112352,1.2035259710834896,1.102198537894018,0.0559890714678827,1.0462094664261352,1.2246650421044647,0.009704772387766333,1.2149602697166983,3.0524921276946917,0.007344917053227457,3.0451472106414643
Cd,7,16,10,19,8.7,10.8,reversal,True,,1.265487210174613,0.013233142087291816,1.2522540680873213,1.102198537894018,0.061203282153724656,1.0409952557402933,1.2246650421044647,0.0215038558918492,1.2031611862126155,3.0524921276946917,0.039059719867134336,3.0134324078275574
Cd,7,17,10,20,8.7,8.0,concordant,True,,1.265487210174613,0.057485255597107134,1.208001954577506,1.102198537894018,0.022290201149898686,1.0799083367441193,1.2246650421044647,0.02463653811304591,1.2000285039914187,3.0524921276946917,0.030588005139948277,3.0219041225547434
Cd,7,18,10,21,8.7,9.7,reversal,True,,1.265487210174613,0.04980733024295714,1.215679879931656,1.102198537894018,0.044524734611128346,1.0576738032828896,1.2246650421044647,0.0005731415974694137,1.2240919005069952,3.0524921276946917,0.04009479354844512,3.0123973341462467
Cd,7,19,10,22,8.7,14.5,reversal,True,,1.265487210174613,0.039243660537889254,1.2262435496367239,1.102198537894018,0.06238735777818293,1.0398111801158352,1.2246650421044647,0.0006978831770652806,1.2239671589273995,3.0524921276946917,0.032671098506862534,3.0198210291878294
Cd,7,20,10,23,8.7,7.7,concordant,True,,1.265487210174613,0.06385888617203181,1.2016283240025813,1.102198537894018,0.060956209527848554,1.0412423283661694,1.2246650421044647,0.0006652254481062645,1.2239998166563584,3.0524921276946917,0.009519678852013361,3.0429724488426784
Cd,7,21,10,24,8.7,5.6,concordant,True,,1.265487210174613,0.05013838748481978,1.2153488226897933,1.102198537894018,0.05720013220099157,1.0449984056930264,1.2246650421044647,0.026834629921452836,1.197830412183012,3.0524921276946917,0.0008268503927358117,3.051665277301956
Cd,7,22,10,25,8.7,7.8,concordant,True,,1.265487210174613,0.06597159384694934,1.1995156163276637,1.102198537894018,0.017643565796277152,1.0845549720977408,1.2246650421044647,0.00383555778179938,1.2208294843226652,3.0524921276946917,0.04754928257497415,3.0049428451197175
Cd,7,23,10,26,8.7,8.9,reversal,True,,1.265487210174613,0.04187149423733657,1.2236157159372765,1.102198537894018,0.047024908912701065,1.055173628981317,1.2246650421044647,0.00047023201844089845,1.2241948100860238,3.0524921276946917,0.04563336483152147,3.00685876286317
Cd,7,24,10,27,8.7,12.1,reversal,True,,1.265487210174613,0.721746721235355,0.5437404889392581,1.102198537894018,0.49720329685102244,0.6049952410429955,1.2246650421044647,0.005977069447922622,1.218687972656542,3.0524921276946917,0.4181798222437265,2.6343123054509654
Cd,7,25,10,28,8.7,8.8,reversal,True,,1.265487210174613,0.9374081246443066,0.3280790855303065,1.102198537894018,0.9793816227627085,0.12281691513130955,1.2246650421044647,0.012672766990812108,1.2119922751136525,3.0524921276946917,0.12389144373526366,2.928600683959428
Cd,7,26,10,29,8.7,11.53,reversal,True,,1.265487210174613,0.08186706626988906,1.183620143904724,1.102198537894018,0.06627333936133878,1.0359251985326792,1.2246650421044647,0.0014533870800659068,1.2232116550243988,3.0524921276946917,0.1457533090475967,2.906738818647095
Cd,7,27,10,30,8.7,3.5,concordant,True,,1.265487210174613,0.04037402526186648,1.2251131849127466,1.102198537894018,0.06751066519197346,1.0346878727020445,1.2246650421044647,0.025812901396931025,1.1988521407075337,3.0524921276946917,0.0013024081492290394,3.0511897195454627
Cd,7,28,10,31,8.7,7.4,concordant,True,,1.265487210174613,0.07436549118993342,1.1911217189846797,1.102198537894018,0.12856406951480012,0.9736344683792179,1.2246650421044647,0.0008715168451340958,1.2237935252593306,3.0524921276946917,0.06696657582421316,2.9855255518704786
Cd,7,32,10,35,8.7,7.9,concordant,True,,1.265487210174613,0.047322584403479695,1.2181646257711334,1.102198537894018,0.03748932011184755,1.0647092177821704,1.2246650421044647,0.0036280550952775483,1.221036987009187,3.0524921276946917,0.0465600403893952,3.0059320873052964
Cd,8,1,11,4,20.0,9.5,concordant,True,,2.7373865856336503,0.0541546943660694,2.6832318912675808,3.4543211675853214,0.029538924199674216,3.424782243385647,0.8798742596679593,0.027692741437194576,0.8521815182307647,2.116146244736969,0.023613639997061835,2.0925326047399073
Cd,8,2,11,5,20.0,10.0,concordant,True,,2.7373865856336503,0.6617852846371289,2.0756013009965213,3.4543211675853214,0.5046112795358106,2.9497098880495107,0.8798742596679593,0.16544632115928223,0.714427938508677,2.116146244736969,0.17091937955592582,1.9452268651810432
Cd,8,3,11,6,20.0,10.6,concordant,True,,2.7373865856336503,1.8138439159178705,0.9235426697157798,3.4543211675853214,2.2470006719579585,1.2073204956273629,0.8798742596679593,0.2707229725250552,0.6091512871429041,2.116146244736969,0.3995409177455081,1.716605326991461
Cd,8,9,11,12,20.0,8.7,concordant,True,,2.7373865856336503,0.38564205440657806,2.351744531227072,3.4543211675853214,0.32136837867214846,3.132952788913173,0.8798742596679593,0.11997752803760209,0.7598967316303572,2.116146244736969,0.11804424085595353,1.9981020038810156
Cd,8,11,11,14,20.0,10.1,concordant,True,,2.7373865856336503,0.04484260888015825,2.692543976753492,3.4543211675853214,0.03119485835141443,3.423126309233907,0.8798742596679593,0.02827034038096933,0.85160391928699,2.116146244736969,0.03069219238745799,2.085454052349511
Cd,8,12,11,15,20.0,34.0,reversal,True,,2.7373865856336503,0.883651103169214,1.8537354824644363,3.4543211675853214,3.421797888868022,0.03252327871729932,0.8798742596679593,0.11280652380883584,0.7670677358591235,2.116146244736969,0.7399252556939756,1.3762209890429933
Cd,8,13,11,16,20.0,8.4,concordant,True,,2.7373865856336503,0.05477911626783168,2.6826074693658186,3.4543211675853214,0.03722170720762923,3.4170994603776923,0.8798742596679593,0.009832149073713383,0.8700421105942459,2.116146244736969,0.0331670274508257,2.082979217286143
Cd,8,14,11,17,20.0,8.84,concordant,True,,2.7373865856336503,0.05196093696722434,2.685425648666426,3.4543211675853214,0.056291015047826375,3.398030152537495,0.8798742596679593,0.0017948370229640264,0.8780794226449953,2.116146244736969,0.024953210961985266,2.091193033774984
Cd,8,15,11,18,20.0,9.44,concordant,True,,2.7373865856336503,0.06196123909112352,2.675425346542527,3.4543211675853214,0.0559890714678827,3.398332096117439,0.8798742596679593,0.009704772387766333,0.8701694872801929,2.116146244736969,0.007344917053227457,2.1088013276837416
Cd,8,16,11,19,20.0,10.8,concordant,True,,2.7373865856336503,0.013233142087291816,2.7241534435463586,3.4543211675853214,0.061203282153724656,3.3931178854315966,0.8798742596679593,0.0215038558918492,0.8583704037761101,2.116146244736969,0.039059719867134336,2.0770865248698347
Cd,8,17,11,20,20.0,8.0,concordant,True,,2.7373865856336503,0.057485255597107134,2.679901330036543,3.4543211675853214,0.022290201149898686,3.4320309664354225,0.8798742596679593,0.02463653811304591,0.8552377215549134,2.116146244736969,0.030588005139948277,2.0855582395970207
Cd,8,18,11,21,20.0,9.7,concordant,True,,2.7373865856336503,0.04980733024295714,2.687579255390693,3.4543211675853214,0.044524734611128346,3.409796432974193,0.8798742596679593,0.0005731415974694137,0.8793011180704898,2.116146244736969,0.04009479354844512,2.076051451188524
Cd,8,19,11,22,20.0,14.5,concordant,True,,2.7373865856336503,0.039243660537889254,2.698142925095761,3.4543211675853214,0.06238735777818293,3.3919338098071385,0.8798742596679593,0.0006978831770652806,0.879176376490894,2.116146244736969,0.032671098506862534,2.0834751462301067
Cd,8,20,11,23,20.0,7.7,concordant,True,,2.7373865856336503,0.06385888617203181,2.6735276994616184,3.4543211675853214,0.060956209527848554,3.393364958057473,0.8798742596679593,0.0006652254481062645,0.8792090342198531,2.116146244736969,0.009519678852013361,2.1066265658849557
Cd,8,21,11,24,20.0,5.6,concordant,True,,2.7373865856336503,0.05013838748481978,2.6872481981488305,3.4543211675853214,0.05720013220099157,3.39712103538433,0.8798742596679593,0.026834629921452836,0.8530396297465065,2.116146244736969,0.0008268503927358117,2.115319394344233
Cd,8,22,11,25,20.0,7.8,concordant,True,,2.7373865856336503,0.06597159384694934,2.671414991786701,3.4543211675853214,0.017643565796277152,3.4366776017890444,0.8798742596679593,0.00383555778179938,0.87603870188616,2.116146244736969,0.04754928257497415,2.068596962161995
Cd,8,23,11,26,20.0,8.9,concordant,True,,2.7373865856336503,0.04187149423733657,2.695515091396314,3.4543211675853214,0.047024908912701065,3.4072962586726203,0.8798742596679593,0.00047023201844089845,0.8794040276495184,2.116146244736969,0.04563336483152147,2.0705128799054475
Cd,8,24,11,27,20.0,12.1,concordant,True,,2.7373865856336503,0.721746721235355,2.0156398643982953,3.4543211675853214,0.49720329685102244,2.957117870734299,0.8798742596679593,0.005977069447922622,0.8738971902200366,2.116146244736969,0.4181798222437265,1.6979664224932425
Cd,8,25,11,28,20.0,8.8,concordant,True,,2.7373865856336503,0.9374081246443066,1.7999784609893439,3.4543211675853214,0.9793816227627085,2.474939544822613,0.8798742596679593,0.012672766990812108,0.8672014926771472,2.116146244736969,0.12389144373526366,1.9922548010017054
Cd,8,26,11,29,20.0,11.53,concordant,True,,2.7373865856336503,0.08186706626988906,2.6555195193637613,3.4543211675853214,0.06627333936133878,3.3880478282239825,0.8798742596679593,0.0014533870800659068,0.8784208725878934,2.116146244736969,0.1457533090475967,1.9703929356893723
Cd,8,27,11,30,20.0,3.5,concordant,True,,2.7373865856336503,0.04037402526186648,2.697012560371784,3.4543211675853214,0.06751066519197346,3.386810502393348,0.8798742596679593,0.025812901396931025,0.8540613582710282,2.116146244736969,0.0013024081492290394,2.11484383658774
Cd,8,28,11,31,20.0,7.4,concordant,True,,2.7373865856336503,0.07436549118993342,2.663021094443717,3.4543211675853214,0.12856406951480012,3.3257570980705213,0.8798742596679593,0.0008715168451340958,0.8790027428228252,2.116146244736969,0.06696657582421316,2.049179668912756
Cd,8,29,11,32,20.0,11.4,concordant,True,,2.7373865856336503,1.475038785989064,1.2623477996445864,3.4543211675853214,0.9764341259364224,2.477887041648899,0.8798742596679593,0.16352342405517906,0.7163508356127802,2.116146244736969,0.5314511281793319,1.584695116557637
Cd,8,30,11,33,20.0,8.4,concordant,True,,2.7373865856336503,1.4303089711875026,1.3070776144461478,3.4543211675853214,1.1735868481538483,2.280734319431473,0.8798742596679593,0.10825087219049419,0.7716233874774651,2.116146244736969,1.1546759700319382,0.9614702747050308
Cd,8,31,11,34,20.0,16.4,concordant,True,,2.7373865856336503,1.250408747455179,1.4869778381784713,3.4543211675853214,1.3129291848279379,2.1413919827573835,0.8798742596679593,0.24605199618170168,0.6338222634862576,2.116146244736969,0.5074822421247598,1.6086640026122092
Cd,8,32,11,35,20.0,7.9,concordant,True,,2.7373865856336503,0.047322584403479695,2.6900640012301706,3.4543211675853214,0.03748932011184755,3.416831847473474,0.8798742596679593,0.0036280550952775483,0.8762462045726818,2.116146244736969,0.0465600403893952,2.0695862043475737
Cd,9,1,12,4,8.7,9.5,reversal,True,,0.38564205440657806,0.0541546943660694,0.33148736004050866,0.32136837867214846,0.029538924199674216,0.2918294544724742,0.11997752803760209,0.027692741437194576,0.09228478660040751,0.11804424085595353,0.023613639997061835,0.09443060085889168
Cd,9,11,12,14,8.7,10.1,reversal,True,,0.38564205440657806,0.04484260888015825,0.34079944552641983,0.32136837867214846,0.03119485835141443,0.290173520320734,0.11997752803760209,0.02827034038096933,0.09170718765663276,0.11804424085595353,0.03069219238745799,0.08735204846849554
Cd,9,13,12,16,8.7,8.4,concordant,True,,0.38564205440657806,0.05477911626783168,0.3308629381387464,0.32136837867214846,0.03722170720762923,0.2841466714645192,0.11997752803760209,0.009832149073713383,0.11014537896388871,0.11804424085595353,0.0331670274508257,0.08487721340512783
Cd,9,14,12,17,8.7,8.84,reversal,True,,0.38564205440657806,0.05196093696722434,0.3336811174393537,0.32136837867214846,0.056291015047826375,0.2650773636243221,0.11997752803760209,0.0017948370229640264,0.11818269101463806,0.11804424085595353,0.024953210961985266,0.09309102989396825
Cd,9,15,12,18,8.7,9.44,reversal,True,,0.38564205440657806,0.06196123909112352,0.32368081531545456,0.32136837867214846,0.0559890714678827,0.2653793072042658,0.11997752803760209,0.009704772387766333,0.11027275564983575,0.11804424085595353,0.007344917053227457,0.11069932380272607
Cd,9,16,12,19,8.7,10.8,reversal,True,,0.38564205440657806,0.013233142087291816,0.37240891231928624,0.32136837867214846,0.061203282153724656,0.2601650965184238,0.11997752803760209,0.0215038558918492,0.0984736721457529,0.11804424085595353,0.039059719867134336,0.0789845209888192
Cd,9,17,12,20,8.7,8.0,concordant,True,,0.38564205440657806,0.057485255597107134,0.3281567988094709,0.32136837867214846,0.022290201149898686,0.29907817752224974,0.11997752803760209,0.02463653811304591,0.09534098992455618,0.11804424085595353,0.030588005139948277,0.08745623571600525
Cd,9,18,12,21,8.7,9.7,reversal,True,,0.38564205440657806,0.04980733024295714,0.3358347241636209,0.32136837867214846,0.044524734611128346,0.27684364406102013,0.11997752803760209,0.0005731415974694137,0.11940438644013267,0.11804424085595353,0.04009479354844512,0.07794944730750841
Cd,9,19,12,22,8.7,14.5,reversal,True,,0.38564205440657806,0.039243660537889254,0.3463983938686888,0.32136837867214846,0.06238735777818293,0.2589810208939655,0.11997752803760209,0.0006978831770652806,0.11927964486053681,0.11804424085595353,0.032671098506862534,0.08537314234909099
Cd,9,20,12,23,8.7,7.7,concordant,True,,0.38564205440657806,0.06385888617203181,0.3217831682345462,0.32136837867214846,0.060956209527848554,0.2604121691442999,0.11997752803760209,0.0006652254481062645,0.11931230258949582,0.11804424085595353,0.009519678852013361,0.10852456200394016
Cd,9,21,12,24,8.7,5.6,concordant,True,,0.38564205440657806,0.05013838748481978,0.33550366692175826,0.32136837867214846,0.05720013220099157,0.2641682464711569,0.11997752803760209,0.026834629921452836,0.09314289811614926,0.11804424085595353,0.0008268503927358117,0.11721739046321772
Cd,9,22,12,25,8.7,7.8,concordant,True,,0.38564205440657806,0.06597159384694934,0.3196704605596287,0.32136837867214846,0.017643565796277152,0.30372481287587133,0.11997752803760209,0.00383555778179938,0.11614197025580271,0.11804424085595353,0.04754928257497415,0.07049495828097938
Cd,9,23,12,26,8.7,8.9,reversal,True,,0.38564205440657806,0.04187149423733657,0.3437705601692415,0.32136837867214846,0.047024908912701065,0.2743434697594474,0.11997752803760209,0.00047023201844089845,0.11950729601916119,0.11804424085595353,0.04563336483152147,0.07241087602443205
Cd,9,27,12,30,8.7,3.5,concordant,True,,0.38564205440657806,0.04037402526186648,0.34526802914471155,0.32136837867214846,0.06751066519197346,0.253857713480175,0.11997752803760209,0.025812901396931025,0.09416462664067106,0.11804424085595353,0.0013024081492290394,0.11674183270672449
Cd,9,28,12,31,8.7,7.4,concordant,True,,0.38564205440657806,0.07436549118993342,0.31127656321664465,0.32136837867214846,0.12856406951480012,0.19280430915734834,0.11997752803760209,0.0008715168451340958,0.119106011192468,0.11804424085595353,0.06696657582421316,0.05107766503174037
Cd,9,32,12,35,8.7,7.9,concordant,True,,0.38564205440657806,0.047322584403479695,0.33831947000309837,0.32136837867214846,0.03748932011184755,0.28387905856030093,0.11997752803760209,0.0036280550952775483,0.11634947294232453,0.11804424085595353,0.0465600403893952,0.07148420046655832
Cd,10,1,13,4,9.55,9.5,concordant,True,,1.4374219480375832,0.0541546943660694,1.3832672536715138,1.8520628945868864,0.029538924199674216,1.8225239703872123,1.7414919755070721,0.027692741437194576,1.7137992340698776,0.3263676227625982,0.023613639997061835,0.30275398276553633
Cd,10,2,13,5,9.55,10.0,reversal,True,,1.4374219480375832,0.6617852846371289,0.7756366634004542,1.8520628945868864,0.5046112795358106,1.3474516150510758,1.7414919755070721,0.16544632115928223,1.5760456543477899,0.3263676227625982,0.17091937955592582,0.15544824320667236
Cd,10,9,13,12,9.55,8.7,concordant,True,,1.4374219480375832,0.38564205440657806,1.051779893631005,1.8520628945868864,0.32136837867214846,1.530694515914738,1.7414919755070721,0.11997752803760209,1.62151444746947,0.3263676227625982,0.11804424085595353,0.20832338190664465
Cd,10,11,13,14,9.55,10.1,reversal,True,,1.4374219480375832,0.04484260888015825,1.3925793391574248,1.8520628945868864,0.03119485835141443,1.820868036235472,1.7414919755070721,0.02827034038096933,1.7132216351261027,0.3263676227625982,0.03069219238745799,0.2956754303751402
Cd,10,13,13,16,9.55,8.4,concordant,True,,1.4374219480375832,0.05477911626783168,1.3826428317697514,1.8520628945868864,0.03722170720762923,1.8148411873792571,1.7414919755070721,0.009832149073713383,1.7316598264333587,0.3263676227625982,0.0331670274508257,0.29320059531177245
Cd,10,14,13,17,9.55,8.84,concordant,True,,1.4374219480375832,0.05196093696722434,1.385461011070359,1.8520628945868864,0.056291015047826375,1.79577187953906,1.7414919755070721,0.0017948370229640264,1.739697138484108,0.3263676227625982,0.024953210961985266,0.3014144118006129
Cd,10,15,13,18,9.55,9.44,concordant,True,,1.4374219480375832,0.06196123909112352,1.3754607089464597,1.8520628945868864,0.0559890714678827,1.7960738231190037,1.7414919755070721,0.009704772387766333,1.7317872031193058,0.3263676227625982,0.007344917053227457,0.31902270570937075
Cd,10,16,13,19,9.55,10.8,reversal,True,,1.4374219480375832,0.013233142087291816,1.4241888059502914,1.8520628945868864,0.061203282153724656,1.7908596124331617,1.7414919755070721,0.0215038558918492,1.719988119615223,0.3263676227625982,0.039059719867134336,0.2873079028954638
Cd,10,17,13,20,9.55,8.0,concordant,True,,1.4374219480375832,0.057485255597107134,1.3799366924404761,1.8520628945868864,0.022290201149898686,1.8297726934369878,1.7414919755070721,0.02463653811304591,1.7168554373940261,0.3263676227625982,0.030588005139948277,0.2957796176226499
Cd,10,18,13,21,9.55,9.7,reversal,True,,1.4374219480375832,0.04980733024295714,1.387614617794626,1.8520628945868864,0.044524734611128346,1.807538159975758,1.7414919755070721,0.0005731415974694137,1.7409188339096027,0.3263676227625982,0.04009479354844512,0.28627282921415304
Cd,10,19,13,22,9.55,14.5,reversal,True,,1.4374219480375832,0.039243660537889254,1.398178287499694,1.8520628945868864,0.06238735777818293,1.7896755368087036,1.7414919755070721,0.0006978831770652806,1.740794092330007,0.3263676227625982,0.032671098506862534,0.29369652425573567
Cd,10,20,13,23,9.55,7.7,concordant,True,,1.4374219480375832,0.06385888617203181,1.3735630618655514,1.8520628945868864,0.060956209527848554,1.7911066850590378,1.7414919755070721,0.0006652254481062645,1.7408267500589658,0.3263676227625982,0.009519678852013361,0.3168479439105848
Cd,10,21,13,24,9.55,5.6,concordant,True,,1.4374219480375832,0.05013838748481978,1.3872835605527634,1.8520628945868864,0.05720013220099157,1.7948627623858948,1.7414919755070721,0.026834629921452836,1.7146573455856193,0.3263676227625982,0.0008268503927358117,0.32554077236986234
Cd,10,22,13,25,9.55,7.8,concordant,True,,1.4374219480375832,0.06597159384694934,1.3714503541906338,1.8520628945868864,0.017643565796277152,1.8344193287906092,1.7414919755070721,0.00383555778179938,1.7376564177252727,0.3263676227625982,0.04754928257497415,0.278818340187624
Cd,10,23,13,26,9.55,8.9,concordant,True,,1.4374219480375832,0.04187149423733657,1.3955504538002466,1.8520628945868864,0.047024908912701065,1.8050379856741854,1.7414919755070721,0.00047023201844089845,1.7410217434886313,0.3263676227625982,0.04563336483152147,0.2807342579310767
Cd,10,25,13,28,9.55,8.8,concordant,True,,1.4374219480375832,0.9374081246443066,0.5000138233932766,1.8520628945868864,0.9793816227627085,0.872681271824178,1.7414919755070721,0.012672766990812108,1.72881920851626,0.3263676227625982,0.12389144373526366,0.2024761790273345
Cd,10,26,13,29,9.55,11.53,reversal,True,,1.4374219480375832,0.08186706626988906,1.3555548817676941,1.8520628945868864,0.06627333936133878,1.7857895552255476,1.7414919755070721,0.0014533870800659068,1.7400385884270062,0.3263676227625982,0.1457533090475967,0.18061431371500147
Cd,10,27,13,30,9.55,3.5,concordant,True,,1.4374219480375832,0.04037402526186648,1.3970479227757167,1.8520628945868864,0.06751066519197346,1.784552229394913,1.7414919755070721,0.025812901396931025,1.715679074110141,0.3263676227625982,0.0013024081492290394,0.3250652146133691
Cd,10,28,13,31,9.55,7.4,concordant,True,,1.4374219480375832,0.07436549118993342,1.3630564568476498,1.8520628945868864,0.12856406951480012,1.7234988250720864,1.7414919755070721,0.0008715168451340958,1.740620458661938,0.3263676227625982,0.06696657582421316,0.259401046938385
Cd,10,32,13,35,9.55,7.9,concordant,True,,1.4374219480375832,0.047322584403479695,1.3900993636341035,1.8520628945868864,0.03748932011184755,1.8145735744750389,1.7414919755070721,0.0036280550952775483,1.7378639204117945,0.3263676227625982,0.0465600403893952,0.27980758237320297
Cd,12,1,15,4,34.0,9.5,concordant,True,,0.883651103169214,0.0541546943660694,0.8294964088031447,3.421797888868022,0.029538924199674216,3.392258964668348,0.11280652380883584,0.027692741437194576,0.08511378237164126,0.7399252556939756,0.023613639997061835,0.7163116156969138
Cd,12,11,15,14,34.0,10.1,concordant,True,,0.883651103169214,0.04484260888015825,0.8388084942890558,3.421797888868022,0.03119485835141443,3.3906030305166075,0.11280652380883584,0.02827034038096933,0.08453618342786651,0.7399252556939756,0.03069219238745799,0.7092330633065176
Cd,12,13,15,16,34.0,8.4,concordant,True,,0.883651103169214,0.05477911626783168,0.8288719869013823,3.421797888868022,0.03722170720762923,3.384576181660393,0.11280652380883584,0.009832149073713383,0.10297437473512246,0.7399252556939756,0.0331670274508257,0.7067582282431499
Cd,12,14,15,17,34.0,8.84,concordant,True,,0.883651103169214,0.05196093696722434,0.8316901662019897,3.421797888868022,0.056291015047826375,3.3655068738201956,0.11280652380883584,0.0017948370229640264,0.11101168678587181,0.7399252556939756,0.024953210961985266,0.7149720447319904
Cd,12,15,15,18,34.0,9.44,concordant,True,,0.883651103169214,0.06196123909112352,0.8216898640780905,3.421797888868022,0.0559890714678827,3.3658088174001395,0.11280652380883584,0.009704772387766333,0.1031017514210695,0.7399252556939756,0.007344917053227457,0.7325803386407481
Cd,12,16,15,19,34.0,10.8,concordant,True,,0.883651103169214,0.013233142087291816,0.8704179610819223,3.421797888868022,0.061203282153724656,3.3605946067142973,0.11280652380883584,0.0215038558918492,0.09130266791698663,0.7399252556939756,0.039059719867134336,0.7008655358268413
Cd,12,17,15,20,34.0,8.0,concordant,True,,0.883651103169214,0.057485255597107134,0.8261658475721069,3.421797888868022,0.022290201149898686,3.399507687718123,0.11280652380883584,0.02463653811304591,0.08816998569578993,0.7399252556939756,0.030588005139948277,0.7093372505540273
Cd,12,18,15,21,34.0,9.7,concordant,True,,0.883651103169214,0.04980733024295714,0.8338437729262569,3.421797888868022,0.044524734611128346,3.3772731542568937,0.11280652380883584,0.0005731415974694137,0.11223338221136642,0.7399252556939756,0.04009479354844512,0.6998304621455305
Cd,12,19,15,22,34.0,14.5,concordant,True,,0.883651103169214,0.039243660537889254,0.8444074426313247,3.421797888868022,0.06238735777818293,3.3594105310898392,0.11280652380883584,0.0006978831770652806,0.11210864063177056,0.7399252556939756,0.032671098506862534,0.707254157187113
Cd,12,20,15,23,34.0,7.7,concordant,True,,0.883651103169214,0.06385888617203181,0.8197922169971822,3.421797888868022,0.060956209527848554,3.3608416793401736,0.11280652380883584,0.0006652254481062645,0.11214129836072957,0.7399252556939756,0.009519678852013361,0.7304055768419623
Cd,12,21,15,24,34.0,5.6,concordant,True,,0.883651103169214,0.05013838748481978,0.8335127156843942,3.421797888868022,0.05720013220099157,3.3645977566670306,0.11280652380883584,0.026834629921452836,0.085971893887383,0.7399252556939756,0.0008268503927358117,0.7390984053012398
Cd,12,22,15,25,34.0,7.8,concordant,True,,0.883651103169214,0.06597159384694934,0.8176795093222646,3.421797888868022,0.017643565796277152,3.404154323071745,0.11280652380883584,0.00383555778179938,0.10897096602703646,0.7399252556939756,0.04754928257497415,0.6923759731190015
Cd,12,23,15,26,34.0,8.9,concordant,True,,0.883651103169214,0.04187149423733657,0.8417796089318774,3.421797888868022,0.047024908912701065,3.374772979955321,0.11280652380883584,0.00047023201844089845,0.11233629179039493,0.7399252556939756,0.04563336483152147,0.6942918908624541
Cd,12,24,15,27,34.0,12.1,concordant,True,,0.883651103169214,0.721746721235355,0.16190438193385903,3.421797888868022,0.49720329685102244,2.924594592017,0.11280652380883584,0.005977069447922622,0.10682945436091322,0.7399252556939756,0.4181798222437265,0.3217454334502491
Cd,12,26,15,29,34.0,11.53,concordant,True,,0.883651103169214,0.08186706626988906,0.801784036899325,3.421797888868022,0.06627333936133878,3.355524549506683,0.11280652380883584,0.0014533870800659068,0.11135313672876992,0.7399252556939756,0.1457533090475967,0.5941719466463788
Cd,12,27,15,30,34.0,3.5,concordant,True,,0.883651103169214,0.04037402526186648,0.8432770779073475,3.421797888868022,0.06751066519197346,3.3542872236760486,0.11280652380883584,0.025812901396931025,0.08699362241190481,0.7399252556939756,0.0013024081492290394,0.7386228475447466
Cd,12,28,15,31,34.0,7.4,concordant,True,,0.883651103169214,0.07436549118993342,0.8092856119792806,3.421797888868022,0.12856406951480012,3.293233819353222,0.11280652380883584,0.0008715168451340958,0.11193500696370175,0.7399252556939756,0.06696657582421316,0.6729586798697624
Cd,12,32,15,35,34.0,7.9,concordant,True,,0.883651103169214,0.047322584403479695,0.8363285187657343,3.421797888868022,0.03748932011184755,3.3843085687561745,0.11280652380883584,0.0036280550952775483,0.10917846871355828,0.7399252556939756,0.0465600403893952,0.6933652153045804
Cd,24,14,27,17,12.1,8.84,concordant,True,,0.721746721235355,0.05196093696722434,0.6697857842681306,0.49720329685102244,0.056291015047826375,0.4409122818031961,0.005977069447922622,0.0017948370229640264,0.004182232424958596,0.4181798222437265,0.024953210961985266,0.39322661128174125
Cd,24,18,27,21,12.1,9.7,concordant,True,,0.721746721235355,0.04980733024295714,0.6719393909923979,0.49720329685102244,0.044524734611128346,0.4526785622398941,0.005977069447922622,0.0005731415974694137,0.005403927850453209,0.4181798222437265,0.04009479354844512,0.3780850286952814
Cd,24,19,27,22,12.1,14.5,reversal,True,,0.721746721235355,0.039243660537889254,0.6825030606974657,0.49720329685102244,0.06238735777818293,0.4348159390728395,0.005977069447922622,0.0006978831770652806,0.005279186270857342,0.4181798222437265,0.032671098506862534,0.38550872373686396
Cd,24,20,27,23,12.1,7.7,concordant,True,,0.721746721235355,0.06385888617203181,0.6578878350633232,0.49720329685102244,0.060956209527848554,0.43624708732317385,0.005977069447922622,0.0006652254481062645,0.005311843999816358,0.4181798222437265,0.009519678852013361,0.40866014339171314
Cd,24,22,27,25,12.1,7.8,concordant,True,,0.721746721235355,0.06597159384694934,0.6557751273884056,0.49720329685102244,0.017643565796277152,0.4795597310547453,0.005977069447922622,0.00383555778179938,0.0021415116661232425,0.4181798222437265,0.04754928257497415,0.37063053966875237
Cd,24,23,27,26,12.1,8.9,concordant,True,,0.721746721235355,0.04187149423733657,0.6798752269980184,0.49720329685102244,0.047024908912701065,0.4501783879383214,0.005977069447922622,0.00047023201844089845,0.005506837429481724,0.4181798222437265,0.04563336483152147,0.37254645741220505
Cd,24,26,27,29,12.1,11.53,concordant,True,,0.721746721235355,0.08186706626988906,0.639879654965466,0.49720329685102244,0.06627333936133878,0.43092995748968366,0.005977069447922622,0.0014533870800659068,0.004523682367856716,0.4181798222437265,0.1457533090475967,0.2724265131961298
Cd,24,28,27,31,12.1,7.4,concordant,True,,0.721746721235355,0.07436549118993342,0.6473812300454216,0.49720329685102244,0.12856406951480012,0.36863922733622234,0.005977069447922622,0.0008715168451340958,0.005105552602788527,0.4181798222437265,0.06696657582421316,0.35121324641951335
Cd,24,32,27,35,12.1,7.9,concordant,True,,0.721746721235355,0.047322584403479695,0.6744241368318753,0.49720329685102244,0.03748932011184755,0.4597139767391749,0.005977069447922622,0.0036280550952775483,0.002349014352645074,0.4181798222437265,0.0465600403893952,0.3716197818543313
Cd,25,13,28,16,8.8,8.4,concordant,True,,0.9374081246443066,0.05477911626783168,0.8826290083764748,0.9793816227627085,0.03722170720762923,0.9421599155550793,0.012672766990812108,0.009832149073713383,0.0028406179170987252,0.12389144373526366,0.0331670274508257,0.09072441628443796
Cd,25,14,28,17,8.8,8.84,reversal,True,,0.9374081246443066,0.05196093696722434,0.8854471876770822,0.9793816227627085,0.056291015047826375,0.923090607714882,0.012672766990812108,0.0017948370229640264,0.010877929967848081,0.12389144373526366,0.024953210961985266,0.0989382327732784
Cd,25,15,28,18,8.8,9.44,reversal,True,,0.9374081246443066,0.06196123909112352,0.8754468855531831,0.9793816227627085,0.0559890714678827,0.9233925512948258,0.012672766990812108,0.009704772387766333,0.0029679946030457746,0.12389144373526366,0.007344917053227457,0.1165465266820362
Cd,25,18,28,21,8.8,9.7,reversal,True,,0.9374081246443066,0.04980733024295714,0.8876007944013494,0.9793816227627085,0.044524734611128346,0.9348568881515801,0.012672766990812108,0.0005731415974694137,0.012099625393342694,0.12389144373526366,0.04009479354844512,0.08379665018681853
Cd,25,19,28,22,8.8,14.5,reversal,True,,0.9374081246443066,0.039243660537889254,0.8981644641064173,0.9793816227627085,0.06238735777818293,0.9169942649845255,0.012672766990812108,0.0006978831770652806,0.011974883813746827,0.12389144373526366,0.032671098506862534,0.09122034522840113
Cd,25,20,28,23,8.8,7.7,concordant,True,,0.9374081246443066,0.06385888617203181,0.8735492384722747,0.9793816227627085,0.060956209527848554,0.9184254132348599,0.012672766990812108,0.0006652254481062645,0.012007541542705844,0.12389144373526366,0.009519678852013361,0.1143717648832503
Cd,25,22,28,25,8.8,7.8,concordant,True,,0.9374081246443066,0.06597159384694934,0.8714365307973573,0.9793816227627085,0.017643565796277152,0.9617380569664313,0.012672766990812108,0.00383555778179938,0.008837209209012728,0.12389144373526366,0.04754928257497415,0.07634216116028951
Cd,25,23,28,26,8.8,8.9,reversal,True,,0.9374081246443066,0.04187149423733657,0.89553663040697,0.9793816227627085,0.047024908912701065,0.9323567138500074,0.012672766990812108,0.00047023201844089845,0.012202534972371209,0.12389144373526366,0.04563336483152147,0.07825807890374219
Cd,25,28,28,31,8.8,7.4,concordant,True,,0.9374081246443066,0.07436549118993342,0.8630426334543732,0.9793816227627085,0.12856406951480012,0.8508175532479083,0.012672766990812108,0.0008715168451340958,0.011801250145678012,0.12389144373526366,0.06696657582421316,0.0569248679110505
Cd,25,32,28,35,8.8,7.9,concordant,True,,0.9374081246443066,0.047322584403479695,0.8900855402408269,0.9793816227627085,0.03748932011184755,0.9418923026508609,0.012672766990812108,0.0036280550952775483,0.00904471189553456,0.12389144373526366,0.0465600403893952,0.07733140334586847
Cd,26,18,29,21,11.53,9.7,concordant,True,,0.08186706626988906,0.04980733024295714,0.03205973602693192,0.06627333936133878,0.044524734611128346,0.021748604750210433,0.0014533870800659068,0.0005731415974694137,0.0008802454825964931,0.1457533090475967,0.04009479354844512,0.10565851549915159
Cd,26,19,29,22,11.53,14.5,reversal,True,,0.08186706626988906,0.039243660537889254,0.042623405731999804,0.06627333936133878,0.06238735777818293,0.0038859815831558467,0.0014533870800659068,0.0006978831770652806,0.0007555039030006262,0.1457533090475967,0.032671098506862534,0.11308221054073417
Cd,26,20,29,23,11.53,7.7,concordant,True,,0.08186706626988906,0.06385888617203181,0.01800818009785725,0.06627333936133878,0.060956209527848554,0.005317129833490225,0.0014533870800659068,0.0006652254481062645,0.0007881616319596423,0.1457533090475967,0.009519678852013361,0.13623363019558335
Cd,26,23,29,26,11.53,8.9,concordant,True,,0.08186706626988906,0.04187149423733657,0.03999557203255249,0.06627333936133878,0.047024908912701065,0.019248430448637714,0.0014533870800659068,0.00047023201844089845,0.0009831550616250084,0.1457533090475967,0.04563336483152147,0.10011994421607523
Cd,28,18,31,21,7.4,9.7,reversal,True,,0.07436549118993342,0.04980733024295714,0.024558160946976285,0.12856406951480012,0.044524734611128346,0.08403933490367177,0.0008715168451340958,0.0005731415974694137,0.0002983752476646821,0.06696657582421316,0.04009479354844512,0.026871782275768037
Cd,28,19,31,22,7.4,14.5,reversal,True,,0.07436549118993342,0.039243660537889254,0.03512183065204417,0.12856406951480012,0.06238735777818293,0.06617671173661718,0.0008715168451340958,0.0006978831770652806,0.0001736336680688152,0.06696657582421316,0.032671098506862534,0.03429547731735062
Cd,28,20,31,23,7.4,7.7,reversal,True,,0.07436549118993342,0.06385888617203181,0.010506605017901613,0.12856406951480012,0.060956209527848554,0.06760785998695157,0.0008715168451340958,0.0006652254481062645,0.00020629139702783123,0.06696657582421316,0.009519678852013361,0.0574468969721998
Cd,28,23,31,26,7.4,8.9,reversal,True,,0.07436549118993342,0.04187149423733657,0.03249399695259685,0.12856406951480012,0.047024908912701065,0.08153916060209906,0.0008715168451340958,0.00047023201844089845,0.0004012848266931973,0.06696657582421316,0.04563336483152147,0.021333210992691684
Cd,29,1,32,4,11.4,9.5,concordant,True,,1.475038785989064,0.0541546943660694,1.4208840916229946,0.9764341259364224,0.029538924199674216,0.9468952017367482,0.16352342405517906,0.027692741437194576,0.13583068261798448,0.5314511281793319,0.023613639997061835,0.5078374881822701
Cd,29,9,32,12,11.4,8.7,concordant,True,,1.475038785989064,0.38564205440657806,1.089396731582486,0.9764341259364224,0.32136837867214846,0.655065747264274,0.16352342405517906,0.11997752803760209,0.04354589601757697,0.5314511281793319,0.11804424085595353,0.4134068873233784
Cd,29,11,32,14,11.4,10.1,concordant,True,,1.475038785989064,0.04484260888015825,1.4301961771089056,0.9764341259364224,0.03119485835141443,0.945239267585008,0.16352342405517906,0.02827034038096933,0.13525308367420974,0.5314511281793319,0.03069219238745799,0.5007589357918739
Cd,29,13,32,16,11.4,8.4,concordant,True,,1.475038785989064,0.05477911626783168,1.4202596697212322,0.9764341259364224,0.03722170720762923,0.9392124187287932,0.16352342405517906,0.009832149073713383,0.15369127498146568,0.5314511281793319,0.0331670274508257,0.49828410072850626
Cd,29,14,32,17,11.4,8.84,concordant,True,,1.475038785989064,0.05196093696722434,1.4230778490218396,0.9764341259364224,0.056291015047826375,0.920143110888596,0.16352342405517906,0.0017948370229640264,0.16172858703221504,0.5314511281793319,0.024953210961985266,0.5064979172173467
Cd,29,15,32,18,11.4,9.44,concordant,True,,1.475038785989064,0.06196123909112352,1.4130775468979404,0.9764341259364224,0.0559890714678827,0.9204450544685397,0.16352342405517906,0.009704772387766333,0.1538186516674127,0.5314511281793319,0.007344917053227457,0.5241062111261044
Cd,29,16,32,19,11.4,10.8,concordant,True,,1.475038785989064,0.013233142087291816,1.4618056439017721,0.9764341259364224,0.061203282153724656,0.9152308437826978,0.16352342405517906,0.0215038558918492,0.14201956816332986,0.5314511281793319,0.039059719867134336,0.4923914083121976
Cd,29,17,32,20,11.4,8.0,concordant,True,,1.475038785989064,0.057485255597107134,1.4175535303919569,0.9764341259364224,0.022290201149898686,0.9541439247865238,0.16352342405517906,0.02463653811304591,0.13888688594213314,0.5314511281793319,0.030588005139948277,0.5008631230393836
Cd,29,18,32,21,11.4,9.7,concordant,True,,1.475038785989064,0.04980733024295714,1.4252314557461068,0.9764341259364224,0.044524734611128346,0.931909391325294,0.16352342405517906,0.0005731415974694137,0.16295028245770965,0.5314511281793319,0.04009479354844512,0.4913563346308868
Cd,29,19,32,22,11.4,14.5,reversal,True,,1.475038785989064,0.039243660537889254,1.4357951254511747,0.9764341259364224,0.06238735777818293,0.9140467681582395,0.16352342405517906,0.0006978831770652806,0.16282554087811377,0.5314511281793319,0.032671098506862534,0.49878002967246937
Cd,29,20,32,23,11.4,7.7,concordant,True,,1.475038785989064,0.06385888617203181,1.4111798998170322,0.9764341259364224,0.060956209527848554,0.9154779164085739,0.16352342405517906,0.0006652254481062645,0.1628581986070728,0.5314511281793319,0.009519678852013361,0.5219314493273186
Cd,29,21,32,24,11.4,5.6,concordant,True,,1.475038785989064,0.05013838748481978,1.424900398504244,0.9764341259364224,0.05720013220099157,0.9192339937354308,0.16352342405517906,0.026834629921452836,0.13668879413372623,0.5314511281793319,0.0008268503927358117,0.5306242777865962
Cd,29,22,32,25,11.4,7.8,concordant,True,,1.475038785989064,0.06597159384694934,1.4090671921421145,0.9764341259364224,0.017643565796277152,0.9587905601401453,0.16352342405517906,0.00383555778179938,0.15968786627337966,0.5314511281793319,0.04754928257497415,0.4839018456043578
Cd,29,23,32,26,11.4,8.9,concordant,True,,1.475038785989064,0.04187149423733657,1.4331672917517273,0.9764341259364224,0.047024908912701065,0.9294092170237214,0.16352342405517906,0.00047023201844089845,0.16305319203673815,0.5314511281793319,0.04563336483152147,0.48581776334781046
Cd,29,24,32,27,11.4,12.1,reversal,True,,1.475038785989064,0.721746721235355,0.7532920647537089,0.9764341259364224,0.49720329685102244,0.4792308290854,0.16352342405517906,0.005977069447922622,0.15754635460725644,0.5314511281793319,0.4181798222437265,0.11327130593560542
Cd,29,26,32,29,11.4,11.53,reversal,True,,1.475038785989064,0.08186706626988906,1.3931717197191749,0.9764341259364224,0.06627333936133878,0.9101607865750836,0.16352342405517906,0.0014533870800659068,0.16207003697511316,0.5314511281793319,0.1457533090475967,0.38569781913173523
Cd,29,27,32,30,11.4,3.5,concordant,True,,1.475038785989064,0.04037402526186648,1.4346647607271974,0.9764341259364224,0.06751066519197346,0.908923460744449,0.16352342405517906,0.025812901396931025,0.13771052265824804,0.5314511281793319,0.0013024081492290394,0.5301487200301029
Cd,29,28,32,31,11.4,7.4,concordant,True,,1.475038785989064,0.07436549118993342,1.4006732947991305,0.9764341259364224,0.12856406951480012,0.8478700564216223,0.16352342405517906,0.0008715168451340958,0.16265190721004497,0.5314511281793319,0.06696657582421316,0.46448455235511876
Cd,29,32,32,35,11.4,7.9,concordant,True,,1.475038785989064,0.047322584403479695,1.4277162015855842,0.9764341259364224,0.03748932011184755,0.9389448058245748,0.16352342405517906,0.0036280550952775483,0.1598953689599015,0.5314511281793319,0.0465600403893952,0.4848910877899367
Cd,30,1,33,4,8.4,9.5,reversal,True,,1.4303089711875026,0.0541546943660694,1.3761542768214332,1.1735868481538483,0.029538924199674216,1.144047923954174,0.10825087219049419,0.027692741437194576,0.08055813075329961,1.1546759700319382,0.023613639997061835,1.1310623300348763
Cd,30,11,33,14,8.4,10.1,reversal,True,,1.4303089711875026,0.04484260888015825,1.3854663623073442,1.1735868481538483,0.03119485835141443,1.142391989802434,0.10825087219049419,0.02827034038096933,0.07998053180952486,1.1546759700319382,0.03069219238745799,1.1239837776444803
Cd,30,13,33,16,8.4,8.4,magnetic_tie,True,,1.4303089711875026,0.05477911626783168,1.3755298549196708,1.1735868481538483,0.03722170720762923,1.136365140946219,0.10825087219049419,0.009832149073713383,0.0984187231167808,1.1546759700319382,0.0331670274508257,1.1215089425811124
Cd,30,14,33,17,8.4,8.84,reversal,True,,1.4303089711875026,0.05196093696722434,1.3783480342202783,1.1735868481538483,0.056291015047826375,1.1172958331060219,0.10825087219049419,0.0017948370229640264,0.10645603516753016,1.1546759700319382,0.024953210961985266,1.129722759069953
Cd,30,15,33,18,8.4,9.44,reversal,True,,1.4303089711875026,0.06196123909112352,1.368347732096379,1.1735868481538483,0.0559890714678827,1.1175977766859655,0.10825087219049419,0.009704772387766333,0.09854609980272785,1.1546759700319382,0.007344917053227457,1.1473310529787109
Cd,30,16,33,19,8.4,10.8,reversal,True,,1.4303089711875026,0.013233142087291816,1.4170758291002108,1.1735868481538483,0.061203282153724656,1.1123835660001236,0.10825087219049419,0.0215038558918492,0.08674701629864498,1.1546759700319382,0.039059719867134336,1.115616250164804
Cd,30,17,33,20,8.4,8.0,concordant,True,,1.4303089711875026,0.057485255597107134,1.3728237155903955,1.1735868481538483,0.022290201149898686,1.1512966470039496,0.10825087219049419,0.02463653811304591,0.08361433407744828,1.1546759700319382,0.030588005139948277,1.12408796489199
Cd,30,18,33,21,8.4,9.7,reversal,True,,1.4303089711875026,0.04980733024295714,1.3805016409445454,1.1735868481538483,0.044524734611128346,1.12906211354272,0.10825087219049419,0.0005731415974694137,0.10767773059302477,1.1546759700319382,0.04009479354844512,1.1145811764834932
Cd,30,19,33,22,8.4,14.5,reversal,True,,1.4303089711875026,0.039243660537889254,1.3910653106496134,1.1735868481538483,0.06238735777818293,1.1111994903756655,0.10825087219049419,0.0006978831770652806,0.10755298901342891,1.1546759700319382,0.032671098506862534,1.1220048715250757
Cd,30,20,33,23,8.4,7.7,concordant,True,,1.4303089711875026,0.06385888617203181,1.3664500850154708,1.1735868481538483,0.060956209527848554,1.1126306386259996,0.10825087219049419,0.0006652254481062645,0.10758564674238792,1.1546759700319382,0.009519678852013361,1.145156291179925
Cd,30,21,33,24,8.4,5.6,concordant,True,,1.4303089711875026,0.05013838748481978,1.3801705837026828,1.1735868481538483,0.05720013220099157,1.1163867159528567,0.10825087219049419,0.026834629921452836,0.08141624226904134,1.1546759700319382,0.0008268503927358117,1.1538491196392024
Cd,30,22,33,25,8.4,7.8,concordant,True,,1.4303089711875026,0.06597159384694934,1.3643373773405532,1.1735868481538483,0.017643565796277152,1.155943282357571,0.10825087219049419,0.00383555778179938,0.10441531440869481,1.1546759700319382,0.04754928257497415,1.107126687456964
Cd,30,23,33,26,8.4,8.9,reversal,True,,1.4303089711875026,0.04187149423733657,1.388437476950166,1.1735868481538483,0.047024908912701065,1.1265619392411472,0.10825087219049419,0.00047023201844089845,0.10778064017205329,1.1546759700319382,0.04563336483152147,1.1090426052004168
Cd,30,24,33,27,8.4,12.1,reversal,True,,1.4303089711875026,0.721746721235355,0.7085622499521476,1.1735868481538483,0.49720329685102244,0.6763835513028258,0.10825087219049419,0.005977069447922622,0.10227380274257157,1.1546759700319382,0.4181798222437265,0.7364961477882117
Cd,30,25,33,28,8.4,8.8,reversal,True,,1.4303089711875026,0.9374081246443066,0.492900846543196,1.1735868481538483,0.9793816227627085,0.19420522539113982,0.10825087219049419,0.012672766990812108,0.09557810519968207,1.1546759700319382,0.12389144373526366,1.0307845262966746
Cd,30,26,33,29,8.4,11.53,reversal,True,,1.4303089711875026,0.08186706626988906,1.3484419049176135,1.1735868481538483,0.06627333936133878,1.1073135087925094,0.10825087219049419,0.0014533870800659068,0.10679748511042828,1.1546759700319382,0.1457533090475967,1.0089226609843416
Cd,30,27,33,30,8.4,3.5,concordant,True,,1.4303089711875026,0.04037402526186648,1.389934945925636,1.1735868481538483,0.06751066519197346,1.1060761829618748,0.10825087219049419,0.025812901396931025,0.08243797079356316,1.1546759700319382,0.0013024081492290394,1.1533735618827092
Cd,30,28,33,31,8.4,7.4,concordant,True,,1.4303089711875026,0.07436549118993342,1.3559434799975691,1.1735868481538483,0.12856406951480012,1.0450227786390482,0.10825087219049419,0.0008715168451340958,0.1073793553453601,1.1546759700319382,0.06696657582421316,1.0877093942077252
Cd,30,32,33,35,8.4,7.9,concordant,True,,1.4303089711875026,0.047322584403479695,1.3829863867840229,1.1735868481538483,0.03748932011184755,1.1360975280420007,0.10825087219049419,0.0036280550952775483,0.10462281709521663,1.1546759700319382,0.0465600403893952,1.1081159296425431
Cd,31,1,34,4,16.4,9.5,concordant,True,,1.250408747455179,0.0541546943660694,1.1962540530891097,1.3129291848279379,0.029538924199674216,1.2833902606282637,0.24605199618170168,0.027692741437194576,0.2183592547445071,0.5074822421247598,0.023613639997061835,0.48386860212769794
Cd,31,2,34,5,16.4,10.0,concordant,True,,1.250408747455179,0.6617852846371289,0.5886234628180501,1.3129291848279379,0.5046112795358106,0.8083179052921272,0.24605199618170168,0.16544632115928223,0.08060567502241944,0.5074822421247598,0.17091937955592582,0.33656286256883394
Cd,31,9,34,12,16.4,8.7,concordant,True,,1.250408747455179,0.38564205440657806,0.864766693048601,1.3129291848279379,0.32136837867214846,0.9915608061557895,0.24605199618170168,0.11997752803760209,0.1260744681440996,0.5074822421247598,0.11804424085595353,0.38943800126880623
Cd,31,11,34,14,16.4,10.1,concordant,True,,1.250408747455179,0.04484260888015825,1.2055661385750207,1.3129291848279379,0.03119485835141443,1.2817343264765235,0.24605199618170168,0.02827034038096933,0.21778165580073233,0.5074822421247598,0.03069219238745799,0.47679004973730177
Cd,31,13,34,16,16.4,8.4,concordant,True,,1.250408747455179,0.05477911626783168,1.1956296311873473,1.3129291848279379,0.03722170720762923,1.2757074776203086,0.24605199618170168,0.009832149073713383,0.2362198471079883,0.5074822421247598,0.0331670274508257,0.4743152146739341
Cd,31,14,34,17,16.4,8.84,concordant,True,,1.250408747455179,0.05196093696722434,1.1984478104879548,1.3129291848279379,0.056291015047826375,1.2566381697801114,0.24605199618170168,0.0017948370229640264,0.24425715915873766,0.5074822421247598,0.024953210961985266,0.4825290311627745
Cd,31,15,34,18,16.4,9.44,concordant,True,,1.250408747455179,0.06196123909112352,1.1884475083640555,1.3129291848279379,0.0559890714678827,1.256940113360055,0.24605199618170168,0.009704772387766333,0.23634722379393536,0.5074822421247598,0.007344917053227457,0.5001373250715323
Cd,31,16,34,19,16.4,10.8,concordant,True,,1.250408747455179,0.013233142087291816,1.2371756053678873,1.3129291848279379,0.061203282153724656,1.2517259026742131,0.24605199618170168,0.0215038558918492,0.22454814028985248,0.5074822421247598,0.039059719867134336,0.46842252225762543
Cd,31,17,34,20,16.4,8.0,concordant,True,,1.250408747455179,0.057485255597107134,1.192923491858072,1.3129291848279379,0.022290201149898686,1.2906389836780392,0.24605199618170168,0.02463653811304591,0.22141545806865576,0.5074822421247598,0.030588005139948277,0.4768942369848115
Cd,31,18,34,21,16.4,9.7,concordant,True,,1.250408747455179,0.04980733024295714,1.200601417212222,1.3129291848279379,0.044524734611128346,1.2684044502168095,0.24605199618170168,0.0005731415974694137,0.24547885458423227,0.5074822421247598,0.04009479354844512,0.46738744857631465
Cd,31,19,34,22,16.4,14.5,concordant,True,,1.250408747455179,0.039243660537889254,1.2111650869172899,1.3129291848279379,0.06238735777818293,1.250541827049755,0.24605199618170168,0.0006978831770652806,0.2453541130046364,0.5074822421247598,0.032671098506862534,0.4748111436178972
Cd,31,20,34,23,16.4,7.7,concordant,True,,1.250408747455179,0.06385888617203181,1.1865498612831473,1.3129291848279379,0.060956209527848554,1.2519729753000892,0.24605199618170168,0.0006652254481062645,0.2453867707335954,0.5074822421247598,0.009519678852013361,0.4979625632727464
Cd,31,21,34,24,16.4,5.6,concordant,True,,1.250408747455179,0.05013838748481978,1.2002703599703592,1.3129291848279379,0.05720013220099157,1.2557290526269462,0.24605199618170168,0.026834629921452836,0.21921736626024885,0.5074822421247598,0.0008268503927358117,0.506655391732024
Cd,31,22,34,25,16.4,7.8,concordant,True,,1.250408747455179,0.06597159384694934,1.1844371536082297,1.3129291848279379,0.017643565796277152,1.2952856190316606,0.24605199618170168,0.00383555778179938,0.24221643839990228,0.5074822421247598,0.04754928257497415,0.45993295954978564
Cd,31,23,34,26,16.4,8.9,concordant,True,,1.250408747455179,0.04187149423733657,1.2085372532178424,1.3129291848279379,0.047024908912701065,1.2659042759152368,0.24605199618170168,0.00047023201844089845,0.24558176416326077,0.5074822421247598,0.04563336483152147,0.4618488772932383
Cd,31,24,34,27,16.4,12.1,concordant,True,,1.250408747455179,0.721746721235355,0.528662026219824,1.3129291848279379,0.49720329685102244,0.8157258879769154,0.24605199618170168,0.005977069447922622,0.24007492673377906,0.5074822421247598,0.4181798222437265,0.08930241988103327
Cd,31,25,34,28,16.4,8.8,concordant,True,,1.250408747455179,0.9374081246443066,0.3130006228108725,1.3129291848279379,0.9793816227627085,0.3335475620652294,0.24605199618170168,0.012672766990812108,0.23337922919088958,0.5074822421247598,0.12389144373526366,0.3835907983894961
Cd,31,26,34,29,16.4,11.53,concordant,True,,1.250408747455179,0.08186706626988906,1.16854168118529,1.3129291848279379,0.06627333936133878,1.246655845466599,0.24605199618170168,0.0014533870800659068,0.24459860910163578,0.5074822421247598,0.1457533090475967,0.3617289330771631
Cd,31,27,34,30,16.4,3.5,concordant,True,,1.250408747455179,0.04037402526186648,1.2100347221933125,1.3129291848279379,0.06751066519197346,1.2454185196359644,0.24605199618170168,0.025812901396931025,0.22023909478477066,0.5074822421247598,0.0013024081492290394,0.5061798339755308
Cd,31,28,34,31,16.4,7.4,concordant,True,,1.250408747455179,0.07436549118993342,1.1760432562652456,1.3129291848279379,0.12856406951480012,1.1843651153131378,0.24605199618170168,0.0008715168451340958,0.24518047933656759,0.5074822421247598,0.06696657582421316,0.4405156663005466
Cd,31,32,34,35,16.4,7.9,concordant,True,,1.250408747455179,0.047322584403479695,1.2030861630516994,1.3129291848279379,0.03748932011184755,1.2754398647160903,0.24605199618170168,0.0036280550952775483,0.24242394108642412,0.5074822421247598,0.0465600403893952,0.4609222017353646
Ni,1,14,4,17,9.5,8.84,concordant,True,,9.135797648770337,5.556390609193207,3.57940703957713,23.5607413047235,23.053109974312246,0.5076313304112539,14.745497959418792,12.413213063091208,2.332284896327584,39.588456478004794,15.84162429004021,23.746832187964586
Ni,1,18,4,21,9.5,9.7,reversal,True,,9.135797648770337,5.623338840897551,3.512458807872786,23.5607413047235,17.29176693575997,6.26897436896353,14.745497959418792,13.496013218154124,1.2494847412646681,39.588456478004794,36.129952052766775,3.4585044252380186
Ni,1,26,4,29,9.5,11.53,reversal,True,,9.135797648770337,9.125523351397831,0.01027429737250607,23.5607413047235,18.369559993073562,5.191181311649938,14.745497959418792,12.443895479178861,2.3016024802399304,39.588456478004794,34.84290734170081,4.7455491363039854
Ni,1,27,4,30,9.5,3.5,concordant,True,,9.135797648770337,3.18973018799822,5.946067460772117,23.5607413047235,6.432622545796411,17.128118758927087,14.745497959418792,5.528865659196916,9.216632300221875,39.588456478004794,4.997243961197212,34.59121251680758
Ni,1,28,4,31,9.5,7.4,concordant,True,,9.135797648770337,8.126530907085021,1.009266741685316,23.5607413047235,17.01153803216464,6.549203272558859,14.745497959418792,13.110803196763829,1.6346947626549628,39.588456478004794,24.59630021211067,14.992156265894124
Ni,1,30,4,33,9.5,8.4,concordant,True,,9.135797648770337,7.717801068809811,1.4179965799605263,23.5607413047235,10.178549235676707,13.382192069046793,14.745497959418792,9.507436099258463,5.238061860160329,39.588456478004794,29.08156924479059,10.506887233214204
Ni,1,32,4,35,9.5,7.9,concordant,True,,9.135797648770337,8.137317228226319,0.9984804205440181,23.5607413047235,14.185323276232365,9.375418028491135,14.745497959418792,13.525540798268072,1.2199571611507203,39.588456478004794,30.67988522533977,8.908571252665023
Ni,2,1,5,4,10.0,9.5,concordant,True,,12.308079178374319,9.135797648770337,3.172281529603982,32.74828209960311,23.5607413047235,9.18754079487961,25.49530686948966,14.745497959418792,10.749808910070868,47.69380681620049,39.588456478004794,8.105350338195699
Ni,2,14,5,17,10.0,8.84,concordant,True,,12.308079178374319,5.556390609193207,6.751688569181112,32.74828209960311,23.053109974312246,9.695172125290863,25.49530686948966,12.413213063091208,13.082093806398452,47.69380681620049,15.84162429004021,31.852182526160284
Ni,2,17,5,20,10.0,8.0,concordant,True,,12.308079178374319,10.909364347543859,1.3987148308304604,32.74828209960311,18.947843340470907,13.800438759132202,25.49530686948966,14.92860384400739,10.566703025482271,47.69380681620049,34.73771279086333,12.956094025337165
Ni,2,18,5,21,10.0,9.7,concordant,True,,12.308079178374319,5.623338840897551,6.684740337476768,32.74828209960311,17.29176693575997,15.45651516384314,25.49530686948966,13.496013218154124,11.999293651335536,47.69380681620049,36.129952052766775,11.563854763433717
Ni,2,19,5,22,10.0,14.5,reversal,True,,12.308079178374319,7.085485117680667,5.222594060693652,32.74828209960311,21.872584493709883,10.875697605893226,25.49530686948966,18.483874220036522,7.011432649453138,47.69380681620049,46.825814690759195,0.8679921254412974
Ni,2,21,5,24,10.0,5.6,concordant,True,,12.308079178374319,10.529393171387749,1.77868600698657,32.74828209960311,14.715778408204562,18.032503691398546,25.49530686948966,8.372770473633631,17.12253639585603,47.69380681620049,20.551345708009823,27.14246110819067
Ni,2,22,5,25,10.0,7.8,concordant,True,,12.308079178374319,6.696555485595036,5.611523692779283,32.74828209960311,14.509203552122575,18.239078547480535,25.49530686948966,8.184678926838377,17.310627942651283,47.69380681620049,42.163497501894675,5.530309314305818
Ni,2,24,5,27,10.0,12.1,reversal,True,,12.308079178374319,9.364124395146542,2.9439547832277775,32.74828209960311,15.346759425379048,17.40152267422406,25.49530686948966,10.664697227805783,14.830609641683877,47.69380681620049,45.520049143073464,2.173757673127028
Ni,2,25,5,28,10.0,8.8,concordant,True,,12.308079178374319,4.860531090838056,7.447548087536263,32.74828209960311,15.526696540177124,17.221585559425986,25.49530686948966,19.307109610828952,6.188197258660708,47.69380681620049,30.1082898126913,17.585517003509192
Ni,2,26,5,29,10.0,11.53,reversal,True,,12.308079178374319,9.125523351397831,3.182555826976488,32.74828209960311,18.369559993073562,14.378722106529548,25.49530686948966,12.443895479178861,13.051411390310799,47.69380681620049,34.84290734170081,12.850899474499684
Ni,2,27,5,30,10.0,3.5,concordant,True,,12.308079178374319,3.18973018799822,9.118348990376099,32.74828209960311,6.432622545796411,26.315659553806697,25.49530686948966,5.528865659196916,19.966441210292743,47.69380681620049,4.997243961197212,42.69656285500328
Ni,2,28,5,31,10.0,7.4,concordant,True,,12.308079178374319,8.126530907085021,4.181548271289298,32.74828209960311,17.01153803216464,15.736744067438469,25.49530686948966,13.110803196763829,12.384503672725831,47.69380681620049,24.59630021211067,23.097506604089823
Ni,2,29,5,32,10.0,11.4,reversal,True,,12.308079178374319,10.86142086274312,1.4466583156311987,32.74828209960311,17.944956208010375,14.803325891592735,25.49530686948966,14.757365302640112,10.737941566849548,47.69380681620049,34.23708750212506,13.456719314075436
Ni,2,30,5,33,10.0,8.4,concordant,True,,12.308079178374319,7.717801068809811,4.590278109564508,32.74828209960311,10.178549235676707,22.569732863926404,25.49530686948966,9.507436099258463,15.987870770231197,47.69380681620049,29.08156924479059,18.612237571409903
Ni,2,31,5,34,10.0,16.4,reversal,True,,12.308079178374319,7.542495901259794,4.7655832771145255,32.74828209960311,11.951955043534749,20.79632705606836,25.49530686948966,9.979302269359113,15.516004600130547,47.69380681620049,40.845516265283806,6.848290550916687
Ni,2,32,5,35,10.0,7.9,concordant,True,,12.308079178374319,8.137317228226319,4.170761950148,32.74828209960311,14.185323276232365,18.562958823370742,25.49530686948966,13.525540798268072,11.969766071221589,47.69380681620049,30.67988522533977,17.013921590860722
Ni,3,1,6,4,10.6,9.5,concordant,True,,11.186913145539906,9.135797648770337,2.051115496769569,51.45980046948357,23.5607413047235,27.899059164760068,29.64531983568075,14.745497959418792,14.899821876261957,40.086438771518004,39.588456478004794,0.49798229351321055
Ni,3,12,6,15,10.6,34.0,reversal,True,,11.186913145539906,10.356455758766996,0.8304573867729097,51.45980046948357,42.40284716325355,9.056953306230021,29.64531983568075,15.046171574057714,14.599148261623034,40.086438771518004,30.873962450663875,9.21247632085413
Ni,3,14,6,17,10.6,8.84,concordant,True,,11.186913145539906,5.556390609193207,5.630522536346699,51.45980046948357,23.053109974312246,28.406690495171322,29.64531983568075,12.413213063091208,17.23210677258954,40.086438771518004,15.84162429004021,24.244814481477796
Ni,3,17,6,20,10.6,8.0,concordant,True,,11.186913145539906,10.909364347543859,0.27754879799604737,51.45980046948357,18.947843340470907,32.51195712901266,29.64531983568075,14.92860384400739,14.71671599167336,40.086438771518004,34.73771279086333,5.348725980654677
Ni,3,18,6,21,10.6,9.7,concordant,True,,11.186913145539906,5.623338840897551,5.563574304642355,51.45980046948357,17.29176693575997,34.1680335337236,29.64531983568075,13.496013218154124,16.149306617526626,40.086438771518004,36.129952052766775,3.956486718751229
Ni,3,21,6,24,10.6,5.6,concordant,True,,11.186913145539906,10.529393171387749,0.6575199741521569,51.45980046948357,14.715778408204562,36.744022061279004,29.64531983568075,8.372770473633631,21.272549362047116,40.086438771518004,20.551345708009823,19.53509306350818
Ni,3,25,6,28,10.6,8.8,concordant,True,,11.186913145539906,4.860531090838056,6.32638205470185,51.45980046948357,15.526696540177124,35.93310392930644,29.64531983568075,19.307109610828952,10.338210224851796,40.086438771518004,30.1082898126913,9.978148958826704
Ni,3,26,6,29,10.6,11.53,reversal,True,,11.186913145539906,9.125523351397831,2.061389794142075,51.45980046948357,18.369559993073562,33.09024047641,29.64531983568075,12.443895479178861,17.20142435650189,40.086438771518004,34.84290734170081,5.243531429817196
Ni,3,27,6,30,10.6,3.5,concordant,True,,11.186913145539906,3.18973018799822,7.9971829575416855,51.45980046948357,6.432622545796411,45.027177923687155,29.64531983568075,5.528865659196916,24.11645417648383,40.086438771518004,4.997243961197212,35.08919481032079
Ni,3,28,6,31,10.6,7.4,concordant,True,,11.186913145539906,8.126530907085021,3.060382238454885,51.45980046948357,17.01153803216464,34.44826243731893,29.64531983568075,13.110803196763829,16.53451663891692,40.086438771518004,24.59630021211067,15.490138559407335
Ni,3,29,6,32,10.6,11.4,reversal,True,,11.186913145539906,10.86142086274312,0.32549228279678566,51.45980046948357,17.944956208010375,33.51484426147319,29.64531983568075,14.757365302640112,14.887954533040636,40.086438771518004,34.23708750212506,5.8493512693929475
Ni,3,30,6,33,10.6,8.4,concordant,True,,11.186913145539906,7.717801068809811,3.469112076730095,51.45980046948357,10.178549235676707,41.28125123380686,29.64531983568075,9.507436099258463,20.137883736422285,40.086438771518004,29.08156924479059,11.004869526727415
Ni,3,32,6,35,10.6,7.9,concordant,True,,11.186913145539906,8.137317228226319,3.049595917313587,51.45980046948357,14.185323276232365,37.2744771932512,29.64531983568075,13.525540798268072,16.119779037412677,40.086438771518004,30.67988522533977,9.406553546178234
Ni,4,14,7,17,7.8,8.84,reversal,True,,8.89556055930837,5.556390609193207,3.3391699501151626,42.031523642732054,23.053109974312246,18.978413668419808,24.685180552080734,12.413213063091208,12.271967488989526,41.14196758680122,15.84162429004021,25.300343296761014
Ni,4,18,7,21,7.8,9.7,reversal,True,,8.89556055930837,5.623338840897551,3.272221718410819,42.031523642732054,17.29176693575997,24.739756706972084,24.685180552080734,13.496013218154124,11.18916733392661,41.14196758680122,36.129952052766775,5.012015534034447
Ni,4,25,7,28,7.8,8.8,reversal,True,,8.89556055930837,4.860531090838056,4.035029468470314,42.031523642732054,15.526696540177124,26.50482710255493,24.685180552080734,19.307109610828952,5.3780709412517815,41.14196758680122,30.1082898126913,11.033677774109922
Ni,4,27,7,30,7.8,3.5,concordant,True,,8.89556055930837,3.18973018799822,5.7058303713101495,42.031523642732054,6.432622545796411,35.59890109693564,24.685180552080734,5.528865659196916,19.156314892883817,41.14196758680122,4.997243961197212,36.14472362560401
Ni,4,28,7,31,7.8,7.4,concordant,True,,8.89556055930837,8.126530907085021,0.7690296522233488,42.031523642732054,17.01153803216464,25.019985610567414,24.685180552080734,13.110803196763829,11.574377355316905,41.14196758680122,24.59630021211067,16.545667374690552
Ni,4,30,7,33,7.8,8.4,reversal,True,,8.89556055930837,7.717801068809811,1.177759490498559,42.031523642732054,10.178549235676707,31.85297440705535,24.685180552080734,9.507436099258463,15.177744452822271,41.14196758680122,29.08156924479059,12.060398342010632
Ni,4,31,7,34,7.8,16.4,reversal,True,,8.89556055930837,7.542495901259794,1.3530646580485763,42.031523642732054,11.951955043534749,30.079568599197305,24.685180552080734,9.979302269359113,14.70587828272162,41.14196758680122,40.845516265283806,0.2964513215174165
Ni,4,32,7,35,7.8,7.9,reversal,True,,8.89556055930837,8.137317228226319,0.7582433310820509,42.031523642732054,14.185323276232365,27.846200366499687,24.685180552080734,13.525540798268072,11.159639753812662,41.14196758680122,30.67988522533977,10.462082361461452
Ni,5,1,8,4,10.5,9.5,concordant,True,,13.29487988359042,9.135797648770337,4.159082234820083,29.297976039764077,23.5607413047235,5.737234735040577,33.23719970897605,14.745497959418792,18.491701749557258,48.7478929064982,39.588456478004794,9.159436428493407
Ni,5,14,8,17,10.5,8.84,concordant,True,,13.29487988359042,5.556390609193207,7.738489274397213,29.297976039764077,23.053109974312246,6.244866065451831,33.23719970897605,12.413213063091208,20.823986645884844,48.7478929064982,15.84162429004021,32.90626861645799
Ni,5,15,8,18,10.5,9.44,concordant,True,,13.29487988359042,13.166970632248407,0.1279092513420128,29.297976039764077,15.775521417882526,13.52245462188155,33.23719970897605,9.316252805836138,23.920946903139914,48.7478929064982,33.29007669285447,15.457816213643731
Ni,5,16,8,19,10.5,10.8,reversal,True,,13.29487988359042,13.072453861927546,0.22242602166287462,29.297976039764077,22.110199741778686,7.1877762979853905,33.23719970897605,18.559656717551455,14.677542991424595,48.7478929064982,38.24903167008429,10.498861236413909
Ni,5,17,8,20,10.5,8.0,concordant,True,,13.29487988359042,10.909364347543859,2.3855155360465616,29.297976039764077,18.947843340470907,10.35013269929317,33.23719970897605,14.92860384400739,18.30859586496866,48.7478929064982,34.73771279086333,14.010180115634874
Ni,5,18,8,21,10.5,9.7,concordant,True,,13.29487988359042,5.623338840897551,7.671541042692869,29.297976039764077,17.29176693575997,12.006209104004107,33.23719970897605,13.496013218154124,19.741186490821924,48.7478929064982,36.129952052766775,12.617940853731426
Ni,5,19,8,22,10.5,14.5,reversal,True,,13.29487988359042,7.085485117680667,6.209394765909753,29.297976039764077,21.872584493709883,7.425391546054193,33.23719970897605,18.483874220036522,14.753325488939527,48.7478929064982,46.825814690759195,1.9220782157390062
Ni,5,20,8,23,10.5,7.7,concordant,True,,13.29487988359042,12.413050640606222,0.8818292429841978,29.297976039764077,16.06394788784334,13.234028151920736,33.23719970897605,11.682871191158798,21.554328517817254,48.7478929064982,31.835823995907717,16.912068910590484
Ni,5,21,8,24,10.5,5.6,concordant,True,,13.29487988359042,10.529393171387749,2.765486712202671,29.297976039764077,14.715778408204562,14.582197631559515,33.23719970897605,8.372770473633631,24.86442923534242,48.7478929064982,20.551345708009823,28.19654719848838
Ni,5,22,8,25,10.5,7.8,concordant,True,,13.29487988359042,6.696555485595036,6.598324397995384,29.297976039764077,14.509203552122575,14.788772487641502,33.23719970897605,8.184678926838377,25.052520782137673,48.7478929064982,42.163497501894675,6.5843954046035265
Ni,5,24,8,27,10.5,12.1,reversal,True,,13.29487988359042,9.364124395146542,3.9307554884438787,29.297976039764077,15.346759425379048,13.951216614385029,33.23719970897605,10.664697227805783,22.572502481170268,48.7478929064982,45.520049143073464,3.227843763424737
Ni,5,25,8,28,10.5,8.8,concordant,True,,13.29487988359042,4.860531090838056,8.434348792752363,29.297976039764077,15.526696540177124,13.771279499586953,33.23719970897605,19.307109610828952,13.930090098147097,48.7478929064982,30.1082898126913,18.6396030938069
Ni,5,26,8,29,10.5,11.53,reversal,True,,13.29487988359042,9.125523351397831,4.169356532192589,29.297976039764077,18.369559993073562,10.928416046690515,33.23719970897605,12.443895479178861,20.793304229797187,48.7478929064982,34.84290734170081,13.904985564797393
Ni,5,27,8,30,10.5,3.5,concordant,True,,13.29487988359042,3.18973018799822,10.1051496955922,29.297976039764077,6.432622545796411,22.865353493967667,33.23719970897605,5.528865659196916,27.708334049779133,48.7478929064982,4.997243961197212,43.75064894530099
Ni,5,28,8,31,10.5,7.4,concordant,True,,13.29487988359042,8.126530907085021,5.168348976505399,29.297976039764077,17.01153803216464,12.286438007599436,33.23719970897605,13.110803196763829,20.12639651221222,48.7478929064982,24.59630021211067,24.15159269438753
Ni,5,29,8,32,10.5,11.4,reversal,True,,13.29487988359042,10.86142086274312,2.4334590208473,29.297976039764077,17.944956208010375,11.353019831753702,33.23719970897605,14.757365302640112,18.47983440633594,48.7478929064982,34.23708750212506,14.510805404373144
Ni,5,30,8,33,10.5,8.4,concordant,True,,13.29487988359042,7.717801068809811,5.577078814780609,29.297976039764077,10.178549235676707,19.119426804087368,33.23719970897605,9.507436099258463,23.729763609717587,48.7478929064982,29.08156924479059,19.66632366170761
Ni,5,31,8,34,10.5,16.4,reversal,True,,13.29487988359042,7.542495901259794,5.752383982330627,29.297976039764077,11.951955043534749,17.346020996229328,33.23719970897605,9.979302269359113,23.257897439616936,48.7478929064982,40.845516265283806,7.902376641214396
Ni,5,32,8,35,10.5,7.9,concordant,True,,13.29487988359042,8.137317228226319,5.157562655364101,29.297976039764077,14.185323276232365,15.112652763531711,33.23719970897605,13.525540798268072,19.71165891070798,48.7478929064982,30.67988522533977,18.06800768115843
Ni,6,1,9,4,9.7,9.5,concordant,True,,15.394622970883942,9.135797648770337,6.258825322113605,28.721311512843176,23.5607413047235,5.160570208119676,23.436590194480026,14.745497959418792,8.691092235061234,53.536524659939666,39.588456478004794,13.948068181934872
Ni,6,8,9,11,9.7,20.0,reversal,True,,15.394622970883942,13.967420570813145,1.4272024000707972,28.721311512843176,24.232633279483043,4.488678233360133,23.436590194480026,16.82821755519656,6.608372639283466,53.536524659939666,47.28729133010233,6.249233329837338
Ni,6,13,9,16,9.7,8.4,concordant,True,,15.394622970883942,11.21703577856311,4.177587192320832,28.721311512843176,26.54698467593269,2.1743268369104847,23.436590194480026,22.621022153435607,0.8155680410444184,53.536524659939666,52.159216370318475,1.3773082896211903
Ni,6,14,9,17,9.7,8.84,concordant,True,,15.394622970883942,5.556390609193207,9.838232361690736,28.721311512843176,23.053109974312246,5.66820153853093,23.436590194480026,12.413213063091208,11.023377131388818,53.536524659939666,15.84162429004021,37.69490036989946
Ni,6,15,9,18,9.7,9.44,concordant,True,,15.394622970883942,13.166970632248407,2.2276523386355347,28.721311512843176,15.775521417882526,12.94579009496065,23.436590194480026,9.316252805836138,14.120337388643888,53.536524659939666,33.29007669285447,20.246447967085196
Ni,6,16,9,19,9.7,10.8,reversal,True,,15.394622970883942,13.072453861927546,2.3221691089563965,28.721311512843176,22.110199741778686,6.61111177106449,23.436590194480026,18.559656717551455,4.876933476928571,53.536524659939666,38.24903167008429,15.287492989855373
Ni,6,17,9,20,9.7,8.0,concordant,True,,15.394622970883942,10.909364347543859,4.4852586233400835,28.721311512843176,18.947843340470907,9.773468172372269,23.436590194480026,14.92860384400739,8.507986350472637,53.536524659939666,34.73771279086333,18.79881186907634
Ni,6,18,9,21,9.7,9.7,magnetic_tie,True,,15.394622970883942,5.623338840897551,9.771284129986391,28.721311512843176,17.29176693575997,11.429544577083206,23.436590194480026,13.496013218154124,9.940576976325902,53.536524659939666,36.129952052766775,17.40657260717289
Ni,6,19,9,22,9.7,14.5,reversal,True,,15.394622970883942,7.085485117680667,8.309137853203275,28.721311512843176,21.872584493709883,6.8487270191332925,23.436590194480026,18.483874220036522,4.952715974443503,53.536524659939666,46.825814690759195,6.710709969180471
Ni,6,20,9,23,9.7,7.7,concordant,True,,15.394622970883942,12.413050640606222,2.9815723302777197,28.721311512843176,16.06394788784334,12.657363624999835,23.436590194480026,11.682871191158798,11.753719003321228,53.536524659939666,31.835823995907717,21.70070066403195
Ni,6,21,9,24,9.7,5.6,concordant,True,,15.394622970883942,10.529393171387749,4.865229799496193,28.721311512843176,14.715778408204562,14.005533104638614,23.436590194480026,8.372770473633631,15.063819720846395,53.536524659939666,20.551345708009823,32.98517895192984
Ni,6,22,9,25,9.7,7.8,concordant,True,,15.394622970883942,6.696555485595036,8.698067485288906,28.721311512843176,14.509203552122575,14.212107960720601,23.436590194480026,8.184678926838377,15.251911267641649,53.536524659939666,42.163497501894675,11.37302715804499
Ni,6,24,9,27,9.7,12.1,reversal,True,,15.394622970883942,9.364124395146542,6.030498575737401,28.721311512843176,15.346759425379048,13.374552087464128,23.436590194480026,10.664697227805783,12.771892966674242,53.536524659939666,45.520049143073464,8.016475516866201
Ni,6,25,9,28,9.7,8.8,concordant,True,,15.394622970883942,4.860531090838056,10.534091880045885,28.721311512843176,15.526696540177124,13.194614972666052,23.436590194480026,19.307109610828952,4.129480583651073,53.536524659939666,30.1082898126913,23.428234847248365
Ni,6,26,9,29,9.7,11.53,reversal,True,,15.394622970883942,9.125523351397831,6.269099619486111,28.721311512843176,18.369559993073562,10.351751519769614,23.436590194480026,12.443895479178861,10.992694715301164,53.536524659939666,34.84290734170081,18.693617318238857
Ni,6,27,9,30,9.7,3.5,concordant,True,,15.394622970883942,3.18973018799822,12.204892782885722,28.721311512843176,6.432622545796411,22.288688967046767,23.436590194480026,5.528865659196916,17.90772453528311,53.536524659939666,4.997243961197212,48.53928069874245
Ni,6,28,9,31,9.7,7.4,concordant,True,,15.394622970883942,8.126530907085021,7.268092063798921,28.721311512843176,17.01153803216464,11.709773480678535,23.436590194480026,13.110803196763829,10.325786997716197,53.536524659939666,24.59630021211067,28.940224447828996
Ni,6,29,9,32,9.7,11.4,reversal,True,,15.394622970883942,10.86142086274312,4.533202108140822,28.721311512843176,17.944956208010375,10.776355304832801,23.436590194480026,14.757365302640112,8.679224891839914,53.536524659939666,34.23708750212506,19.29943715781461
Ni,6,30,9,33,9.7,8.4,concordant,True,,15.394622970883942,7.717801068809811,7.676821902074131,28.721311512843176,10.178549235676707,18.542762277166467,23.436590194480026,9.507436099258463,13.929154095221563,53.536524659939666,29.08156924479059,24.454955415149076
Ni,6,31,9,34,9.7,16.4,reversal,True,,15.394622970883942,7.542495901259794,7.8521270696241485,28.721311512843176,11.951955043534749,16.769356469308427,23.436590194480026,9.979302269359113,13.457287925120912,53.536524659939666,40.845516265283806,12.69100839465586
Ni,6,32,9,35,9.7,7.9,concordant,True,,15.394622970883942,8.137317228226319,7.257305742657623,28.721311512843176,14.185323276232365,14.53598823661081,23.436590194480026,13.525540798268072,9.911049396211954,53.536524659939666,30.67988522533977,22.856639434599895
Ni,7,9,10,12,8.7,8.7,magnetic_tie,True,,16.987156052740616,16.919277529406944,0.06787852333367184,18.230118690746025,17.999231414262702,0.23088727648332252,29.209621993127154,26.098885550680926,3.1107364424462283,52.41159123589483,46.43801704879777,5.973574187097064
Ni,7,15,10,18,8.7,9.44,reversal,True,,16.987156052740616,13.166970632248407,3.8201854204922086,18.230118690746025,15.775521417882526,2.4545972728634986,29.209621993127154,9.316252805836138,19.893369187291015,52.41159123589483,33.29007669285447,19.121514543040362
Ni,7,18,10,21,8.7,9.7,reversal,True,,16.987156052740616,5.623338840897551,11.363817211843065,18.230118690746025,17.29176693575997,0.9383517549860549,29.209621993127154,13.496013218154124,15.71360877497303,52.41159123589483,36.129952052766775,16.281639183128057
Ni,7,20,10,23,8.7,7.7,concordant,True,,16.987156052740616,12.413050640606222,4.574105412134394,18.230118690746025,16.06394788784334,2.166170802902684,29.209621993127154,11.682871191158798,17.526750801968355,52.41159123589483,31.835823995907717,20.575767239987115
Ni,7,21,10,24,8.7,5.6,concordant,True,,16.987156052740616,10.529393171387749,6.457762881352867,18.230118690746025,14.715778408204562,3.514340282541463,29.209621993127154,8.372770473633631,20.83685151949352,52.41159123589483,20.551345708009823,31.86024552788501
Ni,7,22,10,25,8.7,7.8,concordant,True,,16.987156052740616,6.696555485595036,10.29060056714558,18.230118690746025,14.509203552122575,3.7209151386234502,29.209621993127154,8.184678926838377,21.024943066288778,52.41159123589483,42.163497501894675,10.248093734000157
Ni,7,24,10,27,8.7,12.1,reversal,True,,16.987156052740616,9.364124395146542,7.623031657594074,18.230118690746025,15.346759425379048,2.883359265366977,29.209621993127154,10.664697227805783,18.54492476532137,52.41159123589483,45.520049143073464,6.891542092821368
Ni,7,25,10,28,8.7,8.8,reversal,True,,16.987156052740616,4.860531090838056,12.12662496190256,18.230118690746025,15.526696540177124,2.703422150568901,29.209621993127154,19.307109610828952,9.902512382298202,52.41159123589483,30.1082898126913,22.303301423203532
Ni,7,27,10,30,8.7,3.5,concordant,True,,16.987156052740616,3.18973018799822,13.797425864742396,18.230118690746025,6.432622545796411,11.797496144949614,29.209621993127154,5.528865659196916,23.680756333930237,52.41159123589483,4.997243961197212,47.41434727469762
Ni,7,28,10,31,8.7,7.4,concordant,True,,16.987156052740616,8.126530907085021,8.860625145655595,18.230118690746025,17.01153803216464,1.2185806585813843,29.209621993127154,13.110803196763829,16.098818796363325,52.41159123589483,24.59630021211067,27.815291023784162
Ni,7,29,10,32,8.7,11.4,reversal,True,,16.987156052740616,10.86142086274312,6.125735189997496,18.230118690746025,17.944956208010375,0.28516248273565026,29.209621993127154,14.757365302640112,14.452256690487042,52.41159123589483,34.23708750212506,18.174503733769775
Ni,7,30,10,33,8.7,8.4,concordant,True,,16.987156052740616,7.717801068809811,9.269354983930805,18.230118690746025,10.178549235676707,8.051569455069318,29.209621993127154,9.507436099258463,19.70218589386869,52.41159123589483,29.08156924479059,23.330021991104243
Ni,7,31,10,34,8.7,16.4,reversal,True,,16.987156052740616,7.542495901259794,9.444660151480821,18.230118690746025,11.951955043534749,6.278163647211276,29.209621993127154,9.979302269359113,19.23031972376804,52.41159123589483,40.845516265283806,11.566074970611027
Ni,7,32,10,35,8.7,7.9,concordant,True,,16.987156052740616,8.137317228226319,8.849838824514297,18.230118690746025,14.185323276232365,4.0447954145136595,29.209621993127154,13.525540798268072,15.684081194859083,52.41159123589483,30.67988522533977,21.73170601055506
Ni,8,1,11,4,20.0,9.5,concordant,True,,13.967420570813145,9.135797648770337,4.831622922042808,24.232633279483043,23.5607413047235,0.6718919747595429,16.82821755519656,14.745497959418792,2.0827195957777676,47.28729133010233,39.588456478004794,7.698834852097534
Ni,8,14,11,17,20.0,8.84,concordant,True,,13.967420570813145,5.556390609193207,8.411029961619938,24.232633279483043,23.053109974312246,1.1795233051707967,16.82821755519656,12.413213063091208,4.415004492105352,47.28729133010233,15.84162429004021,31.44566704006212
Ni,8,15,11,18,20.0,9.44,concordant,True,,13.967420570813145,13.166970632248407,0.8004499385647375,24.232633279483043,15.775521417882526,8.457111861600517,16.82821755519656,9.316252805836138,7.511964749360422,47.28729133010233,33.29007669285447,13.997214637247858
Ni,8,17,11,20,20.0,8.0,concordant,True,,13.967420570813145,10.909364347543859,3.0580562232692863,24.232633279483043,18.947843340470907,5.284789939012136,16.82821755519656,14.92860384400739,1.8996137111891702,47.28729133010233,34.73771279086333,12.549578539239
Ni,8,18,11,21,20.0,9.7,concordant,True,,13.967420570813145,5.623338840897551,8.344081729915594,24.232633279483043,17.29176693575997,6.940866343723073,16.82821755519656,13.496013218154124,3.3322043370424357,47.28729133010233,36.129952052766775,11.157339277335552
Ni,8,20,11,23,20.0,7.7,concordant,True,,13.967420570813145,12.413050640606222,1.5543699302069225,24.232633279483043,16.06394788784334,8.168685391639702,16.82821755519656,11.682871191158798,5.145346364037762,47.28729133010233,31.835823995907717,15.45146733419461
Ni,8,21,11,24,20.0,5.6,concordant,True,,13.967420570813145,10.529393171387749,3.438027399425396,24.232633279483043,14.715778408204562,9.51685487127848,16.82821755519656,8.372770473633631,8.455447081562928,47.28729133010233,20.551345708009823,26.735945622092505
Ni,8,22,11,25,20.0,7.8,concordant,True,,13.967420570813145,6.696555485595036,7.270865085218109,24.232633279483043,14.509203552122575,9.723429727360468,16.82821755519656,8.184678926838377,8.643538628358183,47.28729133010233,42.163497501894675,5.123793828207653
Ni,8,24,11,27,20.0,12.1,concordant,True,,13.967420570813145,9.364124395146542,4.603296175666603,24.232633279483043,15.346759425379048,8.885873854103995,16.82821755519656,10.664697227805783,6.163520327390776,47.28729133010233,45.520049143073464,1.767242187028863
Ni,8,26,11,29,20.0,11.53,concordant,True,,13.967420570813145,9.125523351397831,4.841897219415314,24.232633279483043,18.369559993073562,5.863073286409481,16.82821755519656,12.443895479178861,4.384322076017698,47.28729133010233,34.84290734170081,12.444383988401519
Ni,8,27,11,30,20.0,3.5,concordant,True,,13.967420570813145,3.18973018799822,10.777690382814924,24.232633279483043,6.432622545796411,17.800010733686634,16.82821755519656,5.528865659196916,11.299351895999642,47.28729133010233,4.997243961197212,42.290047368905114
Ni,8,28,11,31,20.0,7.4,concordant,True,,13.967420570813145,8.126530907085021,5.840889663728124,24.232633279483043,17.01153803216464,7.221095247318402,16.82821755519656,13.110803196763829,3.7174143584327304,47.28729133010233,24.59630021211067,22.690991117991658
Ni,8,29,11,32,20.0,11.4,concordant,True,,13.967420570813145,10.86142086274312,3.1059997080700246,24.232633279483043,17.944956208010375,6.287677071472668,16.82821755519656,14.757365302640112,2.0708522525564472,47.28729133010233,34.23708750212506,13.05020382797727
Ni,8,30,11,33,20.0,8.4,concordant,True,,13.967420570813145,7.717801068809811,6.249619502003334,24.232633279483043,10.178549235676707,14.054084043806336,16.82821755519656,9.507436099258463,7.320781455938096,47.28729133010233,29.08156924479059,18.205722085311738
Ni,8,31,11,34,20.0,16.4,concordant,True,,13.967420570813145,7.542495901259794,6.424924669553351,24.232633279483043,11.951955043534749,12.280678235948294,16.82821755519656,9.979302269359113,6.848915285837446,47.28729133010233,40.845516265283806,6.441775064818522
Ni,8,32,11,35,20.0,7.9,concordant,True,,13.967420570813145,8.137317228226319,5.830103342586826,24.232633279483043,14.185323276232365,10.047310003250677,16.82821755519656,13.525540798268072,3.302676756928488,47.28729133010233,30.67988522533977,16.607406104762557
Ni,9,15,12,18,8.7,9.44,reversal,True,,16.919277529406944,13.166970632248407,3.7523068971585367,17.999231414262702,15.775521417882526,2.223709996380176,26.098885550680926,9.316252805836138,16.78263274484479,46.43801704879777,33.29007669285447,13.147940355943298
Ni,9,18,12,21,8.7,9.7,reversal,True,,16.919277529406944,5.623338840897551,11.295938688509393,17.999231414262702,17.29176693575997,0.7074644785027324,26.098885550680926,13.496013218154124,12.602872332526802,46.43801704879777,36.129952052766775,10.308064996030993
Ni,9,20,12,23,8.7,7.7,concordant,True,,16.919277529406944,12.413050640606222,4.506226888800722,17.999231414262702,16.06394788784334,1.9352835264193615,26.098885550680926,11.682871191158798,14.416014359522128,46.43801704879777,31.835823995907717,14.602193052890051
Ni,9,21,12,24,8.7,5.6,concordant,True,,16.919277529406944,10.529393171387749,6.389884358019195,17.999231414262702,14.715778408204562,3.2834530060581404,26.098885550680926,8.372770473633631,17.726115077047297,46.43801704879777,20.551345708009823,25.886671340787945
Ni,9,22,12,25,8.7,7.8,concordant,True,,16.919277529406944,6.696555485595036,10.222722043811908,17.999231414262702,14.509203552122575,3.4900278621401277,26.098885550680926,8.184678926838377,17.91420662384255,46.43801704879777,42.163497501894675,4.274519546903093
Ni,9,24,12,27,8.7,12.1,reversal,True,,16.919277529406944,9.364124395146542,7.555153134260403,17.999231414262702,15.346759425379048,2.6524719888836543,26.098885550680926,10.664697227805783,15.434188322875142,46.43801704879777,45.520049143073464,0.9179679057243035
Ni,9,25,12,28,8.7,8.8,reversal,True,,16.919277529406944,4.860531090838056,12.058746438568889,17.999231414262702,15.526696540177124,2.4725348740855786,26.098885550680926,19.307109610828952,6.7917759398519735,46.43801704879777,30.1082898126913,16.329727236106468
Ni,9,27,12,30,8.7,3.5,concordant,True,,16.919277529406944,3.18973018799822,13.729547341408724,17.999231414262702,6.432622545796411,11.566608868466291,26.098885550680926,5.528865659196916,20.57001989148401,46.43801704879777,4.997243961197212,41.440773087600554
Ni,9,28,12,31,8.7,7.4,concordant,True,,16.919277529406944,8.126530907085021,8.792746622321923,17.999231414262702,17.01153803216464,0.9876933820980618,26.098885550680926,13.110803196763829,12.988082353917097,46.43801704879777,24.59630021211067,21.841716836687098
Ni,9,29,12,32,8.7,11.4,reversal,True,,16.919277529406944,10.86142086274312,6.057856666663824,17.999231414262702,17.944956208010375,0.054275206252327735,26.098885550680926,14.757365302640112,11.341520248040814,46.43801704879777,34.23708750212506,12.200929546672711
Ni,9,30,12,33,8.7,8.4,concordant,True,,16.919277529406944,7.717801068809811,9.201476460597133,17.999231414262702,10.178549235676707,7.8206821785859955,26.098885550680926,9.507436099258463,16.591449451422463,46.43801704879777,29.08156924479059,17.35644780400718
Ni,9,31,12,34,8.7,16.4,reversal,True,,16.919277529406944,7.542495901259794,9.37678162814715,17.999231414262702,11.951955043534749,6.047276370727953,26.098885550680926,9.979302269359113,16.119583281321813,46.43801704879777,40.845516265283806,5.592500783513962
Ni,9,32,12,35,8.7,7.9,concordant,True,,16.919277529406944,8.137317228226319,8.781960301180625,17.999231414262702,14.185323276232365,3.813908138030337,26.098885550680926,13.525540798268072,12.573344752412854,46.43801704879777,30.67988522533977,15.758131823457997
Ni,10,1,13,4,9.55,9.5,concordant,True,,17.013668608339586,9.135797648770337,7.877870959569249,33.81729192521819,23.5607413047235,10.256550620494693,19.534212105871376,14.745497959418792,4.788714146452584,48.73050761894794,39.588456478004794,9.142051140943146
Ni,10,8,13,11,9.55,20.0,reversal,True,,17.013668608339586,13.967420570813145,3.046248037526441,33.81729192521819,24.232633279483043,9.58465864573515,19.534212105871376,16.82821755519656,2.7059945506748164,48.73050761894794,47.28729133010233,1.443216288845612
Ni,10,14,13,17,9.55,8.84,concordant,True,,17.013668608339586,5.556390609193207,11.457277999146378,33.81729192521819,23.053109974312246,10.764181950905947,19.534212105871376,12.413213063091208,7.120999042780168,48.73050761894794,15.84162429004021,32.88888332890773
Ni,10,15,13,18,9.55,9.44,concordant,True,,17.013668608339586,13.166970632248407,3.8466979760911784,33.81729192521819,15.775521417882526,18.041770507335666,19.534212105871376,9.316252805836138,10.217959300035238,48.73050761894794,33.29007669285447,15.44043092609347
Ni,10,16,13,19,9.55,10.8,reversal,True,,17.013668608339586,13.072453861927546,3.94121474641204,33.81729192521819,22.110199741778686,11.707092183439507,19.534212105871376,18.559656717551455,0.9745553883199207,48.73050761894794,38.24903167008429,10.481475948863647
Ni,10,17,13,20,9.55,8.0,concordant,True,,17.013668608339586,10.909364347543859,6.104304260795727,33.81729192521819,18.947843340470907,14.869448584747285,19.534212105871376,14.92860384400739,4.605608261863987,48.73050761894794,34.73771279086333,13.992794828084612
Ni,10,18,13,21,9.55,9.7,reversal,True,,17.013668608339586,5.623338840897551,11.390329767442035,33.81729192521819,17.29176693575997,16.525524989458223,19.534212105871376,13.496013218154124,6.038198887717252,48.73050761894794,36.129952052766775,12.600555566181164
Ni,10,19,13,22,9.55,14.5,reversal,True,,17.013668608339586,7.085485117680667,9.928183490658919,33.81729192521819,21.872584493709883,11.94470743150831,19.534212105871376,18.483874220036522,1.0503378858348533,48.73050761894794,46.825814690759195,1.9046929281887444
Ni,10,20,13,23,9.55,7.7,concordant,True,,17.013668608339586,12.413050640606222,4.600617967733363,33.81729192521819,16.06394788784334,17.753344037374852,19.534212105871376,11.682871191158798,7.851340914712578,48.73050761894794,31.835823995907717,16.894683623040223
Ni,10,21,13,24,9.55,5.6,concordant,True,,17.013668608339586,10.529393171387749,6.484275436951837,33.81729192521819,14.715778408204562,19.10151351701363,19.534212105871376,8.372770473633631,11.161441632237745,48.73050761894794,20.551345708009823,28.179161910938117
Ni,10,22,13,25,9.55,7.8,concordant,True,,17.013668608339586,6.696555485595036,10.31711312274455,33.81729192521819,14.509203552122575,19.308088373095618,19.534212105871376,8.184678926838377,11.349533179033,48.73050761894794,42.163497501894675,6.567010117053265
Ni,10,24,13,27,9.55,12.1,reversal,True,,17.013668608339586,9.364124395146542,7.649544213193044,33.81729192521819,15.346759425379048,18.470532499839145,19.534212105871376,10.664697227805783,8.869514878065592,48.73050761894794,45.520049143073464,3.210458475874475
Ni,10,25,13,28,9.55,8.8,concordant,True,,17.013668608339586,4.860531090838056,12.15313751750153,33.81729192521819,15.526696540177124,18.29059538504107,19.534212105871376,19.307109610828952,0.2271024950424234,48.73050761894794,30.1082898126913,18.62221780625664
Ni,10,26,13,29,9.55,11.53,reversal,True,,17.013668608339586,9.125523351397831,7.888145256941755,33.81729192521819,18.369559993073562,15.447731932144631,19.534212105871376,12.443895479178861,7.090316626692514,48.73050761894794,34.84290734170081,13.887600277247131
Ni,10,27,13,30,9.55,3.5,concordant,True,,17.013668608339586,3.18973018799822,13.823938420341365,33.81729192521819,6.432622545796411,27.38466937942178,19.534212105871376,5.528865659196916,14.005346446674459,48.73050761894794,4.997243961197212,43.733263657750726
Ni,10,28,13,31,9.55,7.4,concordant,True,,17.013668608339586,8.126530907085021,8.887137701254565,33.81729192521819,17.01153803216464,16.805753893053552,19.534212105871376,13.110803196763829,6.423408909107547,48.73050761894794,24.59630021211067,24.13420740683727
Ni,10,29,13,32,9.55,11.4,reversal,True,,17.013668608339586,10.86142086274312,6.1522477455964655,33.81729192521819,17.944956208010375,15.872335717207818,19.534212105871376,14.757365302640112,4.776846803231264,48.73050761894794,34.23708750212506,14.493420116822882
Ni,10,30,13,33,9.55,8.4,concordant,True,,17.013668608339586,7.717801068809811,9.295867539529775,33.81729192521819,10.178549235676707,23.638742689541488,19.534212105871376,9.507436099258463,10.026776006612913,48.73050761894794,29.08156924479059,19.64893837415735
Ni,10,31,13,34,9.55,16.4,reversal,True,,17.013668608339586,7.542495901259794,9.471172707079791,33.81729192521819,11.951955043534749,21.865336881683444,19.534212105871376,9.979302269359113,9.554909836512262,48.73050761894794,40.845516265283806,7.884991353664134
Ni,10,32,13,35,9.55,7.9,concordant,True,,17.013668608339586,8.137317228226319,8.876351380113267,33.81729192521819,14.185323276232365,19.631968648985826,19.534212105871376,13.525540798268072,6.008671307603304,48.73050761894794,30.67988522533977,18.05062239360817
Ni,11,14,14,17,10.1,8.84,concordant,True,,6.945291935424661,5.556390609193207,1.388901326231454,37.11390377992553,23.053109974312246,14.060793805613283,26.478925503806522,12.413213063091208,14.065712440715314,50.78744727779283,15.84162429004021,34.94582298775262
Ni,11,18,14,21,10.1,9.7,concordant,True,,6.945291935424661,5.623338840897551,1.3219530945271103,37.11390377992553,17.29176693575997,19.82213684416556,26.478925503806522,13.496013218154124,12.982912285652398,50.78744727779283,36.129952052766775,14.657495225026054
Ni,11,22,14,25,10.1,7.8,concordant,True,,6.945291935424661,6.696555485595036,0.24873644982962517,37.11390377992553,14.509203552122575,22.604700227802955,26.478925503806522,8.184678926838377,18.294246576968145,50.78744727779283,42.163497501894675,8.623949775898154
Ni,11,25,14,28,10.1,8.8,concordant,True,,6.945291935424661,4.860531090838056,2.0847608445866053,37.11390377992553,15.526696540177124,21.587207239748405,26.478925503806522,19.307109610828952,7.17181589297757,50.78744727779283,30.1082898126913,20.67915746510153
Ni,11,27,14,30,10.1,3.5,concordant,True,,6.945291935424661,3.18973018799822,3.7555617474264413,37.11390377992553,6.432622545796411,30.681281234129116,26.478925503806522,5.528865659196916,20.950059844609605,50.78744727779283,4.997243961197212,45.790203316595615
Ni,12,14,15,17,34.0,8.84,concordant,True,,10.356455758766996,5.556390609193207,4.800065149573789,42.40284716325355,23.053109974312246,19.3497371889413,15.046171574057714,12.413213063091208,2.632958510966507,30.873962450663875,15.84162429004021,15.032338160623665
Ni,12,27,15,30,34.0,3.5,concordant,True,,10.356455758766996,3.18973018799822,7.166725570768776,42.40284716325355,6.432622545796411,35.970224617457134,15.046171574057714,5.528865659196916,9.517305914860799,30.873962450663875,4.997243961197212,25.87671848946666
Ni,12,28,15,31,34.0,7.4,concordant,True,,10.356455758766996,8.126530907085021,2.229924851681975,42.40284716325355,17.01153803216464,25.391309131088907,15.046171574057714,13.110803196763829,1.9353683772938854,30.873962450663875,24.59630021211067,6.277662238553205
Ni,12,30,15,33,34.0,8.4,concordant,True,,10.356455758766996,7.717801068809811,2.6386546899571854,42.40284716325355,10.178549235676707,32.22429792757684,15.046171574057714,9.507436099258463,5.538735474799251,30.873962450663875,29.08156924479059,1.7923932058732852
Ni,12,32,15,35,34.0,7.9,concordant,True,,10.356455758766996,8.137317228226319,2.2191385305406772,42.40284716325355,14.185323276232365,28.21752388702118,15.046171574057714,13.525540798268072,1.520630775789643,30.873962450663875,30.67988522533977,0.19407722532410432
Ni,13,1,16,4,8.4,9.5,reversal,True,,11.21703577856311,9.135797648770337,2.081238129792773,26.54698467593269,23.5607413047235,2.9862433712091914,22.621022153435607,14.745497959418792,7.8755241940168155,52.159216370318475,39.588456478004794,12.570759892313681
Ni,13,14,16,17,8.4,8.84,reversal,True,,11.21703577856311,5.556390609193207,5.660645169369903,26.54698467593269,23.053109974312246,3.4938747016204452,22.621022153435607,12.413213063091208,10.2078090903444,52.159216370318475,15.84162429004021,36.31759208027827
Ni,13,17,16,20,8.4,8.0,concordant,True,,11.21703577856311,10.909364347543859,0.30767143101925143,26.54698467593269,18.947843340470907,7.599141335461784,22.621022153435607,14.92860384400739,7.692418309428218,52.159216370318475,34.73771279086333,17.42150357945515
Ni,13,18,16,21,8.4,9.7,reversal,True,,11.21703577856311,5.623338840897551,5.593696937665559,26.54698467593269,17.29176693575997,9.255217740172721,22.621022153435607,13.496013218154124,9.125008935281484,52.159216370318475,36.129952052766775,16.0292643175517
Ni,13,19,16,22,8.4,14.5,reversal,True,,11.21703577856311,7.085485117680667,4.131550660882443,26.54698467593269,21.872584493709883,4.674400182222808,22.621022153435607,18.483874220036522,4.137147933399085,52.159216370318475,46.825814690759195,5.33340167955928
Ni,13,21,16,24,8.4,5.6,concordant,True,,11.21703577856311,10.529393171387749,0.687642607175361,26.54698467593269,14.715778408204562,11.83120626772813,22.621022153435607,8.372770473633631,14.248251679801976,52.159216370318475,20.551345708009823,31.607870662308652
Ni,13,22,16,25,8.4,7.8,concordant,True,,11.21703577856311,6.696555485595036,4.520480292968074,26.54698467593269,14.509203552122575,12.037781123810117,22.621022153435607,8.184678926838377,14.43634322659723,52.159216370318475,42.163497501894675,9.9957188684238
Ni,13,24,16,27,8.4,12.1,reversal,True,,11.21703577856311,9.364124395146542,1.8529113834165685,26.54698467593269,15.346759425379048,11.200225250553643,22.621022153435607,10.664697227805783,11.956324925629824,52.159216370318475,45.520049143073464,6.639167227245011
Ni,13,25,16,28,8.4,8.8,reversal,True,,11.21703577856311,4.860531090838056,6.356504687725054,26.54698467593269,15.526696540177124,11.020288135755568,22.621022153435607,19.307109610828952,3.313912542606655,52.159216370318475,30.1082898126913,22.050926557627175
Ni,13,26,16,29,8.4,11.53,reversal,True,,11.21703577856311,9.125523351397831,2.091512427165279,26.54698467593269,18.369559993073562,8.17742468285913,22.621022153435607,12.443895479178861,10.177126674256746,52.159216370318475,34.84290734170081,17.316309028617667
Ni,13,27,16,30,8.4,3.5,concordant,True,,11.21703577856311,3.18973018799822,8.02730559056489,26.54698467593269,6.432622545796411,20.11436213013628,22.621022153435607,5.528865659196916,17.09215649423869,52.159216370318475,4.997243961197212,47.16197240912126
Ni,13,28,16,31,8.4,7.4,concordant,True,,11.21703577856311,8.126530907085021,3.090504871478089,26.54698467593269,17.01153803216464,9.53544664376805,22.621022153435607,13.110803196763829,9.510218956671778,52.159216370318475,24.59630021211067,27.562916158207805
Ni,13,29,16,32,8.4,11.4,reversal,True,,11.21703577856311,10.86142086274312,0.3556149158199897,26.54698467593269,17.944956208010375,8.602028467922317,22.621022153435607,14.757365302640112,7.863656850795495,52.159216370318475,34.23708750212506,17.92212886819342
Ni,13,30,16,33,8.4,8.4,magnetic_tie,True,,11.21703577856311,7.717801068809811,3.499234709753299,26.54698467593269,10.178549235676707,16.368435440255986,22.621022153435607,9.507436099258463,13.113586054177144,52.159216370318475,29.08156924479059,23.077647125527886
Ni,13,31,16,34,8.4,16.4,reversal,True,,11.21703577856311,7.542495901259794,3.6745398773033164,26.54698467593269,11.951955043534749,14.595029632397942,22.621022153435607,9.979302269359113,12.641719884076494,52.159216370318475,40.845516265283806,11.31370010503467
Ni,13,32,16,35,8.4,7.9,concordant,True,,11.21703577856311,8.137317228226319,3.079718550336791,26.54698467593269,14.185323276232365,12.361661399700326,22.621022153435607,13.525540798268072,9.095481355167536,52.159216370318475,30.67988522533977,21.479331144978705
Ni,14,27,17,30,8.84,3.5,concordant,True,,5.556390609193207,3.18973018799822,2.3666604211949873,23.053109974312246,6.432622545796411,16.620487428515837,12.413213063091208,5.528865659196916,6.884347403894291,15.84162429004021,4.997243961197212,10.844380328842998
Ni,15,21,18,24,9.44,5.6,concordant,True,,13.166970632248407,10.529393171387749,2.6375774608606584,15.775521417882526,14.715778408204562,1.0597430096779643,9.316252805836138,8.372770473633631,0.9434823322025068,33.29007669285447,20.551345708009823,12.738730984844647
Ni,15,27,18,30,9.44,3.5,concordant,True,,13.166970632248407,3.18973018799822,9.977240444250187,15.775521417882526,6.432622545796411,9.342898872086115,9.316252805836138,5.528865659196916,3.7873871466392215,33.29007669285447,4.997243961197212,28.292832731657256
Ni,16,17,19,20,10.8,8.0,concordant,True,,13.072453861927546,10.909364347543859,2.163089514383687,22.110199741778686,18.947843340470907,3.162356401307779,18.559656717551455,14.92860384400739,3.631052873544066,38.24903167008429,34.73771279086333,3.5113188792209655
Ni,16,18,19,21,10.8,9.7,concordant,True,,13.072453861927546,5.623338840897551,7.449115021029995,22.110199741778686,17.29176693575997,4.818432806018716,18.559656717551455,13.496013218154124,5.063643499397331,38.24903167008429,36.129952052766775,2.1190796173175173
Ni,16,20,19,23,10.8,7.7,concordant,True,,13.072453861927546,12.413050640606222,0.6594032213213232,22.110199741778686,16.06394788784334,6.046251853935345,18.559656717551455,11.682871191158798,6.876785526392657,38.24903167008429,31.835823995907717,6.413207674176576
Ni,16,21,19,24,10.8,5.6,concordant,True,,13.072453861927546,10.529393171387749,2.5430606905397966,22.110199741778686,14.715778408204562,7.394421333574124,18.559656717551455,8.372770473633631,10.186886243917824,38.24903167008429,20.551345708009823,17.69768596207447
Ni,16,26,19,29,10.8,11.53,reversal,True,,13.072453861927546,9.125523351397831,3.9469305105297146,22.110199741778686,18.369559993073562,3.7406397487051244,18.559656717551455,12.443895479178861,6.115761238372594,38.24903167008429,34.84290734170081,3.406124328383484
Ni,16,27,19,30,10.8,3.5,concordant,True,,13.072453861927546,3.18973018799822,9.882723673929325,22.110199741778686,6.432622545796411,15.677577195982275,18.559656717551455,5.528865659196916,13.030791058354538,38.24903167008429,4.997243961197212,33.25178770888708
Ni,16,28,19,31,10.8,7.4,concordant,True,,13.072453861927546,8.126530907085021,4.9459229548425245,22.110199741778686,17.01153803216464,5.098661709614046,18.559656717551455,13.110803196763829,5.448853520787626,38.24903167008429,24.59630021211067,13.652731457973623
Ni,16,29,19,32,10.8,11.4,reversal,True,,13.072453861927546,10.86142086274312,2.2110329991844253,22.110199741778686,17.944956208010375,4.165243533768312,18.559656717551455,14.757365302640112,3.802291414911343,38.24903167008429,34.23708750212506,4.011944167959236
Ni,16,30,19,33,10.8,8.4,concordant,True,,13.072453861927546,7.717801068809811,5.354652793117735,22.110199741778686,10.178549235676707,11.93165050610198,18.559656717551455,9.507436099258463,9.052220618292992,38.24903167008429,29.08156924479059,9.167462425293703
Ni,16,32,19,35,10.8,7.9,concordant,True,,13.072453861927546,8.137317228226319,4.935136633701227,22.110199741778686,14.185323276232365,7.924876465546321,18.559656717551455,13.525540798268072,5.0341159192833835,38.24903167008429,30.67988522533977,7.569146444744522
Ni,17,21,20,24,8.0,5.6,concordant,True,,10.909364347543859,10.529393171387749,0.37997117615610954,18.947843340470907,14.715778408204562,4.232064932266345,14.92860384400739,8.372770473633631,6.555833370373758,34.73771279086333,20.551345708009823,14.186367082853504
Ni,17,27,20,30,8.0,3.5,concordant,True,,10.909364347543859,3.18973018799822,7.719634159545638,18.947843340470907,6.432622545796411,12.515220794674496,14.92860384400739,5.528865659196916,9.399738184810474,34.73771279086333,4.997243961197212,29.740468829666113
Ni,17,28,20,31,8.0,7.4,concordant,True,,10.909364347543859,8.126530907085021,2.7828334404588375,18.947843340470907,17.01153803216464,1.9363053083062667,14.92860384400739,13.110803196763829,1.8178006472435602,34.73771279086333,24.59630021211067,10.141412578752657
Ni,17,29,20,32,8.0,11.4,reversal,True,,10.909364347543859,10.86142086274312,0.04794348480073829,18.947843340470907,17.944956208010375,1.0028871324605326,14.92860384400739,14.757365302640112,0.171238541367277,34.73771279086333,34.23708750212506,0.5006252887382701
Ni,17,30,20,33,8.0,8.4,reversal,True,,10.909364347543859,7.717801068809811,3.1915632787340478,18.947843340470907,10.178549235676707,8.7692941047942,14.92860384400739,9.507436099258463,5.421167744748926,34.73771279086333,29.08156924479059,5.656143546072737
Ni,17,32,20,35,8.0,7.9,concordant,True,,10.909364347543859,8.137317228226319,2.7720471193175396,18.947843340470907,14.185323276232365,4.762520064238542,14.92860384400739,13.525540798268072,1.4030630457393176,34.73771279086333,30.67988522533977,4.0578275655235565
Ni,18,27,21,30,9.7,3.5,concordant,True,,5.623338840897551,3.18973018799822,2.433608652899331,17.29176693575997,6.432622545796411,10.859144389963559,13.496013218154124,5.528865659196916,7.967147558957207,36.129952052766775,4.997243961197212,31.13270809156956
Ni,19,18,22,21,14.5,9.7,concordant,True,,7.085485117680667,5.623338840897551,1.4621462767831161,21.872584493709883,17.29176693575997,4.5808175579499135,18.483874220036522,13.496013218154124,4.987861001882399,46.825814690759195,36.129952052766775,10.69586263799242
Ni,19,22,22,25,14.5,7.8,concordant,True,,7.085485117680667,6.696555485595036,0.388929632085631,21.872584493709883,14.509203552122575,7.363380941587309,18.483874220036522,8.184678926838377,10.299195293198146,46.825814690759195,42.163497501894675,4.66231718886452
Ni,19,27,22,30,14.5,3.5,concordant,True,,7.085485117680667,3.18973018799822,3.895754929682447,21.872584493709883,6.432622545796411,15.439961947913472,18.483874220036522,5.528865659196916,12.955008560839605,46.825814690759195,4.997243961197212,41.82857072956198
Ni,20,21,23,24,7.7,5.6,concordant,True,,12.413050640606222,10.529393171387749,1.8836574692184733,16.06394788784334,14.715778408204562,1.3481694796387789,11.682871191158798,8.372770473633631,3.3101007175251667,31.835823995907717,20.551345708009823,11.284478287897894
Ni,20,27,23,30,7.7,3.5,concordant,True,,12.413050640606222,3.18973018799822,9.223320452608002,16.06394788784334,6.432622545796411,9.63132534204693,11.682871191158798,5.528865659196916,6.154005531961881,31.835823995907717,4.997243961197212,26.838580034710503
Ni,20,30,23,33,7.7,8.4,reversal,True,,12.413050640606222,7.717801068809811,4.695249571796412,16.06394788784334,10.178549235676707,5.885398652166634,11.682871191158798,9.507436099258463,2.1754350919003347,31.835823995907717,29.08156924479059,2.754254751117127
Ni,21,27,24,30,5.6,3.5,concordant,True,,10.529393171387749,3.18973018799822,7.339662983389529,14.715778408204562,6.432622545796411,8.283155862408151,8.372770473633631,5.528865659196916,2.8439048144367147,20.551345708009823,4.997243961197212,15.554101746812611
Ni,22,27,25,30,7.8,3.5,concordant,True,,6.696555485595036,3.18973018799822,3.506825297596816,14.509203552122575,6.432622545796411,8.076581006326164,8.184678926838377,5.528865659196916,2.6558132676414603,42.163497501894675,4.997243961197212,37.16625354069746
Ni,23,15,26,18,8.9,9.44,reversal,True,,21.618150684931507,13.166970632248407,8.4511800526831,20.134552108514637,15.775521417882526,4.35903069063211,23.313691915122217,9.316252805836138,13.997439109286079,43.024358716089175,33.29007669285447,9.734282023234705
Ni,23,17,26,20,8.9,8.0,concordant,True,,21.618150684931507,10.909364347543859,10.708786337387648,20.134552108514637,18.947843340470907,1.1867087680437294,23.313691915122217,14.92860384400739,8.385088071114827,43.024358716089175,34.73771279086333,8.286645925225848
Ni,23,18,26,21,8.9,9.7,reversal,True,,21.618150684931507,5.623338840897551,15.994811844033956,20.134552108514637,17.29176693575997,2.8427851727546667,23.313691915122217,13.496013218154124,9.817678696968093,43.024358716089175,36.129952052766775,6.8944066633224
Ni,23,20,26,23,8.9,7.7,concordant,True,,21.618150684931507,12.413050640606222,9.205100044325285,20.134552108514637,16.06394788784334,4.070604220671296,23.313691915122217,11.682871191158798,11.630820723963419,43.024358716089175,31.835823995907717,11.188534720181458
Ni,23,21,26,24,8.9,5.6,concordant,True,,21.618150684931507,10.529393171387749,11.088757513543758,20.134552108514637,14.715778408204562,5.418773700310075,23.313691915122217,8.372770473633631,14.940921441488586,43.024358716089175,20.551345708009823,22.473013008079352
Ni,23,22,26,25,8.9,7.8,concordant,True,,21.618150684931507,6.696555485595036,14.92159519933647,20.134552108514637,14.509203552122575,5.625348556392062,23.313691915122217,8.184678926838377,15.12901298828384,43.024358716089175,42.163497501894675,0.8608612141945002
Ni,23,25,26,28,8.9,8.8,concordant,True,,21.618150684931507,4.860531090838056,16.757619594093452,20.134552108514637,15.526696540177124,4.607855568337513,23.313691915122217,19.307109610828952,4.006582304293264,43.024358716089175,30.1082898126913,12.916068903397875
Ni,23,26,26,29,8.9,11.53,reversal,True,,21.618150684931507,9.125523351397831,12.492627333533676,20.134552108514637,18.369559993073562,1.7649921154410748,23.313691915122217,12.443895479178861,10.869796435943355,43.024358716089175,34.84290734170081,8.181451374388367
Ni,23,27,26,30,8.9,3.5,concordant,True,,21.618150684931507,3.18973018799822,18.42842049693329,20.134552108514637,6.432622545796411,13.701929562718226,23.313691915122217,5.528865659196916,17.7848262559253,43.024358716089175,4.997243961197212,38.02711475489196
Ni,23,28,26,31,8.9,7.4,concordant,True,,21.618150684931507,8.126530907085021,13.491619777846486,20.134552108514637,17.01153803216464,3.123014076349996,23.313691915122217,13.110803196763829,10.202888718358388,43.024358716089175,24.59630021211067,18.428058503978505
Ni,23,29,26,32,8.9,11.4,reversal,True,,21.618150684931507,10.86142086274312,10.756729822188387,20.134552108514637,17.944956208010375,2.189595900504262,23.313691915122217,14.757365302640112,8.556326612482104,43.024358716089175,34.23708750212506,8.787271213964118
Ni,23,30,26,33,8.9,8.4,concordant,True,,21.618150684931507,7.717801068809811,13.900349616121696,20.134552108514637,10.178549235676707,9.95600287283793,23.313691915122217,9.507436099258463,13.806255815863754,43.024358716089175,29.08156924479059,13.942789471298585
Ni,23,31,26,34,8.9,16.4,reversal,True,,21.618150684931507,7.542495901259794,14.075654783671713,20.134552108514637,11.951955043534749,8.182597064979888,23.313691915122217,9.979302269359113,13.334389645763103,43.024358716089175,40.845516265283806,2.1788424508053694
Ni,23,32,26,35,8.9,7.9,concordant,True,,21.618150684931507,8.137317228226319,13.480833456705188,20.134552108514637,14.185323276232365,5.949228832282271,23.313691915122217,13.525540798268072,9.788151116854145,43.024358716089175,30.67988522533977,12.344473490749404
Ni,24,22,27,25,12.1,7.8,concordant,True,,9.364124395146542,6.696555485595036,2.6675689095515054,15.346759425379048,14.509203552122575,0.8375558732564734,10.664697227805783,8.184678926838377,2.480018300967407,45.520049143073464,42.163497501894675,3.3565516411787897
Ni,24,27,27,30,12.1,3.5,concordant,True,,9.364124395146542,3.18973018799822,6.174394207148321,15.346759425379048,6.432622545796411,8.914136879582637,10.664697227805783,5.528865659196916,5.135831568608867,45.520049143073464,4.997243961197212,40.52280518187625
Ni,24,30,27,33,12.1,8.4,concordant,True,,9.364124395146542,7.717801068809811,1.6463233263367307,15.346759425379048,10.178549235676707,5.168210189702341,10.664697227805783,9.507436099258463,1.1572611285473204,45.520049143073464,29.08156924479059,16.438479898282875
Ni,24,31,27,34,12.1,16.4,reversal,True,,9.364124395146542,7.542495901259794,1.821628493886748,15.346759425379048,11.951955043534749,3.394804381844299,10.664697227805783,9.979302269359113,0.6853949584466701,45.520049143073464,40.845516265283806,4.674532877789659
Ni,25,27,28,30,8.8,3.5,concordant,True,,4.860531090838056,3.18973018799822,1.670800902839836,15.526696540177124,6.432622545796411,9.094073994380713,19.307109610828952,5.528865659196916,13.778243951632035,30.1082898126913,4.997243961197212,25.11104585149409
Ni,26,27,29,30,11.53,3.5,concordant,True,,9.125523351397831,3.18973018799822,5.935793163399611,18.369559993073562,6.432622545796411,11.93693744727715,12.443895479178861,5.528865659196916,6.915029819981945,34.84290734170081,4.997243961197212,29.845663380503595
Ni,26,30,29,33,11.53,8.4,concordant,True,,9.125523351397831,7.717801068809811,1.4077222825880202,18.369559993073562,10.178549235676707,8.191010757396855,12.443895479178861,9.507436099258463,2.9364593799203984,34.84290734170081,29.08156924479059,5.761338096910219
Ni,28,27,31,30,7.4,3.5,concordant,True,,8.126530907085021,3.18973018799822,4.936800719086801,17.01153803216464,6.432622545796411,10.57891548636823,13.110803196763829,5.528865659196916,7.581937537566913,24.59630021211067,4.997243961197212,19.599056250913456
Ni,29,21,32,24,11.4,5.6,concordant,True,,10.86142086274312,10.529393171387749,0.33202769135537125,17.944956208010375,14.715778408204562,3.2291777998058127,14.757365302640112,8.372770473633631,6.384594829006481,34.23708750212506,20.551345708009823,13.685741794115234
Ni,29,27,32,30,11.4,3.5,concordant,True,,10.86142086274312,3.18973018799822,7.6716906747449,17.944956208010375,6.432622545796411,11.512333662213964,14.757365302640112,5.528865659196916,9.228499643443197,34.23708750212506,4.997243961197212,29.239843540927843
Ni,29,28,32,31,11.4,7.4,concordant,True,,10.86142086274312,8.126530907085021,2.7348899556580992,17.944956208010375,17.01153803216464,0.933418175845734,14.757365302640112,13.110803196763829,1.6465621058762832,34.23708750212506,24.59630021211067,9.640787290014387
Ni,29,30,32,33,11.4,8.4,concordant,True,,10.86142086274312,7.717801068809811,3.1436197939333095,17.944956208010375,10.178549235676707,7.766406972333668,14.757365302640112,9.507436099258463,5.249929203381649,34.23708750212506,29.08156924479059,5.155518257334467
Ni,29,32,32,35,11.4,7.9,concordant,True,,10.86142086274312,8.137317228226319,2.7241036345168013,17.944956208010375,14.185323276232365,3.7596329317780093,14.757365302640112,13.525540798268072,1.2318245043720406,34.23708750212506,30.67988522533977,3.5572022767852864
Ni,30,27,33,30,8.4,3.5,concordant,True,,7.717801068809811,3.18973018799822,4.52807088081159,10.178549235676707,6.432622545796411,3.745926689880296,9.507436099258463,5.528865659196916,3.9785704400615467,29.08156924479059,4.997243961197212,24.08432528359338
Ni,31,27,34,30,16.4,3.5,concordant,True,,7.542495901259794,3.18973018799822,4.352765713261574,11.951955043534749,6.432622545796411,5.519332497738338,9.979302269359113,5.528865659196916,4.450436610162197,40.845516265283806,4.997243961197212,35.84827230408659
Ni,32,27,35,30,7.9,3.5,concordant,True,,8.137317228226319,3.18973018799822,4.947587040228099,14.185323276232365,6.432622545796411,7.752700730435954,13.525540798268072,5.528865659196916,7.996675139071155,30.67988522533977,4.997243961197212,25.68264126414256
Ni,32,30,35,33,7.9,8.4,reversal,True,,8.137317228226319,7.717801068809811,0.4195161594165082,14.185323276232365,10.178549235676707,4.0067740405556584,13.525540798268072,9.507436099258463,4.0181046990096085,30.67988522533977,29.08156924479059,1.598315980549181
Mn,1,3,4,6,9.5,10.6,reversal,True,,85.28647149446198,44.461699177036344,40.824772317425634,772.5447247219239,566.7932575761693,205.75146714575465,91.70864555277991,84.66404229845743,7.044603254322482,219.13424665871256,191.3877885827456,27.746458075966956
Mn,1,4,4,7,9.5,7.8,concordant,True,,85.28647149446198,71.02037190469781,14.266099589764167,772.5447247219239,541.6506779050676,230.8940468168563,91.70864555277991,75.46377369227014,16.244871860509775,219.13424665871256,159.62801475569,59.50623190302255
Mn,1,8,4,11,9.5,20.0,reversal,True,,85.28647149446198,53.81011807842603,31.47635341603595,772.5447247219239,444.8971223934048,327.6476023285191,91.70864555277991,82.79665732984176,8.911988222938149,219.13424665871256,200.51965736013892,18.614589298573634
Mn,1,14,4,17,9.5,8.84,concordant,True,,85.28647149446198,24.509067640900426,60.77740385356155,772.5447247219239,340.88570479895424,431.65901992296966,91.70864555277991,54.223600975443425,37.48504457733649,219.13424665871256,115.28637226746697,103.84787439124558
Mn,1,15,4,18,9.5,9.44,concordant,True,,85.28647149446198,51.109241584321055,34.17722991014092,772.5447247219239,407.79181518174073,364.75290954018317,91.70864555277991,89.06659364042918,2.6420519123507376,219.13424665871256,200.1044686333701,19.029778025342466
Mn,1,21,4,24,9.5,5.6,concordant,True,,85.28647149446198,39.93765146377633,45.34882003068565,772.5447247219239,221.16086502357396,551.38385969835,91.70864555277991,42.87527206181241,48.8333734909675,219.13424665871256,116.07775400726696,103.0564926514456
Mn,1,23,4,26,9.5,8.9,concordant,True,,85.28647149446198,51.641279829872346,33.64519166458963,772.5447247219239,546.1173227691095,226.42740195281442,91.70864555277991,85.80507916021966,5.903566392560251,219.13424665871256,164.83308138706445,54.3011652716481
Mn,1,27,4,30,9.5,3.5,concordant,True,,85.28647149446198,32.3507256621613,52.935745832300675,772.5447247219239,82.86446467278182,689.6802600491421,91.70864555277991,29.266440376573893,62.442205176206016,219.13424665871256,71.71239658639979,147.42185007231276
Mn,2,3,5,6,10.0,10.6,reversal,True,,54.25036507603084,44.461699177036344,9.788665898994495,737.7722840912026,566.7932575761693,170.9790265150333,99.84028030558687,84.66404229845743,15.176238007129442,234.86792089732265,191.3877885827456,43.48013231457705
Mn,2,8,5,11,10.0,20.0,reversal,True,,54.25036507603084,53.81011807842603,0.44024699760480956,737.7722840912026,444.8971223934048,292.87516169779775,99.84028030558687,82.79665732984176,17.04362297574511,234.86792089732265,200.51965736013892,34.348263537183726
Mn,2,12,5,15,10.0,34.0,reversal,True,,54.25036507603084,52.97721427298058,1.2731508030502567,737.7722840912026,499.67613773426046,238.09614635694209,99.84028030558687,91.73097413025823,8.10930617532864,234.86792089732265,203.14470892927793,31.723211968044723
Mn,2,14,5,17,10.0,8.84,concordant,True,,54.25036507603084,24.509067640900426,29.741297435130413,737.7722840912026,340.88570479895424,396.8865792922483,99.84028030558687,54.223600975443425,45.61667933014345,234.86792089732265,115.28637226746697,119.58154862985567
Mn,2,15,5,18,10.0,9.44,concordant,True,,54.25036507603084,51.109241584321055,3.1411234917097843,737.7722840912026,407.79181518174073,329.9804689094618,99.84028030558687,89.06659364042918,10.773686665157697,234.86792089732265,200.1044686333701,34.76345226395256
Mn,2,21,5,24,10.0,5.6,concordant,True,,54.25036507603084,39.93765146377633,14.312713612254512,737.7722840912026,221.16086502357396,516.6114190676286,99.84028030558687,42.87527206181241,56.96500824377446,234.86792089732265,116.07775400726696,118.79016689005569
Mn,2,23,5,26,10.0,8.9,concordant,True,,54.25036507603084,51.641279829872346,2.609085246158493,737.7722840912026,546.1173227691095,191.65496132209307,99.84028030558687,85.80507916021966,14.03520114536721,234.86792089732265,164.83308138706445,70.0348395102582
Mn,2,27,5,30,10.0,3.5,concordant,True,,54.25036507603084,32.3507256621613,21.899639413869536,737.7722840912026,82.86446467278182,654.9078194184208,99.84028030558687,29.266440376573893,70.57383992901298,234.86792089732265,71.71239658639979,163.15552431092286
Mn,3,14,6,17,10.6,8.84,concordant,True,,44.461699177036344,24.509067640900426,19.952631536135918,566.7932575761693,340.88570479895424,225.90755277721502,84.66404229845743,54.223600975443425,30.440441323014007,191.3877885827456,115.28637226746697,76.10141631527863
Mn,3,21,6,24,10.6,5.6,concordant,True,,44.461699177036344,39.93765146377633,4.524047713260018,566.7932575761693,221.16086502357396,345.6323925525953,84.66404229845743,42.87527206181241,41.78877023664502,191.3877885827456,116.07775400726696,75.31003457547864
Mn,3,27,6,30,10.6,3.5,concordant,True,,44.461699177036344,32.3507256621613,12.110973514875042,566.7932575761693,82.86446467278182,483.92879290338743,84.66404229845743,29.266440376573893,55.397601921883535,191.3877885827456,71.71239658639979,119.67539199634581
Mn,4,14,7,17,7.8,8.84,reversal,True,,71.02037190469781,24.509067640900426,46.511304263797385,541.6506779050676,340.88570479895424,200.76497310611336,75.46377369227014,54.223600975443425,21.240172716826713,159.62801475569,115.28637226746697,44.34164248822303
Mn,4,21,7,24,7.8,5.6,concordant,True,,71.02037190469781,39.93765146377633,31.082720440921484,541.6506779050676,221.16086502357396,320.48981288149366,75.46377369227014,42.87527206181241,32.58850163045773,159.62801475569,116.07775400726696,43.55026074842304
Mn,4,27,7,30,7.8,3.5,concordant,True,,71.02037190469781,32.3507256621613,38.66964624253651,541.6506779050676,82.86446467278182,458.7862132322858,75.46377369227014,29.266440376573893,46.19733331569624,159.62801475569,71.71239658639979,87.91561816929021
Mn,5,3,8,6,10.5,10.6,reversal,True,,68.26979208169392,44.461699177036344,23.808092904657578,817.3495129426697,566.7932575761693,250.5562553665004,155.04190613243102,84.66404229845743,70.37786383397359,230.0000622649489,191.3877885827456,38.612273682203295
Mn,5,8,8,11,10.5,20.0,reversal,True,,68.26979208169392,53.81011807842603,14.459674003267892,817.3495129426697,444.8971223934048,372.45239054926486,155.04190613243102,82.79665732984176,72.24524880258926,230.0000622649489,200.51965736013892,29.480404904809973
Mn,5,12,8,15,10.5,34.0,reversal,True,,68.26979208169392,52.97721427298058,15.29257780871334,817.3495129426697,499.67613773426046,317.6733752084092,155.04190613243102,91.73097413025823,63.31093200217279,230.0000622649489,203.14470892927793,26.85535333567097
Mn,5,14,8,17,10.5,8.84,concordant,True,,68.26979208169392,24.509067640900426,43.760724440793496,817.3495129426697,340.88570479895424,476.4638081437154,155.04190613243102,54.223600975443425,100.8183051569876,230.0000622649489,115.28637226746697,114.71368999748192
Mn,5,15,8,18,10.5,9.44,concordant,True,,68.26979208169392,51.109241584321055,17.160550497372867,817.3495129426697,407.79181518174073,409.55769776092893,155.04190613243102,89.06659364042918,65.97531249200185,230.0000622649489,200.1044686333701,29.895593631578805
Mn,5,20,8,23,10.5,7.7,concordant,True,,68.26979208169392,66.65093876183224,1.6188533198616852,817.3495129426697,475.8877027594821,341.46181018318754,155.04190613243102,105.70054758935277,49.34135854307826,230.0000622649489,187.51425873857795,42.485803526370944
Mn,5,21,8,24,10.5,5.6,concordant,True,,68.26979208169392,39.93765146377633,28.332140617917595,817.3495129426697,221.16086502357396,596.1886479190957,155.04190613243102,42.87527206181241,112.16663407061861,230.0000622649489,116.07775400726696,113.92230825768193
Mn,5,23,8,26,10.5,8.9,concordant,True,,68.26979208169392,51.641279829872346,16.628512251821576,817.3495129426697,546.1173227691095,271.2321901735602,155.04190613243102,85.80507916021966,69.23682697221136,230.0000622649489,164.83308138706445,65.16698087788444
Mn,5,25,8,28,10.5,8.8,concordant,True,,68.26979208169392,66.69018649954258,1.5796055821513448,817.3495129426697,695.4515100520864,121.89800289058326,155.04190613243102,118.51076619874122,36.5311399336898,230.0000622649489,185.35444541364225,44.64561685130664
Mn,5,27,8,30,10.5,3.5,concordant,True,,68.26979208169392,32.3507256621613,35.91906641953262,817.3495129426697,82.86446467278182,734.4850482698878,155.04190613243102,29.266440376573893,125.77546575585713,230.0000622649489,71.71239658639979,158.2876656785491
Mn,5,28,8,31,10.5,7.4,concordant,True,,68.26979208169392,45.54958863908978,22.720203442604145,817.3495129426697,534.4580259439282,282.89148699874147,155.04190613243102,116.01580178451553,39.02610434791549,230.0000622649489,159.7275619407459,70.27250032420301
Mn,5,32,8,35,10.5,7.9,concordant,True,,68.26979208169392,51.18453920427354,17.08525287742038,817.3495129426697,537.8760009134198,279.47351202924983,155.04190613243102,111.91791324373595,43.12399288869507,230.0000622649489,198.52526872293782,31.47479354201107
Mn,6,1,9,4,9.7,9.5,concordant,True,,87.27827674823709,85.28647149446198,1.9918052537751123,808.0163901615193,772.5447247219239,35.47166543959543,112.91682887387071,91.70864555277991,21.2081833210908,243.31697748992627,219.13424665871256,24.182730831213718
Mn,6,2,9,5,9.7,10.0,reversal,True,,87.27827674823709,54.25036507603084,33.02791167220625,808.0163901615193,737.7722840912026,70.24410607031678,112.91682887387071,99.84028030558687,13.07654856828384,243.31697748992627,234.86792089732265,8.449056592603625
Mn,6,3,9,6,9.7,10.6,reversal,True,,87.27827674823709,44.461699177036344,42.816577571200746,808.0163901615193,566.7932575761693,241.22313258535007,112.91682887387071,84.66404229845743,28.252786575413282,243.31697748992627,191.3877885827456,51.929188907180674
Mn,6,4,9,7,9.7,7.8,concordant,True,,87.27827674823709,71.02037190469781,16.25790484353928,808.0163901615193,541.6506779050676,266.36571225645173,112.91682887387071,75.46377369227014,37.453055181600575,243.31697748992627,159.62801475569,83.68896273423627
Mn,6,8,9,11,9.7,20.0,reversal,True,,87.27827674823709,53.81011807842603,33.46815866981106,808.0163901615193,444.8971223934048,363.1192677681145,112.91682887387071,82.79665732984176,30.12017154402895,243.31697748992627,200.51965736013892,42.79732012978735
Mn,6,12,9,15,9.7,34.0,reversal,True,,87.27827674823709,52.97721427298058,34.30106247525651,808.0163901615193,499.67613773426046,308.34025242725886,112.91682887387071,91.73097413025823,21.18585474361248,243.31697748992627,203.14470892927793,40.17226856064835
Mn,6,13,9,16,9.7,8.4,concordant,True,,87.27827674823709,85.62994097422262,1.6483357740144697,808.0163901615193,807.356184291776,0.6602058697433222,112.91682887387071,96.9754940820258,15.941334791844909,243.31697748992627,204.72485576088945,38.59212172903682
Mn,6,14,9,17,9.7,8.84,concordant,True,,87.27827674823709,24.509067640900426,62.769209107336664,808.0163901615193,340.88570479895424,467.1306853625651,112.91682887387071,54.223600975443425,58.69322789842729,243.31697748992627,115.28637226746697,128.03060522245931
Mn,6,15,9,18,9.7,9.44,concordant,True,,87.27827674823709,51.109241584321055,36.169035163916035,808.0163901615193,407.79181518174073,400.2245749797786,112.91682887387071,89.06659364042918,23.850235233441538,243.31697748992627,200.1044686333701,43.212508856556184
Mn,6,20,9,23,9.7,7.7,concordant,True,,87.27827674823709,66.65093876183224,20.627337986404854,808.0163901615193,475.8877027594821,332.1286874020372,112.91682887387071,105.70054758935277,7.216281284517947,243.31697748992627,187.51425873857795,55.80271875134832
Mn,6,21,9,24,9.7,5.6,concordant,True,,87.27827674823709,39.93765146377633,47.340625284460764,808.0163901615193,221.16086502357396,586.8555251379454,112.91682887387071,42.87527206181241,70.0415568120583,243.31697748992627,116.07775400726696,127.23922348265931
Mn,6,23,9,26,9.7,8.9,concordant,True,,87.27827674823709,51.641279829872346,35.636996918364744,808.0163901615193,546.1173227691095,261.89906739240985,112.91682887387071,85.80507916021966,27.11174971365105,243.31697748992627,164.83308138706445,78.48389610286182
Mn,6,27,9,30,9.7,3.5,concordant,True,,87.27827674823709,32.3507256621613,54.92755108607579,808.0163901615193,82.86446467278182,725.1519254887376,112.91682887387071,29.266440376573893,83.65038849729682,243.31697748992627,71.71239658639979,171.60458090352648
Mn,6,32,9,35,9.7,7.9,concordant,True,,87.27827674823709,51.18453920427354,36.09373754396355,808.0163901615193,537.8760009134198,270.1403892480995,112.91682887387071,111.91791324373595,0.9989156301347606,243.31697748992627,198.52526872293782,44.79170876698845
Mn,7,3,10,6,8.7,10.6,reversal,True,,75.53345990671272,44.461699177036344,31.071760729676377,770.3479438271638,566.7932575761693,203.55468625099456,179.14887555629187,84.66404229845743,94.48483325783444,209.75522120866802,191.3877885827456,18.36743262592242
Mn,7,4,10,7,8.7,7.8,concordant,True,,75.53345990671272,71.02037190469781,4.513088002014911,770.3479438271638,541.6506779050676,228.69726592209622,179.14887555629187,75.46377369227014,103.68510186402173,209.75522120866802,159.62801475569,50.127206452978015
Mn,7,8,10,11,8.7,20.0,reversal,True,,75.53345990671272,53.81011807842603,21.723341828286692,770.3479438271638,444.8971223934048,325.450821433759,179.14887555629187,82.79665732984176,96.3522182264501,209.75522120866802,200.51965736013892,9.235563848529097
Mn,7,12,10,15,8.7,34.0,reversal,True,,75.53345990671272,52.97721427298058,22.55624563373214,770.3479438271638,499.67613773426046,270.67180609290335,179.14887555629187,91.73097413025823,87.41790142603364,209.75522120866802,203.14470892927793,6.610512279390093
Mn,7,14,10,17,8.7,8.84,reversal,True,,75.53345990671272,24.509067640900426,51.024392265812295,770.3479438271638,340.88570479895424,429.4622390282096,179.14887555629187,54.223600975443425,124.92527458084845,209.75522120866802,115.28637226746697,94.46884894120105
Mn,7,15,10,18,8.7,9.44,reversal,True,,75.53345990671272,51.109241584321055,24.424218322391667,770.3479438271638,407.79181518174073,362.5561286454231,179.14887555629187,89.06659364042918,90.0822819158627,209.75522120866802,200.1044686333701,9.650752575297929
Mn,7,20,10,23,8.7,7.7,concordant,True,,75.53345990671272,66.65093876183224,8.882521144880485,770.3479438271638,475.8877027594821,294.4602410676817,179.14887555629187,105.70054758935277,73.4483279669391,209.75522120866802,187.51425873857795,22.240962470090068
Mn,7,21,10,24,8.7,5.6,concordant,True,,75.53345990671272,39.93765146377633,35.595808442936395,770.3479438271638,221.16086502357396,549.1870788035899,179.14887555629187,42.87527206181241,136.27360349447946,209.75522120866802,116.07775400726696,93.67746720140106
Mn,7,23,10,26,8.7,8.9,reversal,True,,75.53345990671272,51.641279829872346,23.892180076840376,770.3479438271638,546.1173227691095,224.23062105805434,179.14887555629187,85.80507916021966,93.34379639607221,209.75522120866802,164.83308138706445,44.922139821603565
Mn,7,25,10,28,8.7,8.8,reversal,True,,75.53345990671272,66.69018649954258,8.843273407170145,770.3479438271638,695.4515100520864,74.89643377507741,179.14887555629187,118.51076619874122,60.63810935755065,209.75522120866802,185.35444541364225,24.400775795025766
Mn,7,27,10,30,8.7,3.5,concordant,True,,75.53345990671272,32.3507256621613,43.18273424455142,770.3479438271638,82.86446467278182,687.4834791543819,179.14887555629187,29.266440376573893,149.882435179718,209.75522120866802,71.71239658639979,138.04282462226823
Mn,7,28,10,31,8.7,7.4,concordant,True,,75.53345990671272,45.54958863908978,29.983871267622945,770.3479438271638,534.4580259439282,235.88991788323563,179.14887555629187,116.01580178451553,63.13307377177634,209.75522120866802,159.7275619407459,50.02765926792213
Mn,7,32,10,35,8.7,7.9,concordant,True,,75.53345990671272,51.18453920427354,24.34892070243918,770.3479438271638,537.8760009134198,232.471942913744,179.14887555629187,111.91791324373595,67.23096231255592,209.75522120866802,198.52526872293782,11.229952485730195
Mn,8,14,11,17,20.0,8.84,concordant,True,,53.81011807842603,24.509067640900426,29.301050437525603,444.8971223934048,340.88570479895424,104.01141759445056,82.79665732984176,54.223600975443425,28.57305635439834,200.51965736013892,115.28637226746697,85.23328509267195
Mn,8,21,11,24,20.0,5.6,concordant,True,,53.81011807842603,39.93765146377633,13.872466614649703,444.8971223934048,221.16086502357396,223.73625736983084,82.79665732984176,42.87527206181241,39.921385268029354,200.51965736013892,116.07775400726696,84.44190335287196
Mn,8,27,11,30,20.0,3.5,concordant,True,,53.81011807842603,32.3507256621613,21.459392416264727,444.8971223934048,82.86446467278182,362.032657720623,82.79665732984176,29.266440376573893,53.53021695326787,200.51965736013892,71.71239658639979,128.80726077373913
Mn,9,3,12,6,8.7,10.6,reversal,True,,77.00753195369604,44.461699177036344,32.5458327766597,802.2408396027262,566.7932575761693,235.44758202655692,159.96525394636748,84.66404229845743,75.30121164791005,223.39639390136352,191.3877885827456,32.008605318617924
Mn,9,4,12,7,8.7,7.8,concordant,True,,77.00753195369604,71.02037190469781,5.987160048998234,802.2408396027262,541.6506779050676,260.5901616976586,159.96525394636748,75.46377369227014,84.50148025409734,223.39639390136352,159.62801475569,63.76837914567352
Mn,9,8,12,11,8.7,20.0,reversal,True,,77.00753195369604,53.81011807842603,23.197413875270016,802.2408396027262,444.8971223934048,357.34371720932137,159.96525394636748,82.79665732984176,77.16859661652572,223.39639390136352,200.51965736013892,22.876736541224602
Mn,9,12,12,15,8.7,34.0,reversal,True,,77.00753195369604,52.97721427298058,24.030317680715463,802.2408396027262,499.67613773426046,302.5647018684657,159.96525394636748,91.73097413025823,68.23427981610925,223.39639390136352,203.14470892927793,20.2516849720856
Mn,9,14,12,17,8.7,8.84,reversal,True,,77.00753195369604,24.509067640900426,52.49846431279562,802.2408396027262,340.88570479895424,461.35513480377193,159.96525394636748,54.223600975443425,105.74165297092406,223.39639390136352,115.28637226746697,108.11002163389655
Mn,9,15,12,18,8.7,9.44,reversal,True,,77.00753195369604,51.109241584321055,25.89829036937499,802.2408396027262,407.79181518174073,394.44902442098544,159.96525394636748,89.06659364042918,70.89866030593831,223.39639390136352,200.1044686333701,23.291925267993435
Mn,9,20,12,23,8.7,7.7,concordant,True,,77.00753195369604,66.65093876183224,10.356593191863809,802.2408396027262,475.8877027594821,326.35313684324404,159.96525394636748,105.70054758935277,54.26470635701472,223.39639390136352,187.51425873857795,35.88213516278557
Mn,9,21,12,24,8.7,5.6,concordant,True,,77.00753195369604,39.93765146377633,37.06988048991972,802.2408396027262,221.16086502357396,581.0799745791522,159.96525394636748,42.87527206181241,117.08998188455507,223.39639390136352,116.07775400726696,107.31863989409656
Mn,9,23,12,26,8.7,8.9,reversal,True,,77.00753195369604,51.641279829872346,25.3662521238237,802.2408396027262,546.1173227691095,256.1235168336167,159.96525394636748,85.80507916021966,74.16017478614782,223.39639390136352,164.83308138706445,58.56331251429907
Mn,9,25,12,28,8.7,8.8,reversal,True,,77.00753195369604,66.69018649954258,10.317345454153468,802.2408396027262,695.4515100520864,106.78932955063976,159.96525394636748,118.51076619874122,41.45448774762626,223.39639390136352,185.35444541364225,38.04194848772127
Mn,9,27,12,30,8.7,3.5,concordant,True,,77.00753195369604,32.3507256621613,44.65680629153474,802.2408396027262,82.86446467278182,719.3763749299444,159.96525394636748,29.266440376573893,130.6988135697936,223.39639390136352,71.71239658639979,151.68399731496373
Mn,9,28,12,31,8.7,7.4,concordant,True,,77.00753195369604,45.54958863908978,31.45794331460627,802.2408396027262,534.4580259439282,267.782813658798,159.96525394636748,116.01580178451553,43.94945216185195,223.39639390136352,159.7275619407459,63.66883196061764
Mn,9,32,12,35,8.7,7.9,concordant,True,,77.00753195369604,51.18453920427354,25.822992749422504,802.2408396027262,537.8760009134198,264.36483868930634,159.96525394636748,111.91791324373595,48.04734070263153,223.39639390136352,198.52526872293782,24.8711251784257
Mn,10,1,13,4,9.55,9.5,concordant,True,,90.6544794358582,85.28647149446198,5.368007941396229,1641.2070912027164,772.5447247219239,868.6623664807925,211.8948175309385,91.70864555277991,120.18617197815858,288.06670688564,219.13424665871256,68.93246022692742
Mn,10,2,13,5,9.55,10.0,reversal,True,,90.6544794358582,54.25036507603084,36.40411435982737,1641.2070912027164,737.7722840912026,903.4348071115138,211.8948175309385,99.84028030558687,112.05453722535162,288.06670688564,234.86792089732265,53.198785988317326
Mn,10,3,13,6,9.55,10.6,reversal,True,,90.6544794358582,44.461699177036344,46.19278025882186,1641.2070912027164,566.7932575761693,1074.413833626547,211.8948175309385,84.66404229845743,127.23077523248107,288.06670688564,191.3877885827456,96.67891830289437
Mn,10,4,13,7,9.55,7.8,concordant,True,,90.6544794358582,71.02037190469781,19.634107531160396,1641.2070912027164,541.6506779050676,1099.5564132976488,211.8948175309385,75.46377369227014,136.43104383866836,288.06670688564,159.62801475569,128.43869212994997
Mn,10,5,13,8,9.55,10.5,reversal,True,,90.6544794358582,68.26979208169392,22.384687354164285,1641.2070912027164,817.3495129426697,823.8575782600467,211.8948175309385,155.04190613243102,56.85291139850747,288.06670688564,230.0000622649489,58.06664462069108
Mn,10,6,13,9,9.55,9.7,reversal,True,,90.6544794358582,87.27827674823709,3.3762026876211166,1641.2070912027164,808.0163901615193,833.190701041197,211.8948175309385,112.91682887387071,98.97798865706778,288.06670688564,243.31697748992627,44.7497293957137
Mn,10,7,13,10,9.55,8.7,concordant,True,,90.6544794358582,75.53345990671272,15.121019529145485,1641.2070912027164,770.3479438271638,870.8591473755525,211.8948175309385,179.14887555629187,32.74594197464663,288.06670688564,209.75522120866802,78.31148567697196
Mn,10,8,13,11,9.55,20.0,reversal,True,,90.6544794358582,53.81011807842603,36.84436135743218,1641.2070912027164,444.8971223934048,1196.3099688093116,211.8948175309385,82.79665732984176,129.09816020109673,288.06670688564,200.51965736013892,87.54704952550105
Mn,10,9,13,12,9.55,8.7,concordant,True,,90.6544794358582,77.00753195369604,13.646947482162162,1641.2070912027164,802.2408396027262,838.9662515999902,211.8948175309385,159.96525394636748,51.929563584571014,288.06670688564,223.39639390136352,64.67031298427645
Mn,10,11,13,14,9.55,10.1,reversal,True,,90.6544794358582,69.93242162703721,20.722057808820992,1641.2070912027164,1147.2480582331023,493.9590329696141,211.8948175309385,131.13442628662267,80.76039124431583,288.06670688564,246.47334998549067,41.5933569001493
Mn,10,12,13,15,9.55,34.0,reversal,True,,90.6544794358582,52.97721427298058,37.677265162877625,1641.2070912027164,499.67613773426046,1141.530953468456,211.8948175309385,91.73097413025823,120.16384340068026,288.06670688564,203.14470892927793,84.92199795636205
Mn,10,13,13,16,9.55,8.4,concordant,True,,90.6544794358582,85.62994097422262,5.024538461635586,1641.2070912027164,807.356184291776,833.8509069109404,211.8948175309385,96.9754940820258,114.91932344891269,288.06670688564,204.72485576088945,83.34185112475052
Mn,10,14,13,17,9.55,8.84,concordant,True,,90.6544794358582,24.509067640900426,66.14541179495778,1641.2070912027164,340.88570479895424,1300.321386403762,211.8948175309385,54.223600975443425,157.67121655549508,288.06670688564,115.28637226746697,172.78033461817301
Mn,10,15,13,18,9.55,9.44,concordant,True,,90.6544794358582,51.109241584321055,39.54523785153715,1641.2070912027164,407.79181518174073,1233.4152760209756,211.8948175309385,89.06659364042918,122.82822389050932,288.06670688564,200.1044686333701,87.96223825226988
Mn,10,17,13,20,9.55,8.0,concordant,True,,90.6544794358582,60.48552396377548,30.16895547208273,1641.2070912027164,862.248877640808,778.9582135619083,211.8948175309385,77.71993635956737,134.1748811713711,288.06670688564,162.13042881049338,125.93627807514659
Mn,10,18,13,21,9.55,9.7,reversal,True,,90.6544794358582,82.50932701729631,8.145152418561892,1641.2070912027164,920.6792287727552,720.5278624299611,211.8948175309385,154.55734876859597,57.337468762342525,288.06670688564,272.77227544506917,15.294431440570804
Mn,10,19,13,22,9.55,14.5,reversal,True,,90.6544794358582,66.61426890237608,24.040210533482124,1641.2070912027164,1073.1142380992144,568.092853103502,211.8948175309385,143.49823759386845,68.39657993707004,288.06670688564,256.7257068577207,31.34100002791928
Mn,10,20,13,23,9.55,7.7,concordant,True,,90.6544794358582,66.65093876183224,24.00354067402597,1641.2070912027164,475.8877027594821,1165.3193884432342,211.8948175309385,105.70054758935277,106.19426994158573,288.06670688564,187.51425873857795,100.55244814706202
Mn,10,21,13,24,9.55,5.6,concordant,True,,90.6544794358582,39.93765146377633,50.71682797208188,1641.2070912027164,221.16086502357396,1420.0462261791424,211.8948175309385,42.87527206181241,169.0195454691261,288.06670688564,116.07775400726696,171.98895287837303
Mn,10,22,13,25,9.55,7.8,concordant,True,,90.6544794358582,52.70087636665234,37.95360306920587,1641.2070912027164,884.3177694504561,756.8893217522602,211.8948175309385,204.78474242752097,7.110075103417529,288.06670688564,230.69951877009495,57.36718811554502
Mn,10,23,13,26,9.55,8.9,concordant,True,,90.6544794358582,51.641279829872346,39.01319960598586,1641.2070912027164,546.1173227691095,1095.0897684336069,211.8948175309385,85.80507916021966,126.08973837071883,288.06670688564,164.83308138706445,123.23362549857552
Mn,10,24,13,27,9.55,12.1,reversal,True,,90.6544794358582,60.28837985750627,30.366099578351935,1641.2070912027164,770.8938332064713,870.313257996245,211.8948175309385,164.22912141343502,47.66569611750347,288.06670688564,282.1548067870473,5.911900098592696
Mn,10,25,13,28,9.55,8.8,concordant,True,,90.6544794358582,66.69018649954258,23.96429293631563,1641.2070912027164,695.4515100520864,945.75558115063,211.8948175309385,118.51076619874122,93.38405133219727,288.06670688564,185.35444541364225,102.71226147199772
Mn,10,26,13,29,9.55,11.53,reversal,True,,90.6544794358582,57.18436871258438,33.47011072327383,1641.2070912027164,778.4940777644422,862.7130134382742,211.8948175309385,93.64318580182467,118.25163172911383,288.06670688564,264.94374960463364,23.122957281006336
Mn,10,27,13,30,9.55,3.5,concordant,True,,90.6544794358582,32.3507256621613,58.303753773696904,1641.2070912027164,82.86446467278182,1558.3426265299345,211.8948175309385,29.266440376573893,182.6283771543646,288.06670688564,71.71239658639979,216.35431029924018
Mn,10,28,13,31,9.55,7.4,concordant,True,,90.6544794358582,45.54958863908978,45.10489079676843,1641.2070912027164,534.4580259439282,1106.749065258788,211.8948175309385,116.01580178451553,95.87901574642297,288.06670688564,159.7275619407459,128.3391449448941
Mn,10,31,13,34,9.55,16.4,reversal,True,,90.6544794358582,85.15438949026094,5.500089945597267,1641.2070912027164,432.25304263449584,1208.9540485682205,211.8948175309385,161.05947408646958,50.83534344446892,288.06670688564,211.5163874526214,76.55031943301859
Mn,10,32,13,35,9.55,7.9,concordant,True,,90.6544794358582,51.18453920427354,39.469940231584665,1641.2070912027164,537.8760009134198,1103.3310902892965,211.8948175309385,111.91791324373595,99.97690428720254,288.06670688564,198.52526872293782,89.54143816270215
Mn,11,2,14,5,10.1,10.0,concordant,True,,69.93242162703721,54.25036507603084,15.682056551006376,1147.2480582331023,737.7722840912026,409.4757741418997,131.13442628662267,99.84028030558687,31.294145981035797,246.47334998549067,234.86792089732265,11.605429088168023
Mn,11,3,14,6,10.1,10.6,reversal,True,,69.93242162703721,44.461699177036344,25.47072245000087,1147.2480582331023,566.7932575761693,580.454800656933,131.13442628662267,84.66404229845743,46.47038398816524,246.47334998549067,191.3877885827456,55.08556140274507
Mn,11,8,14,11,10.1,20.0,reversal,True,,69.93242162703721,53.81011807842603,16.122303548611185,1147.2480582331023,444.8971223934048,702.3509358396975,131.13442628662267,82.79665732984176,48.337768956780906,246.47334998549067,200.51965736013892,45.95369262535175
Mn,11,12,14,15,10.1,34.0,reversal,True,,69.93242162703721,52.97721427298058,16.955207354056633,1147.2480582331023,499.67613773426046,647.5719204988418,131.13442628662267,91.73097413025823,39.40345215636444,246.47334998549067,203.14470892927793,43.328641056212746
Mn,11,14,14,17,10.1,8.84,concordant,True,,69.93242162703721,24.509067640900426,45.42335398613679,1147.2480582331023,340.88570479895424,806.362353434148,131.13442628662267,54.223600975443425,76.91082531117925,246.47334998549067,115.28637226746697,131.18697771802368
Mn,11,15,14,18,10.1,9.44,concordant,True,,69.93242162703721,51.109241584321055,18.82318004271616,1147.2480582331023,407.79181518174073,739.4562430513615,131.13442628662267,89.06659364042918,42.067832646193494,246.47334998549067,200.1044686333701,46.36888135212058
Mn,11,17,14,20,10.1,8.0,concordant,True,,69.93242162703721,60.48552396377548,9.446897663261737,1147.2480582331023,862.248877640808,284.99918059229424,131.13442628662267,77.71993635956737,53.4144899270553,246.47334998549067,162.13042881049338,84.34292117499729
Mn,11,20,14,23,10.1,7.7,concordant,True,,69.93242162703721,66.65093876183224,3.2814828652049783,1147.2480582331023,475.8877027594821,671.3603554736201,131.13442628662267,105.70054758935277,25.433878697269904,246.47334998549067,187.51425873857795,58.95909124691272
Mn,11,21,14,24,10.1,5.6,concordant,True,,69.93242162703721,39.93765146377633,29.99477016326089,1147.2480582331023,221.16086502357396,926.0871932095283,131.13442628662267,42.87527206181241,88.25915422481026,246.47334998549067,116.07775400726696,130.3955959782237
Mn,11,23,14,26,10.1,8.9,concordant,True,,69.93242162703721,51.641279829872346,18.29114179716487,1147.2480582331023,546.1173227691095,601.1307354639928,131.13442628662267,85.80507916021966,45.32934712640301,246.47334998549067,164.83308138706445,81.64026859842622
Mn,11,25,14,28,10.1,8.8,concordant,True,,69.93242162703721,66.69018649954258,3.242235127494638,1147.2480582331023,695.4515100520864,451.79654818101585,131.13442628662267,118.51076619874122,12.623660087881447,246.47334998549067,185.35444541364225,61.11890457184842
Mn,11,27,14,30,10.1,3.5,concordant,True,,69.93242162703721,32.3507256621613,37.58169596487591,1147.2480582331023,82.86446467278182,1064.3835935603204,131.13442628662267,29.266440376573893,101.86798591004877,246.47334998549067,71.71239658639979,174.76095339909088
Mn,11,28,14,31,10.1,7.4,concordant,True,,69.93242162703721,45.54958863908978,24.382832987947438,1147.2480582331023,534.4580259439282,612.7900322891741,131.13442628662267,116.01580178451553,15.118624502107139,246.47334998549067,159.7275619407459,86.74578804474478
Mn,11,32,14,35,10.1,7.9,concordant,True,,69.93242162703721,51.18453920427354,18.747882422763674,1147.2480582331023,537.8760009134198,609.3720573196824,131.13442628662267,111.91791324373595,19.216513042886717,246.47334998549067,198.52526872293782,47.94808126255285
Mn,12,14,15,17,34.0,8.84,concordant,True,,52.97721427298058,24.509067640900426,28.468146632080156,499.67613773426046,340.88570479895424,158.79043293530623,91.73097413025823,54.223600975443425,37.50737315481481,203.14470892927793,115.28637226746697,87.85833666181095
Mn,12,15,15,18,34.0,9.44,concordant,True,,52.97721427298058,51.109241584321055,1.8679726886595276,499.67613773426046,407.79181518174073,91.88432255251973,91.73097413025823,89.06659364042918,2.664380489829057,203.14470892927793,200.1044686333701,3.040240295907836
Mn,12,21,15,24,34.0,5.6,concordant,True,,52.97721427298058,39.93765146377633,13.039562809204256,499.67613773426046,221.16086502357396,278.51527271068653,91.73097413025823,42.87527206181241,48.85570206844582,203.14470892927793,116.07775400726696,87.06695492201096
Mn,12,27,15,30,34.0,3.5,concordant,True,,52.97721427298058,32.3507256621613,20.62648861081928,499.67613773426046,82.86446467278182,416.81167306147864,91.73097413025823,29.266440376573893,62.464533753684336,203.14470892927793,71.71239658639979,131.43231234287813
Mn,13,3,16,6,8.4,10.6,reversal,True,,85.62994097422262,44.461699177036344,41.168241797186276,807.356184291776,566.7932575761693,240.56292671560675,96.9754940820258,84.66404229845743,12.311451783568373,204.72485576088945,191.3877885827456,13.337067178143855
Mn,13,4,16,7,8.4,7.8,concordant,True,,85.62994097422262,71.02037190469781,14.60956906952481,807.356184291776,541.6506779050676,265.7055063867084,96.9754940820258,75.46377369227014,21.511720389755666,204.72485576088945,159.62801475569,45.09684100519945
Mn,13,8,16,11,8.4,20.0,reversal,True,,85.62994097422262,53.81011807842603,31.81982289579659,807.356184291776,444.8971223934048,362.4590618983712,96.9754940820258,82.79665732984176,14.17883675218404,204.72485576088945,200.51965736013892,4.2051984007505325
Mn,13,12,16,15,8.4,34.0,reversal,True,,85.62994097422262,52.97721427298058,32.65272670124204,807.356184291776,499.67613773426046,307.68004655751554,96.9754940820258,91.73097413025823,5.244519951767572,204.72485576088945,203.14470892927793,1.580146831611529
Mn,13,14,16,17,8.4,8.84,reversal,True,,85.62994097422262,24.509067640900426,61.120873333322194,807.356184291776,340.88570479895424,466.47047949282177,96.9754940820258,54.223600975443425,42.75189310658238,204.72485576088945,115.28637226746697,89.43848349342248
Mn,13,15,16,18,8.4,9.44,reversal,True,,85.62994097422262,51.109241584321055,34.520699389901566,807.356184291776,407.79181518174073,399.5643691100353,96.9754940820258,89.06659364042918,7.908900441596629,204.72485576088945,200.1044686333701,4.620387127519365
Mn,13,21,16,24,8.4,5.6,concordant,True,,85.62994097422262,39.93765146377633,45.692289510446294,807.356184291776,221.16086502357396,586.1953192682021,96.9754940820258,42.87527206181241,54.100222020213394,204.72485576088945,116.07775400726696,88.6471017536225
Mn,13,23,16,26,8.4,8.9,reversal,True,,85.62994097422262,51.641279829872346,33.988661144350274,807.356184291776,546.1173227691095,261.2388615226665,96.9754940820258,85.80507916021966,11.170414921806142,204.72485576088945,164.83308138706445,39.891774373825
Mn,13,27,16,30,8.4,3.5,concordant,True,,85.62994097422262,32.3507256621613,53.27921531206132,807.356184291776,82.86446467278182,724.4917196189942,96.9754940820258,29.266440376573893,67.70905370545191,204.72485576088945,71.71239658639979,133.01245917448966
Mn,15,14,18,17,9.44,8.84,concordant,True,,51.109241584321055,24.509067640900426,26.60017394342063,407.79181518174073,340.88570479895424,66.9061103827865,89.06659364042918,54.223600975443425,34.84299266498575,200.1044686333701,115.28637226746697,84.81809636590312
Mn,15,21,18,24,9.44,5.6,concordant,True,,51.109241584321055,39.93765146377633,11.171590120544728,407.79181518174073,221.16086502357396,186.63095015816677,89.06659364042918,42.87527206181241,46.191321578616765,200.1044686333701,116.07775400726696,84.02671462610313
Mn,15,27,18,30,9.44,3.5,concordant,True,,51.109241584321055,32.3507256621613,18.758515922159752,407.79181518174073,82.86446467278182,324.9273505089589,89.06659364042918,29.266440376573893,59.80015326385528,200.1044686333701,71.71239658639979,128.3920720469703
Mn,16,1,19,4,10.8,9.5,concordant,True,,94.98211375618749,85.28647149446198,9.69564226172551,986.2406597076522,772.5447247219239,213.6959349857283,148.49453162904973,91.70864555277991,56.78588607626982,255.86868150116177,219.13424665871256,36.73443484244922
Mn,16,2,19,5,10.8,10.0,concordant,True,,94.98211375618749,54.25036507603084,40.73174868015665,986.2406597076522,737.7722840912026,248.46837561644963,148.49453162904973,99.84028030558687,48.65425132346286,255.86868150116177,234.86792089732265,21.000760603839126
Mn,16,3,19,6,10.8,10.6,concordant,True,,94.98211375618749,44.461699177036344,50.520414579151144,986.2406597076522,566.7932575761693,419.44740213148293,148.49453162904973,84.66404229845743,63.8304893305923,255.86868150116177,191.3877885827456,64.48089291841617
Mn,16,4,19,7,10.8,7.8,concordant,True,,94.98211375618749,71.02037190469781,23.961741851489677,986.2406597076522,541.6506779050676,444.5899818025846,148.49453162904973,75.46377369227014,73.0307579367796,255.86868150116177,159.62801475569,96.24066674547177
Mn,16,6,19,9,10.8,9.7,concordant,True,,94.98211375618749,87.27827674823709,7.703837007950398,986.2406597076522,808.0163901615193,178.22426954613286,148.49453162904973,112.91682887387071,35.57770275517902,255.86868150116177,243.31697748992627,12.5517040112355
Mn,16,8,19,11,10.8,20.0,reversal,True,,94.98211375618749,53.81011807842603,41.17199567776146,986.2406597076522,444.8971223934048,541.3435373142474,148.49453162904973,82.79665732984176,65.69787429920797,255.86868150116177,200.51965736013892,55.34902414102285
Mn,16,12,19,15,10.8,34.0,reversal,True,,94.98211375618749,52.97721427298058,42.004899483206906,986.2406597076522,499.67613773426046,486.5645219733917,148.49453162904973,91.73097413025823,56.7635574987915,255.86868150116177,203.14470892927793,52.72397257188385
Mn,16,13,19,16,10.8,8.4,concordant,True,,94.98211375618749,85.62994097422262,9.352172781964867,986.2406597076522,807.356184291776,178.88447541587618,148.49453162904973,96.9754940820258,51.51903754702393,255.86868150116177,204.72485576088945,51.14382574027232
Mn,16,14,19,17,10.8,8.84,concordant,True,,94.98211375618749,24.509067640900426,70.47304611528706,986.2406597076522,340.88570479895424,645.3549549086979,148.49453162904973,54.223600975443425,94.27093065360631,255.86868150116177,115.28637226746697,140.5823092336948
Mn,16,15,19,18,10.8,9.44,concordant,True,,94.98211375618749,51.109241584321055,43.87287217186643,986.2406597076522,407.79181518174073,578.4488445259115,148.49453162904973,89.06659364042918,59.427937988620556,255.86868150116177,200.1044686333701,55.764212867791684
Mn,16,17,19,20,10.8,8.0,concordant,True,,94.98211375618749,60.48552396377548,34.49658979241201,986.2406597076522,862.248877640808,123.99178206684417,148.49453162904973,77.71993635956737,70.77459526948236,255.86868150116177,162.13042881049338,93.73825269066839
Mn,16,20,19,23,10.8,7.7,concordant,True,,94.98211375618749,66.65093876183224,28.33117499435525,986.2406597076522,475.8877027594821,510.35295694817006,148.49453162904973,105.70054758935277,42.793984039696966,255.86868150116177,187.51425873857795,68.35442276258382
Mn,16,21,19,24,10.8,5.6,concordant,True,,94.98211375618749,39.93765146377633,55.04446229241116,986.2406597076522,221.16086502357396,765.0797946840783,148.49453162904973,42.87527206181241,105.61925956723732,255.86868150116177,116.07775400726696,139.7909274938948
Mn,16,23,19,26,10.8,8.9,concordant,True,,94.98211375618749,51.641279829872346,43.34083392631514,986.2406597076522,546.1173227691095,440.1233369385427,148.49453162904973,85.80507916021966,62.68945246883007,255.86868150116177,164.83308138706445,91.03560011409732
Mn,16,25,19,28,10.8,8.8,concordant,True,,94.98211375618749,66.69018649954258,28.29192725664491,986.2406597076522,695.4515100520864,290.7891496555658,148.49453162904973,118.51076619874122,29.98376543030851,255.86868150116177,185.35444541364225,70.51423608751952
Mn,16,27,19,30,10.8,3.5,concordant,True,,94.98211375618749,32.3507256621613,62.631388094026185,986.2406597076522,82.86446467278182,903.3761950348703,148.49453162904973,29.266440376573893,119.22809125247583,255.86868150116177,71.71239658639979,184.15628491476198
Mn,16,28,19,31,10.8,7.4,concordant,True,,94.98211375618749,45.54958863908978,49.43252511709771,986.2406597076522,534.4580259439282,451.782633763724,148.49453162904973,116.01580178451553,32.4787298445342,255.86868150116177,159.7275619407459,96.14111956041589
Mn,16,32,19,35,10.8,7.9,concordant,True,,94.98211375618749,51.18453920427354,43.79757455191395,986.2406597076522,537.8760009134198,448.36465879423235,148.49453162904973,111.91791324373595,36.57661838531378,255.86868150116177,198.52526872293782,57.34341277822395
Mn,17,14,20,17,8.0,8.84,reversal,True,,60.48552396377548,24.509067640900426,35.97645632287505,862.248877640808,340.88570479895424,521.3631728418538,77.71993635956737,54.223600975443425,23.496335384123945,162.13042881049338,115.28637226746697,46.84405654302641
Mn,17,21,20,24,8.0,5.6,concordant,True,,60.48552396377548,39.93765146377633,20.54787249999915,862.248877640808,221.16086502357396,641.0880126172341,77.71993635956737,42.87527206181241,34.84466429775496,162.13042881049338,116.07775400726696,46.052674803226424
Mn,17,27,20,30,8.0,3.5,concordant,True,,60.48552396377548,32.3507256621613,28.134798301614175,862.248877640808,82.86446467278182,779.3844129680263,77.71993635956737,29.266440376573893,48.45349598299347,162.13042881049338,71.71239658639979,90.4180322240936
Mn,18,2,21,5,9.7,10.0,reversal,True,,82.50932701729631,54.25036507603084,28.258961941265476,920.6792287727552,737.7722840912026,182.90694468155266,154.55734876859597,99.84028030558687,54.7170684630091,272.77227544506917,234.86792089732265,37.90435454774652
Mn,18,3,21,6,9.7,10.6,reversal,True,,82.50932701729631,44.461699177036344,38.04762784025997,920.6792287727552,566.7932575761693,353.88597119658596,154.55734876859597,84.66404229845743,69.89330647013854,272.77227544506917,191.3877885827456,81.38448686232357
Mn,18,4,21,7,9.7,7.8,concordant,True,,82.50932701729631,71.02037190469781,11.488955112598504,920.6792287727552,541.6506779050676,379.0285508676876,154.55734876859597,75.46377369227014,79.09357507632583,272.77227544506917,159.62801475569,113.14426068937917
Mn,18,8,21,11,9.7,20.0,reversal,True,,82.50932701729631,53.81011807842603,28.699208938870285,920.6792287727552,444.8971223934048,475.7821063793504,154.55734876859597,82.79665732984176,71.76069143875421,272.77227544506917,200.51965736013892,72.25261808493025
Mn,18,12,21,15,9.7,34.0,reversal,True,,82.50932701729631,52.97721427298058,29.532112744315732,920.6792287727552,499.67613773426046,421.00309103849474,154.55734876859597,91.73097413025823,62.82637463833774,272.77227544506917,203.14470892927793,69.62756651579124
Mn,18,14,21,17,9.7,8.84,concordant,True,,82.50932701729631,24.509067640900426,58.00025937639589,920.6792287727552,340.88570479895424,579.793523973801,154.55734876859597,54.223600975443425,100.33374779315255,272.77227544506917,115.28637226746697,157.4859031776022
Mn,18,15,21,18,9.7,9.44,concordant,True,,82.50932701729631,51.109241584321055,31.40008543297526,920.6792287727552,407.79181518174073,512.8874135910145,154.55734876859597,89.06659364042918,65.4907551281668,272.77227544506917,200.1044686333701,72.66780681169908
Mn,18,17,21,20,9.7,8.0,concordant,True,,82.50932701729631,60.48552396377548,22.023803053520837,920.6792287727552,862.248877640808,58.43035113194719,154.55734876859597,77.71993635956737,76.8374124090286,272.77227544506917,162.13042881049338,110.64184663457578
Mn,18,20,21,23,9.7,7.7,concordant,True,,82.50932701729631,66.65093876183224,15.858388255464078,920.6792287727552,475.8877027594821,444.7915260132731,154.55734876859597,105.70054758935277,48.856801179243206,272.77227544506917,187.51425873857795,85.25801670649122
Mn,18,21,21,24,9.7,5.6,concordant,True,,82.50932701729631,39.93765146377633,42.57167555351999,920.6792287727552,221.16086502357396,699.5183637491813,154.55734876859597,42.87527206181241,111.68207670678356,272.77227544506917,116.07775400726696,156.69452143780222
Mn,18,23,21,26,9.7,8.9,concordant,True,,82.50932701729631,51.641279829872346,30.86804718742397,920.6792287727552,546.1173227691095,374.56190600364573,154.55734876859597,85.80507916021966,68.75226960837631,272.77227544506917,164.83308138706445,107.93919405800472
Mn,18,25,21,28,9.7,8.8,concordant,True,,82.50932701729631,66.69018649954258,15.819140517753738,920.6792287727552,695.4515100520864,225.2277187206688,154.55734876859597,118.51076619874122,36.04658256985475,272.77227544506917,185.35444541364225,87.41783003142692
Mn,18,26,21,29,9.7,11.53,reversal,True,,82.50932701729631,57.18436871258438,25.324958304711934,920.6792287727552,778.4940777644422,142.18515100831303,154.55734876859597,93.64318580182467,60.9141629667713,272.77227544506917,264.94374960463364,7.828525840435532
Mn,18,27,21,30,9.7,3.5,concordant,True,,82.50932701729631,32.3507256621613,50.15860135513501,920.6792287727552,82.86446467278182,837.8147640999734,154.55734876859597,29.266440376573893,125.29090839202208,272.77227544506917,71.71239658639979,201.05987885866938
Mn,18,28,21,31,9.7,7.4,concordant,True,,82.50932701729631,45.54958863908978,36.95973837820654,920.6792287727552,534.4580259439282,386.221202828827,154.55734876859597,116.01580178451553,38.54154698408044,272.77227544506917,159.7275619407459,113.04471350432328
Mn,18,32,21,35,9.7,7.9,concordant,True,,82.50932701729631,51.18453920427354,31.324787813022773,920.6792287727552,537.8760009134198,382.8032278593354,154.55734876859597,111.91791324373595,42.63943552486002,272.77227544506917,198.52526872293782,74.24700672213135
Mn,19,2,22,5,14.5,10.0,concordant,True,,66.61426890237608,54.25036507603084,12.363903826345243,1073.1142380992144,737.7722840912026,335.34195400801184,143.49823759386845,99.84028030558687,43.65795728828158,256.7257068577207,234.86792089732265,21.857785960398047
Mn,19,3,22,6,14.5,10.6,concordant,True,,66.61426890237608,44.461699177036344,22.15256972533974,1073.1142380992144,566.7932575761693,506.32098052304514,143.49823759386845,84.66404229845743,58.83419529541102,256.7257068577207,191.3877885827456,65.3379182749751
Mn,19,8,22,11,14.5,20.0,reversal,True,,66.61426890237608,53.81011807842603,12.804150823950053,1073.1142380992144,444.8971223934048,628.2171157058096,143.49823759386845,82.79665732984176,60.70158026402669,256.7257068577207,200.51965736013892,56.20604949758177
Mn,19,12,22,15,14.5,34.0,reversal,True,,66.61426890237608,52.97721427298058,13.6370546293955,1073.1142380992144,499.67613773426046,573.4381003649539,143.49823759386845,91.73097413025823,51.76726346361022,256.7257068577207,203.14470892927793,53.58099792844277
Mn,19,14,22,17,14.5,8.84,concordant,True,,66.61426890237608,24.509067640900426,42.105201261475656,1073.1142380992144,340.88570479895424,732.2285333002601,143.49823759386845,54.223600975443425,89.27463661842503,256.7257068577207,115.28637226746697,141.43933459025374
Mn,19,15,22,18,14.5,9.44,concordant,True,,66.61426890237608,51.109241584321055,15.505027318055028,1073.1142380992144,407.79181518174073,665.3224229174737,143.49823759386845,89.06659364042918,54.43164395343928,256.7257068577207,200.1044686333701,56.621238224350606
Mn,19,17,22,20,14.5,8.0,concordant,True,,66.61426890237608,60.48552396377548,6.1287449386006045,1073.1142380992144,862.248877640808,210.86536045840637,143.49823759386845,77.71993635956737,65.77830123430108,256.7257068577207,162.13042881049338,94.59527804722731
Mn,19,21,22,24,14.5,5.6,concordant,True,,66.61426890237608,39.93765146377633,26.676617438599756,1073.1142380992144,221.16086502357396,851.9533730756405,143.49823759386845,42.87527206181241,100.62296553205604,256.7257068577207,116.07775400726696,140.64795285045375
Mn,19,23,22,26,14.5,8.9,concordant,True,,66.61426890237608,51.641279829872346,14.972989072503736,1073.1142380992144,546.1173227691095,526.9969153301049,143.49823759386845,85.80507916021966,57.69315843364879,256.7257068577207,164.83308138706445,91.89262547065624
Mn,19,27,22,30,14.5,3.5,concordant,True,,66.61426890237608,32.3507256621613,34.26354324021478,1073.1142380992144,82.86446467278182,990.2497734264325,143.49823759386845,29.266440376573893,114.23179721729456,256.7257068577207,71.71239658639979,185.0133102713209
Mn,19,28,22,31,14.5,7.4,concordant,True,,66.61426890237608,45.54958863908978,21.064680263286306,1073.1142380992144,534.4580259439282,538.6562121552862,143.49823759386845,116.01580178451553,27.48243580935292,256.7257068577207,159.7275619407459,96.99814491697481
Mn,19,32,22,35,14.5,7.9,concordant,True,,66.61426890237608,51.18453920427354,15.429729698102541,1073.1142380992144,537.8760009134198,535.2382371857946,143.49823759386845,111.91791324373595,31.5803243501325,256.7257068577207,198.52526872293782,58.20043813478287
Mn,20,14,23,17,7.7,8.84,reversal,True,,66.65093876183224,24.509067640900426,42.14187112093181,475.8877027594821,340.88570479895424,135.0019979605279,105.70054758935277,54.223600975443425,51.47694661390934,187.51425873857795,115.28637226746697,72.22788647111098
Mn,20,21,23,24,7.7,5.6,concordant,True,,66.65093876183224,39.93765146377633,26.71328729805591,475.8877027594821,221.16086502357396,254.72683773590816,105.70054758935277,42.87527206181241,62.825275527540356,187.51425873857795,116.07775400726696,71.43650473131099
Mn,20,27,23,30,7.7,3.5,concordant,True,,66.65093876183224,32.3507256621613,34.300213099670934,475.8877027594821,82.86446467278182,393.0232380867003,105.70054758935277,29.266440376573893,76.43410721277887,187.51425873857795,71.71239658639979,115.80186215217816
Mn,21,27,24,30,5.6,3.5,concordant,True,,39.93765146377633,32.3507256621613,7.586925801615024,221.16086502357396,82.86446467278182,138.29640035079214,42.87527206181241,29.266440376573893,13.608831685238517,116.07775400726696,71.71239658639979,44.36535742086717
Mn,22,3,25,6,7.8,10.6,reversal,True,,52.70087636665234,44.461699177036344,8.239177189615994,884.3177694504561,566.7932575761693,317.5245118742869,204.78474242752097,84.66404229845743,120.12070012906354,230.69951877009495,191.3877885827456,39.311730187349355
Mn,22,14,25,17,7.8,8.84,reversal,True,,52.70087636665234,24.509067640900426,28.191808725751912,884.3177694504561,340.88570479895424,543.4320646515018,204.78474242752097,54.223600975443425,150.56114145207755,230.69951877009495,115.28637226746697,115.41314650262798
Mn,22,15,25,18,7.8,9.44,reversal,True,,52.70087636665234,51.109241584321055,1.5916347823312833,884.3177694504561,407.79181518174073,476.5259542687154,204.78474242752097,89.06659364042918,115.71814878709179,230.69951877009495,200.1044686333701,30.595050136724865
Mn,22,21,25,24,7.8,5.6,concordant,True,,52.70087636665234,39.93765146377633,12.763224902876011,884.3177694504561,221.16086502357396,663.1569044268822,204.78474242752097,42.87527206181241,161.90947036570856,230.69951877009495,116.07775400726696,114.621764762828
Mn,22,23,25,26,7.8,8.9,reversal,True,,52.70087636665234,51.641279829872346,1.059596536779992,884.3177694504561,546.1173227691095,338.20044668134665,204.78474242752097,85.80507916021966,118.9796632673013,230.69951877009495,164.83308138706445,65.8664373830305
Mn,22,27,25,30,7.8,3.5,concordant,True,,52.70087636665234,32.3507256621613,20.350150704491035,884.3177694504561,82.86446467278182,801.4533047776742,204.78474242752097,29.266440376573893,175.51830205094709,230.69951877009495,71.71239658639979,158.98712218369516
Mn,22,28,25,31,7.8,7.4,concordant,True,,52.70087636665234,45.54958863908978,7.151287727562561,884.3177694504561,534.4580259439282,349.85974350652793,204.78474242752097,116.01580178451553,88.76894064300544,230.69951877009495,159.7275619407459,70.97195682934907
Mn,22,32,25,35,7.8,7.9,reversal,True,,52.70087636665234,51.18453920427354,1.5163371623787967,884.3177694504561,537.8760009134198,346.4417685370363,204.78474242752097,111.91791324373595,92.86682918378501,230.69951877009495,198.52526872293782,32.17425004715713
Mn,23,14,26,17,8.9,8.84,concordant,True,,51.641279829872346,24.509067640900426,27.13221218897192,546.1173227691095,340.88570479895424,205.23161797015524,85.80507916021966,54.223600975443425,31.581478184776238,164.83308138706445,115.28637226746697,49.54670911959748
Mn,23,21,26,24,8.9,5.6,concordant,True,,51.641279829872346,39.93765146377633,11.70362836609602,546.1173227691095,221.16086502357396,324.95645774553554,85.80507916021966,42.87527206181241,42.92980709840725,164.83308138706445,116.07775400726696,48.75532737979749
Mn,23,27,26,30,8.9,3.5,concordant,True,,51.641279829872346,32.3507256621613,19.290554167711043,546.1173227691095,82.86446467278182,463.25285809632766,85.80507916021966,29.266440376573893,56.538638783645766,164.83308138706445,71.71239658639979,93.12068480066466
Mn,24,2,27,5,12.1,10.0,concordant,True,,60.28837985750627,54.25036507603084,6.038014781475432,770.8938332064713,737.7722840912026,33.12154911526875,164.22912141343502,99.84028030558687,64.38884110784815,282.1548067870473,234.86792089732265,47.28688588972463
Mn,24,3,27,6,12.1,10.6,concordant,True,,60.28837985750627,44.461699177036344,15.826680680469927,770.8938332064713,566.7932575761693,204.10057563030205,164.22912141343502,84.66404229845743,79.56507911497759,282.1548067870473,191.3877885827456,90.76701820430168
Mn,24,8,27,11,12.1,20.0,reversal,True,,60.28837985750627,53.81011807842603,6.478261779080242,770.8938332064713,444.8971223934048,325.9967108130665,164.22912141343502,82.79665732984176,81.43246408359326,282.1548067870473,200.51965736013892,81.63514942690836
Mn,24,12,27,15,12.1,34.0,reversal,True,,60.28837985750627,52.97721427298058,7.311165584525689,770.8938332064713,499.67613773426046,271.21769547221083,164.22912141343502,91.73097413025823,72.49814728317679,282.1548067870473,203.14470892927793,79.01009785776935
Mn,24,14,27,17,12.1,8.84,concordant,True,,60.28837985750627,24.509067640900426,35.779312216605845,770.8938332064713,340.88570479895424,430.00812840751706,164.22912141343502,54.223600975443425,110.0055204379916,282.1548067870473,115.28637226746697,166.86843451958032
Mn,24,15,27,18,12.1,9.44,concordant,True,,60.28837985750627,51.109241584321055,9.179138273185217,770.8938332064713,407.79181518174073,363.10201802473057,164.22912141343502,89.06659364042918,75.16252777300585,282.1548067870473,200.1044686333701,82.05033815367719
Mn,24,21,27,24,12.1,5.6,concordant,True,,60.28837985750627,39.93765146377633,20.350728393729945,770.8938332064713,221.16086502357396,549.7329681828974,164.22912141343502,42.87527206181241,121.35384935162261,282.1548067870473,116.07775400726696,166.07705277978033
Mn,24,23,27,26,12.1,8.9,concordant,True,,60.28837985750627,51.641279829872346,8.647100027633925,770.8938332064713,546.1173227691095,224.77651043736182,164.22912141343502,85.80507916021966,78.42404225321536,282.1548067870473,164.83308138706445,117.32172539998282
Mn,24,27,27,30,12.1,3.5,concordant,True,,60.28837985750627,32.3507256621613,27.93765419534497,770.8938332064713,82.86446467278182,688.0293685336894,164.22912141343502,29.266440376573893,134.96268103686114,282.1548067870473,71.71239658639979,210.4424102006475
Mn,24,28,27,31,12.1,7.4,concordant,True,,60.28837985750627,45.54958863908978,14.738791218416495,770.8938332064713,534.4580259439282,236.4358072625431,164.22912141343502,116.01580178451553,48.21331962891949,282.1548067870473,159.7275619407459,122.42724484630139
Mn,24,32,27,35,12.1,7.9,concordant,True,,60.28837985750627,51.18453920427354,9.10384065323273,770.8938332064713,537.8760009134198,233.01783229305147,164.22912141343502,111.91791324373595,52.31120816969907,282.1548067870473,198.52526872293782,83.62953806410945
Mn,25,14,28,17,8.8,8.84,reversal,True,,66.69018649954258,24.509067640900426,42.18111885864215,695.4515100520864,340.88570479895424,354.56580525313217,118.51076619874122,54.223600975443425,64.28716522329779,185.35444541364225,115.28637226746697,70.06807314617528
Mn,25,21,28,24,8.8,5.6,concordant,True,,66.69018649954258,39.93765146377633,26.75253503576625,695.4515100520864,221.16086502357396,474.2906450285125,118.51076619874122,42.87527206181241,75.63549413692881,185.35444541364225,116.07775400726696,69.27669140637529
Mn,25,23,28,26,8.8,8.9,reversal,True,,66.69018649954258,51.641279829872346,15.048906669670231,695.4515100520864,546.1173227691095,149.33418728297693,118.51076619874122,85.80507916021966,32.70568703852156,185.35444541364225,164.83308138706445,20.5213640265778
Mn,25,27,28,30,8.8,3.5,concordant,True,,66.69018649954258,32.3507256621613,34.339460837381274,695.4515100520864,82.86446467278182,612.5870453793045,118.51076619874122,29.266440376573893,89.24432582216733,185.35444541364225,71.71239658639979,113.64204882724246
Mn,25,28,28,31,8.8,7.4,concordant,True,,66.69018649954258,45.54958863908978,21.1405978604528,695.4515100520864,534.4580259439282,160.9934841081582,118.51076619874122,116.01580178451553,2.4949644142256915,185.35444541364225,159.7275619407459,25.626883472896367
Mn,26,3,29,6,11.53,10.6,concordant,True,,57.18436871258438,44.461699177036344,12.722669535548036,778.4940777644422,566.7932575761693,211.70082018827293,93.64318580182467,84.66404229845743,8.97914350336724,264.94374960463364,191.3877885827456,73.55596102188804
Mn,26,8,29,11,11.53,20.0,reversal,True,,57.18436871258438,53.81011807842603,3.3742506341583507,778.4940777644422,444.8971223934048,333.5969553710374,93.64318580182467,82.79665732984176,10.846528471982907,264.94374960463364,200.51965736013892,64.42409224449472
Mn,26,12,29,15,11.53,34.0,reversal,True,,57.18436871258438,52.97721427298058,4.207154439603798,778.4940777644422,499.67613773426046,278.8179400301817,93.64318580182467,91.73097413025823,1.912211671566439,264.94374960463364,203.14470892927793,61.79904067535571
Mn,26,14,29,17,11.53,8.84,concordant,True,,57.18436871258438,24.509067640900426,32.675301071683954,778.4940777644422,340.88570479895424,437.60837296548794,93.64318580182467,54.223600975443425,39.41958482638125,264.94374960463364,115.28637226746697,149.65737733716668
Mn,26,15,29,18,11.53,9.44,concordant,True,,57.18436871258438,51.109241584321055,6.0751271282633255,778.4940777644422,407.79181518174073,370.70226258270145,93.64318580182467,89.06659364042918,4.576592161395496,264.94374960463364,200.1044686333701,64.83928097126355
Mn,26,21,29,24,11.53,5.6,concordant,True,,57.18436871258438,39.93765146377633,17.246717248808054,778.4940777644422,221.16086502357396,557.3332127408682,93.64318580182467,42.87527206181241,50.76791374001226,264.94374960463364,116.07775400726696,148.8659955973667
Mn,26,23,29,26,11.53,8.9,concordant,True,,57.18436871258438,51.641279829872346,5.543088882712034,778.4940777644422,546.1173227691095,232.3767549953327,93.64318580182467,85.80507916021966,7.838106641605009,264.94374960463364,164.83308138706445,100.11066821756918
Mn,26,27,29,30,11.53,3.5,concordant,True,,57.18436871258438,32.3507256621613,24.833643050423078,778.4940777644422,82.86446467278182,695.6296130916603,93.64318580182467,29.266440376573893,64.37674542525077,264.94374960463364,71.71239658639979,193.23135301823385
Mn,28,14,31,17,7.4,8.84,reversal,True,,45.54958863908978,24.509067640900426,21.04052099818935,534.4580259439282,340.88570479895424,193.57232114497396,116.01580178451553,54.223600975443425,61.792200809072106,159.7275619407459,115.28637226746697,44.44118967327891
Mn,28,21,31,24,7.4,5.6,concordant,True,,45.54958863908978,39.93765146377633,5.61193717531345,534.4580259439282,221.16086502357396,313.29716092035426,116.01580178451553,42.87527206181241,73.14052972270312,159.7275619407459,116.07775400726696,43.649807933478925
Mn,28,27,31,30,7.4,3.5,concordant,True,,45.54958863908978,32.3507256621613,13.198862976928474,534.4580259439282,82.86446467278182,451.59356127114637,116.01580178451553,29.266440376573893,86.74936140794163,159.7275619407459,71.71239658639979,88.0151653543461
Mn,29,1,32,4,11.4,9.5,concordant,True,,148.1736069051688,85.28647149446198,62.88713541070683,971.2195962578111,772.5447247219239,198.67487153588718,146.90716582050925,91.70864555277991,55.198520267729336,223.79466514848775,219.13424665871256,4.660418489775196
Mn,29,3,32,6,11.4,10.6,concordant,True,,148.1736069051688,44.461699177036344,103.71190772813247,971.2195962578111,566.7932575761693,404.4263386816418,146.90716582050925,84.66404229845743,62.24312352205182,223.79466514848775,191.3877885827456,32.40687656574215
Mn,29,4,32,7,11.4,7.8,concordant,True,,148.1736069051688,71.02037190469781,77.153235000471,971.2195962578111,541.6506779050676,429.5689183527435,146.90716582050925,75.46377369227014,71.44339212823911,223.79466514848775,159.62801475569,64.16665039279775
Mn,29,8,32,11,11.4,20.0,reversal,True,,148.1736069051688,53.81011807842603,94.36348882674278,971.2195962578111,444.8971223934048,526.3224738644062,146.90716582050925,82.79665732984176,64.11050849066748,223.79466514848775,200.51965736013892,23.27500778834883
Mn,29,12,32,15,11.4,34.0,reversal,True,,148.1736069051688,52.97721427298058,95.19639263218824,971.2195962578111,499.67613773426046,471.5434585235506,146.90716582050925,91.73097413025823,55.17619169025102,223.79466514848775,203.14470892927793,20.649956219209827
Mn,29,13,32,16,11.4,8.4,concordant,True,,148.1736069051688,85.62994097422262,62.54366593094619,971.2195962578111,807.356184291776,163.86341196603507,146.90716582050925,96.9754940820258,49.931671738483445,223.79466514848775,204.72485576088945,19.069809387598298
Mn,29,14,32,17,11.4,8.84,concordant,True,,148.1736069051688,24.509067640900426,123.66453926426838,971.2195962578111,340.88570479895424,630.3338914588569,146.90716582050925,54.223600975443425,92.68356484506583,223.79466514848775,115.28637226746697,108.50829288102078
Mn,29,15,32,18,11.4,9.44,concordant,True,,148.1736069051688,51.109241584321055,97.06436532084776,971.2195962578111,407.79181518174073,563.4277810760703,146.90716582050925,89.06659364042918,57.84057218008007,223.79466514848775,200.1044686333701,23.690196515117663
Mn,29,17,32,20,11.4,8.0,concordant,True,,148.1736069051688,60.48552396377548,87.68808294139333,971.2195962578111,862.248877640808,108.97071861700306,146.90716582050925,77.71993635956737,69.18722946094188,223.79466514848775,162.13042881049338,61.66423633799437
Mn,29,20,32,23,11.4,7.7,concordant,True,,148.1736069051688,66.65093876183224,81.52266814333657,971.2195962578111,475.8877027594821,495.33189349832895,146.90716582050925,105.70054758935277,41.20661823115648,223.79466514848775,187.51425873857795,36.2804064099098
Mn,29,21,32,24,11.4,5.6,concordant,True,,148.1736069051688,39.93765146377633,108.23595544139249,971.2195962578111,221.16086502357396,750.0587312342371,146.90716582050925,42.87527206181241,104.03189375869684,223.79466514848775,116.07775400726696,107.71691114122079
Mn,29,23,32,26,11.4,8.9,concordant,True,,148.1736069051688,51.641279829872346,96.53232707529646,971.2195962578111,546.1173227691095,425.1022734887016,146.90716582050925,85.80507916021966,61.10208666028959,223.79466514848775,164.83308138706445,58.9615837614233
Mn,29,25,32,28,11.4,8.8,concordant,True,,148.1736069051688,66.69018649954258,81.48342040562623,971.2195962578111,695.4515100520864,275.76808620572467,146.90716582050925,118.51076619874122,28.396399621768026,223.79466514848775,185.35444541364225,38.4402197348455
Mn,29,27,32,30,11.4,3.5,concordant,True,,148.1736069051688,32.3507256621613,115.82288124300752,971.2195962578111,82.86446467278182,888.3551315850293,146.90716582050925,29.266440376573893,117.64072544393535,223.79466514848775,71.71239658639979,152.08226856208796
Mn,29,28,32,31,11.4,7.4,concordant,True,,148.1736069051688,45.54958863908978,102.62401826607903,971.2195962578111,534.4580259439282,436.7615703138829,146.90716582050925,116.01580178451553,30.891364035993718,223.79466514848775,159.7275619407459,64.06710320774187
Mn,29,32,32,35,11.4,7.9,concordant,True,,148.1736069051688,51.18453920427354,96.98906770089528,971.2195962578111,537.8760009134198,433.34359534439125,146.90716582050925,111.91791324373595,34.989252576773296,223.79466514848775,198.52526872293782,25.269396425549928
Mn,30,14,33,17,8.4,8.84,reversal,True,,182.423645915076,24.509067640900426,157.9145782741756,460.94609943578655,340.88570479895424,120.06039463683231,119.14254543534494,54.223600975443425,64.91894445990152,163.7260679666607,115.28637226746697,48.439695699193734
Mn,30,21,33,24,8.4,5.6,concordant,True,,182.423645915076,39.93765146377633,142.4859944512997,460.94609943578655,221.16086502357396,239.7852344122126,119.14254543534494,42.87527206181241,76.26727337353253,163.7260679666607,116.07775400726696,47.64831395939375
Mn,30,27,33,30,8.4,3.5,concordant,True,,182.423645915076,32.3507256621613,150.0729202529147,460.94609943578655,82.86446467278182,378.08163476300473,119.14254543534494,29.266440376573893,89.87610505877105,163.7260679666607,71.71239658639979,92.01367138026092
Mn,31,14,34,17,16.4,8.84,concordant,True,,85.15438949026094,24.509067640900426,60.64532184936051,432.25304263449584,340.88570479895424,91.3673378355416,161.05947408646958,54.223600975443425,106.83587311102616,211.5163874526214,115.28637226746697,96.23001518515441
Mn,31,15,34,18,16.4,9.44,concordant,True,,85.15438949026094,51.109241584321055,34.045147905939885,432.25304263449584,407.79181518174073,24.46122745275511,161.05947408646958,89.06659364042918,71.9928804460404,211.5163874526214,200.1044686333701,11.411918819251298
Mn,31,21,34,24,16.4,5.6,concordant,True,,85.15438949026094,39.93765146377633,45.21673802648461,432.25304263449584,221.16086502357396,211.09217761092188,161.05947408646958,42.87527206181241,118.18420202465717,211.5163874526214,116.07775400726696,95.43863344535443
Mn,31,27,34,30,16.4,3.5,concordant,True,,85.15438949026094,32.3507256621613,52.80366382809964,432.25304263449584,82.86446467278182,349.388577961714,161.05947408646958,29.266440376573893,131.7930337098957,211.5163874526214,71.71239658639979,139.8039908662216
Mn,32,14,35,17,7.9,8.84,reversal,True,,51.18453920427354,24.509067640900426,26.675471563373115,537.8760009134198,340.88570479895424,196.9902961144656,111.91791324373595,54.223600975443425,57.69431226829253,198.52526872293782,115.28637226746697,83.23889645547085
Mn,32,21,35,24,7.9,5.6,concordant,True,,51.18453920427354,39.93765146377633,11.246887740497215,537.8760009134198,221.16086502357396,316.7151358898459,111.91791324373595,42.87527206181241,69.04264118192354,198.52526872293782,116.07775400726696,82.44751471567086
Mn,32,27,35,30,7.9,3.5,concordant,True,,51.18453920427354,32.3507256621613,18.83381354211224,537.8760009134198,82.86446467278182,455.011536240638,111.91791324373595,29.266440376573893,82.65147286716206,198.52526872293782,71.71239658639979,126.81287213653803
Cu,2,4,5,7,10.0,7.8,concordant,True,,3.198576715376445,2.939965753174408,0.2586109622020367,14.270573037833369,11.15457594586761,3.1159970919657596,4.264768953835259,2.1617395243929476,2.1030294294423113,16.316021839922815,14.829533137335618,1.486488702587197
Cu,2,14,5,17,10.0,8.84,concordant,True,,3.198576715376445,1.7178460375430589,1.480730677833386,14.270573037833369,8.276894544525645,5.9936784933077245,4.264768953835259,2.7069089076436073,1.5578600461916516,16.316021839922815,8.825564157728794,7.490457682194021
Cu,2,15,5,18,10.0,9.44,concordant,True,,3.198576715376445,1.0981839175671775,2.1003927978092674,14.270573037833369,11.177943446665914,3.092629591167455,4.264768953835259,1.6472758763507658,2.617493077484493,16.316021839922815,9.224744907564292,7.091276932358523
Cu,2,21,5,24,10.0,5.6,concordant,True,,3.198576715376445,3.0573799876893095,0.14119672768713531,14.270573037833369,3.0573799876893095,11.21319305014406,4.264768953835259,3.1749715256773605,1.0897974281578984,16.316021839922815,14.404963403536172,1.911058436386643
Cu,3,14,6,17,10.6,8.84,concordant,True,,2.1147915589637547,1.7178460375430589,0.39694552142069583,11.084424722844503,8.276894544525645,2.807530178318858,3.6461923430409566,2.7069089076436073,0.9392834353973494,17.00875804181745,8.825564157728794,8.183193884088658
Cu,5,16,8,19,10.5,10.8,reversal,True,,2.5476171152042872,1.6932254869705898,0.8543916282336974,3.770473330502345,3.6686552217696113,0.10181810873273367,2.5476171152042872,1.8813616521895442,0.666255463014743,22.569849547017824,21.57169270400532,0.9981568430125058
Cu,5,28,8,31,10.5,7.4,concordant,True,,2.5476171152042872,2.1345071202945625,0.4131099949097248,3.770473330502345,2.298699975701837,1.4717733548005079,2.5476171152042872,2.2166035479982,0.33101356720608743,22.569849547017824,19.630897792493684,2.9389517545241404
Cu,5,32,8,35,10.5,7.9,concordant,True,,2.5476171152042872,2.1948474126100095,0.35276970259427776,3.770473330502345,1.4314222256152234,2.3390511048871216,2.5476171152042872,1.5898329519166412,0.957784163287646,22.569849547017824,21.60302422898495,0.9668253180328747
Cu,8,5,11,8,20.0,10.5,concordant,True,,4.7345054676233875,2.5476171152042872,2.1868883524191003,9.160238839532205,3.770473330502345,5.389765509029861,3.80818918047968,2.5476171152042872,1.260572065275393,32.377841956629666,22.569849547017824,9.807992409611842
Cu,8,6,11,9,20.0,9.7,concordant,True,,4.7345054676233875,3.053577449538281,1.6809280180851065,9.160238839532205,4.738309835490436,4.421929004041769,3.80818918047968,0.5264788706100485,3.2817103098696316,32.377841956629666,25.075135649415387,7.3027063072142795
Cu,8,7,11,10,20.0,8.7,concordant,True,,4.7345054676233875,2.0109719850273993,2.7235334825959883,9.160238839532205,6.946994130094651,2.2132447094375545,3.80818918047968,1.3711172625186814,2.4370719179609988,32.377841956629666,26.78431868421493,5.5935232724147355
Cu,8,9,11,12,20.0,8.7,concordant,True,,4.7345054676233875,2.5659840735162707,2.168521394107117,9.160238839532205,3.6886021056796405,5.471636733852565,3.80818918047968,2.806545080408421,1.001644100071259,32.377841956629666,21.846146905899154,10.531695050730512
Cu,8,10,11,13,20.0,9.55,concordant,True,,4.7345054676233875,3.7243004646437265,1.010205002979661,9.160238839532205,3.6079160751236095,5.552322764408595,3.80818918047968,1.0474595056810478,2.7607296747986325,32.377841956629666,21.89888673210511,10.478955224524555
Cu,8,11,11,14,20.0,10.1,concordant,True,,4.7345054676233875,2.9645161533191295,1.769989314304258,9.160238839532205,4.50167267726238,4.658566162269826,3.80818918047968,2.195937891347503,1.612251289132177,32.377841956629666,28.191450649119243,4.186391307510423
Cu,8,14,11,17,20.0,8.84,concordant,True,,4.7345054676233875,1.7178460375430589,3.0166594300803284,9.160238839532205,8.276894544525645,0.8833442950065606,3.80818918047968,2.7069089076436073,1.1012802728360729,32.377841956629666,8.825564157728794,23.552277798900874
Cu,8,16,11,19,20.0,10.8,concordant,True,,4.7345054676233875,1.6932254869705898,3.0412799806527975,9.160238839532205,3.6686552217696113,5.491583617762593,3.80818918047968,1.8813616521895442,1.926827528290136,32.377841956629666,21.57169270400532,10.806149252624348
Cu,8,17,11,20,20.0,8.0,concordant,True,,4.7345054676233875,2.4349613318976657,2.299544135725722,9.160238839532205,3.9568121643337064,5.203426675198498,3.80818918047968,0.9131104994616246,2.8950786810180555,32.377841956629666,29.82827631574641,2.549565640883255
Cu,8,18,11,21,20.0,9.7,concordant,True,,4.7345054676233875,2.4666175257425382,2.2678879418808493,9.160238839532205,2.4666175257425382,6.6936213137896665,3.80818918047968,0.7589592386900117,3.0492299417896684,32.377841956629666,26.311219407285975,6.066622549343691
Cu,8,19,11,22,20.0,14.5,concordant,True,,4.7345054676233875,3.138415659455853,1.5960898081675343,9.160238839532205,3.2505019330078477,5.9097369065243575,3.80818918047968,0.5604313677599738,3.247757812719706,32.377841956629666,25.044556962457715,7.333284994171951
Cu,8,20,11,23,20.0,7.7,concordant,True,,4.7345054676233875,3.133812021636163,1.6006934459872246,9.160238839532205,2.205275126336559,6.954963713195646,3.80818918047968,1.8570737905992079,1.9511153898804723,32.377841956629666,25.70654394636953,6.671298010260138
Cu,8,21,11,24,20.0,5.6,concordant,True,,4.7345054676233875,3.0573799876893095,1.677125479934078,9.160238839532205,3.0573799876893095,6.102858851842896,3.80818918047968,3.1749715256773605,0.6332176548023196,32.377841956629666,14.404963403536172,17.972878553093494
Cu,8,22,11,25,20.0,7.8,concordant,True,,4.7345054676233875,2.9562998157550875,1.7782056518683,9.160238839532205,4.093338206430121,5.066900633102084,3.80818918047968,0.7959268734725237,3.0122623070071564,32.377841956629666,27.188861997821405,5.188979958808261
Cu,8,23,11,26,20.0,8.9,concordant,True,,4.7345054676233875,2.6936490711892476,2.04085639643414,9.160238839532205,1.8738428321316503,7.286396007400555,3.80818918047968,0.5855758850411408,3.2226132954385394,32.377841956629666,23.528439060953033,8.849402895676633
Cu,8,24,11,27,20.0,12.1,concordant,True,,4.7345054676233875,3.1879634116168902,1.5465420560064973,9.160238839532205,3.702151058651872,5.458087780880334,3.80818918047968,0.7198627058489752,3.088326474630705,32.377841956629666,29.22642585746839,3.1514160991612776
Cu,8,25,11,28,20.0,8.8,concordant,True,,4.7345054676233875,3.2914755757557743,1.4430298918676132,9.160238839532205,2.7850947179471945,6.375144121585011,3.80818918047968,2.405309074590759,1.4028801058889213,32.377841956629666,26.797674995230096,5.58016696139957
Cu,8,26,11,29,20.0,11.53,concordant,True,,4.7345054676233875,2.7006323661535174,2.03387310146987,9.160238839532205,3.314412449370225,5.84582639016198,3.80818918047968,1.5958282163634416,2.2123609641162387,32.377841956629666,30.195524973929185,2.182316982700481
Cu,8,28,11,31,20.0,7.4,concordant,True,,4.7345054676233875,2.1345071202945625,2.599998347328825,9.160238839532205,2.298699975701837,6.8615388638303685,3.80818918047968,2.2166035479982,1.5915856324814803,32.377841956629666,19.630897792493684,12.746944164135982
Cu,8,29,11,32,20.0,11.4,concordant,True,,4.7345054676233875,2.7533212682744796,1.9811841993489079,9.160238839532205,3.6710950243659726,5.489143815166233,3.80818918047968,0.7509058004384943,3.057283380041186,32.377841956629666,24.77488537580072,7.602956580828945
Cu,8,30,11,33,20.0,8.4,concordant,True,,4.7345054676233875,2.2188926552442716,2.515612812379116,9.160238839532205,2.711979911965221,6.448258927566984,3.80818918047968,1.7258053985233224,2.0823837819563575,32.377841956629666,23.67805006773999,8.699791888889678
Cu,8,32,11,35,20.0,7.9,concordant,True,,4.7345054676233875,2.1948474126100095,2.539658055013378,9.160238839532205,1.4314222256152234,7.728816613916981,3.80818918047968,1.5898329519166412,2.2183562285630387,32.377841956629666,21.60302422898495,10.774817727644717
Cu,9,16,12,19,8.7,10.8,reversal,True,,2.5659840735162707,1.6932254869705898,0.8727585865456808,3.6886021056796405,3.6686552217696113,0.01994688391002919,2.806545080408421,1.8813616521895442,0.9251834282188769,21.846146905899154,21.57169270400532,0.2744542018938354
Cu,9,28,12,31,8.7,7.4,concordant,True,,2.5659840735162707,2.1345071202945625,0.4314769532217082,3.6886021056796405,2.298699975701837,1.3899021299778034,2.806545080408421,2.2166035479982,0.5899415324102213,21.846146905899154,19.630897792493684,2.21524911340547
Cu,9,32,12,35,8.7,7.9,concordant,True,,2.5659840735162707,2.1948474126100095,0.3711366609062612,3.6886021056796405,1.4314222256152234,2.257179880064417,2.806545080408421,1.5898329519166412,1.21671212849178,21.846146905899154,21.60302422898495,0.2431226769142043
Cu,11,16,14,19,10.1,10.8,reversal,True,,2.9645161533191295,1.6932254869705898,1.2712906663485397,4.50167267726238,3.6686552217696113,0.8330174554927683,2.195937891347503,1.8813616521895442,0.31457623915795896,28.191450649119243,21.57169270400532,6.619757945113925
Cu,11,18,14,21,10.1,9.7,concordant,True,,2.9645161533191295,2.4666175257425382,0.4978986275765913,4.50167267726238,2.4666175257425382,2.0350551515198414,2.195937891347503,0.7589592386900117,1.4369786526574915,28.191450649119243,26.311219407285975,1.8802312418332683
Cu,11,22,14,25,10.1,7.8,concordant,True,,2.9645161533191295,2.9562998157550875,0.008216337564042053,4.50167267726238,4.093338206430121,0.4083344708322585,2.195937891347503,0.7959268734725237,1.4000110178749794,28.191450649119243,27.188861997821405,1.0025886512978381
Cu,11,23,14,26,10.1,8.9,concordant,True,,2.9645161533191295,2.6936490711892476,0.270867082129882,4.50167267726238,1.8738428321316503,2.627829845130729,2.195937891347503,0.5855758850411408,1.6103620063063624,28.191450649119243,23.528439060953033,4.66301158816621
Cu,11,29,14,32,10.1,11.4,reversal,True,,2.9645161533191295,2.7533212682744796,0.2111948850446499,4.50167267726238,3.6710950243659726,0.8305776528964071,2.195937891347503,0.7509058004384943,1.4450320909090089,28.191450649119243,24.77488537580072,3.416565273318522
Cu,11,30,14,33,10.1,8.4,concordant,True,,2.9645161533191295,2.2188926552442716,0.745623498074858,4.50167267726238,2.711979911965221,1.7896927652971586,2.195937891347503,1.7258053985233224,0.4701324928241808,28.191450649119243,23.67805006773999,4.513400581379255
Cu,11,32,14,35,10.1,7.9,concordant,True,,2.9645161533191295,2.1948474126100095,0.7696687407091201,4.50167267726238,1.4314222256152234,3.0702504516471563,2.195937891347503,1.5898329519166412,0.606104939430862,28.191450649119243,21.60302422898495,6.588426420134294
Cu,12,14,15,17,34.0,8.84,concordant,True,,2.8394506494364036,1.7178460375430589,1.1216046118933447,17.190187715506877,8.276894544525645,8.913293170981232,5.218449842207443,2.7069089076436073,2.5115409345638358,16.54555567617536,8.825564157728794,7.719991518446568
Cu,12,15,15,18,34.0,9.44,concordant,True,,2.8394506494364036,1.0981839175671775,1.741266731869226,17.190187715506877,11.177943446665914,6.012244268840963,5.218449842207443,1.6472758763507658,3.5711739658566772,16.54555567617536,9.224744907564292,7.32081076861107
Cu,20,23,23,26,7.7,8.9,reversal,True,,3.133812021636163,2.6936490711892476,0.44016295044691534,2.205275126336559,1.8738428321316503,0.3314322942049086,1.8570737905992079,0.5855758850411408,1.271497905558067,25.70654394636953,23.528439060953033,2.178104885416495
Cu,20,32,23,35,7.7,7.9,reversal,True,,3.133812021636163,2.1948474126100095,0.9389646090261534,2.205275126336559,1.4314222256152234,0.7738529007213355,1.8570737905992079,1.5898329519166412,0.26724083868256665,25.70654394636953,21.60302422898495,4.103519717384579
Cu,22,18,25,21,7.8,9.7,reversal,True,,2.9562998157550875,2.4666175257425382,0.48968229001254926,4.093338206430121,2.4666175257425382,1.626720680687583,0.7959268734725237,0.7589592386900117,0.03696763478251197,27.188861997821405,26.311219407285975,0.8776425905354301
Cu,22,23,25,26,7.8,8.9,reversal,True,,2.9562998157550875,2.6936490711892476,0.2626507445658399,4.093338206430121,1.8738428321316503,2.2194953742984707,0.7959268734725237,0.5855758850411408,0.2103509884313829,27.188861997821405,23.528439060953033,3.660422936868372
Cu,22,29,25,32,7.8,11.4,reversal,True,,2.9562998157550875,2.7533212682744796,0.20297854748060784,4.093338206430121,3.6710950243659726,0.42224318206414857,0.7959268734725237,0.7509058004384943,0.04502107303402936,27.188861997821405,24.77488537580072,2.4139766220206837
Cu,24,19,27,22,12.1,14.5,reversal,True,,3.1879634116168902,3.138415659455853,0.04954775216103702,3.702151058651872,3.2505019330078477,0.45164912564402426,0.7198627058489752,0.5604313677599738,0.15943133808900134,29.22642585746839,25.044556962457715,4.181868895010673
Cu,24,23,27,26,12.1,8.9,concordant,True,,3.1879634116168902,2.6936490711892476,0.49431434042764266,3.702151058651872,1.8738428321316503,1.8283082265202217,0.7198627058489752,0.5855758850411408,0.13428682080783438,29.22642585746839,23.528439060953033,5.697986796515355
Cu,25,18,28,21,8.8,9.7,reversal,True,,3.2914755757557743,2.4666175257425382,0.8248580500132361,2.7850947179471945,2.4666175257425382,0.3184771922046563,2.405309074590759,0.7589592386900117,1.6463498359007471,26.797674995230096,26.311219407285975,0.48645558794412125
Cu,25,20,28,23,8.8,7.7,concordant,True,,3.2914755757557743,3.133812021636163,0.15766355411961142,2.7850947179471945,2.205275126336559,0.5798195916106357,2.405309074590759,1.8570737905992079,0.548235283991551,26.797674995230096,25.70654394636953,1.0911310488605679
Cu,25,23,28,26,8.8,8.9,reversal,True,,3.2914755757557743,2.6936490711892476,0.5978265045665268,2.7850947179471945,1.8738428321316503,0.9112518858155443,2.405309074590759,0.5855758850411408,1.819733189549618,26.797674995230096,23.528439060953033,3.269235934277063
Cu,25,28,28,31,8.8,7.4,concordant,True,,3.2914755757557743,2.1345071202945625,1.1569684554612119,2.7850947179471945,2.298699975701837,0.4863947422453574,2.405309074590759,2.2166035479982,0.18870552659255901,26.797674995230096,19.630897792493684,7.166777202736412
Cu,25,30,28,33,8.8,8.4,concordant,True,,3.2914755757557743,2.2188926552442716,1.0725829205115027,2.7850947179471945,2.711979911965221,0.07311480598197351,2.405309074590759,1.7258053985233224,0.6795036760674364,26.797674995230096,23.67805006773999,3.119624927490108
Cu,25,32,28,35,8.8,7.9,concordant,True,,3.2914755757557743,2.1948474126100095,1.0966281631457648,2.7850947179471945,1.4314222256152234,1.3536724923319712,2.405309074590759,1.5898329519166412,0.8154761226741176,26.797674995230096,21.60302422898495,5.194650766245147
Cu,26,18,29,21,11.53,9.7,concordant,True,,2.7006323661535174,2.4666175257425382,0.2340148404109792,3.314412449370225,2.4666175257425382,0.8477949236276867,1.5958282163634416,0.7589592386900117,0.8368689776734299,30.195524973929185,26.311219407285975,3.88430556664321
Cu,26,23,29,26,11.53,8.9,concordant,True,,2.7006323661535174,2.6936490711892476,0.006983294964269859,3.314412449370225,1.8738428321316503,1.4405696172385747,1.5958282163634416,0.5855758850411408,1.0102523313223009,30.195524973929185,23.528439060953033,6.667085912976152
Cu,26,32,29,35,11.53,7.9,concordant,True,,2.7006323661535174,2.1948474126100095,0.5057849535435079,3.314412449370225,1.4314222256152234,1.8829902237550016,1.5958282163634416,1.5898329519166412,0.00599526444680043,30.195524973929185,21.60302422898495,8.592500744944235
Cu,29,23,32,26,11.4,8.9,concordant,True,,2.7533212682744796,2.6936490711892476,0.05967219708523208,3.6710950243659726,1.8738428321316503,1.7972521922343223,0.7509058004384943,0.5855758850411408,0.16532991539735353,24.77488537580072,23.528439060953033,1.246446314847688
Cu,30,32,33,35,8.4,7.9,concordant,True,,2.2188926552442716,2.1948474126100095,0.02404524263426211,2.711979911965221,1.4314222256152234,1.2805576863499977,1.7258053985233224,1.5898329519166412,0.13597244660668117,23.67805006773999,21.60302422898495,2.075025838755039
Zn,1,3,4,6,9.5,10.6,reversal,True,,15.913524698739336,9.703424089568133,6.210100609171203,112.89241639223316,99.09680447027552,13.795611921957644,30.610132802869185,28.969642934072976,1.6404898687962088,225.85076498852075,116.57438819007926,109.27637679844149
Zn,1,4,4,7,9.5,7.8,concordant,True,,15.913524698739336,8.923403000650062,6.990121698089274,112.89241639223316,83.00840000604707,29.88401638618609,30.610132802869185,23.20084780169016,7.409285001179025,225.85076498852075,92.40067502696783,133.45008996155292
Zn,1,5,4,8,9.5,10.5,reversal,True,,15.913524698739336,3.058065340123071,12.855459358616265,112.89241639223316,38.70506579737857,74.18735059485459,30.610132802869185,23.91680952573865,6.693323277130535,225.85076498852075,120.17758352227115,105.6731814662496
Zn,1,6,4,9,9.5,9.7,reversal,True,,15.913524698739336,5.608094673589213,10.305430025150123,112.89241639223316,39.9518810630901,72.94053532914306,30.610132802869185,11.726016135686537,18.884116667182646,225.85076498852075,120.21789975814455,105.6328652303762
Zn,1,7,4,10,9.5,8.7,concordant,True,,15.913524698739336,14.047322409029004,1.8662022897103316,112.89241639223316,28.86931333326181,84.02310305897134,30.610132802869185,16.422972522320677,14.187160280548508,225.85076498852075,146.37305606906867,79.47770891945208
Zn,1,9,4,12,9.5,8.7,concordant,True,,15.913524698739336,6.098754363435738,9.814770335303598,112.89241639223316,23.932353329620238,88.96006306261292,30.610132802869185,11.493259978863877,19.116872824005306,225.85076498852075,117.7836410237058,108.06712396481495
Zn,1,10,4,13,9.5,9.55,reversal,True,,15.913524698739336,9.178468780175443,6.7350559185638925,112.89241639223316,70.94956367075616,41.942852721476996,30.610132802869185,9.18654969224209,21.423583110627092,225.85076498852075,117.48090267803772,108.36986231048303
Zn,1,13,4,16,9.5,8.4,concordant,True,,15.913524698739336,6.566550980640735,9.3469737180986,112.89241639223316,51.969560618213826,60.92285577401933,30.610132802869185,17.248025524550794,13.36210727831839,225.85076498852075,102.29589331841879,123.55487167010196
Zn,1,16,4,19,9.5,10.8,reversal,True,,15.913524698739336,6.706081078274856,9.20744362046448,112.89241639223316,38.2665751529059,74.62584123932726,30.610132802869185,20.86397531268135,9.746157490187834,225.85076498852075,110.40150340986918,115.44926157865157
Zn,1,19,4,22,9.5,14.5,reversal,True,,15.913524698739336,12.280021585958325,3.6335031127810105,112.89241639223316,42.248793366521795,70.64362302571136,30.610132802869185,17.97482289696786,12.635309905901323,225.85076498852075,95.36885709399374,130.481907894527
Zn,1,20,4,23,9.5,7.7,concordant,True,,15.913524698739336,9.677875567496924,6.235649131242411,112.89241639223316,14.428832664268139,98.46358372796502,30.610132802869185,9.970605001697164,20.639527801172022,225.85076498852075,82.74670319165497,143.10406179686578
Zn,1,21,4,24,9.5,5.6,concordant,True,,15.913524698739336,9.433659115827743,6.479865582911593,112.89241639223316,18.728587950540366,94.1638284416928,30.610132802869185,21.18785107576916,9.422281727100025,225.85076498852075,70.32250710723383,155.52825788128692
Zn,1,22,4,25,9.5,7.8,concordant,True,,15.913524698739336,0.8935018522677918,15.020022846471544,112.89241639223316,23.358691280715135,89.53372511151802,30.610132802869185,11.491235573280726,19.11889722958846,225.85076498852075,99.2639967021338,126.58676828638696
Zn,1,23,4,26,9.5,8.9,concordant,True,,15.913524698739336,7.295035978948544,8.618488719790792,112.89241639223316,13.617400494037286,99.27501589819587,30.610132802869185,9.574690081133078,21.035442721736107,225.85076498852075,80.0516809947898,145.79908399373096
Zn,1,25,4,28,9.5,8.8,concordant,True,,15.913524698739336,5.4552179736712265,10.458306725068109,112.89241639223316,28.064796081417025,84.82762031081613,30.610132802869185,15.767128509656686,14.843004293212498,225.85076498852075,103.79156118277317,122.05920380574759
Zn,1,26,4,29,9.5,11.53,reversal,True,,15.913524698739336,7.480009725765532,8.433514972973803,112.89241639223316,39.59459693680019,73.29781945543297,30.610132802869185,14.764329315353468,15.845803487515717,225.85076498852075,103.08841023070526,122.76235475781549
Zn,1,27,4,30,9.5,3.5,concordant,True,,15.913524698739336,6.020587506830011,9.892937191909326,112.89241639223316,19.56690939719753,93.32550699503562,30.610132802869185,28.889114076193124,1.7210187266760606,225.85076498852075,50.35182063078073,175.49894435774002
Zn,1,28,4,31,9.5,7.4,concordant,True,,15.913524698739336,4.551924937336489,11.361599761402847,112.89241639223316,9.908763430665408,102.98365296156776,30.610132802869185,10.81806153499488,19.792071267874306,225.85076498852075,82.8992758931673,142.95148909535345
Zn,1,32,4,35,9.5,7.9,concordant,True,,15.913524698739336,3.6469402047511954,12.266584493988141,112.89241639223316,9.810269150780716,103.08214724145245,30.610132802869185,3.5922121401805533,27.01792066268863,225.85076498852075,99.61629150027578,126.23447348824497
Zn,2,20,5,23,10.0,7.7,concordant,True,,11.73176882548277,9.677875567496924,2.0538932579858464,108.0779618269148,14.428832664268139,93.64912916264666,34.160150403611595,9.970605001697164,24.18954540191443,87.99365684181402,82.74670319165497,5.246953650159043
Zn,2,21,5,24,10.0,5.6,concordant,True,,11.73176882548277,9.433659115827743,2.2981097096550283,108.0779618269148,18.728587950540366,89.34937387637444,34.160150403611595,21.18785107576916,12.972299327842435,87.99365684181402,70.32250710723383,17.671149734580183
Zn,2,23,5,26,10.0,8.9,concordant,True,,11.73176882548277,7.295035978948544,4.436732846534227,108.0779618269148,13.617400494037286,94.46056133287752,34.160150403611595,9.574690081133078,24.585460322478518,87.99365684181402,80.0516809947898,7.94197584702421
Zn,2,27,5,30,10.0,3.5,concordant,True,,11.73176882548277,6.020587506830011,5.71118131865276,108.0779618269148,19.56690939719753,88.51105242971727,34.160150403611595,28.889114076193124,5.2710363274184715,87.99365684181402,50.35182063078073,37.64183621103329
Zn,2,28,5,31,10.0,7.4,concordant,True,,11.73176882548277,4.551924937336489,7.179843888146282,108.0779618269148,9.908763430665408,98.1691983962494,34.160150403611595,10.81806153499488,23.342088868616713,87.99365684181402,82.8992758931673,5.094380948646716
Zn,3,4,6,7,10.6,7.8,concordant,True,,9.703424089568133,8.923403000650062,0.7800210889180708,99.09680447027552,83.00840000604707,16.088404464228446,28.969642934072976,23.20084780169016,5.768795132382817,116.57438819007926,92.40067502696783,24.17371316311143
Zn,3,13,6,16,10.6,8.4,concordant,True,,9.703424089568133,6.566550980640735,3.1368731089273973,99.09680447027552,51.969560618213826,47.12724385206169,28.969642934072976,17.248025524550794,11.721617409522182,116.57438819007926,102.29589331841879,14.27849487166047
Zn,3,16,6,19,10.6,10.8,reversal,True,,9.703424089568133,6.706081078274856,2.9973430112932764,99.09680447027552,38.2665751529059,60.830229317369614,28.969642934072976,20.86397531268135,8.105667621391625,116.57438819007926,110.40150340986918,6.172884780210083
Zn,3,20,6,23,10.6,7.7,concordant,True,,9.703424089568133,9.677875567496924,0.02554852207120817,99.09680447027552,14.428832664268139,84.66797180600737,28.969642934072976,9.970605001697164,18.999037932375813,116.57438819007926,82.74670319165497,33.82768499842429
Zn,3,21,6,24,10.6,5.6,concordant,True,,9.703424089568133,9.433659115827743,0.26976497374039,99.09680447027552,18.728587950540366,80.36821651973514,28.969642934072976,21.18785107576916,7.781791858303816,116.57438819007926,70.32250710723383,46.25188108284543
Zn,3,22,6,25,10.6,7.8,concordant,True,,9.703424089568133,0.8935018522677918,8.809922237300341,99.09680447027552,23.358691280715135,75.73811318956038,28.969642934072976,11.491235573280726,17.47840736079225,116.57438819007926,99.2639967021338,17.310391487945466
Zn,3,23,6,26,10.6,8.9,concordant,True,,9.703424089568133,7.295035978948544,2.4083881106195886,99.09680447027552,13.617400494037286,85.47940397623823,28.969642934072976,9.574690081133078,19.3949528529399,116.57438819007926,80.0516809947898,36.522707195289456
Zn,3,25,6,28,10.6,8.8,concordant,True,,9.703424089568133,5.4552179736712265,4.248206115896906,99.09680447027552,28.064796081417025,71.03200838885849,28.969642934072976,15.767128509656686,13.20251442441629,116.57438819007926,103.79156118277317,12.782827007306096
Zn,3,26,6,29,10.6,11.53,reversal,True,,9.703424089568133,7.480009725765532,2.2234143638026005,99.09680447027552,39.59459693680019,59.50220753347533,28.969642934072976,14.764329315353468,14.205313618719508,116.57438819007926,103.08841023070526,13.485977959373997
Zn,3,27,6,30,10.6,3.5,concordant,True,,9.703424089568133,6.020587506830011,3.6828365827381218,99.09680447027552,19.56690939719753,79.52989507307798,28.969642934072976,28.889114076193124,0.08052885787985176,116.57438819007926,50.35182063078073,66.22256755929854
Zn,3,28,6,31,10.6,7.4,concordant,True,,9.703424089568133,4.551924937336489,5.151499152231644,99.09680447027552,9.908763430665408,89.18804103961011,28.969642934072976,10.81806153499488,18.151581399078097,116.57438819007926,82.8992758931673,33.67511229691196
Zn,3,32,6,35,10.6,7.9,concordant,True,,9.703424089568133,3.6469402047511954,6.056483884816937,99.09680447027552,9.810269150780716,89.2865353194948,28.969642934072976,3.5922121401805533,25.377430793892422,116.57438819007926,99.61629150027578,16.958096689803483
Zn,4,23,7,26,7.8,8.9,reversal,True,,8.923403000650062,7.295035978948544,1.6283670217015178,83.00840000604707,13.617400494037286,69.39099951200978,23.20084780169016,9.574690081133078,13.626157720557082,92.40067502696783,80.0516809947898,12.348994032178027
Zn,4,28,7,31,7.8,7.4,concordant,True,,8.923403000650062,4.551924937336489,4.371478063313573,83.00840000604707,9.908763430665408,73.09963657538167,23.20084780169016,10.81806153499488,12.382786266695279,92.40067502696783,82.8992758931673,9.501399133800533
Zn,5,22,8,25,10.5,7.8,concordant,True,,3.058065340123071,0.8935018522677918,2.164563487855279,38.70506579737857,23.358691280715135,15.346374516663438,23.91680952573865,11.491235573280726,12.425573952457924,120.17758352227115,99.2639967021338,20.913586820137354
Zn,6,22,9,25,9.7,7.8,concordant,True,,5.608094673589213,0.8935018522677918,4.714592821321421,39.9518810630901,23.358691280715135,16.593189782374964,11.726016135686537,11.491235573280726,0.23478056240581147,120.21789975814455,99.2639967021338,20.95390305601076
Zn,6,28,9,31,9.7,7.4,concordant,True,,5.608094673589213,4.551924937336489,1.0561697362527243,39.9518810630901,9.908763430665408,30.04311763242469,11.726016135686537,10.81806153499488,0.9079546006916566,120.21789975814455,82.8992758931673,37.318623864977255
Zn,6,32,9,35,9.7,7.9,concordant,True,,5.608094673589213,3.6469402047511954,1.9611544688380178,39.9518810630901,9.810269150780716,30.141611912309383,11.726016135686537,3.5922121401805533,8.133803995505984,120.21789975814455,99.61629150027578,20.601608257868776
Zn,7,9,10,12,8.7,8.7,magnetic_tie,True,,14.047322409029004,6.098754363435738,7.948568045593266,28.86931333326181,23.932353329620238,4.936960003641573,16.422972522320677,11.493259978863877,4.9297125434568,146.37305606906867,117.7836410237058,28.58941504536287
Zn,7,20,10,23,8.7,7.7,concordant,True,,14.047322409029004,9.677875567496924,4.3694468415320795,28.86931333326181,14.428832664268139,14.440480668993672,16.422972522320677,9.970605001697164,6.452367520623513,146.37305606906867,82.74670319165497,63.626352877413694
Zn,7,22,10,25,8.7,7.8,concordant,True,,14.047322409029004,0.8935018522677918,13.153820556761213,28.86931333326181,23.358691280715135,5.510622052546676,16.422972522320677,11.491235573280726,4.931736949039951,146.37305606906867,99.2639967021338,47.10905936693487
Zn,7,23,10,26,8.7,8.9,reversal,True,,14.047322409029004,7.295035978948544,6.75228643008046,28.86931333326181,13.617400494037286,15.251912839224525,16.422972522320677,9.574690081133078,6.8482824411875995,146.37305606906867,80.0516809947898,66.32137507427886
Zn,7,25,10,28,8.7,8.8,reversal,True,,14.047322409029004,5.4552179736712265,8.592104435357777,28.86931333326181,28.064796081417025,0.8045172518447856,16.422972522320677,15.767128509656686,0.6558440126639908,146.37305606906867,103.79156118277317,42.5814948862955
Zn,7,28,10,31,8.7,7.4,concordant,True,,14.047322409029004,4.551924937336489,9.495397471692515,28.86931333326181,9.908763430665408,18.960549902596405,16.422972522320677,10.81806153499488,5.6049109873257965,146.37305606906867,82.8992758931673,63.47378017590137
Zn,7,32,10,35,8.7,7.9,concordant,True,,14.047322409029004,3.6469402047511954,10.400382204277808,28.86931333326181,9.810269150780716,19.059044182481095,16.422972522320677,3.5922121401805533,12.830760382140124,146.37305606906867,99.61629150027578,46.75676456879289
Zn,8,1,11,4,20.0,9.5,concordant,True,,109.73797144600847,15.913524698739336,93.82444674726914,148.3447586125432,112.89241639223316,35.45234222031003,110.94227386024936,30.610132802869185,80.33214105738017,276.6227558594742,225.85076498852075,50.77199087095343
Zn,8,2,11,5,20.0,10.0,concordant,True,,109.73797144600847,11.73176882548277,98.0062026205257,148.3447586125432,108.0779618269148,40.26679678562839,110.94227386024936,34.160150403611595,76.78212345663776,276.6227558594742,87.99365684181402,188.62909901766017
Zn,8,3,11,6,20.0,10.6,concordant,True,,109.73797144600847,9.703424089568133,100.03454735644034,148.3447586125432,99.09680447027552,49.24795414226767,110.94227386024936,28.969642934072976,81.97263092617638,276.6227558594742,116.57438819007926,160.0483676693949
Zn,8,4,11,7,20.0,7.8,concordant,True,,109.73797144600847,8.923403000650062,100.81456844535842,148.3447586125432,83.00840000604707,65.33635860649612,110.94227386024936,23.20084780169016,87.7414260585592,276.6227558594742,92.40067502696783,184.22208083250635
Zn,8,5,11,8,20.0,10.5,concordant,True,,109.73797144600847,3.058065340123071,106.67990610588541,148.3447586125432,38.70506579737857,109.63969281516461,110.94227386024936,23.91680952573865,87.0254643345107,276.6227558594742,120.17758352227115,156.44517233720302
Zn,8,6,11,9,20.0,9.7,concordant,True,,109.73797144600847,5.608094673589213,104.12987677241927,148.3447586125432,39.9518810630901,108.39287754945309,110.94227386024936,11.726016135686537,99.21625772456282,276.6227558594742,120.21789975814455,156.40485610132964
Zn,8,7,11,10,20.0,8.7,concordant,True,,109.73797144600847,14.047322409029004,95.69064903697947,148.3447586125432,28.86931333326181,119.47544527928137,110.94227386024936,16.422972522320677,94.51930133792868,276.6227558594742,146.37305606906867,130.24969979040551
Zn,8,9,11,12,20.0,8.7,concordant,True,,109.73797144600847,6.098754363435738,103.63921708257274,148.3447586125432,23.932353329620238,124.41240528292295,110.94227386024936,11.493259978863877,99.44901388138548,276.6227558594742,117.7836410237058,158.83911483576838
Zn,8,10,11,13,20.0,9.55,concordant,True,,109.73797144600847,9.178468780175443,100.55950266583304,148.3447586125432,70.94956367075616,77.39519494178703,110.94227386024936,9.18654969224209,101.75572416800726,276.6227558594742,117.48090267803772,159.14185318143646
Zn,8,13,11,16,20.0,8.4,concordant,True,,109.73797144600847,6.566550980640735,103.17142046536773,148.3447586125432,51.969560618213826,96.37519799432937,110.94227386024936,17.248025524550794,93.69424833569856,276.6227558594742,102.29589331841879,174.3268625410554
Zn,8,14,11,17,20.0,8.84,concordant,True,,109.73797144600847,35.66582644201813,74.07214500399034,148.3447586125432,124.37139478065042,23.97336383189277,110.94227386024936,38.42302984481619,72.51924401543317,276.6227558594742,60.67741826477533,215.94533759469886
Zn,8,16,11,19,20.0,10.8,concordant,True,,109.73797144600847,6.706081078274856,103.03189036773361,148.3447586125432,38.2665751529059,110.07818345963729,110.94227386024936,20.86397531268135,90.07829854756801,276.6227558594742,110.40150340986918,166.221252449605
Zn,8,17,11,20,20.0,8.0,concordant,True,,109.73797144600847,50.99526776593006,58.742703680078414,148.3447586125432,59.41805453843815,88.92670407410503,110.94227386024936,17.61164758150379,93.33062627874557,276.6227558594742,41.08958416149104,235.53317169798314
Zn,8,18,11,21,20.0,9.7,concordant,True,,109.73797144600847,39.43053757156285,70.30743387444562,148.3447586125432,79.5763160235929,68.7684425889503,110.94227386024936,33.79583650438851,77.14643735586085,276.6227558594742,106.22595899101721,170.396796868457
Zn,8,19,11,22,20.0,14.5,concordant,True,,109.73797144600847,12.280021585958325,97.45794986005015,148.3447586125432,42.248793366521795,106.0959652460214,110.94227386024936,17.97482289696786,92.9674509632815,276.6227558594742,95.36885709399374,181.25389876548044
Zn,8,20,11,23,20.0,7.7,concordant,True,,109.73797144600847,9.677875567496924,100.06009587851155,148.3447586125432,14.428832664268139,133.91592594827506,110.94227386024936,9.970605001697164,100.97166885855219,276.6227558594742,82.74670319165497,193.8760526678192
Zn,8,21,11,24,20.0,5.6,concordant,True,,109.73797144600847,9.433659115827743,100.30431233018074,148.3447586125432,18.728587950540366,129.61617066200282,110.94227386024936,21.18785107576916,89.7544227844802,276.6227558594742,70.32250710723383,206.30024875224035
Zn,8,22,11,25,20.0,7.8,concordant,True,,109.73797144600847,0.8935018522677918,108.84446959374068,148.3447586125432,23.358691280715135,124.98606733182805,110.94227386024936,11.491235573280726,99.45103828696864,276.6227558594742,99.2639967021338,177.3587591573404
Zn,8,23,11,26,20.0,8.9,concordant,True,,109.73797144600847,7.295035978948544,102.44293546705993,148.3447586125432,13.617400494037286,134.7273581185059,110.94227386024936,9.574690081133078,101.36758377911627,276.6227558594742,80.0516809947898,196.57107486468436
Zn,8,24,11,27,20.0,12.1,concordant,True,,109.73797144600847,22.327838987925837,87.41013245808264,148.3447586125432,83.55197450127264,64.79278411127055,110.94227386024936,21.624464964951912,89.31780889529745,276.6227558594742,150.4750536665437,126.1477021929305
Zn,8,25,11,28,20.0,8.8,concordant,True,,109.73797144600847,5.4552179736712265,104.28275347233725,148.3447586125432,28.064796081417025,120.27996253112616,110.94227386024936,15.767128509656686,95.17514535059267,276.6227558594742,103.79156118277317,172.83119467670102
Zn,8,26,11,29,20.0,11.53,concordant,True,,109.73797144600847,7.480009725765532,102.25796172024295,148.3447586125432,39.59459693680019,108.750161675743,110.94227386024936,14.764329315353468,96.1779445448959,276.6227558594742,103.08841023070526,173.5343456287689
Zn,8,27,11,30,20.0,3.5,concordant,True,,109.73797144600847,6.020587506830011,103.71738393917846,148.3447586125432,19.56690939719753,128.77784921534567,110.94227386024936,28.889114076193124,82.05315978405623,276.6227558594742,50.35182063078073,226.27093522869345
Zn,8,28,11,31,20.0,7.4,concordant,True,,109.73797144600847,4.551924937336489,105.18604650867198,148.3447586125432,9.908763430665408,138.4359951818778,110.94227386024936,10.81806153499488,100.12421232525448,276.6227558594742,82.8992758931673,193.72347996630688
Zn,8,29,11,32,20.0,11.4,concordant,True,,109.73797144600847,74.71300823357345,35.024963212435026,148.3447586125432,113.92817513402652,34.41658347851667,110.94227386024936,22.01471876674948,88.92755509349988,276.6227558594742,142.81840852333323,133.80434733614095
Zn,8,30,11,33,20.0,8.4,concordant,True,,109.73797144600847,21.54116614541095,88.19680530059752,148.3447586125432,73.4104581424279,74.93430047011529,110.94227386024936,28.510010877976807,82.43226298227255,276.6227558594742,150.12031306393882,126.50244279553536
Zn,8,31,11,34,20.0,16.4,concordant,True,,109.73797144600847,15.768740139617673,93.9692313063908,148.3447586125432,51.372741530925104,96.97201708161808,110.94227386024936,30.923536659426194,80.01873720082317,276.6227558594742,149.1332484386957,127.4895074207785
Zn,8,32,11,35,20.0,7.9,concordant,True,,109.73797144600847,3.6469402047511954,106.09103124125728,148.3447586125432,9.810269150780716,138.53448946176246,110.94227386024936,3.5922121401805533,107.35006172006881,276.6227558594742,99.61629150027578,177.0064643591984
Zn,9,22,12,25,8.7,7.8,concordant,True,,6.098754363435738,0.8935018522677918,5.205252511167946,23.932353329620238,23.358691280715135,0.5736620489051028,11.493259978863877,11.491235573280726,0.002024405583151534,117.7836410237058,99.2639967021338,18.519644321572002
Zn,9,28,12,31,8.7,7.4,concordant,True,,6.098754363435738,4.551924937336489,1.546829426099249,23.932353329620238,9.908763430665408,14.02358989895483,11.493259978863877,10.81806153499488,0.6751984438689966,117.7836410237058,82.8992758931673,34.8843651305385
Zn,9,32,12,35,8.7,7.9,concordant,True,,6.098754363435738,3.6469402047511954,2.4518141586845426,23.932353329620238,9.810269150780716,14.122084178839522,11.493259978863877,3.5922121401805533,7.901047838683324,117.7836410237058,99.61629150027578,18.16734952343002
Zn,10,32,13,35,9.55,7.9,concordant,True,,9.178468780175443,3.6469402047511954,5.531528575424248,70.94956367075616,9.810269150780716,61.13929451997545,9.18654969224209,3.5922121401805533,5.594337552061537,117.48090267803772,99.61629150027578,17.864611177761944
Zn,11,1,14,4,10.1,9.5,concordant,True,,98.38488269293879,15.913524698739336,82.47135799419945,386.1714999092884,112.89241639223316,273.27908351705526,183.61700162783418,30.610132802869185,153.006868824965,1078.290842059456,225.85076498852075,852.4400770709353
Zn,11,2,14,5,10.1,10.0,concordant,True,,98.38488269293879,11.73176882548277,86.65311386745601,386.1714999092884,108.0779618269148,278.0935380823736,183.61700162783418,34.160150403611595,149.4568512242226,1078.290842059456,87.99365684181402,990.297185217642
Zn,11,3,14,6,10.1,10.6,reversal,True,,98.38488269293879,9.703424089568133,88.68145860337066,386.1714999092884,99.09680447027552,287.0746954390129,183.61700162783418,28.969642934072976,154.64735869376122,1078.290842059456,116.57438819007926,961.7164538693768
Zn,11,4,14,7,10.1,7.8,concordant,True,,98.38488269293879,8.923403000650062,89.46147969228872,386.1714999092884,83.00840000604707,303.16309990324135,183.61700162783418,23.20084780169016,160.416153826144,1078.290842059456,92.40067502696783,985.8901670324882
Zn,11,5,14,8,10.1,10.5,reversal,True,,98.38488269293879,3.058065340123071,95.32681735281572,386.1714999092884,38.70506579737857,347.46643411190985,183.61700162783418,23.91680952573865,159.70019210209554,1078.290842059456,120.17758352227115,958.113258537185
Zn,11,6,14,9,10.1,9.7,concordant,True,,98.38488269293879,5.608094673589213,92.77678801934958,386.1714999092884,39.9518810630901,346.2196188461983,183.61700162783418,11.726016135686537,171.89098549214765,1078.290842059456,120.21789975814455,958.0729423013115
Zn,11,7,14,10,10.1,8.7,concordant,True,,98.38488269293879,14.047322409029004,84.33756028390978,386.1714999092884,28.86931333326181,357.3021865760266,183.61700162783418,16.422972522320677,167.1940291055135,1078.290842059456,146.37305606906867,931.9177859903874
Zn,11,9,14,12,10.1,8.7,concordant,True,,98.38488269293879,6.098754363435738,92.28612832950304,386.1714999092884,23.932353329620238,362.23914657966816,183.61700162783418,11.493259978863877,172.1237416489703,1078.290842059456,117.7836410237058,960.5072010357503
Zn,11,10,14,13,10.1,9.55,concordant,True,,98.38488269293879,9.178468780175443,89.20641391276334,386.1714999092884,70.94956367075616,315.22193623853224,183.61700162783418,9.18654969224209,174.4304519355921,1078.290842059456,117.48090267803772,960.8099393814183
Zn,11,13,14,16,10.1,8.4,concordant,True,,98.38488269293879,6.566550980640735,91.81833171229805,386.1714999092884,51.969560618213826,334.20193929107455,183.61700162783418,17.248025524550794,166.3689761032834,1078.290842059456,102.29589331841879,975.9949487410372
Zn,11,14,14,17,10.1,8.84,concordant,True,,98.38488269293879,35.66582644201813,62.71905625092066,386.1714999092884,124.37139478065042,261.800105128638,183.61700162783418,38.42302984481619,145.193971783018,1078.290842059456,60.67741826477533,1017.6134237946807
Zn,11,15,14,18,10.1,9.44,concordant,True,,98.38488269293879,53.29927243873899,45.0856102541998,386.1714999092884,72.58940363011794,313.58209627917046,183.61700162783418,70.78161832537506,112.83538330245912,1078.290842059456,312.85281642857296,765.4380256308831
Zn,11,16,14,19,10.1,10.8,reversal,True,,98.38488269293879,6.706081078274856,91.67880161466394,386.1714999092884,38.2665751529059,347.9049247563825,183.61700162783418,20.86397531268135,162.75302631515282,1078.290842059456,110.40150340986918,967.8893386495869
Zn,11,17,14,20,10.1,8.0,concordant,True,,98.38488269293879,50.99526776593006,47.38961492700873,386.1714999092884,59.41805453843815,326.7534453708503,183.61700162783418,17.61164758150379,166.0053540463304,1078.290842059456,41.08958416149104,1037.201257897965
Zn,11,18,14,21,10.1,9.7,concordant,True,,98.38488269293879,39.43053757156285,58.95434512137594,386.1714999092884,79.5763160235929,306.5951838856955,183.61700162783418,33.79583650438851,149.82116512344567,1078.290842059456,106.22595899101721,972.0648830684388
Zn,11,19,14,22,10.1,14.5,reversal,True,,98.38488269293879,12.280021585958325,86.10486110698047,386.1714999092884,42.248793366521795,343.9227065427666,183.61700162783418,17.97482289696786,165.64217873086633,1078.290842059456,95.36885709399374,982.9219849654623
Zn,11,20,14,23,10.1,7.7,concordant,True,,98.38488269293879,9.677875567496924,88.70700712544186,386.1714999092884,14.428832664268139,371.74266724502024,183.61700162783418,9.970605001697164,173.64639662613703,1078.290842059456,82.74670319165497,995.544138867801
Zn,11,21,14,24,10.1,5.6,concordant,True,,98.38488269293879,9.433659115827743,88.95122357711105,386.1714999092884,18.728587950540366,367.442911958748,183.61700162783418,21.18785107576916,162.42915055206504,1078.290842059456,70.32250710723383,1007.9683349522222
Zn,11,22,14,25,10.1,7.8,concordant,True,,98.38488269293879,0.8935018522677918,97.491380840671,386.1714999092884,23.358691280715135,362.8128086285733,183.61700162783418,11.491235573280726,172.12576605455345,1078.290842059456,99.2639967021338,979.0268453573223
Zn,11,23,14,26,10.1,8.9,concordant,True,,98.38488269293879,7.295035978948544,91.08984671399024,386.1714999092884,13.617400494037286,372.55409941525113,183.61700162783418,9.574690081133078,174.04231154670111,1078.290842059456,80.0516809947898,998.2391610646663
Zn,11,24,14,27,10.1,12.1,reversal,True,,98.38488269293879,22.327838987925837,76.05704370501294,386.1714999092884,83.55197450127264,302.61952540801576,183.61700162783418,21.624464964951912,161.9925366628823,1078.290842059456,150.4750536665437,927.8157883929124
Zn,11,25,14,28,10.1,8.8,concordant,True,,98.38488269293879,5.4552179736712265,92.92966471926756,386.1714999092884,28.064796081417025,358.1067038278714,183.61700162783418,15.767128509656686,167.8498731181775,1078.290842059456,103.79156118277317,974.4992808766829
Zn,11,26,14,29,10.1,11.53,reversal,True,,98.38488269293879,7.480009725765532,90.90487296717326,386.1714999092884,39.59459693680019,346.5769029724882,183.61700162783418,14.764329315353468,168.8526723124807,1078.290842059456,103.08841023070526,975.2024318287508
Zn,11,27,14,30,10.1,3.5,concordant,True,,98.38488269293879,6.020587506830011,92.36429518610878,386.1714999092884,19.56690939719753,366.60459051209085,183.61700162783418,28.889114076193124,154.72788755164106,1078.290842059456,50.35182063078073,1027.9390214286752
Zn,11,28,14,31,10.1,7.4,concordant,True,,98.38488269293879,4.551924937336489,93.8329577556023,386.1714999092884,9.908763430665408,376.26273647862297,183.61700162783418,10.81806153499488,172.7989400928393,1078.290842059456,82.8992758931673,995.3915661662887
Zn,11,29,14,32,10.1,11.4,reversal,True,,98.38488269293879,74.71300823357345,23.67187445936534,386.1714999092884,113.92817513402652,272.2433247752619,183.61700162783418,22.01471876674948,161.60228286108472,1078.290842059456,142.81840852333323,935.4724335361228
Zn,11,30,14,33,10.1,8.4,concordant,True,,98.38488269293879,21.54116614541095,76.84371654752783,386.1714999092884,73.4104581424279,312.7610417668605,183.61700162783418,28.510010877976807,155.10699074985737,1078.290842059456,150.12031306393882,928.1705289955172
Zn,11,31,14,34,10.1,16.4,reversal,True,,98.38488269293879,15.768740139617673,82.61614255332111,386.1714999092884,51.372741530925104,334.7987583783633,183.61700162783418,30.923536659426194,152.693464968408,1078.290842059456,149.1332484386957,929.1575936207604
Zn,11,32,14,35,10.1,7.9,concordant,True,,98.38488269293879,3.6469402047511954,94.7379424881876,386.1714999092884,9.810269150780716,376.3612307585077,183.61700162783418,3.5922121401805533,180.02478948765363,1078.290842059456,99.61629150027578,978.6745505591803
Zn,12,2,15,5,34.0,10.0,concordant,True,,487.7924286714603,11.73176882548277,476.0606598459775,536.69815185719,108.0779618269148,428.62019003027524,86.3946693591964,34.160150403611595,52.234518955584804,146.9047940332898,87.99365684181402,58.911137191475774
Zn,12,3,15,6,34.0,10.6,concordant,True,,487.7924286714603,9.703424089568133,478.08900458189214,536.69815185719,99.09680447027552,437.60134738691454,86.3946693591964,28.969642934072976,57.42502642512342,146.9047940332898,116.57438819007926,30.330405843210528
Zn,12,4,15,7,34.0,7.8,concordant,True,,487.7924286714603,8.923403000650062,478.86902567081023,536.69815185719,83.00840000604707,453.689751851143,86.3946693591964,23.20084780169016,63.19382155750624,146.9047940332898,92.40067502696783,54.50411900632196
Zn,12,5,15,8,34.0,10.5,concordant,True,,487.7924286714603,3.058065340123071,484.73436333133725,536.69815185719,38.70506579737857,497.9930860598115,86.3946693591964,23.91680952573865,62.47785983345775,146.9047940332898,120.17758352227115,26.72721051101864
Zn,12,6,15,9,34.0,9.7,concordant,True,,487.7924286714603,5.608094673589213,482.1843339978711,536.69815185719,39.9518810630901,496.7462707940999,86.3946693591964,11.726016135686537,74.66865322350986,146.9047940332898,120.21789975814455,26.686894275145235
Zn,12,7,15,10,34.0,8.7,concordant,True,,487.7924286714603,14.047322409029004,473.7451062624313,536.69815185719,28.86931333326181,507.82883852392825,86.3946693591964,16.422972522320677,69.97169683687572,146.9047940332898,146.37305606906867,0.5317379642211222
Zn,12,9,15,12,34.0,8.7,concordant,True,,487.7924286714603,6.098754363435738,481.6936743080246,536.69815185719,23.932353329620238,512.7657985275698,86.3946693591964,11.493259978863877,74.90140938033252,146.9047940332898,117.7836410237058,29.121153009583992
Zn,12,10,15,13,34.0,9.55,concordant,True,,487.7924286714603,9.178468780175443,478.6139598912849,536.69815185719,70.94956367075616,465.7485881864339,86.3946693591964,9.18654969224209,77.2081196669543,146.9047940332898,117.48090267803772,29.423891355252067
Zn,12,13,15,16,34.0,8.4,concordant,True,,487.7924286714603,6.566550980640735,481.2258776908196,536.69815185719,51.969560618213826,484.7285912389762,86.3946693591964,17.248025524550794,69.1466438346456,146.9047940332898,102.29589331841879,44.608900714871
Zn,12,14,15,17,34.0,8.84,concordant,True,,487.7924286714603,35.66582644201813,452.12660222944214,536.69815185719,124.37139478065042,412.32675707653965,86.3946693591964,38.42302984481619,47.97163951438021,146.9047940332898,60.67741826477533,86.22737576851446
Zn,12,16,15,19,34.0,10.8,concordant,True,,487.7924286714603,6.706081078274856,481.08634759318545,536.69815185719,38.2665751529059,498.43157670428417,86.3946693591964,20.86397531268135,65.53069404651505,146.9047940332898,110.40150340986918,36.50329062342061
Zn,12,17,15,20,34.0,8.0,concordant,True,,487.7924286714603,50.99526776593006,436.79716090553023,536.69815185719,59.41805453843815,477.2800973187519,86.3946693591964,17.61164758150379,68.78302177769261,146.9047940332898,41.08958416149104,105.81520987179874
Zn,12,18,15,21,34.0,9.7,concordant,True,,487.7924286714603,39.43053757156285,448.36189109989743,536.69815185719,79.5763160235929,457.1218358335972,86.3946693591964,33.79583650438851,52.59883285480789,146.9047940332898,106.22595899101721,40.67883504227258
Zn,12,19,15,22,34.0,14.5,concordant,True,,487.7924286714603,12.280021585958325,475.512407085502,536.69815185719,42.248793366521795,494.44935849066826,86.3946693591964,17.97482289696786,68.41984646222853,146.9047940332898,95.36885709399374,51.53593693929605
Zn,12,20,15,23,34.0,7.7,concordant,True,,487.7924286714603,9.677875567496924,478.1145531039634,536.69815185719,14.428832664268139,522.2693191929219,86.3946693591964,9.970605001697164,76.42406435749923,146.9047940332898,82.74670319165497,64.15809084163482
Zn,12,21,15,24,34.0,5.6,concordant,True,,487.7924286714603,9.433659115827743,478.35876955563253,536.69815185719,18.728587950540366,517.9695639066497,86.3946693591964,21.18785107576916,65.20681828342724,146.9047940332898,70.32250710723383,76.58228692605596
Zn,12,22,15,25,34.0,7.8,concordant,True,,487.7924286714603,0.8935018522677918,486.8989268191925,536.69815185719,23.358691280715135,513.339460576475,86.3946693591964,11.491235573280726,74.90343378591567,146.9047940332898,99.2639967021338,47.640797331155994
Zn,12,23,15,26,34.0,8.9,concordant,True,,487.7924286714603,7.295035978948544,480.49739269251177,536.69815185719,13.617400494037286,523.0807513631528,86.3946693591964,9.574690081133078,76.81997927806333,146.9047940332898,80.0516809947898,66.85311303849998
Zn,12,25,15,28,34.0,8.8,concordant,True,,487.7924286714603,5.4552179736712265,482.3372106977891,536.69815185719,28.064796081417025,508.63335577577305,86.3946693591964,15.767128509656686,70.62754084953971,146.9047940332898,103.79156118277317,43.113232850516624
Zn,12,26,15,29,34.0,11.53,concordant,True,,487.7924286714603,7.480009725765532,480.3124189456948,536.69815185719,39.59459693680019,497.10355492038985,86.3946693591964,14.764329315353468,71.63034004384293,146.9047940332898,103.08841023070526,43.816383802584525
Zn,12,27,15,30,34.0,3.5,concordant,True,,487.7924286714603,6.020587506830011,481.7718411646303,536.69815185719,19.56690939719753,517.1312424599926,86.3946693591964,28.889114076193124,57.505555283003275,146.9047940332898,50.35182063078073,96.55297340250905
Zn,12,28,15,31,34.0,7.4,concordant,True,,487.7924286714603,4.551924937336489,483.2405037341238,536.69815185719,9.908763430665408,526.7893884265246,86.3946693591964,10.81806153499488,75.57660782420152,146.9047940332898,82.8992758931673,64.00551814012249
Zn,12,29,15,32,34.0,11.4,concordant,True,,487.7924286714603,74.71300823357345,413.0794204378868,536.69815185719,113.92817513402652,422.76997672316355,86.3946693591964,22.01471876674948,64.37995059244692,146.9047940332898,142.81840852333323,4.086385509956557
Zn,12,32,15,35,34.0,7.9,concordant,True,,487.7924286714603,3.6469402047511954,484.1454884667091,536.69815185719,9.810269150780716,526.8878827064093,86.3946693591964,3.5922121401805533,82.80245721901585,146.9047940332898,99.61629150027578,47.28850253301401
Zn,13,22,16,25,8.4,7.8,concordant,True,,6.566550980640735,0.8935018522677918,5.673049128372943,51.969560618213826,23.358691280715135,28.61086933749869,17.248025524550794,11.491235573280726,5.756789951270068,102.29589331841879,99.2639967021338,3.031896616284996
Zn,13,28,16,31,8.4,7.4,concordant,True,,6.566550980640735,4.551924937336489,2.014626043304246,51.969560618213826,9.908763430665408,42.06079718754842,17.248025524550794,10.81806153499488,6.4299639895559135,102.29589331841879,82.8992758931673,19.396617425251492
Zn,13,32,16,35,8.4,7.9,concordant,True,,6.566550980640735,3.6469402047511954,2.9196107758895398,51.969560618213826,9.810269150780716,42.15929146743311,17.248025524550794,3.5922121401805533,13.65581338437024,102.29589331841879,99.61629150027578,2.679601818143013
Zn,14,27,17,30,8.84,3.5,concordant,True,,35.66582644201813,6.020587506830011,29.645238935188118,124.37139478065042,19.56690939719753,104.80448538345289,38.42302984481619,28.889114076193124,9.533915768623068,60.67741826477533,50.35182063078073,10.325597633994605
Zn,15,5,18,8,9.44,10.5,reversal,True,,53.29927243873899,3.058065340123071,50.24120709861592,72.58940363011794,38.70506579737857,33.88433783273937,70.78161832537506,23.91680952573865,46.864808799636414,312.85281642857296,120.17758352227115,192.6752329063018
Zn,15,6,18,9,9.44,9.7,reversal,True,,53.29927243873899,5.608094673589213,47.691177765149774,72.58940363011794,39.9518810630901,32.637522567027844,70.78161832537506,11.726016135686537,59.05560218968853,312.85281642857296,120.21789975814455,192.63491667042842
Zn,15,7,18,10,9.44,8.7,concordant,True,,53.29927243873899,14.047322409029004,39.25195002970999,72.58940363011794,28.86931333326181,43.72009029685613,70.78161832537506,16.422972522320677,54.35864580305439,312.85281642857296,146.37305606906867,166.4797603595043
Zn,15,9,18,12,9.44,8.7,concordant,True,,53.29927243873899,6.098754363435738,47.20051807530325,72.58940363011794,23.932353329620238,48.6570503004977,70.78161832537506,11.493259978863877,59.28835834651119,312.85281642857296,117.7836410237058,195.06917540486717
Zn,15,10,18,13,9.44,9.55,reversal,True,,53.29927243873899,9.178468780175443,44.120803658563545,72.58940363011794,70.94956367075616,1.6398399593617796,70.78161832537506,9.18654969224209,61.595068633132975,312.85281642857296,117.48090267803772,195.37191375053524
Zn,15,13,18,16,9.44,8.4,concordant,True,,53.29927243873899,6.566550980640735,46.732721458098254,72.58940363011794,51.969560618213826,20.619843011904116,70.78161832537506,17.248025524550794,53.533592800824266,312.85281642857296,102.29589331841879,210.55692311015417
Zn,15,16,18,19,9.44,10.8,reversal,True,,53.29927243873899,6.706081078274856,46.59319136046413,72.58940363011794,38.2665751529059,34.32282847721204,70.78161832537506,20.86397531268135,49.917643012693716,312.85281642857296,110.40150340986918,202.4513130187038
Zn,15,17,18,20,9.44,8.0,concordant,True,,53.29927243873899,50.99526776593006,2.3040046728089294,72.58940363011794,59.41805453843815,13.171349091679794,70.78161832537506,17.61164758150379,53.169970743871275,312.85281642857296,41.08958416149104,271.76323226708195
Zn,15,19,18,22,9.44,14.5,reversal,True,,53.29927243873899,12.280021585958325,41.019250852780665,72.58940363011794,42.248793366521795,30.340610263596147,70.78161832537506,17.97482289696786,52.8067954284072,312.85281642857296,95.36885709399374,217.48395933457923
Zn,15,20,18,23,9.44,7.7,concordant,True,,53.29927243873899,9.677875567496924,43.62139687124206,72.58940363011794,14.428832664268139,58.1605709658498,70.78161832537506,9.970605001697164,60.8110133236779,312.85281642857296,82.74670319165497,230.106113236918
Zn,15,21,18,24,9.44,5.6,concordant,True,,53.29927243873899,9.433659115827743,43.865613322911244,72.58940363011794,18.728587950540366,53.86081567957758,70.78161832537506,21.18785107576916,49.593767249605904,312.85281642857296,70.32250710723383,242.53030932133913
Zn,15,22,18,25,9.44,7.8,concordant,True,,53.29927243873899,0.8935018522677918,52.4057705864712,72.58940363011794,23.358691280715135,49.23071234940281,70.78161832537506,11.491235573280726,59.29038275209434,312.85281642857296,99.2639967021338,213.58881972643917
Zn,15,23,18,26,9.44,8.9,concordant,True,,53.29927243873899,7.295035978948544,46.00423645979045,72.58940363011794,13.617400494037286,58.97200313608066,70.78161832537506,9.574690081133078,61.206928244241986,312.85281642857296,80.0516809947898,232.80113543378314
Zn,15,25,18,28,9.44,8.8,concordant,True,,53.29927243873899,5.4552179736712265,47.844054465067764,72.58940363011794,28.064796081417025,44.524607548700914,70.78161832537506,15.767128509656686,55.01448981571838,312.85281642857296,103.79156118277317,209.0612552457998
Zn,15,26,18,29,9.44,11.53,reversal,True,,53.29927243873899,7.480009725765532,45.819262712973455,72.58940363011794,39.59459693680019,32.994806693317756,70.78161832537506,14.764329315353468,56.0172890100216,312.85281642857296,103.08841023070526,209.7644061978677
Zn,15,27,18,30,9.44,3.5,concordant,True,,53.29927243873899,6.020587506830011,47.27868493190898,72.58940363011794,19.56690939719753,53.02249423292041,70.78161832537506,28.889114076193124,41.89250424918194,312.85281642857296,50.35182063078073,262.50099579779226
Zn,15,28,18,31,9.44,7.4,concordant,True,,53.29927243873899,4.551924937336489,48.7473475014025,72.58940363011794,9.908763430665408,62.68064019945253,70.78161832537506,10.81806153499488,59.96355679038018,312.85281642857296,82.8992758931673,229.95354053540566
Zn,15,31,18,34,9.44,16.4,reversal,True,,53.29927243873899,15.768740139617673,37.53053229912132,72.58940363011794,51.372741530925104,21.21666209919284,70.78161832537506,30.923536659426194,39.85808166594887,312.85281642857296,149.1332484386957,163.71956798987728
Zn,15,32,18,35,9.44,7.9,concordant,True,,53.29927243873899,3.6469402047511954,49.65233223398779,72.58940363011794,9.810269150780716,62.77913447933723,70.78161832537506,3.5922121401805533,67.18940618519451,312.85281642857296,99.61629150027578,213.23652492829717
Zn,16,22,19,25,10.8,7.8,concordant,True,,6.706081078274856,0.8935018522677918,5.812579226007064,38.2665751529059,23.358691280715135,14.907883872190766,20.86397531268135,11.491235573280726,9.372739739400625,110.40150340986918,99.2639967021338,11.137506707735383
Zn,16,25,19,28,10.8,8.8,concordant,True,,6.706081078274856,5.4552179736712265,1.2508631046036296,38.2665751529059,28.064796081417025,10.201779071488875,20.86397531268135,15.767128509656686,5.096846803024665,110.40150340986918,103.79156118277317,6.609942227096013
Zn,16,28,19,31,10.8,7.4,concordant,True,,6.706081078274856,4.551924937336489,2.154156140938367,38.2665751529059,9.908763430665408,28.35781172224049,20.86397531268135,10.81806153499488,10.04591377768647,110.40150340986918,82.8992758931673,27.50222751670188
Zn,16,32,19,35,10.8,7.9,concordant,True,,6.706081078274856,3.6469402047511954,3.0591408735236607,38.2665751529059,9.810269150780716,28.456306002125185,20.86397531268135,3.5922121401805533,17.271763172500798,110.40150340986918,99.61629150027578,10.7852119095934
Zn,18,13,21,16,9.7,8.4,concordant,True,,39.43053757156285,6.566550980640735,32.86398659092212,79.5763160235929,51.969560618213826,27.60675540537907,33.79583650438851,17.248025524550794,16.547810979837717,106.22595899101721,102.29589331841879,3.930065672598417
Zn,18,19,21,22,9.7,14.5,reversal,True,,39.43053757156285,12.280021585958325,27.150515985604528,79.5763160235929,42.248793366521795,37.3275226570711,33.79583650438851,17.97482289696786,15.82101360742065,106.22595899101721,95.36885709399374,10.857101897023469
Zn,18,20,21,23,9.7,7.7,concordant,True,,39.43053757156285,9.677875567496924,29.752662004065925,79.5763160235929,14.428832664268139,65.14748335932475,33.79583650438851,9.970605001697164,23.825231502691345,106.22595899101721,82.74670319165497,23.479255799362235
Zn,18,21,21,24,9.7,5.6,concordant,True,,39.43053757156285,9.433659115827743,29.996878455735107,79.5763160235929,18.728587950540366,60.84772807305253,33.79583650438851,21.18785107576916,12.607985428619351,106.22595899101721,70.32250710723383,35.903451883783376
Zn,18,22,21,25,9.7,7.8,concordant,True,,39.43053757156285,0.8935018522677918,38.53703571929506,79.5763160235929,23.358691280715135,56.21762474287776,33.79583650438851,11.491235573280726,22.304600931107785,106.22595899101721,99.2639967021338,6.961962288883413
Zn,18,23,21,26,9.7,8.9,concordant,True,,39.43053757156285,7.295035978948544,32.135501592614304,79.5763160235929,13.617400494037286,65.95891552955561,33.79583650438851,9.574690081133078,24.221146423255433,106.22595899101721,80.0516809947898,26.174277996227403
Zn,18,25,21,28,9.7,8.8,concordant,True,,39.43053757156285,5.4552179736712265,33.97531959789163,79.5763160235929,28.064796081417025,51.511519942175866,33.79583650438851,15.767128509656686,18.028707994731825,106.22595899101721,103.79156118277317,2.434397808244043
Zn,18,26,21,29,9.7,11.53,reversal,True,,39.43053757156285,7.480009725765532,31.950527845797318,79.5763160235929,39.59459693680019,39.98171908679271,33.79583650438851,14.764329315353468,19.031507189035043,106.22595899101721,103.08841023070526,3.137548760311944
Zn,18,27,21,30,9.7,3.5,concordant,True,,39.43053757156285,6.020587506830011,33.40995006473284,79.5763160235929,19.56690939719753,60.00940662639536,33.79583650438851,28.889114076193124,4.906722428195387,106.22595899101721,50.35182063078073,55.87413836023648
Zn,18,28,21,31,9.7,7.4,concordant,True,,39.43053757156285,4.551924937336489,34.878612634226364,79.5763160235929,9.908763430665408,69.66755259292749,33.79583650438851,10.81806153499488,22.97777496939363,106.22595899101721,82.8992758931673,23.32668309784991
Zn,18,32,21,35,9.7,7.9,concordant,True,,39.43053757156285,3.6469402047511954,35.783597366811655,79.5763160235929,9.810269150780716,69.76604687281218,33.79583650438851,3.5922121401805533,30.203624364207958,106.22595899101721,99.61629150027578,6.60966749074143
Zn,19,20,22,23,14.5,7.7,concordant,True,,12.280021585958325,9.677875567496924,2.6021460184614007,42.248793366521795,14.428832664268139,27.819960702253656,17.97482289696786,9.970605001697164,8.004217895270697,95.36885709399374,82.74670319165497,12.622153902338766
Zn,19,23,22,26,14.5,8.9,concordant,True,,12.280021585958325,7.295035978948544,4.984985607009781,42.248793366521795,13.617400494037286,28.63139287248451,17.97482289696786,9.574690081133078,8.400132815834784,95.36885709399374,80.0516809947898,15.317176099203934
Zn,19,28,22,31,14.5,7.4,concordant,True,,12.280021585958325,4.551924937336489,7.728096648621836,42.248793366521795,9.908763430665408,32.340029935856386,17.97482289696786,10.81806153499488,7.156761361972981,95.36885709399374,82.8992758931673,12.46958120082644
Zn,20,23,23,26,7.7,8.9,reversal,True,,9.677875567496924,7.295035978948544,2.3828395885483804,14.428832664268139,13.617400494037286,0.8114321702308533,9.970605001697164,9.574690081133078,0.3959149205640866,82.74670319165497,80.0516809947898,2.6950221968651675
Zn,24,6,27,9,12.1,9.7,concordant,True,,22.327838987925837,5.608094673589213,16.719744314336623,83.55197450127264,39.9518810630901,43.60009343818254,21.624464964951912,11.726016135686537,9.898448829265375,150.4750536665437,120.21789975814455,30.257153908399133
Zn,24,7,27,10,12.1,8.7,concordant,True,,22.327838987925837,14.047322409029004,8.280516578896833,83.55197450127264,28.86931333326181,54.682661168010824,21.624464964951912,16.422972522320677,5.201492442631235,150.4750536665437,146.37305606906867,4.10199759747502
Zn,24,9,27,12,12.1,8.7,concordant,True,,22.327838987925837,6.098754363435738,16.2290846244901,83.55197450127264,23.932353329620238,59.6196211716524,21.624464964951912,11.493259978863877,10.131204986088035,150.4750536665437,117.7836410237058,32.69141264283789
Zn,24,10,27,13,12.1,9.55,concordant,True,,22.327838987925837,9.178468780175443,13.149370207750394,83.55197450127264,70.94956367075616,12.602410830516476,21.624464964951912,9.18654969224209,12.437915272709821,150.4750536665437,117.48090267803772,32.994150988505965
Zn,24,13,27,16,12.1,8.4,concordant,True,,22.327838987925837,6.566550980640735,15.761288007285103,83.55197450127264,51.969560618213826,31.582413883058813,21.624464964951912,17.248025524550794,4.376439440401118,150.4750536665437,102.29589331841879,48.179160348124896
Zn,24,16,27,19,12.1,10.8,concordant,True,,22.327838987925837,6.706081078274856,15.62175790965098,83.55197450127264,38.2665751529059,45.28539934836674,21.624464964951912,20.86397531268135,0.7604896522705609,150.4750536665437,110.40150340986918,40.07355025667451
Zn,24,19,27,22,12.1,14.5,reversal,True,,22.327838987925837,12.280021585958325,10.047817401967512,83.55197450127264,42.248793366521795,41.303181134750844,21.624464964951912,17.97482289696786,3.6496420679840504,150.4750536665437,95.36885709399374,55.10619657254995
Zn,24,20,27,23,12.1,7.7,concordant,True,,22.327838987925837,9.677875567496924,12.649963420428913,83.55197450127264,14.428832664268139,69.1231418370045,21.624464964951912,9.970605001697164,11.653859963254748,150.4750536665437,82.74670319165497,67.72835047488871
Zn,24,21,27,24,12.1,5.6,concordant,True,,22.327838987925837,9.433659115827743,12.894179872098094,83.55197450127264,18.728587950540366,64.82338655073227,21.624464964951912,21.18785107576916,0.4366138891827518,150.4750536665437,70.32250710723383,80.15254655930985
Zn,24,22,27,25,12.1,7.8,concordant,True,,22.327838987925837,0.8935018522677918,21.434337135658044,83.55197450127264,23.358691280715135,60.193283220557504,21.624464964951912,11.491235573280726,10.133229391671186,150.4750536665437,99.2639967021338,51.21105696440989
Zn,24,23,27,26,12.1,8.9,concordant,True,,22.327838987925837,7.295035978948544,15.032803008977293,83.55197450127264,13.617400494037286,69.93457400723535,21.624464964951912,9.574690081133078,12.049774883818834,150.4750536665437,80.0516809947898,70.42337267175388
Zn,24,25,27,28,12.1,8.8,concordant,True,,22.327838987925837,5.4552179736712265,16.872621014254612,83.55197450127264,28.064796081417025,55.48717841985561,21.624464964951912,15.767128509656686,5.857336455295226,150.4750536665437,103.79156118277317,46.68349248377052
Zn,24,26,27,29,12.1,11.53,concordant,True,,22.327838987925837,7.480009725765532,14.847829262160305,83.55197450127264,39.59459693680019,43.95737756447245,21.624464964951912,14.764329315353468,6.860135649598444,150.4750536665437,103.08841023070526,47.38664343583842
Zn,24,28,27,31,12.1,7.4,concordant,True,,22.327838987925837,4.551924937336489,17.77591405058935,83.55197450127264,9.908763430665408,73.64321107060724,21.624464964951912,10.81806153499488,10.806403429957031,150.4750536665437,82.8992758931673,67.57577777337639
Zn,24,32,27,35,12.1,7.9,concordant,True,,22.327838987925837,3.6469402047511954,18.68089878317464,83.55197450127264,9.810269150780716,73.74170535049193,21.624464964951912,3.5922121401805533,18.03225282477136,150.4750536665437,99.61629150027578,50.85876216626791
Zn,25,22,28,25,8.8,7.8,concordant,True,,5.4552179736712265,0.8935018522677918,4.5617161214034345,28.064796081417025,23.358691280715135,4.70610480070189,15.767128509656686,11.491235573280726,4.275892936375961,103.79156118277317,99.2639967021338,4.52756448063937
Zn,25,28,28,31,8.8,7.4,concordant,True,,5.4552179736712265,4.551924937336489,0.9032930363347376,28.064796081417025,9.908763430665408,18.15603265075162,15.767128509656686,10.81806153499488,4.949066974661806,103.79156118277317,82.8992758931673,20.892285289605866
Zn,25,32,28,35,8.8,7.9,concordant,True,,5.4552179736712265,3.6469402047511954,1.8082777689200311,28.064796081417025,9.810269150780716,18.25452693063631,15.767128509656686,3.5922121401805533,12.174916369476133,103.79156118277317,99.61629150027578,4.175269682497387
Zn,26,22,29,25,11.53,7.8,concordant,True,,7.480009725765532,0.8935018522677918,6.58650787349774,39.59459693680019,23.358691280715135,16.235905656085052,14.764329315353468,11.491235573280726,3.273093742072742,103.08841023070526,99.2639967021338,3.824413528571469
Zn,26,23,29,26,11.53,8.9,concordant,True,,7.480009725765532,7.295035978948544,0.18497374681698808,39.59459693680019,13.617400494037286,25.977196442762903,14.764329315353468,9.574690081133078,5.18963923422039,103.08841023070526,80.0516809947898,23.03672923591546
Zn,26,28,29,31,11.53,7.4,concordant,True,,7.480009725765532,4.551924937336489,2.928084788429043,39.59459693680019,9.908763430665408,29.685833506134777,14.764329315353468,10.81806153499488,3.9462677803585873,103.08841023070526,82.8992758931673,20.189134337537965
Zn,26,32,29,35,11.53,7.9,concordant,True,,7.480009725765532,3.6469402047511954,3.8330695210143366,39.59459693680019,9.810269150780716,29.78432778601947,14.764329315353468,3.5922121401805533,11.172117175172914,103.08841023070526,99.61629150027578,3.472118730429486
Zn,29,6,32,9,11.4,9.7,concordant,True,,74.71300823357345,5.608094673589213,69.10491355998424,113.92817513402652,39.9518810630901,73.97629407093642,22.01471876674948,11.726016135686537,10.288702631062941,142.81840852333323,120.21789975814455,22.60050876518868
Zn,29,9,32,12,11.4,8.7,concordant,True,,74.71300823357345,6.098754363435738,68.6142538701377,113.92817513402652,23.932353329620238,89.99582180440628,22.01471876674948,11.493259978863877,10.521458787885601,142.81840852333323,117.7836410237058,25.034767499627435
Zn,29,10,32,13,11.4,9.55,concordant,True,,74.71300823357345,9.178468780175443,65.534539453398,113.92817513402652,70.94956367075616,42.978611463270354,22.01471876674948,9.18654969224209,12.828169074507388,142.81840852333323,117.48090267803772,25.33750584529551
Zn,29,13,32,16,11.4,8.4,concordant,True,,74.71300823357345,6.566550980640735,68.1464572529327,113.92817513402652,51.969560618213826,61.95861451581269,22.01471876674948,17.248025524550794,4.766693242198684,142.81840852333323,102.29589331841879,40.52251520491444
Zn,29,16,32,19,11.4,10.8,concordant,True,,74.71300823357345,6.706081078274856,68.0069271552986,113.92817513402652,38.2665751529059,75.66159998112062,22.01471876674948,20.86397531268135,1.1507434540681274,142.81840852333323,110.40150340986918,32.416905113464054
Zn,29,17,32,20,11.4,8.0,concordant,True,,74.71300823357345,50.99526776593006,23.717740467643388,113.92817513402652,59.41805453843815,54.51012059558837,22.01471876674948,17.61164758150379,4.40307118524569,142.81840852333323,41.08958416149104,101.72882436184219
Zn,29,19,32,22,11.4,14.5,reversal,True,,74.71300823357345,12.280021585958325,62.432986647615124,113.92817513402652,42.248793366521795,71.67938176750472,22.01471876674948,17.97482289696786,4.039895869781617,142.81840852333323,95.36885709399374,47.44955142933949
Zn,29,20,32,23,11.4,7.7,concordant,True,,74.71300823357345,9.677875567496924,65.03513266607652,113.92817513402652,14.428832664268139,99.49934246975837,22.01471876674948,9.970605001697164,12.044113765052314,142.81840852333323,82.74670319165497,60.07170533167826
Zn,29,21,32,24,11.4,5.6,concordant,True,,74.71300823357345,9.433659115827743,65.27934911774571,113.92817513402652,18.728587950540366,95.19958718348616,22.01471876674948,21.18785107576916,0.8268676909803183,142.81840852333323,70.32250710723383,72.4959014160994
Zn,29,22,32,25,11.4,7.8,concordant,True,,74.71300823357345,0.8935018522677918,73.81950638130566,113.92817513402652,23.358691280715135,90.56948385331138,22.01471876674948,11.491235573280726,10.523483193468753,142.81840852333323,99.2639967021338,43.55441182119944
Zn,29,23,32,26,11.4,8.9,concordant,True,,74.71300823357345,7.295035978948544,67.4179722546249,113.92817513402652,13.617400494037286,100.31077463998923,22.01471876674948,9.574690081133078,12.4400286856164,142.81840852333323,80.0516809947898,62.76672752854343
Zn,29,25,32,28,11.4,8.8,concordant,True,,74.71300823357345,5.4552179736712265,69.25779025990222,113.92817513402652,28.064796081417025,85.86337905260949,22.01471876674948,15.767128509656686,6.247590257092792,142.81840852333323,103.79156118277317,39.02684734056007
Zn,29,26,32,29,11.4,11.53,reversal,True,,74.71300823357345,7.480009725765532,67.23299850780792,113.92817513402652,39.59459693680019,74.33357819722633,22.01471876674948,14.764329315353468,7.2503894513960105,142.81840852333323,103.08841023070526,39.72999829262797
Zn,29,28,32,31,11.4,7.4,concordant,True,,74.71300823357345,4.551924937336489,70.16108329623695,113.92817513402652,9.908763430665408,104.01941170336111,22.01471876674948,10.81806153499488,11.196657231754598,142.81840852333323,82.8992758931673,59.91913263016593
Zn,29,32,32,35,11.4,7.9,concordant,True,,74.71300823357345,3.6469402047511954,71.06606802882226,113.92817513402652,9.810269150780716,104.1179059832458,22.01471876674948,3.5922121401805533,18.422506626568925,142.81840852333323,99.61629150027578,43.202117023057454
Zn,30,5,33,8,8.4,10.5,reversal,True,,21.54116614541095,3.058065340123071,18.48310080528788,73.4104581424279,38.70506579737857,34.705392345049326,28.510010877976807,23.91680952573865,4.593201352238157,150.12031306393882,120.17758352227115,29.942729541667674
Zn,30,6,33,9,8.4,9.7,reversal,True,,21.54116614541095,5.608094673589213,15.933071471821737,73.4104581424279,39.9518810630901,33.4585770793378,28.510010877976807,11.726016135686537,16.783994742290268,150.12031306393882,120.21789975814455,29.90241330579427
Zn,30,7,33,10,8.4,8.7,reversal,True,,21.54116614541095,14.047322409029004,7.4938437363819475,73.4104581424279,28.86931333326181,44.541144809166084,28.510010877976807,16.422972522320677,12.08703835565613,150.12031306393882,146.37305606906867,3.747256994870156
Zn,30,9,33,12,8.4,8.7,reversal,True,,21.54116614541095,6.098754363435738,15.442411781975213,73.4104581424279,23.932353329620238,49.47810481280766,28.510010877976807,11.493259978863877,17.016750899112928,150.12031306393882,117.7836410237058,32.336672040233026
Zn,30,10,33,13,8.4,9.55,reversal,True,,21.54116614541095,9.178468780175443,12.362697365235508,73.4104581424279,70.94956367075616,2.460894471671736,28.510010877976807,9.18654969224209,19.323461185734715,150.12031306393882,117.48090267803772,32.6394103859011
Zn,30,13,33,16,8.4,8.4,magnetic_tie,True,,21.54116614541095,6.566550980640735,14.974615164770217,73.4104581424279,51.969560618213826,21.440897524214073,28.510010877976807,17.248025524550794,11.261985353426013,150.12031306393882,102.29589331841879,47.82441974552003
Zn,30,16,33,19,8.4,10.8,reversal,True,,21.54116614541095,6.706081078274856,14.835085067136095,73.4104581424279,38.2665751529059,35.143882989522,28.510010877976807,20.86397531268135,7.646035565295456,150.12031306393882,110.40150340986918,39.718809654069645
Zn,30,19,33,22,8.4,14.5,reversal,True,,21.54116614541095,12.280021585958325,9.261144559452626,73.4104581424279,42.248793366521795,31.161664775906104,28.510010877976807,17.97482289696786,10.535187981008946,150.12031306393882,95.36885709399374,54.751455969945084
Zn,30,20,33,23,8.4,7.7,concordant,True,,21.54116614541095,9.677875567496924,11.863290577914027,73.4104581424279,14.428832664268139,58.981625478159756,28.510010877976807,9.970605001697164,18.539405876279645,150.12031306393882,82.74670319165497,67.37360987228385
Zn,30,21,33,24,8.4,5.6,concordant,True,,21.54116614541095,9.433659115827743,12.107507029583209,73.4104581424279,18.728587950540366,54.68187019188753,28.510010877976807,21.18785107576916,7.322159802207647,150.12031306393882,70.32250710723383,79.79780595670499
Zn,30,22,33,25,8.4,7.8,concordant,True,,21.54116614541095,0.8935018522677918,20.64766429314316,73.4104581424279,23.358691280715135,50.051766861712764,28.510010877976807,11.491235573280726,17.01877530469608,150.12031306393882,99.2639967021338,50.85631636180503
Zn,30,23,33,26,8.4,8.9,reversal,True,,21.54116614541095,7.295035978948544,14.246130166462407,73.4104581424279,13.617400494037286,59.793057648390615,28.510010877976807,9.574690081133078,18.93532079684373,150.12031306393882,80.0516809947898,70.06863206914902
Zn,30,25,33,28,8.4,8.8,reversal,True,,21.54116614541095,5.4552179736712265,16.085948171739723,73.4104581424279,28.064796081417025,45.34566206101087,28.510010877976807,15.767128509656686,12.742882368320121,150.12031306393882,103.79156118277317,46.32875188116566
Zn,30,26,33,29,8.4,11.53,reversal,True,,21.54116614541095,7.480009725765532,14.06115641964542,73.4104581424279,39.59459693680019,33.81586120562771,28.510010877976807,14.764329315353468,13.74568156262334,150.12031306393882,103.08841023070526,47.03190283323356
Zn,30,28,33,31,8.4,7.4,concordant,True,,21.54116614541095,4.551924937336489,16.98924120807446,73.4104581424279,9.908763430665408,63.50169471176249,28.510010877976807,10.81806153499488,17.69194934298193,150.12031306393882,82.8992758931673,67.22103717077152
Zn,30,32,33,35,8.4,7.9,concordant,True,,21.54116614541095,3.6469402047511954,17.894225940659755,73.4104581424279,9.810269150780716,63.60018899164719,28.510010877976807,3.5922121401805533,24.917798737796254,150.12031306393882,99.61629150027578,50.504021563663045
Zn,31,5,34,8,16.4,10.5,concordant,True,,15.768740139617673,3.058065340123071,12.710674799494601,51.372741530925104,38.70506579737857,12.667675733546531,30.923536659426194,23.91680952573865,7.006727133687544,149.1332484386957,120.17758352227115,28.95566491642454
Zn,31,6,34,9,16.4,9.7,concordant,True,,15.768740139617673,5.608094673589213,10.160645466028459,51.372741530925104,39.9518810630901,11.420860467835006,30.923536659426194,11.726016135686537,19.197520523739655,149.1332484386957,120.21789975814455,28.915348680551133
Zn,31,7,34,10,16.4,8.7,concordant,True,,15.768740139617673,14.047322409029004,1.7214177305886693,51.372741530925104,28.86931333326181,22.503428197663293,30.923536659426194,16.422972522320677,14.500564137105517,149.1332484386957,146.37305606906867,2.7601923696270205
Zn,31,9,34,12,16.4,8.7,concordant,True,,15.768740139617673,6.098754363435738,9.669985776181935,51.372741530925104,23.932353329620238,27.440388201304867,30.923536659426194,11.493259978863877,19.430276680562315,149.1332484386957,117.7836410237058,31.34960741498989
Zn,31,16,34,19,16.4,10.8,concordant,True,,15.768740139617673,6.706081078274856,9.062659061342817,51.372741530925104,38.2665751529059,13.106166378019203,30.923536659426194,20.86397531268135,10.059561346744843,149.1332484386957,110.40150340986918,38.73174502882651
Zn,31,19,34,22,16.4,14.5,concordant,True,,15.768740139617673,12.280021585958325,3.488718553659348,51.372741530925104,42.248793366521795,9.12394816440331,30.923536659426194,17.97482289696786,12.948713762458333,149.1332484386957,95.36885709399374,53.76439134470195
Zn,31,20,34,23,16.4,7.7,concordant,True,,15.768740139617673,9.677875567496924,6.090864572120749,51.372741530925104,14.428832664268139,36.94390886665697,30.923536659426194,9.970605001697164,20.95293165772903,149.1332484386957,82.74670319165497,66.38654524704071
Zn,31,21,34,24,16.4,5.6,concordant,True,,15.768740139617673,9.433659115827743,6.335081023789931,51.372741530925104,18.728587950540366,32.64415358038474,30.923536659426194,21.18785107576916,9.735685583657034,149.1332484386957,70.32250710723383,78.81074133146186
Zn,31,22,34,25,16.4,7.8,concordant,True,,15.768740139617673,0.8935018522677918,14.875238287349882,51.372741530925104,23.358691280715135,28.01405025020997,30.923536659426194,11.491235573280726,19.43230108614547,149.1332484386957,99.2639967021338,49.86925173656189
Zn,31,23,34,26,16.4,8.9,concordant,True,,15.768740139617673,7.295035978948544,8.47370416066913,51.372741530925104,13.617400494037286,37.75534103688782,30.923536659426194,9.574690081133078,21.348846578293116,149.1332484386957,80.0516809947898,69.08156744390588
Zn,31,25,34,28,16.4,8.8,concordant,True,,15.768740139617673,5.4552179736712265,10.313522165946447,51.372741530925104,28.064796081417025,23.30794544950808,30.923536659426194,15.767128509656686,15.156408149769508,149.1332484386957,103.79156118277317,45.34168725592252
Zn,31,26,34,29,16.4,11.53,concordant,True,,15.768740139617673,7.480009725765532,8.288730413852141,51.372741530925104,39.59459693680019,11.778144594124917,30.923536659426194,14.764329315353468,16.159207344072726,149.1332484386957,103.08841023070526,46.04483820799042
Zn,31,27,34,30,16.4,3.5,concordant,True,,15.768740139617673,6.020587506830011,9.748152632787662,51.372741530925104,19.56690939719753,31.805832133727574,30.923536659426194,28.889114076193124,2.03442258323307,149.1332484386957,50.35182063078073,98.78142780791495
Zn,31,28,34,31,16.4,7.4,concordant,True,,15.768740139617673,4.551924937336489,11.216815202281184,51.372741530925104,9.908763430665408,41.463978100259695,30.923536659426194,10.81806153499488,20.105475124431315,149.1332484386957,82.8992758931673,66.23397254552839
Zn,31,32,34,35,16.4,7.9,concordant,True,,15.768740139617673,3.6469402047511954,12.121799934866477,51.372741530925104,9.810269150780716,41.562472380144385,30.923536659426194,3.5922121401805533,27.33132451924564,149.1332484386957,99.61629150027578,49.51695693841991
