element,n,k,selected_ids_descending_XLF,cutoff_tie,fraction,selected_sum,all_site_sum,oracle_top_k_sum,capture_fraction,oracle_retention
Cd,32,1,12,False,F1,0.883651103169214,27.472629190796347,6.160263719590202,0.0321647810638105,0.14344371335258305
Cd,32,1,12,False,F2,3.421797888868022,31.002194557725918,5.438191536192228,0.11037276353119625,0.6292161403465266
Cd,32,1,12,False,F3,0.11280652380883584,7.99031366714692,1.7414919755070721,0.014117909322215051,0.06477579305295957
Cd,32,1,12,False,F4,0.7399252556939756,18.10574371746648,5.601832230317573,0.040866879993456166,0.13208629342546885
Cd,32,2,12;8,False,F1,3.6210376888028644,27.472629190796347,9.134570617391333,0.13180528385743126,0.39641027919897637
Cd,32,2,12;8,False,F2,6.876119056453343,31.002194557725918,9.73170867408843,0.22179459082001587,0.7065685263227868
Cd,32,2,12;8,False,F3,0.9926807834767951,7.99031366714692,3.1032228443798786,0.12423552126098811,0.3198870442948044
Cd,32,2,12;8,False,F4,2.8560715004309447,18.10574371746648,8.654324358012264,0.1577439482740338,0.33001669249740606
Cd,32,3,12;8;31,False,F1,4.871446436258044,27.472629190796347,11.871957203024984,0.17731999374453886,0.410332210009719
Cd,32,3,12;8;31,False,F2,8.18904824128128,31.002194557725918,13.18602984167375,0.2641441471516901,0.6210397170041453
Cd,32,3,12;8;31,False,F3,1.2387327796584968,7.99031366714692,4.327887886484343,0.15502930563936268,0.28622108801084306
Cd,32,3,12;8;31,False,F4,3.3635537425557045,18.10574371746648,10.770470602749233,0.18577274676162064,0.31229403678026246
Cd,32,4,12;8;31;19,False,F1,4.910690096795933,27.472629190796347,14.316648811038004,0.17874845769916595,0.3430055567899267
Cd,32,4,12;8;31;19,False,F2,8.251435599059464,31.002194557725918,16.60782773054177,0.2661565001050276,0.4968401486899509
Cd,32,4,12;8;31;19,False,F3,1.239430662835562,7.99031366714692,5.2077621461523025,0.15511664678842604,0.23799678788158588
Cd,32,4,12;8;31;19,False,F4,3.396224841062567,18.10574371746648,12.498092340155289,0.18757720721442958,0.2717394582012161
Cd,32,5,12;8;31;19;24,False,F1,5.632436818031287,27.472629190796347,16.13049272695587,0.20501994108078378,0.34917946484169393
Cd,32,5,12;8;31;19;24,False,F2,8.748638895910487,31.002194557725918,19.152114353962016,0.2821941807900266,0.45679754904453396
Cd,32,5,12;8;31;19;24,False,F3,1.2454077322834847,7.99031366714692,6.047798107914604,0.15586468618924432,0.2059274648493392
Cd,32,5,12;8;31;19;24,False,F4,3.814404663306293,18.10574371746648,13.652768310187225,0.21067373551888754,0.2793869035673971
Cd,32,6,12;8;31;19;24;26,False,F1,5.714303884301176,27.472629190796347,17.605531512944935,0.20799989125960813,0.3245743464262685
Cd,32,6,12;8;31;19;24;26,False,F2,8.814912235271825,31.002194557725918,21.399115025919976,0.28433187911450936,0.41192882157017424
Cd,32,6,12;8;31;19;24;26,False,F3,1.2468611193635506,7.99031366714692,6.596606428080792,0.15604657980952127,0.1890155389680131
Cd,32,6,12;8;31;19;24;26,False,F4,3.96015797235389,18.10574371746648,14.392693565881201,0.21872384996444824,0.2751505793009932
Cd,32,7,12;8;31;19;24;26;29,False,F1,7.18934267029024,27.472629190796347,19.04295346098252,0.2616911042754784,0.3775329643597893
Cd,32,7,12;8;31;19;24;26;29,False,F2,9.791346361208248,31.002194557725918,23.251177920506862,0.315827524499171,0.42111184193264317
Cd,32,7,12;8;31;19;24;26;29,False,F3,1.4103845434187297,7.99031366714692,6.867329400605847,0.17651178691741296,0.20537598550235603
Cd,32,7,12;8;31;19;24;26;29,False,F4,4.491609100533222,18.10574371746648,14.924144694060534,0.2480764762068403,0.3009625806107856
Cd,32,8,12;8;31;19;24;26;29;16,False,F1,7.202575812377532,27.472629190796347,20.473262432170024,0.26217278886399703,0.3518040095583393
Cd,32,8,12;8;31;19;24;26;29;16,False,F2,9.852549643361973,31.002194557725918,24.5641071053348,0.31780168416840876,0.4010953706199323
Cd,32,8,12;8;31;19;24;26;29;16,False,F3,1.4318883993105789,7.99031366714692,7.113381396787547,0.17920302743532462,0.20129504091503228
Cd,32,8,12;8;31;19;24;26;29;16,False,F4,4.530668820400357,18.10574371746648,15.431626936185294,0.2502337871948145,0.29359631613284326
Cd,32,9,12;8;31;19;24;26;29;16;3,False,F1,9.016419728295402,27.472629190796347,21.738749642344636,0.328196462947784,0.4147625726703449
Cd,32,9,12;8;31;19;24;26;29;16;3,False,F2,12.09955031531993,31.002194557725918,25.737693953488648,0.39028044588232724,0.4701101169819405
Cd,32,9,12;8;31;19;24;26;29;16;3,False,F3,1.7026113718356342,7.99031366714692,7.278827717946831,0.21308442230949126,0.23391285490074723
Cd,32,9,12;8;31;19;24;26;29;16;3,False,F4,4.930209738145865,18.10574371746648,15.922504175592879,0.27230086844705126,0.30963783609510576
Cd,32,10,12;8;31;19;24;26;29;16;3;5,False,F1,11.990726626096532,27.472629190796347,22.989158389799815,0.4364608331740438,0.5215818005506788
Cd,32,10,12;8;31;19;24;26;29;16;3;5,False,F2,14.643836938740176,31.002194557725918,26.839892491382667,0.47234839815850554,0.545599686863194
Cd,32,10,12;8;31;19;24;26;29;16;3;5,False,F3,3.0643422407084406,7.99031366714692,7.442351142002009,0.38350712729937386,0.4117438403859195
Cd,32,10,12;8;31;19;24;26;29;16;3;5,False,F4,6.6578314755519195,18.10574371746648,16.340683997836607,0.36771930385434304,0.4074389711246708
Cd,32,11,12;8;31;19;24;26;29;16;3;5;11,False,F1,12.03556923497669,27.472629190796347,23.926566514444122,0.4380930980937473,0.5030211596683122
Cd,32,11,12;8;31;19;24;26;29;16;3;5;11,False,F2,14.67503179709159,31.002194557725918,27.819274114145376,0.47335461267965273,0.5275131096835384
Cd,32,11,12;8;31;19;24;26;29;16;3;5;11,False,F3,3.09261258108941,7.99031366714692,7.562328670039612,0.387045203720229,0.40894977142975864
Cd,32,11,12;8;31;19;24;26;29;16;3;5;11,False,F4,6.688523667939378,18.10574371746648,16.740224915582115,0.3694144671608826,0.3995480169273935
Cd,32,12,12;8;31;19;24;26;29;16;3;5;11;2,False,F1,12.697354519613818,27.472629190796347,24.810217617613336,0.4621819932643207,0.5117792481836063
Cd,32,12,12;8;31;19;24;26;29;16;3;5;11;2,False,F2,15.1796430766274,31.002194557725918,28.7957082400818,0.4896312436322205,0.5271494956841624
Cd,32,12,12;8;31;19;24;26;29;16;3;5;11;2,False,F3,3.258058902248692,7.99031366714692,7.675135193848448,0.4077510643473948,0.4244953111523035
Cd,32,12,12;8;31;19;24;26;29;16;3;5;11;2,False,F4,6.859443047495303,18.10574371746648,17.06659253834471,0.3788545311661541,0.4019222367958754
Cd,32,13,12;8;31;19;24;26;29;16;3;5;11;2;6,True,F1,18.85761823920402,27.472629190796347,25.531964338848688,0.6864147624254886,0.7385886173478168
Cd,32,13,12;8;31;19;24;26;29;16;3;5;11;2;6,True,F2,19.473160214523602,31.002194557725918,29.300319519617606,0.6281219924049145,0.6646057290087103
Cd,32,13,12;8;31;19;24;26;29;16;3;5;11;2;6,True,F3,4.098094864010992,7.99031366714692,7.783386066038942,0.5128828522540703,0.5265182568666495
Cd,32,13,12;8;31;19;24;26;29;16;3;5;11;2;6,True,F4,12.461275277812877,18.10574371746648,17.237511917900637,0.6882498433793457,0.7229161225334509
Cd,32,14,12;8;31;19;24;26;29;16;3;5;11;2;6;18,False,F1,18.907425569446975,27.472629190796347,26.193749623485818,0.6882277425336918,0.7218296670475239
Cd,32,14,12;8;31;19;24;26;29;16;3;5;11;2;6;18,False,F2,19.51768494913473,31.002194557725918,29.79752281646863,0.6295581724962375,0.6550103197956981
Cd,32,14,12;8;31;19;24;26;29;16;3;5;11;2;6;18,False,F3,4.098668005608461,7.99031366714692,7.81165640641991,0.51295458180329,0.524686160318063
Cd,32,14,12;8;31;19;24;26;29;16;3;5;11;2;6;18,False,F4,12.501370071361322,18.10574371746648,17.383265226948232,0.6904643226172112,0.7191612109778547
Cd,32,15,12;8;31;19;24;26;29;16;3;5;11;2;6;18;10,False,F1,20.34484751748456,27.472629190796347,26.579391677892396,0.74054970771783,0.7654369130805404
Cd,32,15,12;8;31;19;24;26;29;16;3;5;11;2;6;18;10,False,F2,21.369747843721616,31.002194557725918,30.11889119514078,0.6892979077313789,0.7095130994453507
Cd,32,15,12;8;31;19;24;26;29;16;3;5;11;2;6;18;10,False,F3,5.840159981115534,7.99031366714692,7.839349147857105,0.7309049712438715,0.744980210852319
Cd,32,15,12;8;31;19;24;26;29;16;3;5;11;2;6;18;10,False,F4,12.82773769412392,18.10574371746648,17.5071566706835,0.7084899628701302,0.7327139372439917
Cd,32,16,12;8;31;19;24;26;29;16;3;5;11;2;6;18;10;1,False,F1,20.39900221185063,27.472629190796347,26.661258744162286,0.7425209312942109,0.7651177465999113
Cd,32,16,12;8;31;19;24;26;29;16;3;5;11;2;6;18;10;1,False,F2,21.39928676792129,31.002194557725918,30.247455264655578,0.6902507088030795,0.7074739537817103
Cd,32,16,12;8;31;19;24;26;29;16;3;5;11;2;6;18;10;1,False,F3,5.867852722552728,7.99031366714692,7.8661837777785575,0.7343707602717862,0.7459592717791592
Cd,32,16,12;8;31;19;24;26;29;16;3;5;11;2;6;18;10;1,False,F4,12.851351334120983,18.10574371746648,17.62520091153945,0.7097941699971914,0.7291463739120859
Cd,32,17,12;8;31;19;24;26;29;16;3;5;11;2;6;18;10;1;15,False,F1,20.46096345094175,27.472629190796347,26.73562423535222,0.7447763120464791,0.7653071149872928
Cd,32,17,12;8;31;19;24;26;29;16;3;5;11;2;6;18;10;1;15,False,F2,21.455275839389174,31.002194557725918,30.314965929847553,0.6920566800340398,0.7077453390196525
Cd,32,17,12;8;31;19;24;26;29;16;3;5;11;2;6;18;10;1;15,False,F3,5.877557494940494,7.99031366714692,7.89199667917549,0.7355853274079511,0.7447491089865166
Cd,32,17,12;8;31;19;24;26;29;16;3;5;11;2;6;18;10;1;15,False,F4,12.85869625117421,18.10574371746648,17.692167487363665,0.7101998377879125,0.7268016346984234
Cd,32,18,12;8;31;19;24;26;29;16;3;5;11;2;6;18;10;1;15;23,False,F1,20.50283494517909,27.472629190796347,26.80159582919917,0.7463004287936074,0.7649856029409318
Cd,32,18,12;8;31;19;24;26;29;16;3;5;11;2;6;18;10;1;15;23,False,F2,21.502300748301874,31.002194557725918,30.38123926920889,0.6935735052002434,0.7077492974453566
Cd,32,18,12;8;31;19;24;26;29;16;3;5;11;2;6;18;10;1;15;23,False,F3,5.878027726958935,7.99031366714692,7.916633217288535,0.7356441776656544,0.7424908500399332
Cd,32,18,12;8;31;19;24;26;29;16;3;5;11;2;6;18;10;1;15;23,False,F4,12.904329616005732,18.10574371746648,17.73971676993864,0.7127202183667837,0.7274259100840407
Cd,32,19,12;8;31;19;24;26;29;16;3;5;11;2;6;18;10;1;15;23;14,False,F1,20.554795882146312,27.472629190796347,26.8654547153712,0.7481917998963277,0.7651013578558856
Cd,32,19,12;8;31;19;24;26;29;16;3;5;11;2;6;18;10;1;15;23;14,False,F2,21.5585917633497,31.002194557725918,30.443626626987072,0.6953892158572104,0.7081479492406749
Cd,32,19,12;8;31;19;24;26;29;16;3;5;11;2;6;18;10;1;15;23;14,False,F3,5.879822563981899,7.99031366714692,7.938137073180384,0.7358688042695315,0.7407055975195161
Cd,32,19,12;8;31;19;24;26;29;16;3;5;11;2;6;18;10;1;15;23;14,False,F4,12.929282826967718,18.10574371746648,17.786276810328033,0.714098411461272,0.7269246377330648
Cd,32,20,12;8;31;19;24;26;29;16;3;5;11;2;6;18;10;1;15;23;14;25,False,F1,21.49220400679062,27.472629190796347,26.927415954462322,0.7823133292968828,0.7981532295240161
Cd,32,20,12;8;31;19;24;26;29;16;3;5;11;2;6;18;10;1;15;23;14;25,False,F2,22.53797338611241,31.002194557725918,30.5048299091408,0.7269799350541725,0.738832947216627
Cd,32,20,12;8;31;19;24;26;29;16;3;5;11;2;6;18;10;1;15;23;14;25,False,F3,5.892495330972712,7.99031366714692,7.950809840171196,0.7374548204784969,0.7411188859279566
Cd,32,20,12;8;31;19;24;26;29;16;3;5;11;2;6;18;10;1;15;23;14;25,False,F4,13.053174270702982,18.10574371746648,17.831910175159557,0.7209410712088384,0.7320121143772071
Cd,32,21,12;8;31;19;24;26;29;16;3;5;11;2;6;18;10;1;15;23;14;25;7,True,F1,22.75769121696523,27.472629190796347,26.98490121005943,0.8283768931948211,0.8433490654574499
Cd,32,21,12;8;31;19;24;26;29;16;3;5;11;2;6;18;10;1;15;23;14;25;7,True,F2,23.640171924006427,31.002194557725918,30.565786118668647,0.762532209775942,0.7734193988083864
Cd,32,21,12;8;31;19;24;26;29;16;3;5;11;2;6;18;10;1;15;23;14;25;7,True,F3,7.117160373077176,7.99031366714692,7.960641989244909,0.8907235272052194,0.8940435184364145
Cd,32,21,12;8;31;19;24;26;29;16;3;5;11;2;6;18;10;1;15;23;14;25;7,True,F4,16.105666398397673,18.10574371746648,17.872004968708,0.8895335452506518,0.9011672963720074
Cd,32,22,12;8;31;19;24;26;29;16;3;5;11;2;6;18;10;1;15;23;14;25;7;9,False,F1,23.14333327137181,27.472629190796347,27.03968032632726,0.8424142120014162,0.8559026213352914
Cd,32,22,12;8;31;19;24;26;29;16;3;5;11;2;6;18;10;1;15;23;14;25;7;9,False,F2,23.961540302678575,31.002194557725918,30.622986250869637,0.7728981978376503,0.7824690938493338
Cd,32,22,12;8;31;19;24;26;29;16;3;5;11;2;6;18;10;1;15;23;14;25;7;9,False,F3,7.237137901114778,7.99031366714692,7.970346761632676,0.9057388986956908,0.9080079095118686
Cd,32,22,12;8;31;19;24;26;29;16;3;5;11;2;6;18;10;1;15;23;14;25;7;9,False,F4,16.22371063925363,18.10574371746648,17.911064688575134,0.8960532575970758,0.9057926438958254
Cd,32,23,12;8;31;19;24;26;29;16;3;5;11;2;6;18;10;1;15;23;14;25;7;9;13,True,F1,23.19811238763964,27.472629190796347,27.093835020693334,0.8444081644508665,0.8562136873544008
Cd,32,23,12;8;31;19;24;26;29;16;3;5;11;2;6;18;10;1;15;23;14;25;7;9;13,True,F2,23.998762009886203,31.002194557725918,30.679277265917467,0.7740988130759788,0.7822466547002771
Cd,32,23,12;8;31;19;24;26;29;16;3;5;11;2;6;18;10;1;15;23;14;25;7;9;13,True,F3,7.246970050188492,7.99031366714692,7.976323831080599,0.9069694072192973,0.9085601592490388
Cd,32,23,12;8;31;19;24;26;29;16;3;5;11;2;6;18;10;1;15;23;14;25;7;9;13,True,F4,16.256877666704455,18.10574371746648,17.94423171602596,0.8978851087470967,0.9059667710479612
Cd,32,24,12;8;31;19;24;26;29;16;3;5;11;2;6;18;10;1;15;23;14;25;7;9;13;30,False,F1,24.628421358827143,27.472629190796347,27.145795957660557,0.8964712182362929,0.9072646606951671
Cd,32,24,12;8;31;19;24;26;29;16;3;5;11;2;6;18;10;1;15;23;14;25;7;9;13;30,False,F2,25.172348858040053,31.002194557725918,30.735266337385347,0.8119537735036555,0.819005392102988
Cd,32,24,12;8;31;19;24;26;29;16;3;5;11;2;6;18;10;1;15;23;14;25;7;9;13;30,False,F3,7.355220922378986,7.99031366714692,7.980159388862399,0.9205171697602823,0.9216884731205225
Cd,32,24,12;8;31;19;24;26;29;16;3;5;11;2;6;18;10;1;15;23;14;25;7;9;13;30,False,F4,17.411553636736393,18.10574371746648,17.976902814532824,0.9616591236702192,0.9685513581716984
Cd,32,25,12;8;31;19;24;26;29;16;3;5;11;2;6;18;10;1;15;23;14;25;7;9;13;30;17,False,F1,24.68590661442425,27.472629190796347,27.195934345145375,0.8985636737926168,0.9077057732649962
Cd,32,25,12;8;31;19;24;26;29;16;3;5;11;2;6;18;10;1;15;23;14;25;7;9;13;30;17,False,F2,25.194639059189953,31.002194557725918,30.782291246298048,0.812672761351706,0.8184783535962392
Cd,32,25,12;8;31;19;24;26;29;16;3;5;11;2;6;18;10;1;15;23;14;25;7;9;13;30;17,False,F3,7.3798574604920315,7.99031366714692,7.9837874439576755,0.9236004702587773,0.9243554531348761
Cd,32,25,12;8;31;19;24;26;29;16;3;5;11;2;6;18;10;1;15;23;14;25;7;9;13;30;17,False,F4,17.44214164187634,18.10574371746648,18.007595006920283,0.9633485326012889,0.9685991735805564
Cd,32,26,12;8;31;19;24;26;29;16;3;5;11;2;6;18;10;1;15;23;14;25;7;9;13;30;17;32,False,F1,24.73322919882773,27.472629190796347,27.245741675388334,0.9002862094871376,0.9077832966892506
Cd,32,26,12;8;31;19;24;26;29;16;3;5;11;2;6;18;10;1;15;23;14;25;7;9;13;30;17;32,False,F2,25.232128379301802,31.002194557725918,30.826815980909178,0.8138820086532815,0.8185123106754806
Cd,32,26,12;8;31;19;24;26;29;16;3;5;11;2;6;18;10;1;15;23;14;25;7;9;13;30;17;32,False,F3,7.383485515587309,7.99031366714692,7.9855822809806405,0.9240545269136737,0.9246020209662916
Cd,32,26,12;8;31;19;24;26;29;16;3;5;11;2;6;18;10;1;15;23;14;25;7;9;13;30;17;32,False,F4,17.488701682265734,18.10574371746648,18.03818301206023,0.9659200944833053,0.9695378780985249
Cd,32,27,12;8;31;19;24;26;29;16;3;5;11;2;6;18;10;1;15;23;14;25;7;9;13;30;17;32;4,True,F1,27.17792080684075,27.472629190796347,27.293064259791812,0.9892726545424954,0.9957812192923793
Cd,32,27,12;8;31;19;24;26;29;16;3;5;11;2;6;18;10;1;15;23;14;25;7;9;13;30;17;32;4,True,F2,30.67031991549403,31.002194557725918,30.864305301021023,0.9892951242011613,0.9937148954549586
Cd,32,27,12;8;31;19;24;26;29;16;3;5;11;2;6;18;10;1;15;23;14;25;7;9;13;30;17;32;4,True,F3,7.932293835753497,7.99031366714692,7.987035668060706,0.9927387291900719,0.9931461640360371
Cd,32,27,12;8;31;19;24;26;29;16;3;5;11;2;6;18;10;1;15;23;14;25;7;9;13;30;17;32;4,True,F4,17.97957892167332,18.10574371746648,18.063136223022216,0.9930317805353971,0.9953741531748844
Cd,32,28,12;8;31;19;24;26;29;16;3;5;11;2;6;18;10;1;15;23;14;25;7;9;13;30;17;32;4;22,False,F1,27.2438924006877,27.472629190796347,27.337906868671972,0.9916740116673916,0.9965610217184546
Cd,32,28,12;8;31;19;24;26;29;16;3;5;11;2;6;18;10;1;15;23;14;25;7;9;13;30;17;32;4;22,False,F2,30.687963481290307,31.002194557725918,30.901527008228655,0.9898642311965846,0.9930889005296897
Cd,32,28,12;8;31;19;24;26;29;16;3;5;11;2;6;18;10;1;15;23;14;25;7;9;13;30;17;32;4;22,False,F3,7.936129393535296,7.99031366714692,7.98790718490584,0.9932187551241688,0.9935179778417575
Cd,32,28,12;8;31;19;24;26;29;16;3;5;11;2;6;18;10;1;15;23;14;25;7;9;13;30;17;32;4;22,False,F4,18.027128204248292,18.10574371746648,18.08674986301928,0.99565797934374,0.9967035725477196
Cd,32,29,12;8;31;19;24;26;29;16;3;5;11;2;6;18;10;1;15;23;14;25;7;9;13;30;17;32;4;22;20,False,F1,27.30775128685973,27.472629190796347,27.37977836290931,0.9939984665176549,0.9973693331226102
Cd,32,29,12;8;31;19;24;26;29;16;3;5;11;2;6;18;10;1;15;23;14;25;7;9;13;30;17;32;4;22;20,False,F2,30.748919690818155,31.002194557725918,30.932721866580067,0.9918304213452965,0.9940580018611135
Cd,32,29,12;8;31;19;24;26;29;16;3;5;11;2;6;18;10;1;15;23;14;25;7;9;13;30;17;32;4;22;20,False,F3,7.936794618983402,7.99031366714692,7.988605068082904,0.9933020091084074,0.9935144560711229
Cd,32,29,12;8;31;19;24;26;29;16;3;5;11;2;6;18;10;1;15;23;14;25;7;9;13;30;17;32;4;22;20,False,F4,18.036647883100304,18.10574371746648,18.09626954187129,0.9961837616038097,0.996705306658202
Cd,32,30,12;8;31;19;24;26;29;16;3;5;11;2;6;18;10;1;15;23;14;25;7;9;13;30;17;32;4;22;20;28,False,F1,27.382116778049664,27.472629190796347,27.420152388171175,0.9967053603745721,0.9986128592728785
Cd,32,30,12;8;31;19;24;26;29;16;3;5;11;2;6;18;10;1;15;23;14;25;7;9;13;30;17;32;4;22;20;28,False,F2,30.877483760332957,31.002194557725918,30.96226079077974,0.9959773558236095,0.9972619237652042
Cd,32,30,12;8;31;19;24;26;29;16;3;5;11;2;6;18;10;1;15;23;14;25;7;9;13;30;17;32;4;22;20;28,False,F3,7.937666135828536,7.99031366714692,7.9892702935310105,0.99341108077711,0.9935408171451829
Cd,32,30,12;8;31;19;24;26;29;16;3;5;11;2;6;18;10;1;15;23;14;25;7;9;13;30;17;32;4;22;20;28,False,F4,18.10361445892452,18.10574371746648,18.10361445892452,0.9998823987252228,1.0
Cd,32,31,12;8;31;19;24;26;29;16;3;5;11;2;6;18;10;1;15;23;14;25;7;9;13;30;17;32;4;22;20;28;21,False,F1,27.43225516553448,27.472629190796347,27.459396048709063,0.9985303909217619,0.99901159941295
Cd,32,31,12;8;31;19;24;26;29;16;3;5;11;2;6;18;10;1;15;23;14;25;7;9;13;30;17;32;4;22;20;28;21,False,F2,30.93468389253395,31.002194557725918,30.98455099192964,0.9978223907644259,0.9983905818287094
Cd,32,31,12;8;31;19;24;26;29;16;3;5;11;2;6;18;10;1;15;23;14;25;7;9;13;30;17;32;4;22;20;28;21,False,F3,7.964500765749989,7.99031366714692,7.989843435128481,0.9967694758338381,0.996828139426729
Cd,32,31,12;8;31;19;24;26;29;16;3;5;11;2;6;18;10;1;15;23;14;25;7;9;13;30;17;32;4;22;20;28;21,False,F4,18.104441309317256,18.10574371746648,18.104916867073747,0.999928066575472,0.9999737332261737
Co,32,1,12,False,F1,18.125369220034166,465.612789284668,25.86790346053625,0.03892798831381029,0.7006895339502871
Co,32,1,12,False,F2,42.36532082754973,825.9089567360503,44.65637894617304,0.05129538853165523,0.9486958375782134
Co,32,1,12,False,F3,17.74067247318798,354.6224221578025,21.295821890227025,0.05002693390124555,0.8330588302548418
Co,32,1,12,False,F4,28.385075957100764,981.6371659147494,50.354114514299226,0.02891605670884498,0.5637091671831536
Co,32,2,12;8,False,F1,39.61009041298747,465.612789284668,51.245386277674875,0.08507088148038501,0.7729493968170879
Co,32,2,12;8,False,F2,81.906350257134,825.9089567360503,88.5871475203794,0.09917116116626665,0.9245850278483287
Co,32,2,12;8,False,F3,30.97031305758476,354.6224221578025,42.50318254312981,0.08733320603118368,0.7286586839975536
Co,32,2,12;8,False,F4,73.64437269319501,981.6371659147494,96.19273447540164,0.07502198903050772,0.7655918411595557
Co,32,3,12;8;31,False,F1,46.04170331131597,465.612789284668,75.06920154709269,0.09888410363910093,0.6133234717094056
Co,32,3,12;8;31,False,F2,95.78509387984288,825.9089567360503,131.6150995231893,0.11597536641130596,0.7277667549304743
Co,32,3,12;8;31,False,F3,36.58483060154955,354.6224221578025,63.48836932087452,0.10316558772267864,0.5762446097276075
Co,32,3,12;8;31,False,F4,102.51903434787107,981.6371659147494,141.4520312114959,0.10443678979120313,0.7247618395425296
Co,32,4,12;8;31;19,False,F1,55.543024037510854,465.612789284668,96.75127981823486,0.11929015979746373,0.5740805097551027
Co,32,4,12;8;31;19,False,F2,114.18765191794665,825.9089567360503,173.98042035073902,0.13825694828302915,0.6563247271603779
Co,32,4,12;8;31;19,False,F3,42.88168112421206,354.6224221578025,83.43238774671946,0.12092208062672996,0.5139692424288571
Co,32,4,12;8;31;19,False,F4,131.05798591026084,981.6371659147494,185.96124306429616,0.13350960055402245,0.704759678687174
Co,32,5,12;8;31;19;24,False,F1,67.17775323645174,465.612789284668,118.23600101118816,0.14427815296838928,0.5681666553497102
Co,32,5,12;8;31;19;24,False,F2,130.9584327452488,825.9089567360503,215.78145275435918,0.15856279518119018,0.6069031006771883
Co,32,5,12;8;31;19;24,False,F3,47.99079825550163,354.6224221578025,103.334252054752,0.13532928336422656,0.46442295077602674
Co,32,5,12;8;31;19;24,False,F4,157.24221120811993,981.6371659147494,229.27840524894864,0.16018363675298708,0.6858134373247563
Co,32,6,12;8;31;19;24;26,False,F1,77.07813171980825,465.612789284668,139.7042670771842,0.1655412683964829,0.551723532375886
Co,32,6,12;8;31;19;24;26,False,F2,152.88965090458288,825.9089567360503,255.87015367351503,0.18511683358998177,0.5975282724833427
Co,32,6,12;8;31;19;24;26,False,F3,53.081246415615965,354.6224221578025,122.95610334648174,0.14968384145770536,0.4317089186377085
Co,32,6,12;8;31;19;24;26,False,F4,180.2764891326373,981.6371659147494,271.14815676193734,0.1836488016064924,0.6648634137347887
Co,32,7,12;8;31;19;24;26;29,False,F1,83.46930670604416,465.612789284668,160.7813335456634,0.17926764175503007,0.5191479935221343
Co,32,7,12;8;31;19;24;26;29,False,F2,174.19356752536922,825.9089567360503,295.4111831030993,0.21091134332018052,0.5896647706277768
Co,32,7,12;8;31;19;24;26;29,False,F3,58.48967106857101,354.6224221578025,140.6967758196697,0.1649350616711536,0.4157143667850421
Co,32,7,12;8;31;19;24;26;29,False,F4,210.68385440369568,981.6371659147494,312.6170177393043,0.21462497725151594,0.6739359742065862
Co,32,8,12;8;31;19;24;26;29;16,False,F1,92.44210579937327,465.612789284668,180.36458505108746,0.19853858812897787,0.5125291407578126
Co,32,8,12;8;31;19;24;26;29;16,False,F2,206.77899581166963,825.9089567360503,331.93145850265466,0.2503653630647736,0.6229569102743417
Co,32,8,12;8;31;19;24;26;29;16,False,F3,78.39153537660357,354.6224221578025,158.3106899713896,0.22105634183988607,0.4951752493199969
Co,32,8,12;8;31;19;24;26;29;16,False,F4,261.03796891799493,981.6371659147494,351.47759328322877,0.2659210327216409,0.7426873687155485
Co,32,9,12;8;31;19;24;26;29;16;3,False,F1,118.31000925990952,465.612789284668,198.48995427112163,0.2540952739757686,0.5960503628224296
Co,32,9,12;8;31;19;24;26;29;16;3,False,F2,248.5800282152898,825.9089567360503,367.6671814067814,0.30097751839096804,0.6761006714392183
Co,32,9,12;8;31;19;24;26;29;16;3,False,F3,88.88865562145885,354.6224221578025,175.5290064578673,0.2506571780785608,0.5064043682307006
Co,32,9,12;8;31;19;24;26;29;16;3,False,F4,295.4913653519052,981.6371659147494,388.688439940673,0.3010189259455639,0.7602267908894002
Co,32,10,12;8;31;19;24;26;29;16;3;5,False,F1,137.8932607653336,465.612789284668,216.37743609947526,0.2961543667586586,0.6372811474757464
Co,32,10,12;8;31;19;24;26;29;16;3;5,False,F2,276.78709689741436,825.9089567360503,402.3652393958844,0.33513027633368053,0.6879001210765263
Co,32,10,12;8;31;19;24;26;29;16;3;5,False,F3,105.59730140131609,354.6224221578025,192.23765223772455,0.29777389923282016,0.5493060291369589
Co,32,10,12;8;31;19;24;26;29;16;3;5,False,F4,334.3519408958296,981.6371659147494,425.71974457546946,0.3406064404501841,0.7853803943936112
Co,32,11,12;8;31;19;24;26;29;16;3;5;11,False,F1,155.44477288845633,465.612789284668,233.928948222598,0.33384987797966165,0.6644956687469946
Co,32,11,12;8;31;19;24;26;29;16;3;5;11,False,F2,321.4434758435874,825.9089567360503,435.17839969340315,0.38919964872873575,0.7386475892876448
Co,32,11,12;8;31;19;24;26;29;16;3;5;11,False,F3,126.80466205421888,354.6224221578025,206.3811964791354,0.3575765493976363,0.6144196478046802
Co,32,11,12;8;31;19;24;26;29;16;3;5;11,False,F4,377.6691030804821,981.6371659147494,462.6472782445587,0.38473390800005725,0.816321895404826
Co,32,12,12;8;31;19;24;26;29;16;3;5;11;2,False,F1,176.91303895445236,465.612789284668,250.82818382779269,0.37995743034947144,0.7053156318187628
Co,32,12,12;8;31;19;24;26;29;16;3;5;11;2,False,F2,361.53217676274323,825.9089567360503,467.76382797970354,0.4377385349972469,0.7728946856028172
Co,32,12,12;8;31;19;24;26;29;16;3;5;11;2,False,F3,135.78628357162538,354.6224221578025,220.02959059927718,0.3829038297843508,0.6171273745580993
Co,32,12,12;8;31;19;24;26;29;16;3;5;11;2,False,F4,414.59663674957136,981.6371659147494,499.42049327222696,0.42235222050015286,0.8301554348182918
Co,32,13,12;8;31;19;24;26;29;16;3;5;11;2;6,True,F1,200.73685422387018,465.612789284668,267.09902457974493,0.4311240130071749,0.7515446922343152
Co,32,13,12;8;31;19;24;26;29;16;3;5;11;2;6,True,F2,397.26789966686994,825.9089567360503,498.77671090352237,0.4810068911673415,0.7964844608466751
Co,32,13,12;8;31;19;24;26;29;16;3;5;11;2;6,True,F3,153.4001977233453,354.6224221578025,233.25923118367396,0.43257331781204783,0.6576382719985656
Co,32,13,12;8;31;19;24;26;29;16;3;5;11;2;6,True,F4,460.4352567106738,981.6371659147494,533.8738897061372,0.4690483130613867,0.8624419841249652
Co,32,14,12;8;31;19;24;26;29;16;3;5;11;2;6;18,False,F1,210.7565682644625,465.612789284668,283.03530309930414,0.45264342628614823,0.7446299664975632
Co,32,14,12;8;31;19;24;26;29;16;3;5;11;2;6;18,False,F2,411.2460192543629,825.9089567360503,529.3448868267719,0.49793141955934955,0.7768961776879185
Co,32,14,12;8;31;19;24;26;29;16;3;5;11;2;6;18,False,F3,161.81640518258376,354.6224221578025,243.75635142852926,0.456306186726618,0.6638448772073504
Co,32,14,12;8;31;19;24;26;29;16;3;5;11;2;6;18,False,F4,492.0902459603469,981.6371659147494,565.5288789558103,0.5012954511576456,0.8701416749378739
Co,32,15,12;8;31;19;24;26;29;16;3;5;11;2;6;18;10,False,F1,226.6928467840217,465.612789284668,298.7743484072587,0.48686988845880996,0.7587426698192214
Co,32,15,12;8;31;19;24;26;29;16;3;5;11;2;6;18;10,False,F2,454.27397125717283,825.9089567360503,557.5519555088966,0.5500291134418014,0.8147652730274105
Co,32,15,12;8;31;19;24;26;29;16;3;5;11;2;6;18;10,False,F3,181.4382564743135,354.6224221578025,252.73797294593575,0.5116378580076806,0.7178907639380558
Co,32,15,12;8;31;19;24;26;29;16;3;5;11;2;6;18;10,False,F4,533.5591069377139,981.6371659147494,595.9864071103842,0.5435400425578946,0.8952538188323009
Co,32,16,12;8;31;19;24;26;29;16;3;5;11;2;6;18;10;1,False,F1,242.96368753597392,465.612789284668,313.9004889772241,0.5218148923899724,0.774015001784858
Co,32,16,12;8;31;19;24;26;29;16;3;5;11;2;6;18;10;1,False,F2,488.9720292462758,825.9089567360503,585.4607500816497,0.5920410782063292,0.8351918197386974
Co,32,16,12;8;31;19;24;26;29;16;3;5;11;2;6;18;10;1,False,F3,189.86772818918033,354.6224221578025,261.1841066509269,0.5354081308053658,0.726949777395678
Co,32,16,12;8;31;19;24;26;29;16;3;5;11;2;6;18;10;1,False,F4,564.0166350922877,981.6371659147494,626.3937723814425,0.5745673194501582,0.9004186503131927
Co,32,17,12;8;31;19;24;26;29;16;3;5;11;2;6;18;10;1;15,False,F1,258.0898281059393,465.612789284668,326.910931427171,0.5543014153508301,0.7894805688485714
Co,32,17,12;8;31;19;24;26;29;16;3;5;11;2;6;18;10;1;15,False,F2,516.8808238190288,825.9089567360503,607.3919682409837,0.6258326896728609,0.8509839623265409
Co,32,17,12;8;31;19;24;26;29;16;3;5;11;2;6;18;10;1;15,False,F3,210.85291496692503,354.6224221578025,269.61357836579367,0.5945842727144257,0.7820559937854981
Co,32,17,12;8;31;19;24;26;29;16;3;5;11;2;6;18;10;1;15,False,F4,601.227481749732,981.6371659147494,656.1317357163473,0.6124742446863974,0.916321294980996
Co,32,18,12;8;31;19;24;26;29;16;3;5;11;2;6;18;10;1;15;23,False,F1,266.0717035094113,465.612789284668,338.54566062611195,0.5714441476536407,0.7859256060684219
Co,32,18,12;8;31;19;24;26;29;16;3;5;11;2;6;18;10;1;15;23,False,F2,524.8626992225007,825.9089567360503,628.6958848617701,0.6354970423092772,0.8348435417831646
Co,32,18,12;8;31;19;24;26;29;16;3;5;11;2;6;18;10;1;15;23,False,F3,215.52384294612003,354.6224221578025,278.02978582503215,0.6077558255755601,0.7751825665245523
Co,32,18,12;8;31;19;24;26;29;16;3;5;11;2;6;18;10;1;15;23,False,F4,613.0421819324017,981.6371659147494,685.5770977965799,0.6245099546135578,0.8941987471616208
Co,32,19,12;8;31;19;24;26;29;16;3;5;11;2;6;18;10;1;15;23;14,False,F1,283.95918533776495,465.612789284668,349.87149941263704,0.6098612234728736,0.8116099362608117
Co,32,19,12;8;31;19;24;26;29;16;3;5;11;2;6;18;10;1;15;23;14,False,F2,561.382974622056,825.9089567360503,648.9872052401912,0.679715324605042,0.8650139326156474
Co,32,19,12;8;31;19;24;26;29;16;3;5;11;2;6;18;10;1;15;23;14,False,F3,232.7421594325977,354.6224221578025,285.56051963182796,0.6563097674885047,0.8150361952439057
Co,32,19,12;8;31;19;24;26;29;16;3;5;11;2;6;18;10;1;15;23;14,False,F4,635.5584419531802,981.6371659147494,714.451759451256,0.6474474113466641,0.8895750252491914
Co,32,20,12;8;31;19;24;26;29;16;3;5;11;2;6;18;10;1;15;23;14;25,False,F1,299.69823064571955,465.612789284668,360.72671013104895,0.6436640864314597,0.830817963374106
Co,32,20,12;8;31;19;24;26;29;16;3;5;11;2;6;18;10;1;15;23;14;25,False,F2,581.4726503403396,825.9089567360503,669.0768809584746,0.7040396469827492,0.8690670188863212
Co,32,20,12;8;31;19;24;26;29;16;3;5;11;2;6;18;10;1;15;23;14;25,False,F3,241.1882931375888,354.6224221578025,292.89746740129885,0.6801270254430304,0.8234563967981897
Co,32,20,12;8;31;19;24;26;29;16;3;5;11;2;6;18;10;1;15;23;14;25,False,F4,654.1399361041607,981.6371659147494,742.9907110136456,0.666376497159817,0.8804146894538321
Co,32,21,12;8;31;19;24;26;29;16;3;5;11;2;6;18;10;1;15;23;14;25;7,True,F1,321.38030891686174,465.612789284668,371.5367557893525,0.6902308448412809,0.8650027323247458
Co,32,21,12;8;31;19;24;26;29;16;3;5;11;2;6;18;10;1;15;23;14;25;7,True,F2,612.0408262635891,825.9089567360503,687.4794389965783,0.7410512033703364,0.8902678270013473
Co,32,21,12;8;31;19;24;26;29;16;3;5;11;2;6;18;10;1;15;23;14;25;7,True,F3,262.48411502781585,354.6224221578025,299.3595245478442,0.7401791275087894,0.876818986882995
Co,32,21,12;8;31;19;24;26;29;16;3;5;11;2;6;18;10;1;15;23;14;25;7,True,F4,696.0096876171494,981.6371659147494,771.3757869707464,0.7090294782885131,0.9022965192496312
Co,32,22,12;8;31;19;24;26;29;16;3;5;11;2;6;18;10;1;15;23;14;25;7;9,False,F1,338.2795445220564,465.612789284668,381.8625164552946,0.7265254570042273,0.8858673735830248
Co,32,22,12;8;31;19;24;26;29;16;3;5;11;2;6;18;10;1;15;23;14;25;7;9,False,F2,643.0537091874079,825.9089567360503,704.2502198238805,0.7786012053056345,0.913104023379962
Co,32,22,12;8;31;19;24;26;29;16;3;5;11;2;6;18;10;1;15;23;14;25;7;9,False,F3,276.6276592692267,354.6224221578025,305.77670518481045,0.7800625171584071,0.9046721171975276
Co,32,22,12;8;31;19;24;26;29;16;3;5;11;2;6;18;10;1;15;23;14;25;7;9,False,F4,732.7829026448177,981.6371659147494,798.3213460157752,0.74649058541092,0.9179046837491647
Co,32,23,12;8;31;19;24;26;29;16;3;5;11;2;6;18;10;1;15;23;14;25;7;9;13,True,F1,359.3566109905356,465.612789284668,391.8822304958869,0.7717928271313675,0.9170015454280909
Co,32,23,12;8;31;19;24;26;29;16;3;5;11;2;6;18;10;1;15;23;14;25;7;9;13,True,F2,675.8668694849266,825.9089567360503,719.6194785638103,0.8183309600563211,0.9392003546565978
Co,32,23,12;8;31;19;24;26;29;16;3;5;11;2;6;18;10;1;15;23;14;25;7;9;13,True,F3,296.5716776950716,354.6224221578025,312.073555707473,0.8363026677515079,0.950326204419152
Co,32,23,12;8;31;19;24;26;29;16;3;5;11;2;6;18;10;1;15;23;14;25;7;9;13,True,F4,777.292114497618,981.6371659147494,824.5055713136343,0.7918324015098692,0.9427372494999712
Co,32,24,12;8;31;19;24;26;29;16;3;5;11;2;6;18;10;1;15;23;14;25;7;9;13;30,False,F1,366.994081934065,465.612789284668,401.7826089792435,0.7881958794514359,0.9134145523780605
Co,32,24,12;8;31;19;24;26;29;16;3;5;11;2;6;18;10;1;15;23;14;25;7;9;13;30,False,F2,688.6822868308489,825.9089567360503,733.7149902811493,0.8338477034472248,0.9386237107776079
Co,32,24,12;8;31;19;24;26;29;16;3;5;11;2;6;18;10;1;15;23;14;25;7;9;13;30,False,F3,301.5668730479682,354.6224221578025,317.8560308556322,0.8503886223916625,0.948753032107601
Co,32,24,12;8;31;19;24;26;29;16;3;5;11;2;6;18;10;1;15;23;14;25;7;9;13;30,False,F4,806.7374765778504,981.6371659147494,847.62629566741,0.8218285784097052,0.9517607944697324
Co,32,25,12;8;31;19;24;26;29;16;3;5;11;2;6;18;10;1;15;23;14;25;7;9;13;30;17,False,F1,377.31984260000706,465.612789284668,411.28392970543837,0.8103725913106736,0.9174193673704771
Co,32,25,12;8;31;19;24;26;29;16;3;5;11;2;6;18;10;1;15;23;14;25;7;9;13;30;17,False,F2,708.97360720927,825.9089567360503,747.6931098686423,0.8584161746000397,0.9482147124959133
Co,32,25,12;8;31;19;24;26;29;16;3;5;11;2;6;18;10;1;15;23;14;25;7;9;13;30;17,False,F3,308.0289301945136,354.6224221578025,323.47054839959696,0.8686109815623689,0.9522626765203746
Co,32,25,12;8;31;19;24;26;29;16;3;5;11;2;6;18;10;1;15;23;14;25;7;9;13;30;17,False,F4,833.6830356228793,981.6371659147494,870.6605735919273,0.8492781901202799,0.9575293299241787
Co,32,26,12;8;31;19;24;26;29;16;3;5;11;2;6;18;10;1;15;23;14;25;7;9;13;30;17;32,False,F1,386.43332000345896,465.612789284668,420.39740710889026,0.8299456735222966,0.9192095704419175
Co,32,26,12;8;31;19;24;26;29;16;3;5;11;2;6;18;10;1;15;23;14;25;7;9;13;30;17;32,False,F2,723.0691189266089,825.9089567360503,761.5718534913511,0.875482839881215,0.9494430704230595
Co,32,26,12;8;31;19;24;26;29;16;3;5;11;2;6;18;10;1;15;23;14;25;7;9;13;30;17;32,False,F3,309.63305269805613,354.6224221578025,328.87897305255206,0.8731344476584545,0.9414802345803343
Co,32,26,12;8;31;19;24;26;29;16;3;5;11;2;6;18;10;1;15;23;14;25;7;9;13;30;17;32,False,F4,863.420998957784,981.6371659147494,893.1768336127059,0.879572441772002,0.9666853936027808
Co,32,27,12;8;31;19;24;26;29;16;3;5;11;2;6;18;10;1;15;23;14;25;7;9;13;30;17;32;4,True,F1,411.8108028205976,465.612789284668,429.3702062022194,0.8844490793589934,0.9591042808094796
Co,32,27,12;8;31;19;24;26;29;16;3;5;11;2;6;18;10;1;15;23;14;25;7;9;13;30;17;32;4,True,F2,766.9998875008152,825.9089567360503,774.3872708372733,0.9286736525197151,0.99046035024766
Co,32,27,12;8;31;19;24;26;29;16;3;5;11;2;6;18;10;1;15;23;14;25;7;9;13;30;17;32;4,True,F3,323.28144681819794,354.6224221578025,333.98809018384156,0.911621563157509,0.9679430384486158
Co,32,27,12;8;31;19;24;26;29;16;3;5;11;2;6;18;10;1;15;23;14;25;7;9;13;30;17;32;4,True,F4,900.4523035925805,981.6371659147494,913.7996057214889,0.9172964664122961,0.9853936223594997
Co,32,28,12;8;31;19;24;26;29;16;3;5;11;2;6;18;10;1;15;23;14;25;7;9;13;30;17;32;4;22,False,F1,424.82124527054447,465.612789284668,437.3520816056913,0.9123917019616395,0.9713484012945789
Co,32,28,12;8;31;19;24;26;29;16;3;5;11;2;6;18;10;1;15;23;14;25;7;9;13;30;17;32;4;22,False,F2,779.3598078282648,825.9089567360503,786.7471911647228,0.9436388859472534,0.9906102196240173
Co,32,28,12;8;31;19;24;26;29;16;3;5;11;2;6;18;10;1;15;23;14;25;7;9;13;30;17;32;4;22,False,F3,329.6986274551642,354.6224221578025,339.078538343956,0.9297173750295251,0.972337055200831
Co,32,28,12;8;31;19;24;26;29;16;3;5;11;2;6;18;10;1;15;23;14;25;7;9;13;30;17;32;4;22,False,F4,923.5730279463561,981.6371659147494,932.790151842974,0.9408496947909611,0.9901187594247142
Co,32,29,12;8;31;19;24;26;29;16;3;5;11;2;6;18;10;1;15;23;14;25;7;9;13;30;17;32;4;22;20,False,F1,436.14708405706955,465.612789284668,445.15253045657425,0.9367162889299769,0.9797699759444966
Co,32,29,12;8;31;19;24;26;29;16;3;5;11;2;6;18;10;1;15;23;14;25;7;9;13;30;17;32;4;22;20,False,F2,790.6856466147899,825.9089567360503,798.0730299512479,0.9573520666727467,0.9907434745202337
Co,32,29,12;8;31;19;24;26;29;16;3;5;11;2;6;18;10;1;15;23;14;25;7;9;13;30;17;32;4;22;20,False,F3,337.0355752246351,354.6224221578025,344.0737336968525,0.9504068388395885,0.9795446214490223
Co,32,29,12;8;31;19;24;26;29;16;3;5;11;2;6;18;10;1;15;23;14;25;7;9;13;30;17;32;4;22;20,False,F4,944.1958000551392,981.6371659147494,951.3716459939544,0.9618582433920786,0.9924573682965734
Co,32,30,12;8;31;19;24;26;29;16;3;5;11;2;6;18;10;1;15;23;14;25;7;9;13;30;17;32;4;22;20;28,False,F1,447.00229477548146,465.612789284668,452.7900014001037,0.9600301045472177,0.9872176801459271
Co,32,30,12;8;31;19;24;26;29;16;3;5;11;2;6;18;10;1;15;23;14;25;7;9;13;30;17;32;4;22;20;28,False,F2,806.0549053547196,825.9089567360503,808.8005561770453,0.975960968555429,0.9966052807439901
Co,32,30,12;8;31;19;24;26;29;16;3;5;11;2;6;18;10;1;15;23;14;25;7;9;13;30;17;32;4;22;20;28,False,F3,344.5663090314309,354.6224221578025,348.7446616760476,0.9716427600229498,0.9880188771219155
Co,32,30,12;8;31;19;24;26;29;16;3;5;11;2;6;18;10;1;15;23;14;25;7;9;13;30;17;32;4;22;20;28,False,F4,963.1863461766242,981.6371659147494,963.1863461766242,0.9812040330390999,1.0
Co,32,31,12;8;31;19;24;26;29;16;3;5;11;2;6;18;10;1;15;23;14;25;7;9;13;30;17;32;4;22;20;28;21,False,F1,457.81234043378504,465.612789284668,459.22161429843214,0.9832469188338513,0.9969311682621905
Co,32,31,12;8;31;19;24;26;29;16;3;5;11;2;6;18;10;1;15;23;14;25;7;9;13;30;17;32;4;22;20;28;21,False,F2,816.782431580517,825.9089567360503,817.9270813325784,0.9889497200858545,0.9986005479239097
Co,32,31,12;8;31;19;24;26;29;16;3;5;11;2;6;18;10;1;15;23;14;25;7;9;13;30;17;32;4;22;20;28;21,False,F3,348.8399470096433,354.6224221578025,353.01829965426,0.9836939945506716,0.9881639205426209
Co,32,31,12;8;31;19;24;26;29;16;3;5;11;2;6;18;10;1;15;23;14;25;7;9;13;30;17;32;4;22;20;28;21,False,F4,974.6665109416261,981.6371659147494,974.6665109416261,0.9928989496168601,1.0
Cr,32,1,12,False,F1,0.23728462715608675,49.03717663859929,14.546684893160604,0.0048388721256294705,0.016311938348760862
Cr,32,1,12,False,F2,0.2321633762102719,90.27875602483334,25.736442503284138,0.002571627993482872,0.009020802940447046
Cr,32,1,12,False,F3,6.8866065755680435,212.7880249681948,34.282071797561045,0.03236369422855152,0.20088069986651105
Cr,32,1,12,False,F4,26.383605847709042,1158.261137741425,105.97797738645056,0.022778633408314375,0.2489536646986643
Cr,32,2,12;8,False,F1,0.6953217872847693,49.03717663859929,23.498159131144142,0.014179482485487376,0.02959047912664781
Cr,32,2,12;8,False,F2,3.380914826571707,90.27875602483334,41.681592176568344,0.03744972765953604,0.08111290020423731
Cr,32,2,12;8,False,F3,40.173407622246074,212.7880249681948,67.56887284423908,0.18879543446230468,0.5945549471404459
Cr,32,2,12;8,False,F4,132.3615832341596,1158.261137741425,193.42623737177922,0.11427611522239345,0.6843000465327311
Cr,32,3,12;8;31,False,F1,1.0648031986871862,49.03717663859929,32.04446139566989,0.021714202808508217,0.03322893106360873
Cr,32,3,12;8;31,False,F2,3.417210221159606,90.27875602483334,53.845213320194,0.037851764596973626,0.06346358404857545
Cr,32,3,12;8;31,False,F3,40.46297014524512,212.7880249681948,98.56335369845502,0.1901562371815476,0.4105275300294432
Cr,32,3,12;8;31,False,F4,166.4092952948923,1158.261137741425,273.3874294556123,0.14367165561592224,0.6086940267380174
Cr,32,4,12;8;31;19,False,F1,1.0845238311680756,49.03717663859929,38.18531867206343,0.022116359576754258,0.02840159173429967
Cr,32,4,12;8;31;19,False,F2,3.4365052284790374,90.27875602483334,64.90914244031107,0.038065491592880876,0.05294331583011079
Cr,32,4,12;8;31;19,False,F3,40.616904578639115,212.7880249681948,115.19952253238252,0.1908796539876249,0.35257875801717603
Cr,32,4,12;8;31;19,False,F4,185.49838673759973,1158.261137741425,350.07363366556353,0.16015247399158716,0.5298839126936713
Cr,32,5,12;8;31;19;24,False,F1,1.1000644480430086,49.03717663859929,41.38163547754643,0.022433274577580393,0.026583397087819323
Cr,32,5,12;8;31;19;24,False,F2,4.624786402488875,90.27875602483334,72.40367160618943,0.051227848124277615,0.06387502594679915
Cr,32,5,12;8;31;19;24,False,F3,43.85497077781592,212.7880249681948,130.54547582626623,0.20609698682231237,0.33593635091712726
Cr,32,5,12;8;31;19;24,False,F4,202.9958270248946,1158.261137741425,426.4220395932906,0.175259119390581,0.47604440712892404
Cr,32,6,12;8;31;19;24;26,False,F1,1.142953028899177,49.03717663859929,43.46212264716878,0.023307888162539703,0.02629768081457548
Cr,32,6,12;8;31;19;24;26,False,F2,4.66674933052081,90.27875602483334,78.5738429274935,0.05169266321344867,0.059393166436153576
Cr,32,6,12;8;31;19;24;26,False,F3,60.491139611743435,212.7880249681948,144.3881598079941,0.28427887152383213,0.4189480611996436
Cr,32,6,12;8;31;19;24;26,False,F4,247.29474851838975,1158.261137741425,492.02953171212977,0.21350517638933064,0.5026014346290778
Cr,32,7,12;8;31;19;24;26;29,False,F1,1.2383879502656348,49.03717663859929,44.74862603322891,0.025254063042668036,0.027674323438356456
Cr,32,7,12;8;31;19;24;26;29,False,F2,4.760124505382956,90.27875602483334,82.5562665848762,0.05272696163506694,0.057659154202292645
Cr,32,7,12;8;31;19;24;26;29,False,F3,61.23608126413629,212.7880249681948,153.55226705549762,0.2877797341898783,0.3987963345536542
Cr,32,7,12;8;31;19;24;26;29,False,F4,323.64315444611685,1158.261137741425,546.3571377362948,0.27942157765666853,0.5923655647422451
Cr,32,8,12;8;31;19;24;26;29;16,False,F1,3.318875119887992,49.03717663859929,45.3956528177103,0.06768079541666681,0.07310997670228883
Cr,32,8,12;8;31;19;24;26;29;16,False,F2,4.796623561764472,90.27875602483334,85.70501803523763,0.053131254494081036,0.0559666594993579
Cr,32,8,12;8;31;19;24;26;29;16,False,F3,61.5272685889447,212.7880249681948,162.40927274260366,0.28914817268566273,0.37884086019187435
Cr,32,8,12;8;31;19;24;26;29;16,False,F4,328.3372536225773,1158.261137741425,597.9038578482523,0.2834742899712799,0.5491472405015141
Cr,32,9,12;8;31;19;24;26;29;16;3,False,F1,3.65715219217541,49.03717663859929,45.92491405474654,0.07457917528834046,0.07963329420313696
Cr,32,9,12;8;31;19;24;26;29;16;3,False,F2,10.96679488306853,90.27875602483334,86.89329920924747,0.12147702699904117,0.12620990321312842
Cr,32,9,12;8;31;19;24;26;29;16;3,False,F3,64.16777667118821,212.7880249681948,170.25902707437388,0.30155727363313467,0.37688325708074166
Cr,32,9,12;8;31;19;24;26;29;16;3,False,F4,382.6648596467423,1158.261137741425,648.3217085658661,0.33037874377182974,0.5902391584160035
Cr,32,10,12;8;31;19;24;26;29;16;3;5,False,F1,9.798009468568946,49.03717663859929,46.38295121487522,0.19980778136513894,0.21124161382440626
Cr,32,10,12;8;31;19;24;26;29;16;3;5,False,F2,23.130416026694185,90.27875602483334,87.92757786075936,0.25621106277020045,0.26306213123854183
Cr,32,10,12;8;31;19;24;26;29;16;3;5,False,F3,73.02478235829426,212.7880249681948,177.14563364994189,0.34318088327202245,0.412230213376858
Cr,32,10,12;8;31;19;24;26;29;16;3;5,False,F4,423.61374927346264,1158.261137741425,697.3420753251372,0.36573250666036927,0.6074690804738145
Cr,32,11,12;8;31;19;24;26;29;16;3;5;11,False,F1,18.3443117330947,49.03717663859929,46.78911316294472,0.3740898842584484,0.39206367663370734
Cr,32,11,12;8;31;19;24;26;29;16;3;5;11,False,F2,23.33918363215486,90.27875602483334,88.24450648729544,0.25852354041890935,0.26448313397860074
Cr,32,11,12;8;31;19;24;26;29;16;3;5;11,False,F3,82.18888960579778,212.7880249681948,183.02595653393877,0.3862477205570307,0.4490559216968626
Cr,32,11,12;8;31;19;24;26;29;16;3;5;11,False,F4,468.61054553367654,1158.261137741425,745.5198844407518,0.40458108302541623,0.6285688085773896
Cr,32,12,12;8;31;19;24;26;29;16;3;5;11;2,False,F1,18.873572970130937,49.03717663859929,47.158594574347134,0.3848829452239452,0.4002149160822871
Cr,32,12,12;8;31;19;24;26;29;16;3;5;11;2,False,F2,24.373462283666733,90.27875602483334,88.54439979171494,0.2699800413395398,0.27526825345251643
Cr,32,12,12;8;31;19;24;26;29;16;3;5;11;2,False,F3,86.3201733625195,212.7880249681948,187.82043174216324,0.40566274053919005,0.45958883472815354
Cr,32,12,12;8;31;19;24;26;29;16;3;5;11;2,False,F4,556.0588055190052,1158.261137741425,790.5166807009658,0.48008068940593435,0.7034118559344472
Cr,32,13,12;8;31;19;24;26;29;16;3;5;11;2;6,True,F1,33.42025786329154,49.03717663859929,47.49687164663455,0.6815289980823448,0.7036307172381862
Cr,32,13,12;8;31;19;24;26;29;16;3;5;11;2;6,True,F2,50.10990478695087,90.27875602483334,88.82786007245826,0.5550575461315277,0.564123741651273
Cr,32,13,12;8;31;19;24;26;29;16;3;5;11;2;6,True,F3,101.66612665640321,212.7880249681948,191.951715498885,0.4777812410806441,0.5296442722179983
Cr,32,13,12;8;31;19;24;26;29;16;3;5;11;2;6,True,F4,606.476656236619,1158.261137741425,834.8156021944609,0.5236096044966427,0.7264797814539972
Cr,32,14,12;8;31;19;24;26;29;16;3;5;11;2;6;18,False,F1,33.42284922226147,49.03717663859929,47.80338024453388,0.6815818428655799,0.6991733440457537
Cr,32,14,12;8;31;19;24;26;29;16;3;5;11;2;6;18,False,F2,50.11244021730994,90.27875602483334,89.06002344866855,0.5550856305942597,0.5626816418501529
Cr,32,14,12;8;31;19;24;26;29;16;3;5;11;2;6;18,False,F3,101.6863541706649,212.7880249681948,195.39920825060477,0.477876300538359,0.5204031023516196
Cr,32,14,12;8;31;19;24;26;29;16;3;5;11;2;6;18,False,F4,608.0514726179014,1158.261137741425,875.7644918211812,0.5249692429494646,0.694309347200682
Cr,32,15,12;8;31;19;24;26;29;16;3;5;11;2;6;18;10,False,F1,42.37432346024501,49.03717663859929,48.04066487168997,0.864126492692288,0.8820511450751362
Cr,32,15,12;8;31;19;24;26;29;16;3;5;11;2;6;18;10,False,F2,50.39590049805328,90.27875602483334,89.27589636847304,0.5582254642962812,0.564496157955689
Cr,32,15,12;8;31;19;24;26;29;16;3;5;11;2;6;18;10,False,F3,109.53610850243508,212.7880249681948,198.63727444978156,0.5147663197626244,0.5514378346453169
Cr,32,15,12;8;31;19;24;26;29;16;3;5;11;2;6;18;10,False,F4,659.5981927298589,1158.261137741425,912.1877750904874,0.5694727822916132,0.7230947516967412
Cr,32,16,12;8;31;19;24;26;29;16;3;5;11;2;6;18;10;1,False,F1,43.0213502447264,49.03717663859929,48.261299694137215,0.8773211100996061,0.8914254385476618
Cr,32,16,12;8;31;19;24;26;29;16;3;5;11;2;6;18;10;1,False,F2,50.712829124589376,90.27875602483334,89.48466397393372,0.5617360202730263,0.5667208980005969
Cr,32,16,12;8;31;19;24;26;29;16;3;5;11;2;6;18;10;1,False,F3,112.06454644207969,212.7880249681948,201.27778253202507,0.5266487456652218,0.5567656053854291
Cr,32,16,12;8;31;19;24;26;29;16;3;5;11;2;6;18;10;1,False,F4,708.61855948913,1158.261137741425,946.2354871512201,0.6117951612111542,0.7488818260479001
Cr,32,17,12;8;31;19;24;26;29;16;3;5;11;2;6;18;10;1;15,False,F1,43.16484957601765,49.03717663859929,48.40479902542847,0.8802474476485402,0.8917473152474382
Cr,32,17,12;8;31;19;24;26;29;16;3;5;11;2;6;18;10;1;15,False,F2,50.719224722177806,90.27875602483334,89.61114112187019,0.5618068630478943,0.5659923987933622
Cr,32,17,12;8;31;19;24;26;29;16;3;5;11;2;6;18;10;1;15,False,F3,112.11557014342857,212.7880249681948,203.8062204716697,0.5268885321915383,0.5501086761923114
Cr,32,17,12;8;31;19;24;26;29;16;3;5;11;2;6;18;10;1;15,False,F4,709.46982941109,1158.261137741425,975.078893066688,0.6125301163039409,0.7276024888404262
Cr,32,18,12;8;31;19;24;26;29;16;3;5;11;2;6;18;10;1;15;23,False,F1,43.19438689906576,49.03717663859929,48.53223719725399,0.8808497931560273,0.8900143367285313
Cr,32,18,12;8;31;19;24;26;29;16;3;5;11;2;6;18;10;1;15;23,False,F2,58.21375388805617,90.27875602483334,89.7358288295556,0.6448222865636637,0.6487236441380341
Cr,32,18,12;8;31;19;24;26;29;16;3;5;11;2;6;18;10;1;15;23,False,F3,117.99589302742544,212.7880249681948,206.12379846518814,0.5545231835535019,0.5724515747625015
Cr,32,18,12;8;31;19;24;26;29;16;3;5;11;2;6;18;10;1;15;23,False,F4,722.285474284742,1158.261137741425,1001.4624989143971,0.623594672003912,0.7212306752052244
Cr,32,19,12;8;31;19;24;26;29;16;3;5;11;2;6;18;10;1;15;23;14,False,F1,43.26601626175588,49.03717663859929,48.62767211862045,0.8823105086294736,0.8897406430687128
Cr,32,19,12;8;31;19;24;26;29;16;3;5;11;2;6;18;10;1;15;23;14,False,F2,58.283837293278154,90.27875602483334,89.82920400441773,0.6455985866403142,0.6488294974807057
Cr,32,19,12;8;31;19;24;26;29;16;3;5;11;2;6;18;10;1;15;23;14,False,F3,118.55501431173317,212.7880249681948,208.16551170729076,0.5571507810622964,0.5695228442953498
Cr,32,19,12;8;31;19;24;26;29;16;3;5;11;2;6;18;10;1;15;23;14,False,F4,724.1232267475506,1158.261137741425,1025.8522482747576,0.6251813197838697,0.7058747767676639
Cr,32,20,12;8;31;19;24;26;29;16;3;5;11;2;6;18;10;1;15;23;14;25,False,F1,43.30179011929825,49.03717663859929,48.69930148131056,0.8830400338589953,0.8891665547998933
Cr,32,20,12;8;31;19;24;26;29;16;3;5;11;2;6;18;10;1;15;23;14;25,False,F2,58.31883905317573,90.27875602483334,89.89928740963973,0.6459862942410697,0.648713029141567
Cr,32,20,12;8;31;19;24;26;29;16;3;5;11;2;6;18;10;1;15;23;14;25,False,F3,132.39769829346102,212.7880249681948,209.1602629046339,0.6222046485616395,0.6329964231964434
Cr,32,20,12;8;31;19;24;26;29;16;3;5;11;2;6;18;10;1;15;23;14;25,False,F4,745.0251168492287,1158.261137741425,1048.220445179666,0.6432272417444701,0.7107523234022883
Cr,32,21,12;8;31;19;24;26;29;16;3;5;11;2;6;18;10;1;15;23;14;25;7,True,F1,43.707952067367756,49.03717663859929,48.77048688326253,0.8913227690389363,0.896196754647693
Cr,32,21,12;8;31;19;24;26;29;16;3;5;11;2;6;18;10;1;15;23;14;25;7,True,F2,74.26398872645993,90.27875602483334,89.96893643600998,0.822607576759607,0.8254403316113431
Cr,32,21,12;8;31;19;24;26;29;16;3;5;11;2;6;18;10;1;15;23;14;25;7,True,F3,166.67977009102208,212.7880249681948,209.9052045570267,0.7833136762086848,0.7940716403043679
Cr,32,21,12;8;31;19;24;26;29;16;3;5;11;2;6;18;10;1;15;23;14;25;7,True,F4,821.7113210591799,1158.261137741425,1069.122335281344,0.7094352856053624,0.7685849354582449
Cr,32,22,12;8;31;19;24;26;29;16;3;5;11;2;6;18;10;1;15;23;14;25;7;9,False,F1,44.01446066526708,49.03717663859929,48.83652563971826,0.8975733042228493,0.9012610968678443
Cr,32,22,12;8;31;19;24;26;29;16;3;5;11;2;6;18;10;1;15;23;14;25;7;9,False,F2,74.56388203087941,90.27875602483334,90.0335498955638,0.8259294358283894,0.8281788524096991
Cr,32,22,12;8;31;19;24;26;29;16;3;5;11;2;6;18;10;1;15;23;14;25;7;9,False,F3,197.67425094523801,212.7880249681948,210.46432584133447,0.9289726288628515,0.9392292501592946
Cr,32,22,12;8;31;19;24;26;29;16;3;5;11;2;6;18;10;1;15;23;14;25;7;9,False,F4,887.318813178019,1158.261137741425,1089.923515986573,0.7660783775481447,0.8141110822577665
Cr,32,23,12;8;31;19;24;26;29;16;3;5;11;2;6;18;10;1;15;23;14;25;7;9;13,True,F1,44.23509548771433,49.03717663859929,48.87941422057443,0.9020726420226847,0.9049841572997983
Cr,32,23,12;8;31;19;24;26;29;16;3;5;11;2;6;18;10;1;15;23;14;25;7;9;13,True,F2,74.77975495068391,90.27875602483334,90.07551282359574,0.8283206176446865,0.8301896109893139
Cr,32,23,12;8;31;19;24;26;29;16;3;5;11;2;6;18;10;1;15;23;14;25;7;9;13,True,F3,201.1217436969578,212.7880249681948,211.0199816767149,0.9451741644155927,0.9530933615806993
Cr,32,23,12;8;31;19;24;26;29;16;3;5;11;2;6;18;10;1;15;23;14;25;7;9;13,True,F4,923.7420964473251,1158.261137741425,1109.0126074292803,0.7975248986153458,0.8329410236269388
Cr,32,24,12;8;31;19;24;26;29;16;3;5;11;2;6;18;10;1;15;23;14;25;7;9;13;30,False,F1,44.36253365953986,49.03717663859929,48.915188078116806,0.9046714493064876,0.90692759043865
Cr,32,24,12;8;31;19;24;26;29;16;3;5;11;2;6;18;10;1;15;23;14;25;7;9;13;30,False,F2,74.90444265836932,90.27875602483334,90.11223825426585,0.8297017588253548,0.8312349588633529
Cr,32,24,12;8;31;19;24;26;29;16;3;5;11;2;6;18;10;1;15;23;14;25;7;9;13;30,False,F3,202.11649489430093,212.7880249681948,211.53546405624348,0.9498490101804886,0.955473333022598
Cr,32,24,12;8;31;19;24;26;29;16;3;5;11;2;6;18;10;1;15;23;14;25;7;9;13;30,False,F4,971.9199055629397,1158.261137741425,1126.5100477165752,0.8391198443022571,0.8627707382930244
Cr,32,25,12;8;31;19;24;26;29;16;3;5;11;2;6;18;10;1;15;23;14;25;7;9;13;30;17,False,F1,44.36346335774751,49.03717663859929,48.94542659973464,0.9046904083549359,0.9063862844743912
Cr,32,25,12;8;31;19;24;26;29;16;3;5;11;2;6;18;10;1;15;23;14;25;7;9;13;30;17,False,F2,74.90535229114803,90.27875602483334,90.14873731064736,0.8297118346484915,0.8309085021682389
Cr,32,25,12;8;31;19;24;26;29;16;3;5;11;2;6;18;10;1;15;23;14;25;7;9;13;30;17,False,F3,202.12375189110173,212.7880249681948,211.96729312752592,0.9498831145282398,0.9535610372185958
Cr,32,25,12;8;31;19;24;26;29;16;3;5;11;2;6;18;10;1;15;23;14;25;7;9;13;30;17,False,F4,972.4369035112468,1158.261137741425,1139.325692590227,0.8395662012864128,0.8535196825943924
Cr,32,26,12;8;31;19;24;26;29;16;3;5;11;2;6;18;10;1;15;23;14;25;7;9;13;30;17;32,False,F1,44.393701879365345,49.03717663859929,48.97496392278275,0.9053070531883178,0.9064570613948684
Cr,32,26,12;8;31;19;24;26;29;16;3;5;11;2;6;18;10;1;15;23;14;25;7;9;13;30;17;32,False,F2,74.9349381828029,90.27875602483334,90.18503270523527,0.830039551743383,0.8309021567661182
Cr,32,26,12;8;31;19;24;26;29;16;3;5;11;2;6;18;10;1;15;23;14;25;7;9;13;30;17;32,False,F3,204.44132988462016,212.7880249681948,212.25848045233437,0.9607746014616085,0.9631715512564896
Cr,32,26,12;8;31;19;24;26;29;16;3;5;11;2;6;18;10;1;15;23;14;25;7;9;13;30;17;32,False,F4,996.8266528716074,1158.261137741425,1148.3053382225062,0.8606234124503132,0.868085011617749
Cr,32,27,12;8;31;19;24;26;29;16;3;5;11;2;6;18;10;1;15;23;14;25;7;9;13;30;17;32;4,True,F1,45.68020526542547,49.03717663859929,48.997428461797874,0.9315423194545951,0.9322980143956174
Cr,32,27,12;8;31;19;24;26;29;16;3;5;11;2;6;18;10;1;15;23;14;25;7;9;13;30;17;32;4,True,F2,85.99886730291998,90.27875602483334,90.22003446513284,0.9525925155555303,0.9532125299304313
Cr,32,27,12;8;31;19;24;26;29;16;3;5;11;2;6;18;10;1;15;23;14;25;7;9;13;30;17;32;4,True,F3,206.48304312672278,212.7880249681948,212.54804297533337,0.9703696585255941,0.9714652755033155
Cr,32,27,12;8;31;19;24;26;29;16;3;5;11;2;6;18;10;1;15;23;14;25;7;9;13;30;17;32;4,True,F4,1025.6700587870755,1158.261137741425,1152.9994373989666,0.8855257466266215,0.889566833701904
Cr,32,28,12;8;31;19;24;26;29;16;3;5;11;2;6;18;10;1;15;23;14;25;7;9;13;30;17;32;4;22,False,F1,45.702669804440596,49.03717663859929,49.01714909427876,0.932000431861447,0.9323812308328429
Cr,32,28,12;8;31;19;24;26;29;16;3;5;11;2;6;18;10;1;15;23;14;25;7;9;13;30;17;32;4;22,False,F2,89.98129096030269,90.27875602483334,90.24962035678769,0.996705038066222,0.9970268085846322
Cr,32,28,12;8;31;19;24;26;29;16;3;5;11;2;6;18;10;1;15;23;14;25;7;9;13;30;17;32;4;22,False,F3,206.91487219800524,212.7880249681948,212.70197740872737,0.9723990446780667,0.9727924240233947
Cr,32,28,12;8;31;19;24;26;29;16;3;5;11;2;6;18;10;1;15;23;14;25;7;9;13;30;17;32;4;22,False,F4,1034.6497044193547,1158.261137741425,1154.8371898617752,0.8932784418865085,0.8959269007808747
Cr,32,29,12;8;31;19;24;26;29;16;3;5;11;2;6;18;10;1;15;23;14;25;7;9;13;30;17;32;4;22;20,False,F1,45.76870856089633,49.03717663859929,49.032689711153694,0.9333471398283928,0.9334325493974505
Cr,32,29,12;8;31;19;24;26;29;16;3;5;11;2;6;18;10;1;15;23;14;25;7;9;13;30;17;32;4;22;20,False,F2,90.0459044198565,90.27875602483334,90.26891536410713,0.9974207486320171,0.9975294823987737
Cr,32,29,12;8;31;19;24;26;29;16;3;5;11;2;6;18;10;1;15;23;14;25;7;9;13;30;17;32;4;22;20,False,F3,207.4303545775338,212.7880249681948,212.7530011100763,0.9748215606049174,0.974982037833682
Cr,32,29,12;8;31;19;24;26;29;16;3;5;11;2;6;18;10;1;15;23;14;25;7;9;13;30;17;32;4;22;20,False,F4,1055.4508851245837,1158.261137741425,1156.412006243058,0.9112374150639999,0.9126945063062119
Cr,32,30,12;8;31;19;24;26;29;16;3;5;11;2;6;18;10;1;15;23;14;25;7;9;13;30;17;32;4;22;20;28,False,F1,48.96502536637933,49.03717663859929,49.035281070123624,0.9985286413866827,0.9985672417449015
Cr,32,30,12;8;31;19;24;26;29;16;3;5;11;2;6;18;10;1;15;23;14;25;7;9;13;30;17;32;4;22;20;28,False,F2,90.17238156779297,90.27875602483334,90.27531096169555,0.9988217110899145,0.9988598278664887
Cr,32,30,12;8;31;19;24;26;29;16;3;5;11;2;6;18;10;1;15;23;14;25;7;9;13;30;17;32;4;22;20;28,False,F3,212.2248297857583,212.7880249681948,212.77322862433795,0.9973532571557037,0.9974226135396578
Cr,32,30,12;8;31;19;24;26;29;16;3;5;11;2;6;18;10;1;15;23;14;25;7;9;13;30;17;32;4;22;20;28,False,F4,1135.4120772084168,1158.261137741425,1157.263276165018,0.9802729628159992,0.9811182127639854
Cr,32,31,12;8;31;19;24;26;29;16;3;5;11;2;6;18;10;1;15;23;14;25;7;9;13;30;17;32;4;22;20;28;21,False,F1,48.96599123664733,49.03717663859929,49.03624694039163,0.9985483380807874,0.9985672699660376
Cr,32,31,12;8;31;19;24;26;29;16;3;5;11;2;6;18;10;1;15;23;14;25;7;9;13;30;17;32;4;22;20;28;21,False,F2,90.20910699846308,90.27875602483334,90.27784639205463,0.9992285114523388,0.9992385796035383
Cr,32,31,12;8;31;19;24;26;29;16;3;5;11;2;6;18;10;1;15;23;14;25;7;9;13;30;17;32;4;22;20;28;21,False,F3,212.23236913281428,212.7880249681948,212.78076797139397,0.9973886884120309,0.9974227048628126
Cr,32,31,12;8;31;19;24;26;29;16;3;5;11;2;6;18;10;1;15;23;14;25;7;9;13;30;17;32;4;22;20;28;21,False,F4,1135.892940836517,1158.261137741425,1157.780274113325,0.9806881227591514,0.9810954342838755
Cu,32,1,12,False,F1,2.8394506494364036,83.50545953238955,4.7345054676233875,0.03400317374859851,0.5997354251365439
Cu,32,1,12,False,F2,17.190187715506877,187.31309809152845,17.62814666077523,0.09177248089243116,0.9751557010673808
Cu,32,1,12,False,F3,5.218449842207443,68.50989770765909,5.505394950984572,0.07617074345192087,0.9478792872569819
Cu,32,1,12,False,F4,16.54555567617536,701.2959771870612,32.377841956629666,0.023592828441053582,0.5110147766592426
Cu,32,2,12;8,False,F1,7.573956117059791,83.50545953238955,8.458805932267115,0.09070013097912544,0.895393058749349
Cu,32,2,12;8,False,F2,26.350426555039082,187.31309809152845,34.81833437628211,0.14067583539813772,0.7567974467207346
Cu,32,2,12;8,False,F3,9.026639022687123,68.50989770765909,10.723844793192015,0.13175671435396094,0.8417353287710434
Cu,32,2,12;8,False,F4,48.92339763280503,701.2959771870612,62.57336693055885,0.06976141204893205,0.7818565634657002
Cu,32,3,12;8;31,False,F1,9.687331848176674,83.50545953238955,11.750281508022889,0.1160083652305298,0.8244340224157465
Cu,32,3,12;8;31,False,F2,27.709025239328508,187.31309809152845,49.088907414115475,0.14792892500122337,0.564466122775444
Cu,32,3,12;8;31,False,F3,13.83456881097803,68.50989770765909,15.531774581482923,0.20193533013305592,0.8907268605012906
Cu,32,3,12;8;31,False,F4,73.03701472484866,701.2959771870612,92.40164324630527,0.10414577739031722,0.7904298252592936
Cu,32,4,12;8;31;19,False,F1,12.825747507632528,83.50545953238955,14.948858223399332,0.15359172417532485,0.8579750584266351
Cu,32,4,12;8;31;19,False,F2,30.959527172336355,187.31309809152845,60.26685086078139,0.1652822332649067,0.5137073985142178
Cu,32,4,12;8;31;19,False,F3,14.395000178738004,68.50989770765909,19.796543535318182,0.2101156279660991,0.7271471483421582
Cu,32,4,12;8;31;19,False,F4,98.08157168730638,701.2959771870612,121.62806910377365,0.13985759918475113,0.8064057286285019
Cu,32,5,12;8;31;19;24,False,F1,16.01371091924942,83.50545953238955,18.136821635016226,0.19176843057833992,0.8829392074040261
Cu,32,5,12;8;31;19;24,False,F2,34.66167823098823,187.31309809152845,71.421426806649,0.1850467403729086,0.4853120384282409
Cu,32,5,12;8;31;19;24,False,F3,15.114862884586978,68.50989770765909,23.604732715797866,0.22062305433711377,0.6403318803297061
Cu,32,5,12;8;31;19;24,False,F4,127.30799754477476,701.2959771870612,149.8195197528929,0.1815324794181973,0.849742395081443
Cu,32,6,12;8;31;19;24;26,False,F1,18.714343285402936,83.50545953238955,21.275237294472078,0.22410921860916339,0.8796302963100423
Cu,32,6,12;8;31;19;24;26,False,F2,37.97609068035845,187.31309809152845,82.50585152949351,0.20274124483169811,0.4602836038457596
Cu,32,6,12;8;31;19;24;26,False,F3,16.71069110095042,68.50989770765909,27.250925058838824,0.24391645090841,0.6132155537791667
Cu,32,6,12;8;31;19;24;26,False,F4,157.50352251870396,701.2959771870612,177.0083817507143,0.22458922857430283,0.8898082732631296
Cu,32,7,12;8;31;19;24;26;29,False,F1,21.467664553677416,83.50545953238955,24.409049316108238,0.25708097020112414,0.8794961358659013
Cu,32,7,12;8;31;19;24;26;29,False,F2,41.64718570472443,187.31309809152845,91.6862260627193,0.22233995448825472,0.45423601224719473
Cu,32,7,12;8;31;19;24;26;29,False,F3,17.461596901388916,68.50989770765909,30.42589658451618,0.2548769956700255,0.5739057467997564
Cu,32,7,12;8;31;19;24;26;29,False,F4,182.27840789450468,701.2959771870612,203.80605674594443,0.25991651716816333,0.8943718886712225
Cu,32,8,12;8;31;19;24;26;29;16,False,F1,23.160890040648006,83.50545953238955,27.466429303797547,0.27735779397351273,0.843243575073872
Cu,32,8,12;8;31;19;24;26;29;16,False,F2,45.31584092649404,187.31309809152845,100.8464649022515,0.24192563888058144,0.4493547787760116
Cu,32,8,12;8;31;19;24;26;29;16,False,F3,19.34295855357846,68.50989770765909,33.2324416649246,0.28233816135761075,0.5820504779218227
Cu,32,8,12;8;31;19;24;26;29;16,False,F4,203.85010059851,701.2959771870612,230.59037543015938,0.29067627254353373,0.8840355987028244
Cu,32,9,12;8;31;19;24;26;29;16;3,False,F1,25.27568159961176,83.50545953238955,30.520006753335828,0.3026829831384617,0.8281676280051654
Cu,32,9,12;8;31;19;24;26;29;16;3,False,F2,56.40026564933854,187.31309809152845,109.12335944677714,0.30110155789414783,0.516848692482261
Cu,32,9,12;8;31;19;24;26;29;16;3,False,F3,22.989150896619414,68.50989770765909,35.93935057256821,0.3355595565872423,0.6396651728639352
Cu,32,9,12;8;31;19;24;26;29;16;3,False,F4,220.85885864032747,701.2959771870612,256.9015948374453,0.31492959581232044,0.8597021703196357
Cu,32,10,12;8;31;19;24;26;29;16;3;5,False,F1,27.823298714816048,83.50545953238955,33.48452290665496,0.3331913730026733,0.83093012232485
Cu,32,10,12;8;31;19;24;26;29;16;3;5,False,F2,60.17073897984089,187.31309809152845,116.07035357687181,0.32123081403757003,0.5183988600499148
Cu,32,10,12;8;31;19;24;26;29;16;3;5,False,F3,25.5367680118237,68.50989770765909,38.4869676877725,0.3727456742205704,0.6635172773025935
Cu,32,10,12;8;31;19;24;26;29;16;3;5,False,F4,243.4287081873453,701.2959771870612,282.60813878381487,0.3471126544369354,0.861364818560868
Cu,32,11,12;8;31;19;24;26;29;16;3;5;11,False,F1,30.78781486813518,83.50545953238955,36.44082272241005,0.3686922392923711,0.844871563484256
Cu,32,11,12;8;31;19;24;26;29;16;3;5;11,False,F2,64.67241165710327,187.31309809152845,121.1602470221217,0.3452636911995434,0.5337758319797354
Cu,32,11,12;8;31;19;24;26;29;16;3;5;11,False,F3,27.7327059031712,68.50989770765909,40.89227676236326,0.40479853030156854,0.6781893330208514
Cu,32,11,12;8;31;19;24;26;29;16;3;5;11,False,F4,271.62015883646455,701.2959771870612,307.6832744332302,0.38731173095552146,0.8827914332906267
Cu,32,12,12;8;31;19;24;26;29;16;3;5;11;2,False,F1,33.986391583511626,83.50545953238955,39.38078847558445,0.4069960428195621,0.863019581352027
Cu,32,12,12;8;31;19;24;26;29;16;3;5;11;2,False,F2,78.94298469493664,187.31309809152845,125.8985568576121,0.4214493567148307,0.6270364543115379
Cu,32,12,12;8;31;19;24;26;29;16;3;5;11;2,False,F3,31.99747485700646,68.50989770765909,43.10888031036145,0.46704893639666445,0.7422478762297079
Cu,32,12,12;8;31;19;24;26;29;16;3;5;11;2,False,F4,287.9361806763874,701.2959771870612,332.727831395688,0.4105772598772291,0.8653805107573544
Cu,32,13,12;8;31;19;24;26;29;16;3;5;11;2;6,True,F1,37.03996903304991,83.50545953238955,42.22023912502085,0.443563441725425,0.8773036297442243
Cu,32,13,12;8;31;19;24;26;29;16;3;5;11;2;6,True,F2,83.68129453042708,187.31309809152845,130.4002295348745,0.44674555801504684,0.6417265892008815
Cu,32,13,12;8;31;19;24;26;29;16;3;5;11;2;6,True,F3,32.52395372761651,68.50989770765909,45.304818201708954,0.47473364894515785,0.7178917170092444
Cu,32,13,12;8;31;19;24;26;29;16;3;5;11;2;6,True,F4,313.0113163258028,701.2959771870612,357.5027167714886,0.4463326847835479,0.8755494759662926
Cu,32,14,12;8;31;19;24;26;29;16;3;5;11;2;6;18,False,F1,39.50658655879244,83.50545953238955,44.97356039329534,0.4731018400475826,0.8784402705346426
Cu,32,14,12;8;31;19;24;26;29;16;3;5;11;2;6;18,False,F2,86.14791205616962,187.31309809152845,134.49356774130462,0.45991397790065064,0.6405355549930328
Cu,32,14,12;8;31;19;24;26;29;16;3;5;11;2;6;18,False,F3,33.28291296630652,68.50989770765909,47.4665577261019,0.48581174516314657,0.7011865734684236
Cu,32,14,12;8;31;19;24;26;29;16;3;5;11;2;6;18,False,F4,339.3225357330888,701.2959771870612,381.61633386353225,0.48385068041332724,0.8891719395177463
Cu,32,15,12;8;31;19;24;26;29;16;3;5;11;2;6;18;10,False,F1,43.23088702343617,83.50545953238955,47.67419275944886,0.5177013247459353,0.9067985113364706
Cu,32,15,12;8;31;19;24;26;29;16;3;5;11;2;6;18;10,False,F2,89.75582813129323,187.31309809152845,138.45037990563833,0.47917539694653416,0.6482887818181997
Cu,32,15,12;8;31;19;24;26;29;16;3;5;11;2;6;18;10,False,F3,34.330372471987566,68.50989770765909,49.347919378291444,0.5011009156440411,0.6956802415278683
Cu,32,15,12;8;31;19;24;26;29;16;3;5;11;2;6;18;10,False,F4,361.2214224651939,701.2959771870612,405.29438393127225,0.5150769920484557,0.8912569154337159
Cu,32,16,12;8;31;19;24;26;29;16;3;5;11;2;6;18;10;1,False,F1,44.84440739594252,83.50545953238955,50.36784183063811,0.5370236586572948,0.8903380761624025
Cu,32,16,12;8;31;19;24;26;29;16;3;5;11;2;6;18;10;1,False,F2,98.93620266451902,187.31309809152845,142.22085323614067,0.5281862489732295,0.6956518711095574
Cu,32,16,12;8;31;19;24;26;29;16;3;5;11;2;6;18;10;1,False,F3,35.66569967682041,68.50989770765909,51.20499316889065,0.5205919271549744,0.6965277694537206
Cu,32,16,12;8;31;19;24;26;29;16;3;5;11;2;6;18;10;1,False,F4,381.2869392631487,701.2959771870612,428.8228229922252,0.5436890438078836,0.8891479623276993
Cu,32,17,12;8;31;19;24;26;29;16;3;5;11;2;6;18;10;1;15,False,F1,45.942591313509695,83.50545953238955,52.93382590415438,0.550174701998853,0.8679250087967665
Cu,32,17,12;8;31;19;24;26;29;16;3;5;11;2;6;18;10;1;15,False,F2,110.11414611118494,187.31309809152845,145.92300429479255,0.5878614321854785,0.7546044343271139
Cu,32,17,12;8;31;19;24;26;29;16;3;5;11;2;6;18;10;1;15,False,F3,37.31297555317118,68.50989770765909,52.93079856741397,0.5446362759493619,0.7049388364252327
Cu,32,17,12;8;31;19;24;26;29;16;3;5;11;2;6;18;10;1;15,False,F4,390.511684170713,701.2959771870612,451.39267253924305,0.5568428978262188,0.8651263255425636
Cu,32,18,12;8;31;19;24;26;29;16;3;5;11;2;6;18;10;1;15;23,False,F1,48.636240384698944,83.50545953238955,55.48144301935866,0.5824318632224788,0.8766217628429153
Cu,32,18,12;8;31;19;24;26;29;16;3;5;11;2;6;18;10;1;15;23,False,F2,111.98798894331658,187.31309809152845,149.6116064004722,0.5978652325135048,0.7485247410789323
Cu,32,18,12;8;31;19;24;26;29;16;3;5;11;2;6;18;10;1;15;23,False,F3,37.898551438212316,68.50989770765909,54.578074443764734,0.5531835939958706,0.6943915083933861
Cu,32,18,12;8;31;19;24;26;29;16;3;5;11;2;6;18;10;1;15;23,False,F4,414.04012323166603,701.2959771870612,473.29155927134815,0.5903928394005694,0.8748098611120338
Cu,32,19,12;8;31;19;24;26;29;16;3;5;11;2;6;18;10;1;15;23;14,False,F1,50.354086422242005,83.50545953238955,57.9480605451012,0.6030035246103997,0.868952057214257
Cu,32,19,12;8;31;19;24;26;29;16;3;5;11;2;6;18;10;1;15;23;14,False,F2,120.26488348784223,187.31309809152845,153.28270142483817,0.6420527166182267,0.7845952763744436
Cu,32,19,12;8;31;19;24;26;29;16;3;5;11;2;6;18;10;1;15;23;14,False,F3,40.605460345855924,68.50989770765909,56.17390266012818,0.5926948032987126,0.7228527558701628
Cu,32,19,12;8;31;19;24;26;29;16;3;5;11;2;6;18;10;1;15;23;14,False,F4,422.86568738939485,701.2959771870612,495.13770617724737,0.6029774890275766,0.854036527846294
Cu,32,20,12;8;31;19;24;26;29;16;3;5;11;2;6;18;10;1;15;23;14;25,False,F1,53.64556199799778,83.50545953238955,60.38302187699887,0.6424198166012138,0.8884212868192422
Cu,32,20,12;8;31;19;24;26;29;16;3;5;11;2;6;18;10;1;15;23;14;25,False,F2,123.04997820578942,187.31309809152845,156.95135664660776,0.6569213763453019,0.7840007301297126
Cu,32,20,12;8;31;19;24;26;29;16;3;5;11;2;6;18;10;1;15;23;14;25,False,F3,43.010769420446685,68.50989770765909,57.76373561204482,0.6278037314254854,0.7445981283017669
Cu,32,20,12;8;31;19;24;26;29;16;3;5;11;2;6;18;10;1;15;23;14;25,False,F4,449.663362384625,701.2959771870612,516.7407304062324,0.6411891369864273,0.870191444036403
Cu,32,21,12;8;31;19;24;26;29;16;3;5;11;2;6;18;10;1;15;23;14;25;7,True,F1,55.65653398302518,83.50545953238955,62.601914532243136,0.6665017388646006,0.8890548220271963
Cu,32,21,12;8;31;19;24;26;29;16;3;5;11;2;6;18;10;1;15;23;14;25;7,True,F2,129.99697233588407,187.31309809152845,160.55927272173136,0.6940089810076309,0.8096509789327742
Cu,32,21,12;8;31;19;24;26;29;16;3;5;11;2;6;18;10;1;15;23;14;25;7,True,F3,44.381886682965366,68.50989770765909,59.14474249330371,0.6478171500466812,0.7503944528626568
Cu,32,21,12;8;31;19;24;26;29;16;3;5;11;2;6;18;10;1;15;23;14;25;7,True,F4,476.4476810688399,701.2959771870612,538.3124231102378,0.6793817397611479,0.8850765106182048
Cu,32,22,12;8;31;19;24;26;29;16;3;5;11;2;6;18;10;1;15;23;14;25;7;9,False,F1,58.222518056541446,83.50545953238955,64.79676194485315,0.6972300779203362,0.8985405490801088
Cu,32,22,12;8;31;19;24;26;29;16;3;5;11;2;6;18;10;1;15;23;14;25;7;9,False,F2,133.68557444156372,187.31309809152845,163.87368517110158,0.7137011549306592,0.8157842688530604
Cu,32,22,12;8;31;19;24;26;29;16;3;5;11;2;6;18;10;1;15;23;14;25;7;9,False,F3,47.188431763373785,68.50989770765909,60.51585975582239,0.6887826918780866,0.7797696662292509
Cu,32,22,12;8;31;19;24;26;29;16;3;5;11;2;6;18;10;1;15;23;14;25;7;9,False,F4,498.2938279747391,701.2959771870612,558.3779399081926,0.7105328480186418,0.8923952619916674
Cu,32,23,12;8;31;19;24;26;29;16;3;5;11;2;6;18;10;1;15;23;14;25;7;9;13,True,F1,60.253410528980986,83.50545953238955,66.97814484996024,0.7215505532977792,0.8995980802985282
Cu,32,23,12;8;31;19;24;26;29;16;3;5;11;2;6;18;10;1;15;23;14;25;7;9;13,True,F2,151.31372110233895,187.31309809152845,167.12418710410944,0.8078117475180576,0.9053969010965396
Cu,32,23,12;8;31;19;24;26;29;16;3;5;11;2;6;18;10;1;15;23;14;25;7;9;13,True,F3,48.569438644632676,68.50989770765909,61.85118696065524,0.7089404636376042,0.7852628386182573
Cu,32,23,12;8;31;19;24;26;29;16;3;5;11;2;6;18;10;1;15;23;14;25;7;9;13,True,F4,515.5694117022988,701.2959771870612,578.0088377006863,0.735166646428342,0.8919749631393683
Cu,32,24,12;8;31;19;24;26;29;16;3;5;11;2;6;18;10;1;15;23;14;25;7;9;13;30,False,F1,62.472303184225254,83.50545953238955,69.11265197025482,0.7481223806689419,0.9039199249815
Cu,32,24,12;8;31;19;24;26;29;16;3;5;11;2;6;18;10;1;15;23;14;25;7;9;13;30,False,F2,154.02570101430416,187.31309809152845,170.18156709179874,0.8222900725236055,0.905066886187622
Cu,32,24,12;8;31;19;24;26;29;16;3;5;11;2;6;18;10;1;15;23;14;25;7;9;13;30,False,F3,50.295244043155996,68.50989770765909,62.89864646633629,0.7341310631899136,0.7996236305351069
Cu,32,24,12;8;31;19;24;26;29;16;3;5;11;2;6;18;10;1;15;23;14;25;7;9;13;30,False,F4,539.2474617700387,701.2959771870612,595.284421428246,0.7689299230447486,0.9058652340947212
Cu,32,25,12;8;31;19;24;26;29;16;3;5;11;2;6;18;10;1;15;23;14;25;7;9;13;30;17,False,F1,64.90726451612292,83.50545953238955,71.22744352921858,0.7772816876835115,0.9112676420781125
Cu,32,25,12;8;31;19;24;26;29;16;3;5;11;2;6;18;10;1;15;23;14;25;7;9;13;30;17,False,F2,157.98251317863787,187.31309809152845,172.96666180974594,0.843414127406304,0.9133697298986447
Cu,32,25,12;8;31;19;24;26;29;16;3;5;11;2;6;18;10;1;15;23;14;25;7;9;13;30;17,False,F3,51.20835454261762,68.50989770765909,63.81175696579791,0.7474592176612279,0.8024909041458377
Cu,32,25,12;8;31;19;24;26;29;16;3;5;11;2;6;18;10;1;15;23;14;25;7;9;13;30;17,False,F4,569.0757380857851,701.2959771870612,612.2931794700635,0.8114630007837502,0.9294170785608247
Cu,32,26,12;8;31;19;24;26;29;16;3;5;11;2;6;18;10;1;15;23;14;25;7;9;13;30;17;32,False,F1,67.10211192873294,83.50545953238955,73.34081926033545,0.8035655669041113,0.9149354016696053
Cu,32,26,12;8;31;19;24;26;29;16;3;5;11;2;6;18;10;1;15;23;14;25;7;9;13;30;17;32,False,F2,159.4139354042531,187.31309809152845,175.67864172171116,0.8510559967694158,0.9074178502403119
Cu,32,26,12;8;31;19;24;26;29;16;3;5;11;2;6;18;10;1;15;23;14;25;7;9;13;30;17;32,False,F3,52.79818749453426,68.50989770765909,64.60768383927044,0.7706651047682365,0.8172122007327244
Cu,32,26,12;8;31;19;24;26;29;16;3;5;11;2;6;18;10;1;15;23;14;25;7;9;13;30;17;32,False,F4,590.6787623147701,701.2959771870612,628.8387351462388,0.8422674327664288,0.9393167584967639
Cu,32,27,12;8;31;19;24;26;29;16;3;5;11;2;6;18;10;1;15;23;14;25;7;9;13;30;17;32;4,True,F1,70.04207768190734,83.50545953238955,75.37171173277498,0.838772435648233,0.9292886690730406
Cu,32,27,12;8;31;19;24;26;29;16;3;5;11;2;6;18;10;1;15;23;14;25;7;9;13;30;17;32;4,True,F2,170.5685113501207,187.31309809152845,178.1452592474537,0.9106064289576499,0.9574687087978666
Cu,32,27,12;8;31;19;24;26;29;16;3;5;11;2;6;18;10;1;15;23;14;25;7;9;13;30;17;32;4,True,F3,54.95992701892721,68.50989770765909,65.36664307796045,0.8022187867430277,0.8407946994215151
Cu,32,27,12;8;31;19;24;26;29;16;3;5;11;2;6;18;10;1;15;23;14;25;7;9;13;30;17;32;4,True,F4,605.5082954521057,701.2959771870612,645.1547569861616,0.8634133306750661,0.9385473623115418
Cu,32,28,12;8;31;19;24;26;29;16;3;5;11;2;6;18;10;1;15;23;14;25;7;9;13;30;17;32;4;22,False,F1,72.99837749766243,83.50545953238955,77.38268371780238,0.8741749091189457,0.943342541128083
Cu,32,28,12;8;31;19;24;26;29;16;3;5;11;2;6;18;10;1;15;23;14;25;7;9;13;30;17;32;4;22,False,F2,174.66184955655083,187.31309809152845,180.44395922315556,0.9324593492720102,0.9679562026265786
Cu,32,28,12;8;31;19;24;26;29;16;3;5;11;2;6;18;10;1;15;23;14;25;7;9;13;30;17;32;4;22,False,F3,55.755853892399735,68.50989770765909,66.11754887839894,0.8138364784942087,0.8432837399181863
Cu,32,28,12;8;31;19;24;26;29;16;3;5;11;2;6;18;10;1;15;23;14;25;7;9;13;30;17;32;4;22,False,F4,632.6971574499271,701.2959771870612,659.9842901234972,0.9021827844895276,0.9586548754539838
Cu,32,29,12;8;31;19;24;26;29;16;3;5;11;2;6;18;10;1;15;23;14;25;7;9;13;30;17;32;4;22;20,False,F1,76.13218951929859,83.50545953238955,79.10052975534543,0.9117031382812634,0.9624738260890566
Cu,32,29,12;8;31;19;24;26;29;16;3;5;11;2;6;18;10;1;15;23;14;25;7;9;13;30;17;32;4;22;20,False,F2,176.86712468288738,187.31309809152845,182.6492343494921,0.944232552261045,0.9683430938695265
Cu,32,29,12;8;31;19;24;26;29;16;3;5;11;2;6;18;10;1;15;23;14;25;7;9;13;30;17;32;4;22;20,False,F3,57.612927682998944,68.50989770765909,66.8374115842479,0.8409431280840766,0.8619862187568172
Cu,32,29,12;8;31;19;24;26;29;16;3;5;11;2;6;18;10;1;15;23;14;25;7;9;13;30;17;32;4;22;20,False,F4,658.4037013962966,701.2959771870612,674.3892535270334,0.9388385543536011,0.9762962531696155
Cu,32,30,12;8;31;19;24;26;29;16;3;5;11;2;6;18;10;1;15;23;14;25;7;9;13;30;17;32;4;22;20;28,False,F1,78.26669663959315,83.50545953238955,80.79375524231602,0.9372644265161558,0.9687221048812035
Cu,32,30,12;8;31;19;24;26;29;16;3;5;11;2;6;18;10;1;15;23;14;25;7;9;13;30;17;32;4;22;20;28,False,F2,179.16582465858923,187.31309809152845,184.52307718162376,0.9565045182854317,0.9709670323904177
Cu,32,30,12;8;31;19;24;26;29;16;3;5;11;2;6;18;10;1;15;23;14;25;7;9;13;30;17;32;4;22;20;28,False,F3,59.82953123099714,68.50989770765909,67.42298746928905,0.8732976289980429,0.887375856168481
Cu,32,30,12;8;31;19;24;26;29;16;3;5;11;2;6;18;10;1;15;23;14;25;7;9;13;30;17;32;4;22;20;28,False,F4,678.0345991887903,701.2959771870612,683.6139984345976,0.9668308691979474,0.9918383777123002
Cu,32,31,12;8;31;19;24;26;29;16;3;5;11;2;6;18;10;1;15;23;14;25;7;9;13;30;17;32;4;22;20;28;21,False,F1,81.32407662728247,83.50545953238955,82.4072756148224,0.9738773618237382,0.9868555418261504
Cu,32,31,12;8;31;19;24;26;29;16;3;5;11;2;6;18;10;1;15;23;14;25;7;9;13;30;17;32;4;22;20;28;21,False,F2,182.22320464627853,187.31309809152845,185.95449940723898,0.9728268151180608,0.9799343668862298
Cu,32,31,12;8;31;19;24;26;29;16;3;5;11;2;6;18;10;1;15;23;14;25;7;9;13;30;17;32;4;22;20;28;21,False,F3,63.0045027566745,68.50989770765909,67.98341883704903,0.9196408820448565,0.9267627876687313
Cu,32,31,12;8;31;19;24;26;29;16;3;5;11;2;6;18;10;1;15;23;14;25;7;9;13;30;17;32;4;22;20;28;21,False,F4,692.4395625923264,701.2959771870612,692.4704130293325,0.9873713597641635,0.9999554487290351
Fe,32,1,12,False,F1,35.260589423134455,1063.1017119348026,64.56494997373328,0.03316765369417155,0.5461258691825734
Fe,32,1,12,False,F2,8118.517509720206,75304.7176760008,8202.838744858514,0.10780888316519821,0.9897204811942499
Fe,32,1,12,False,F3,1100.5874717165393,25690.70277068814,4299.051295429783,0.04283991300433621,0.25600705739113816
Fe,32,1,12,False,F4,12616.812155781496,389803.2748235641,21008.787429760458,0.0323671271399457,0.6005492795794999
Fe,32,2,12;8,False,F1,99.82553939686773,1063.1017119348026,127.26076853425803,0.09390027151323954,0.7844172288649596
Fe,32,2,12;8,False,F2,8446.722672086684,75304.7176760008,16321.35625457872,0.11216724440066002,0.5175257828047886
Fe,32,2,12;8,False,F3,1232.4075779129114,25690.70277068814,8442.18259618307,0.04797095622152576,0.14598210402012804
Fe,32,2,12;8,False,F4,33240.701890248296,389803.2748235641,41712.29640619767,0.08527558396038096,0.7969041446806882
Fe,32,3,12;8;31,False,F1,123.85672878254056,1063.1017119348026,188.30375263522916,0.11650506004465581,0.657749657397792
Fe,32,3,12;8;31,False,F2,8678.022869923785,75304.7176760008,24426.607148533913,0.11523876773910838,0.35526926916842155
Fe,32,3,12;8;31,False,F3,1371.8385413277006,25690.70277068814,12384.974258506198,0.05339824891411311,0.11076636193938796
Fe,32,3,12;8;31,False,F4,42915.78704197173,389803.2748235641,62336.18614066446,0.1100960146150558,0.6884570535824936
Fe,32,4,12;8;31;19,False,F1,146.99168329947642,1063.1017119348026,242.42741273267836,0.13826681083219916,0.6063327642800952
Fe,32,4,12;8;31;19,False,F2,9163.394215689099,75304.7176760008,32245.475570060866,0.12168419852677334,0.2841761225006427
Fe,32,4,12;8;31;19,False,F3,1564.5527124537762,25690.70277068814,15853.834450744647,0.060899568471083465,0.0986860760603117
Fe,32,4,12;8;31;19,False,F4,51998.72642137723,389803.2748235641,81959.3107659945,0.13339735651249546,0.6344456283904216
Fe,32,5,12;8;31;19;24,False,F1,169.99716064127287,1063.1017119348026,295.64532352793964,0.1599067697218593,0.5750037193644548
Fe,32,5,12;8;31;19;24,False,F2,9711.48075279915,75304.7176760008,39483.222796528025,0.1289624482038812,0.24596474312256836
Fe,32,5,12;8;31;19;24,False,F3,1697.529427638226,25690.70277068814,16954.421922461188,0.06607563221567553,0.1001231086144755
Fe,32,5,12;8;31;19;24,False,F4,61953.482435072714,389803.2748235641,101126.21590221122,0.15893525384853321,0.6126352289794129
Fe,32,6,12;8;31;19;24;26,False,F1,189.94132305601946,1063.1017119348026,348.3660836955871,0.1786671218037396,0.5452348318213318
Fe,32,6,12;8;31;19;24;26,False,F2,11946.355840588029,75304.7176760008,46425.087901086896,0.1586402048804874,0.257325432878897
Fe,32,6,12;8;31;19;24;26,False,F3,2000.980931045392,25690.70277068814,17924.432638651335,0.07788735671833841,0.11163426878743032
Fe,32,6,12;8;31;19;24;26,False,F4,70332.82689826285,389803.2748235641,120241.58854362213,0.18043159573273843,0.584929289026708
Fe,32,7,12;8;31;19;24;26;29,False,F1,211.51356832548637,1063.1017119348026,395.2489201535663,0.19895891987657527,0.5351401548252349
Fe,32,7,12;8;31;19;24;26;29,False,F2,12354.47262027899,75304.7176760008,51429.38008106639,0.16405974288933947,0.24022207930185147
Fe,32,7,12;8;31;19;24;26;29,False,F3,2140.4480051131086,25690.70277068814,18657.518284792684,0.08331605500318415,0.11472308226854258
Fe,32,7,12;8;31;19;24;26;29,False,F4,80100.29130183031,389803.2748235641,136446.902635489,0.20548901580697582,0.5870436759991114
Fe,32,8,12;8;31;19;24;26;29;16,False,F1,250.2028491118371,1063.1017119348026,436.70525027566106,0.23535175073368844,0.5729329998984481
Fe,32,8,12;8;31;19;24;26;29;16,False,F2,17358.764800258476,75304.7176760008,55483.11681593719,0.23051364291603496,0.31286571116481104
Fe,32,8,12;8;31;19;24;26;29;16,False,F3,2595.639237221909,25690.70277068814,19380.545852806135,0.10103418580605777,0.13393014092253147
Fe,32,8,12;8;31;19;24;26;29;16,False,F4,95463.56236000982,389803.2748235641,151810.1736936685,0.24490189930605202,0.6288350776321606
Fe,32,9,12;8;31;19;24;26;29;16;3,False,F1,285.21736120234965,1063.1017119348026,475.8509931839576,0.26828793331850204,0.5993837677923863
Fe,32,9,12;8;31;19;24;26;29;16;3,False,F2,24596.51202672563,75304.7176760008,58856.928012535434,0.3266264423505621,0.41790342882807324
Fe,32,9,12;8;31;19;24;26;29;16;3,False,F3,6738.770537975194,25690.70277068814,20099.30667598211,0.26230386136668116,0.3352737806636765
Fe,32,9,12;8;31;19;24;26;29;16;3,False,F4,106096.65621343577,389803.2748235641,164789.75627042336,0.27218000223691835,0.6438304092114135
Fe,32,10,12;8;31;19;24;26;29;16;3;5,False,F1,313.68053270475684,1063.1017119348026,514.5402739703084,0.2950616382075717,0.609632614925023
Fe,32,10,12;8;31;19;24;26;29;16;3;5,False,F2,27970.323223323874,75304.7176760008,61547.828003018425,0.3714285649893335,0.45444858301014546
Fe,32,10,12;8;31;19;24;26;29;16;3;5,False,F3,10207.630730213643,25690.70277068814,20741.211805668885,0.3973278123734342,0.49214244692413506
Fe,32,10,12;8;31;19;24;26;29;16;3;5,False,F4,117643.82473783357,389803.2748235641,177406.56842620485,0.3018030692304534,0.6631311669092423
Fe,32,11,12;8;31;19;24;26;29;16;3;5;11,False,F1,374.72351680572797,1063.1017119348026,549.8008633934428,0.35248134077758764,0.6815622560009917
Fe,32,11,12;8;31;19;24;26;29;16;3;5;11,False,F2,29510.704775246817,75304.7176760008,63782.7030908073,0.3918838777434487,0.46267566824868633
Fe,32,11,12;8;31;19;24;26;29;16;3;5;11,False,F3,10849.535859900418,25690.70277068814,21231.309707894347,0.4223137045623842,0.5110158539049657
Fe,32,11,12;8;31;19;24;26;29;16;3;5;11,False,F4,136759.1973792445,389803.2748235641,188953.73695060267,0.3508415814134592,0.7237708001244603
Fe,32,12,12;8;31;19;24;26;29;16;3;5;11;2,False,F1,399.83587552451127,1063.1017119348026,584.8153754839553,0.37610312450426403,0.6836959017940201
Fe,32,12,12;8;31;19;24;26;29;16;3;5;11;2,False,F2,36452.56987980569,75304.7176760008,65374.00930076547,0.48406754589590506,0.5576003410177699
Fe,32,12,12;8;31;19;24;26;29;16;3;5;11;2,False,F3,14792.327522223548,25690.70277068814,21708.689756689935,0.5757852423990862,0.6814012125105348
Fe,32,12,12;8;31;19;24;26;29;16;3;5;11;2,False,F4,146392.89588391274,389803.2748235641,200346.32359960966,0.37555583890405814,0.7306991875552338
Fe,32,13,12;8;31;19;24;26;29;16;3;5;11;2;6,True,F1,452.55663569215875,1063.1017119348026,618.3355667788595,0.42569457899613744,0.7318948803959232
Fe,32,13,12;8;31;19;24;26;29;16;3;5;11;2;6,True,F2,38043.876089763864,75304.7176760008,66914.39085268843,0.5051991065612644,0.5685455042625613
Fe,32,13,12;8;31;19;24;26;29;16;3;5;11;2;6,True,F3,15515.355090236999,25690.70277068814,22163.88098879873,0.603928792011843,0.7000288035330189
Fe,32,13,12;8;31;19;24;26;29;16;3;5;11;2;6,True,F4,167401.6833136732,389803.2748235641,211302.55559302564,0.4294517109673947,0.7922369080859263
Fe,32,14,12;8;31;19;24;26;29;16;3;5;11;2;6;18,False,F1,479.9977798951135,1063.1017119348026,651.3782659668963,0.4515069202753298,0.7368956027149784
Fe,32,14,12;8;31;19;24;26;29;16;3;5;11;2;6;18,False,F2,38878.08687353369,75304.7176760008,68319.67302736148,0.5162769089820772,0.5690613720877049
Fe,32,14,12;8;31;19;24;26;29;16;3;5;11;2;6;18,False,F3,15651.515434329754,25690.70277068814,22552.445738205468,0.6092287771974608,0.6940052363285353
Fe,32,14,12;8;31;19;24;26;29;16;3;5;11;2;6;18,False,F4,177436.50528738464,389803.2748235641,222256.58586424234,0.4551950092458751,0.798340821251369
Fe,32,15,12;8;31;19;24;26;29;16;3;5;11;2;6;18;10,False,F1,542.6935984556383,1063.1017119348026,681.9910210900999,0.5104813512791336,0.7957488906352351
Fe,32,15,12;8;31;19;24;26;29;16;3;5;11;2;6;18;10,False,F2,39558.71267982675,75304.7176760008,69153.88381113131,0.5253151980468004,0.5720389152381808
Fe,32,15,12;8;31;19;24;26;29;16;3;5;11;2;6;18;10,False,F3,15937.408366965747,25690.70277068814,22892.90913490714,0.6203570415811889,0.6961722633435156
Fe,32,15,12;8;31;19;24;26;29;16;3;5;11;2;6;18;10,False,F4,197059.62991271468,389803.2748235641,232889.67971766827,0.5055361066474092,0.8461501177364738
Fe,32,16,12;8;31;19;24;26;29;16;3;5;11;2;6;18;10;1,False,F1,575.736297643675,1063.1017119348026,710.4541925925072,0.5415627603457227,0.8103777888096695
Fe,32,16,12;8;31;19;24;26;29;16;3;5;11;2;6;18;10;1,False,F2,47663.96357378194,75304.7176760008,69929.76979669293,0.6329479087732134,0.68159760445881
Fe,32,16,12;8;31;19;24;26;29;16;3;5;11;2;6;18;10;1,False,F3,16414.78841576133,25690.70277068814,23196.360638314305,0.6389388629138559,0.7076449910271012
Fe,32,16,12;8;31;19;24;26;29;16;3;5;11;2;6;18;10;1,False,F4,208452.21656172167,389803.2748235641,243417.58740721754,0.5347626098217697,0.8563564316862541
Fe,32,17,12;8;31;19;24;26;29;16;3;5;11;2;6;18;10;1;15,False,F1,628.9542084389363,1063.1017119348026,737.895336795462,0.5916218564771802,0.8523623569304069
Fe,32,17,12;8;31;19;24;26;29;16;3;5;11;2;6;18;10;1;15,False,F2,47834.260888326775,75304.7176760008,70610.39560298598,0.635209351612393,0.677439355492068
Fe,32,17,12;8;31;19;24;26;29;16;3;5;11;2;6;18;10;1;15,False,F3,16564.330745096013,25690.70277068814,23482.25357095029,0.644759736350814,0.7053978313898975
Fe,32,17,12;8;31;19;24;26;29;16;3;5;11;2;6;18;10;1;15,False,F4,229155.72553815888,389803.2748235641,253738.17511721636,0.5878753215756876,0.9031188366996751
Fe,32,18,12;8;31;19;24;26;29;16;3;5;11;2;6;18;10;1;15;23,False,F1,668.0999513472328,1063.1017119348026,765.3277172876141,0.6284440555845947,0.8729593039110557
Fe,32,18,12;8;31;19;24;26;29;16;3;5;11;2;6;18;10;1;15;23,False,F2,47991.93124170741,75304.7176760008,71231.46981016878,0.6373031162296247,0.6737461878802371
Fe,32,18,12;8;31;19;24;26;29;16;3;5;11;2;6;18;10;1;15;23,False,F3,16714.93311711821,25690.70277068814,23760.37875703087,0.6506218715117885,0.7034792369280788
Fe,32,18,12;8;31;19;24;26;29;16;3;5;11;2;6;18;10;1;15;23,False,F4,239683.63322770814,389803.2748235641,263772.99709092785,0.6148835802782716,0.9086738819784664
Fe,32,19,12;8;31;19;24;26;29;16;3;5;11;2;6;18;10;1;15;23;14,False,F1,690.1415007718434,1063.1017119348026,791.9251799103525,0.6491773016862268,0.8714731117022555
Fe,32,19,12;8;31;19;24;26;29;16;3;5;11;2;6;18;10;1;15;23;14,False,F2,52045.66797657821,75304.7176760008,71842.24427003277,0.691134228807618,0.7244437935562626
Fe,32,19,12;8;31;19;24;26;29;16;3;5;11;2;6;18;10;1;15;23;14,False,F3,21013.984412547994,25690.70277068814,24031.36718144881,0.8179606685000436,0.8744398208342425
Fe,32,19,12;8;31;19;24;26;29;16;3;5;11;2;6;18;10;1;15;23;14,False,F4,250639.8652211241,389803.2748235641,273727.75310462335,0.6429906606981964,0.9156538289536368
Fe,32,20,12;8;31;19;24;26;29;16;3;5;11;2;6;18;10;1;15;23;14;25,False,F1,710.182793920365,1063.1017119348026,817.0375386291357,0.6680290191875063,0.8692168478720615
Fe,32,20,12;8;31;19;24;26;29;16;3;5;11;2;6;18;10;1;15;23;14;25,False,F2,52459.13894117807,75304.7176760008,72390.33080714282,0.6966248670751807,0.7246705237600859
Fe,32,20,12;8;31;19;24;26;29;16;3;5;11;2;6;18;10;1;15;23;14;25,False,F3,21354.447809249665,25690.70277068814,24224.08135257489,0.8312130656703586,0.8815379827388089
Fe,32,20,12;8;31;19;24;26;29;16;3;5;11;2;6;18;10;1;15;23;14;25,False,F4,259991.31190583686,389803.2748235641,283495.2175081908,0.6669808303265697,0.9170924087928403
Fe,32,21,12;8;31;19;24;26;29;16;3;5;11;2;6;18;10;1;15;23;14;25;7,True,F1,764.3064540178143,1063.1017119348026,841.0687280148086,0.7189401027553678,0.9087324597382453
Fe,32,21,12;8;31;19;24;26;29;16;3;5;11;2;6;18;10;1;15;23;14;25;7,True,F2,53864.421115851124,75304.7176760008,72875.70215290814,0.7152861437925212,0.7391273020304153
Fe,32,21,12;8;31;19;24;26;29;16;3;5;11;2;6;18;10;1;15;23;14;25;7,True,F3,22087.533455391007,25690.70277068814,24404.456897052696,0.8597481218221801,0.9050614626895671
Fe,32,21,12;8;31;19;24;26;29;16;3;5;11;2;6;18;10;1;15;23;14;25;7,True,F4,279158.2170420536,389803.2748235641,293170.3026599142,0.7161515437970818,0.9522049624715399
Fe,32,22,12;8;31;19;24;26;29;16;3;5;11;2;6;18;10;1;15;23;14;25;7;9,False,F1,791.7388345099664,1063.1017119348026,864.7937233295456,0.7447442005046097,0.9155233359715998
Fe,32,22,12;8;31;19;24;26;29;16;3;5;11;2;6;18;10;1;15;23;14;25;7;9,False,F2,54640.30710141274,75304.7176760008,73289.17311750799,0.725589429024927,0.7455440521044678
Fe,32,22,12;8;31;19;24;26;29;16;3;5;11;2;6;18;10;1;15;23;14;25;7;9,False,F3,22577.63135761647,25690.70277068814,24555.05926907489,0.8788249803495629,0.9194696339442833
Fe,32,22,12;8;31;19;24;26;29;16;3;5;11;2;6;18;10;1;15;23;14;25;7;9,False,F4,295363.5311339205,389803.2748235641,302804.00116458244,0.7577246016406873,0.9754280986973555
Fe,32,23,12;8;31;19;24;26;29;16;3;5;11;2;6;18;10;1;15;23;14;25;7;9;13,True,F1,825.2590258048707,1063.1017119348026,887.9286778464814,0.7762747595457563,0.9294203987266126
Fe,32,23,12;8;31;19;24;26;29;16;3;5;11;2;6;18;10;1;15;23;14;25;7;9;13,True,F2,62843.145846271254,75304.7176760008,73697.28989719895,0.834518045956356,0.8527199023726891
Fe,32,23,12;8;31;19;24;26;29;16;3;5;11;2;6;18;10;1;15;23;14;25;7;9;13,True,F3,23296.39218079245,25690.70277068814,24704.601598409572,0.9068024486808712,0.9429980923996046
Fe,32,23,12;8;31;19;24;26;29;16;3;5;11;2;6;18;10;1;15;23;14;25;7;9;13,True,F4,306317.5614051372,389803.2748235641,312419.62071720825,0.7858260337699449,0.9804683864026759
Fe,32,24,12;8;31;19;24;26;29;16;3;5;11;2;6;18;10;1;15;23;14;25;7;9;13;30,False,F1,851.8564884276092,1063.1017119348026,910.9341551882778,0.8012934970044066,0.9351460625071654
Fe,32,24,12;8;31;19;24;26;29;16;3;5;11;2;6;18;10;1;15;23;14;25;7;9;13;30,False,F2,63453.92030613523,75304.7176760008,74025.49505956541,0.8426287524129136,0.8571900837012485
Fe,32,24,12;8;31;19;24;26;29;16;3;5;11;2;6;18;10;1;15;23;14;25;7;9;13;30,False,F3,23684.956930199183,25690.70277068814,24844.06867247729,0.9219271711485675,0.953344528323487
Fe,32,24,12;8;31;19;24;26;29;16;3;5;11;2;6;18;10;1;15;23;14;25;7;9;13;30,False,F4,315757.3096759161,389803.2748235641,322017.0509182776,0.8100427319879154,0.9805608391713702
Fe,32,25,12;8;31;19;24;26;29;16;3;5;11;2;6;18;10;1;15;23;14;25;7;9;13;30;17,False,F1,867.2925379197703,1063.1017119348026,932.9757046128884,0.8158133207605627,0.9295982024308217
Fe,32,25,12;8;31;19;24;26;29;16;3;5;11;2;6;18;10;1;15;23;14;25;7;9;13;30;17,False,F2,66144.82029661823,75304.7176760008,74324.96494755111,0.8783622372931121,0.889940820601727
Fe,32,25,12;8;31;19;24;26;29;16;3;5;11;2;6;18;10;1;15;23;14;25;7;9;13;30;17,False,F3,23955.945354617124,25690.70277068814,24983.499635892076,0.9324752837026206,0.9588706828006299
Fe,32,25,12;8;31;19;24;26;29;16;3;5;11;2;6;18;10;1;15;23;14;25;7;9;13;30;17,False,F4,323244.2663885213,389803.2748235641,331456.7991890565,0.829249745361505,0.975222916468668
Fe,32,26,12;8;31;19;24;26;29;16;3;5;11;2;6;18;10;1;15;23;14;25;7;9;13;30;17;32,False,F1,884.2665396679475,1063.1017119348026,954.5479498823554,0.8317798097217037,0.926372048441286
Fe,32,26,12;8;31;19;24;26;29;16;3;5;11;2;6;18;10;1;15;23;14;25;7;9;13;30;17;32,False,F2,66444.29018460393,75304.7176760008,74556.26514538821,0.8823390118860954,0.891196602391958
Fe,32,26,12;8;31;19;24;26;29;16;3;5;11;2;6;18;10;1;15;23;14;25;7;9;13;30;17;32,False,F3,24025.78124752391,25690.70277068814,25119.659979984834,0.9351936170051438,0.956453282674506
Fe,32,26,12;8;31;19;24;26;29;16;3;5;11;2;6;18;10;1;15;23;14;25;7;9;13;30;17;32,False,F4,332841.69658959063,389803.2748235641,340808.2458737692,0.8538709602689821,0.9766245406892846
Fe,32,27,12;8;31;19;24;26;29;16;3;5;11;2;6;18;10;1;15;23;14;25;7;9;13;30;17;32;4,True,F1,925.7228697900423,1063.1017119348026,974.5892430308768,0.8707754482920207,0.949859519186909
Fe,32,27,12;8;31;19;24;26;29;16;3;5;11;2;6;18;10;1;15;23;14;25;7;9;13;30;17;32;4,True,F2,74263.15860613089,75304.7176760008,74726.56245993305,0.9861687407905674,0.9937986729410894
Fe,32,27,12;8;31;19;24;26;29;16;3;5;11;2;6;18;10;1;15;23;14;25;7;9;13;30;17;32;4,True,F3,24995.791963714066,25690.70277068814,25252.636695169283,0.9729508837038535,0.989828993520334
Fe,32,27,12;8;31;19;24;26;29;16;3;5;11;2;6;18;10;1;15;23;14;25;7;9;13;30;17;32;4,True,F4,345821.2791663455,389803.2748235641,349920.8635200253,0.887168737417288,0.9882842528666623
Fe,32,28,12;8;31;19;24;26;29;16;3;5;11;2;6;18;10;1;15;23;14;25;7;9;13;30;17;32;4;22,False,F1,972.6057062480214,1063.1017119348026,994.5334054456234,0.9148754962287832,0.9779517720797153
Fe,32,28,12;8;31;19;24;26;29;16;3;5;11;2;6;18;10;1;15;23;14;25;7;9;13;30;17;32;4;22,False,F2,74884.2328133137,75304.7176760008,74884.23281331369,0.9944162215108988,1.0000000000000002
Fe,32,28,12;8;31;19;24;26;29;16;3;5;11;2;6;18;10;1;15;23;14;25;7;9;13;30;17;32;4;22,False,F3,25176.16750819187,25690.70277068814,25384.45680136566,0.979971927312034,0.9917946129474559
Fe,32,28,12;8;31;19;24;26;29;16;3;5;11;2;6;18;10;1;15;23;14;25;7;9;13;30;17;32;4;22,False,F4,355436.89871897124,389803.2748235641,359003.80289943074,0.9118366152255953,0.9900644390069073
Fe,32,29,12;8;31;19;24;26;29;16;3;5;11;2;6;18;10;1;15;23;14;25;7;9;13;30;17;32;4;22;20,False,F1,996.3307015627585,1063.1017119348026,1013.4834127178945,0.9371922652155987,0.9830754890115696
Fe,32,29,12;8;31;19;24;26;29;16;3;5;11;2;6;18;10;1;15;23;14;25;7;9;13;30;17;32;4;22;20,False,F2,75020.92113859292,75304.7176760008,75020.92113859291,0.996231357793161,1.0000000000000002
Fe,32,29,12;8;31;19;24;26;29;16;3;5;11;2;6;18;10;1;15;23;14;25;7;9;13;30;17;32;4;22;20,False,F3,25290.478849253785,25690.70277068814,25498.768142427572,0.9844214490741376,0.9918313978145786
Fe,32,29,12;8;31;19;24;26;29;16;3;5;11;2;6;18;10;1;15;23;14;25;7;9;13;30;17;32;4;22;20,False,F4,365757.48642897006,389803.2748235641,367735.6452939157,0.9383130159553487,0.9946207040566748
Fe,32,30,12;8;31;19;24;26;29;16;3;5;11;2;6;18;10;1;15;23;14;25;7;9;13;30;17;32;4;22;20;28,False,F1,1026.943456685962,1063.1017119348026,1030.6916606944637,0.9659879625412003,0.9963634090083001
Fe,32,30,12;8;31;19;24;26;29;16;3;5;11;2;6;18;10;1;15;23;14;25;7;9;13;30;17;32;4;22;20;28,False,F2,75156.18680076522,75304.7176760008,75156.18680076521,0.9980276019906928,1.0000000000000002
Fe,32,30,12;8;31;19;24;26;29;16;3;5;11;2;6;18;10;1;15;23;14;25;7;9;13;30;17;32;4;22;20;28,False,F3,25568.604035334363,25690.70277068814,25581.50917036971,0.9952473571297906,0.9994955287841151
Fe,32,30,12;8;31;19;24;26;29;16;3;5;11;2;6;18;10;1;15;23;14;25;7;9;13;30;17;32;4;22;20;28,False,F4,374870.1040752261,389803.2748235641,376114.9897571058,0.9616904943779727,0.9966901460569715
Fe,32,31,12;8;31;19;24;26;29;16;3;5;11;2;6;18;10;1;15;23;14;25;7;9;13;30;17;32;4;22;20;28;21,False,F1,1044.1517046625313,1063.1017119348026,1047.665662442641,0.9821747937572379,0.9966459168167096
Fe,32,31,12;8;31;19;24;26;29;16;3;5;11;2;6;18;10;1;15;23;14;25;7;9;13;30;17;32;4;22;20;28;21,False,F2,75236.57053446399,75304.7176760008,75236.57053446397,0.9990950481770609,1.0000000000000002
Fe,32,31,12;8;31;19;24;26;29;16;3;5;11;2;6;18;10;1;15;23;14;25;7;9;13;30;17;32;4;22;20;28;21,False,F3,25651.345063276498,25690.70277068814,25651.345063276494,0.9984680174862111,1.0000000000000002
Fe,32,31,12;8;31;19;24;26;29;16;3;5;11;2;6;18;10;1;15;23;14;25;7;9;13;30;17;32;4;22;20;28;21,False,F4,383601.9464697111,389803.2748235641,383601.946469711,0.9840911332603351,1.0000000000000002
Mn,32,1,12,False,F1,52.97721427298058,2236.251862903745,182.423645915076,0.02369018228751315,0.2904076059177282
Mn,32,1,12,False,F2,499.67613773426046,22340.001059768674,1641.2070912027164,0.02236688066385591,0.30445648231271394
Mn,32,1,12,False,F3,91.73097413025823,3740.7002800847526,211.8948175309385,0.024522406838801823,0.4329080588149104
Mn,32,1,12,False,F4,203.14470892927793,6577.883800722278,288.06670688564,0.03088298837187909,0.7052002333956788
Mn,32,2,12;8,False,F1,106.7873323514066,2236.251862903745,330.5972528202448,0.04775281985131344,0.32301336880578957
Mn,32,2,12;8,False,F2,944.5732601276652,22340.001059768674,2788.4551494358184,0.04228170167049428,0.33874429012020457
Mn,32,2,12;8,False,F3,174.5276314601,3740.7002800847526,416.67955995845944,0.046656406125150915,0.41885335454779543
Mn,32,2,12;8,False,F4,403.6643662894169,6577.883800722278,570.2215136726873,0.06136690439029843,0.7079079912111562
Mn,32,3,12;8;31,False,F1,191.94172184166754,2236.251862903745,425.57936657643234,0.08583188907551478,0.4510127532397546
Mn,32,3,12;8;31,False,F2,1376.826302762161,22340.001059768674,3861.5693875350335,0.061630538829366456,0.35654578866470515
Mn,32,3,12;8;31,False,F3,335.58710554656955,3740.7002800847526,595.8284355147514,0.08971237480137441,0.5632277440009175
Mn,32,3,12;8;31,False,F4,615.1807537420383,6577.883800722278,842.9937891177564,0.09352259364546528,0.729757160353295
Mn,32,4,12;8;31;19,False,F1,258.55599074404364,2236.251862903745,516.2338460122905,0.11562024610604994,0.5008505210212194
Mn,32,4,12;8;31;19,False,F2,2449.9405408613757,22340.001059768674,4847.810047242685,0.10966608883798971,0.5053705728950418
Mn,32,4,12;8;31;19,False,F3,479.085343140438,3740.7002800847526,760.0575569281864,0.12807370472610638,0.6303277150176458
Mn,32,4,12;8;31;19,False,F4,871.9064605997589,6577.883800722278,1107.93753872239,0.13255121054343041,0.7869635517586953
Mn,32,5,12;8;31;19;24,False,F1,318.84437060154994,2236.251862903745,603.5121227605275,0.1425798121806971,0.5283147737664696
Mn,32,5,12;8;31;19;24,False,F2,3220.834374067847,22340.001059768674,5819.029643500496,0.1441734208270981,0.5535002519991153
Mn,32,5,12;8;31;19;24,False,F3,643.314464553873,3740.7002800847526,921.117031014656,0.17197701403099247,0.698406872192158
Mn,32,5,12;8;31;19;24,False,F4,1154.0612673868063,6577.883800722278,1364.663245580111,0.17544567559251895,0.8456747634440914
Mn,32,6,12;8;31;19;24;26,False,F1,376.0287393141343,2236.251862903745,689.1420637347503,0.16815133641783342,0.5456476379866825
Mn,32,6,12;8;31;19;24;26,False,F2,3999.328451832289,22340.001059768674,6739.708872273252,0.1790209607032893,0.5933978051018316
Mn,32,6,12;8;31;19;24;26,False,F3,736.9576503556976,3740.7002800847526,1081.0822849610233,0.1970106116972837,0.6816850674620641
Mn,32,6,12;8;31;19;24;26,False,F4,1419.00501699144,6577.883800722278,1620.531927081273,0.21572363695990307,0.8756415059018298
Mn,32,7,12;8;31;19;24;26;29,False,F1,524.2023462193031,2236.251862903745,774.4285352292121,0.23441113897547877,0.6768892446146136
Mn,32,7,12;8;31;19;24;26;29,False,F2,4970.5480480901,22340.001059768674,7624.026641723708,0.2224954257966167,0.651958378645738
Mn,32,7,12;8;31;19;24;26;29,False,F3,883.8648161762069,3740.7002800847526,1236.1241910934543,0.23628324912365908,0.7150291390983581
Mn,32,7,12;8;31;19;24;26;29,False,F4,1642.7996821399279,6577.883800722278,1867.0052770667635,0.24974592618366745,0.8799116436997526
Mn,32,8,12;8;31;19;24;26;29;16,False,F1,619.1844599754905,2236.251862903745,859.5829247194732,0.27688493869893854,0.720331270165194
Mn,32,8,12;8;31;19;24;26;29;16,False,F2,5956.788707797752,22340.001059768674,8486.275519364515,0.2666422750769302,0.7019320424142698
Mn,32,8,12;8;31;19;24;26;29;16,False,F3,1032.3593478052567,3740.7002800847526,1390.6815398620504,0.27598023645504866,0.7423405849679017
Mn,32,8,12;8;31;19;24;26;29;16,False,F4,1898.6683636410896,6577.883800722278,2110.3222545566896,0.2886442541646309,0.8997054168108266
Mn,32,9,12;8;31;19;24;26;29;16;3,False,F1,663.6461591525269,2236.251862903745,942.0922517367695,0.29676718001289476,0.7044386130223228
Mn,32,9,12;8;31;19;24;26;29;16;3,False,F2,6523.581965373922,22340.001059768674,9303.625032307185,0.2920135029501862,0.7011871117677829
Mn,32,9,12;8;31;19;24;26;29;16;3,False,F3,1117.023390103714,3740.7002800847526,1539.1760714911002,0.2986134430632346,0.7257281416943941
Mn,32,9,12;8;31;19;24;26;29;16;3,False,F4,2090.0561522238354,6577.883800722278,2345.190175454012,0.3177399016982238,0.891209665680616
Mn,32,10,12;8;31;19;24;26;29;16;3;5,False,F1,731.9159512342209,2236.251862903745,1019.0997836904654,0.327295848636583,0.7181985149518275
Mn,32,10,12;8;31;19;24;26;29;16;3;5,False,F2,7340.931478316592,22340.001059768674,10111.641422468703,0.3286003191618741,0.7259881132656247
Mn,32,10,12;8;31;19;24;26;29;16;3;5,False,F3,1272.065296236145,3740.7002800847526,1686.0832373116095,0.3400607375598999,0.7544498801046151
Mn,32,10,12;8;31;19;24;26;29;16;3;5,False,F4,2320.0562144887845,6577.883800722278,2575.8896942241076,0.3527055637915089,0.9006815080983568
Mn,32,11,12;8;31;19;24;26;29;16;3;5;11,False,F1,801.8483728612581,2236.251862903745,1094.633243597178,0.35856800665559563,0.7325269696964695
Mn,32,11,12;8;31;19;24;26;29;16;3;5;11,False,F2,8488.179536549695,22340.001059768674,10918.997606760478,0.37995430321781676,0.7773771771223993
Mn,32,11,12;8;31;19;24;26;29;16;3;5;11,False,F3,1403.1997225227678,3740.7002800847526,1829.581474905478,0.3751168544545824,0.7669512081145562
Mn,32,11,12;8;31;19;24;26;29;16;3;5;11,False,F4,2566.529564474275,6577.883800722278,2805.889756489056,0.3901755704763985,0.9146936577029717
Mn,32,12,12;8;31;19;24;26;29;16;3;5;11;2,False,F1,856.0987379372889,2236.251862903745,1165.6536155018762,0.38282751247243474,0.7344366512934399
Mn,32,12,12;8;31;19;24;26;29;16;3;5;11;2,False,F2,9225.951820640897,22340.001059768674,11721.238446363206,0.4129790234099671,0.7871140803814523
Mn,32,12,12;8;31;19;24;26;29;16;3;5;11;2,False,F3,1503.0400028283548,3740.7002800847526,1960.7159011921005,0.4018071190654977,0.7665771476196617
Mn,32,12,12;8;31;19;24;26;29;16;3;5;11;2,False,F4,2801.3974853715977,6577.883800722278,3029.6844216375434,0.42588126671741955,0.924649929003973
Mn,32,13,12;8;31;19;24;26;29;16;3;5;11;2;6,True,F1,943.377014685526,2236.251862903745,1235.5860371289132,0.42185633484976187,0.763505726301033
Mn,32,13,12;8;31;19;24;26;29;16;3;5;11;2;6,True,F2,10033.968210802417,22340.001059768674,12499.732524127649,0.44914806333076857,0.8027346338359095
Mn,32,13,12;8;31;19;24;26;29;16;3;5;11;2;6,True,F3,1615.9568317022254,3740.7002800847526,2079.858446627445,0.4319931324905862,0.7769551982359902
Mn,32,13,12;8;31;19;24;26;29;16;3;5;11;2;6,True,F4,3044.7144628615238,6577.883800722278,3253.0808155389072,0.4628714272099489,0.9359479937657603
Mn,32,14,12;8;31;19;24;26;29;16;3;5;11;2;6;18,False,F1,1025.8863417028224,2236.251862903745,1303.8558292106072,0.4587525934447839,0.7868096446858885
Mn,32,14,12;8;31;19;24;26;29;16;3;5;11;2;6;18,False,F2,10954.647439575172,22340.001059768674,13272.277248849572,0.4903602023234911,0.8253781347526258
Mn,32,14,12;8;31;19;24;26;29;16;3;5;11;2;6;18,False,F3,1770.5141804708214,3740.7002800847526,2198.369212826187,0.47331089044928965,0.8053761716371008
Mn,32,14,12;8;31;19;24;26;29;16;3;5;11;2;6;18,False,F4,3317.486738306593,6577.883800722278,3472.21506219762,0.5043395169039502,0.9554381508289707
Mn,32,15,12;8;31;19;24;26;29;16;3;5;11;2;6;18;10,False,F1,1116.5408211386807,2236.251862903745,1370.5460157101497,0.49929117540850987,0.814668612611408
Mn,32,15,12;8;31;19;24;26;29;16;3;5;11;2;6;18;10,False,F2,12595.854530777888,22340.001059768674,14043.171082056044,0.5638251536819002,0.8969380531774981
Mn,32,15,12;8;31;19;24;26;29;16;3;5;11;2;6;18;10,False,F3,1982.40899800176,3740.7002800847526,2314.385014610702,0.5299566523829716,0.8565597277405536
Mn,32,15,12;8;31;19;24;26;29;16;3;5;11;2;6;18;10,False,F4,3605.553445192233,6577.883800722278,3683.7314496502413,0.5481327360626724,0.9787774962625381
Mn,32,16,12;8;31;19;24;26;29;16;3;5;11;2;6;18;10;1,False,F1,1201.8272926331426,2236.251862903745,1437.1969544719818,0.5374293086435197,0.8362300580261717
Mn,32,16,12;8;31;19;24;26;29;16;3;5;11;2;6;18;10;1,False,F2,13368.399255499811,22340.001059768674,14813.519025883208,0.5984063841238796,0.9024458828548177
Mn,32,16,12;8;31;19;24;26;29;16;3;5;11;2;6;18;10;1,False,F3,2074.11764355454,3740.7002800847526,2427.3018434845726,0.554473090131548,0.8544951461730814
Mn,32,16,12;8;31;19;24;26;29;16;3;5;11;2;6;18;10;1,False,F4,3824.6876918509456,6577.883800722278,3893.486670858909,0.5814465271385578,0.9823297253017728
Mn,32,17,12;8;31;19;24;26;29;16;3;5;11;2;6;18;10;1;15,False,F1,1252.9365342174638,2236.251862903745,1503.8112233743582,0.5602841768415752,0.8331740811230521
Mn,32,17,12;8;31;19;24;26;29;16;3;5;11;2;6;18;10;1;15,False,F2,13776.191070681552,22340.001059768674,15551.291309974411,0.6166602693448664,0.8858551226447459
Mn,32,17,12;8;31;19;24;26;29;16;3;5;11;2;6;18;10;1;15,False,F3,2163.1842371949692,3740.7002800847526,2539.2197567283088,0.5782832291353635,0.8519090289302698
Mn,32,17,12;8;31;19;24;26;29;16;3;5;11;2;6;18;10;1;15,False,F4,4024.792160484316,6577.883800722278,4098.211526619798,0.611867324266564,0.9820850227816234
Mn,32,18,12;8;31;19;24;26;29;16;3;5;11;2;6;18;10;1;15;23,False,F1,1304.577814047336,2236.251862903745,1564.2967473381336,0.5833769602111625,0.8339708027055959
Mn,32,18,12;8;31;19;24;26;29;16;3;5;11;2;6;18;10;1;15;23,False,F2,14322.308393450661,22340.001059768674,16246.742820026497,0.6411059854085327,0.8815495236249024
Mn,32,18,12;8;31;19;24;26;29;16;3;5;11;2;6;18;10;1;15;23,False,F3,2248.9893163551887,3740.7002800847526,2644.9203043176617,0.6012214686989661,0.8503051349728228
Mn,32,18,12;8;31;19;24;26;29;16;3;5;11;2;6;18;10;1;15;23,False,F4,4189.62524187138,6577.883800722278,4301.356235549077,0.6369260036809016,0.9740242408303031
Mn,32,19,12;8;31;19;24;26;29;16;3;5;11;2;6;18;10;1;15;23;14,False,F1,1329.0868816882364,2236.251862903745,1624.5851271956399,0.5943368471753596,0.818108487785129
Mn,32,19,12;8;31;19;24;26;29;16;3;5;11;2;6;18;10;1;15;23;14,False,F2,14663.194098249616,22340.001059768674,16813.53607760267,0.6563649687848963,0.8721064998208482
Mn,32,19,12;8;31;19;24;26;29;16;3;5;11;2;6;18;10;1;15;23;14,False,F3,2303.212917330632,3740.7002800847526,2744.7605846232486,0.6157170435687642,0.8391307169862962
Mn,32,19,12;8;31;19;24;26;29;16;3;5;11;2;6;18;10;1;15;23;14,False,F4,4304.911614138848,6577.883800722278,4501.8758929092155,0.6544523656173664,0.9562483987884692
Mn,32,20,12;8;31;19;24;26;29;16;3;5;11;2;6;18;10;1;15;23;14;25,False,F1,1395.777068187779,2236.251862903745,1681.7694959082241,0.6241591527956873,0.8299455255810799
Mn,32,20,12;8;31;19;24;26;29;16;3;5;11;2;6;18;10;1;15;23;14;25,False,F2,15358.645608301702,22340.001059768674,17359.653400371775,0.6874952945262187,0.8847322728213445
Mn,32,20,12;8;31;19;24;26;29;16;3;5;11;2;6;18;10;1;15;23;14;25,False,F3,2421.7236835293734,3740.7002800847526,2841.7360787052744,0.6473984821565294,0.8521986618239147
Mn,32,20,12;8;31;19;24;26;29;16;3;5;11;2;6;18;10;1;15;23;14;25,False,F4,4490.26605955249,6577.883800722278,4701.980361542585,0.6826307967099451,0.9549733759584148
Mn,32,21,12;8;31;19;24;26;29;16;3;5;11;2;6;18;10;1;15;23;14;25;7,True,F1,1471.3105280944917,2236.251862903745,1736.019860984255,0.6579359653093876,0.8475194098645372
Mn,32,21,12;8;31;19;24;26;29;16;3;5;11;2;6;18;10;1;15;23;14;25;7,True,F2,16128.993552128866,22340.001059768674,17901.304078276844,0.7219781910026408,0.9009954515940172
Mn,32,21,12;8;31;19;24;26;29;16;3;5;11;2;6;18;10;1;15;23;14;25;7,True,F3,2600.872559085665,3740.7002800847526,2935.379264507099,0.6952902837291036,0.8860431054119328
Mn,32,21,12;8;31;19;24;26;29;16;3;5;11;2;6;18;10;1;15;23;14;25;7,True,F4,4700.021280761159,6577.883800722278,4900.505630265523,0.7145187454124802,0.9590890482267436
Mn,32,22,12;8;31;19;24;26;29;16;3;5;11;2;6;18;10;1;15;23;14;25;7;9,False,F1,1548.3180600481878,2236.251862903745,1789.829979062681,0.6923719486756363,0.8650643235169349
Mn,32,22,12;8;31;19;24;26;29;16;3;5;11;2;6;18;10;1;15;23;14;25;7;9,False,F2,16931.234391731592,22340.001059768674,18439.18007919026,0.7578887013672734,0.9182205672387528
Mn,32,22,12;8;31;19;24;26;29;16;3;5;11;2;6;18;10;1;15;23;14;25;7;9,False,F3,2760.8378130320325,3740.7002800847526,3027.1102386373573,0.7380537349465166,0.9120374203071024
Mn,32,22,12;8;31;19;24;26;29;16;3;5;11;2;6;18;10;1;15;23;14;25;7;9,False,F4,4923.417674662523,6577.883800722278,5091.893418848268,0.7484804876185122,0.9669129476351347
Mn,32,23,12;8;31;19;24;26;29;16;3;5;11;2;6;18;10;1;15;23;14;25;7;9;13,True,F1,1633.9480010224104,2236.251862903745,1842.8071933356619,0.7306636735008682,0.8866624826142577
Mn,32,23,12;8;31;19;24;26;29;16;3;5;11;2;6;18;10;1;15;23;14;25;7;9;13,True,F2,17738.59057602337,22340.001059768674,18973.63810513419,0.7940281886543048,0.9349071842591632
Mn,32,23,12;8;31;19;24;26;29;16;3;5;11;2;6;18;10;1;15;23;14;25;7;9;13,True,F3,2857.8133071140583,3740.7002800847526,3118.8188841901374,0.7639781573329658,0.9163126854210214
Mn,32,23,12;8;31;19;24;26;29;16;3;5;11;2;6;18;10;1;15;23;14;25;7;9;13,True,F4,5128.142530423412,6577.883800722278,5279.407677586847,0.779603697143498,0.9713480836485473
Mn,32,24,12;8;31;19;24;26;29;16;3;5;11;2;6;18;10;1;15;23;14;25;7;9;13;30,False,F1,1816.3716469374863,2236.251862903745,1895.508069702314,0.8122392996372736,0.9582505482146241
Mn,32,24,12;8;31;19;24;26;29;16;3;5;11;2;6;18;10;1;15;23;14;25;7;9;13;30,False,F2,18199.536675459156,22340.001059768674,19473.314242868448,0.814661406092503,0.9345885578837317
Mn,32,24,12;8;31;19;24;26;29;16;3;5;11;2;6;18;10;1;15;23;14;25;7;9;13;30,False,F3,2976.955852549403,3740.7002800847526,3207.8854778305667,0.7958284892266093,0.9280118860610519
Mn,32,24,12;8;31;19;24;26;29;16;3;5;11;2;6;18;10;1;15;23;14;25;7;9;13;30,False,F4,5291.868598390072,6577.883800722278,5464.762123000489,0.8044940833112626,0.9683621133511503
Mn,32,25,12;8;31;19;24;26;29;16;3;5;11;2;6;18;10;1;15;23;14;25;7;9;13;30;17,False,F1,1876.8571709012617,2236.251862903745,1947.1493495321865,0.8392870239867285,0.9638999552613604
Mn,32,25,12;8;31;19;24;26;29;16;3;5;11;2;6;18;10;1;15;23;14;25;7;9;13;30;17,False,F2,19061.785553099962,22340.001059768674,19949.20194562793,0.8532580415776105,0.9555161958384779
Mn,32,25,12;8;31;19;24;26;29;16;3;5;11;2;6;18;10;1;15;23;14;25;7;9;13;30;17,False,F3,3054.6757889089704,3740.7002800847526,3293.690556990786,0.8166053306039694,0.9274325368621797
Mn,32,25,12;8;31;19;24;26;29;16;3;5;11;2;6;18;10;1;15;23;14;25;7;9;13;30;17,False,F4,5453.999027200565,6577.883800722278,5629.595204387553,0.8291418931118386,0.9688083830521006
Mn,32,26,12;8;31;19;24;26;29;16;3;5;11;2;6;18;10;1;15;23;14;25;7;9;13;30;17;32,False,F1,1928.0417101055352,2236.251862903745,1998.3338887364598,0.8621755635351366,0.9648246076258207
Mn,32,26,12;8;31;19;24;26;29;16;3;5;11;2;6;18;10;1;15;23;14;25;7;9;13;30;17;32,False,F2,19599.661554013383,22340.001059768674,20410.148045063717,0.877334853368012,0.9602900239008136
Mn,32,26,12;8;31;19;24;26;29;16;3;5;11;2;6;18;10;1;15;23;14;25;7;9;13;30;17;32,False,F3,3166.5937021527066,3740.7002800847526,3378.354599289243,0.8465243042890785,0.9373183332557548
Mn,32,26,12;8;31;19;24;26;29;16;3;5;11;2;6;18;10;1;15;23;14;25;7;9;13;30;17;32,False,F4,5652.524295923503,6577.883800722278,5793.321272354215,0.8593226130420293,0.975696673840169
Mn,32,27,12;8;31;19;24;26;29;16;3;5;11;2;6;18;10;1;15;23;14;25;7;9;13;30;17;32;4,True,F1,1999.062082010233,2236.251862903745,2049.443130320781,0.8939342277012018,0.9754172011093265
Mn,32,27,12;8;31;19;24;26;29;16;3;5;11;2;6;18;10;1;15;23;14;25;7;9;13;30;17;32;4,True,F2,20141.31223191845,22340.001059768674,20855.045167457123,0.9015806301007853,0.9657764857468445
Mn,32,27,12;8;31;19;24;26;29;16;3;5;11;2;6;18;10;1;15;23;14;25;7;9;13;30;17;32;4,True,F3,3242.0574758449766,3740.7002800847526,3461.151256619085,0.8666980065485282,0.9366991603284847
Mn,32,27,12;8;31;19;24;26;29;16;3;5;11;2;6;18;10;1;15;23;14;25;7;9;13;30;17;32;4,True,F4,5812.152310679193,6577.883800722278,5955.451701164708,0.8835899944053429,0.9759381155828214
Mn,32,28,12;8;31;19;24;26;29;16;3;5;11;2;6;18;10;1;15;23;14;25;7;9;13;30;17;32;4;22,False,F1,2051.7629583768853,2236.251862903745,2094.9927189598707,0.9175008380821188,0.9793651976965112
Mn,32,28,12;8;31;19;24;26;29;16;3;5;11;2;6;18;10;1;15;23;14;25;7;9;13;30;17;32;4;22,False,F2,21025.630001368907,22340.001059768674,21287.298210091616,0.9411651299888802,0.9877077773731445
Mn,32,28,12;8;31;19;24;26;29;16;3;5;11;2;6;18;10;1;15;23;14;25;7;9;13;30;17;32;4;22,False,F3,3446.8422182724976,3740.7002800847526,3538.8711929786523,0.9214430347770078,0.9739948221656821
Mn,32,28,12;8;31;19;24;26;29;16;3;5;11;2;6;18;10;1;15;23;14;25;7;9;13;30;17;32;4;22,False,F4,6042.851829449288,6577.883800722278,6115.179263105454,0.9186619910777017,0.988172475320137
Mn,32,29,12;8;31;19;24;26;29;16;3;5;11;2;6;18;10;1;15;23;14;25;7;9;13;30;17;32;4;22;20,False,F1,2118.4138971387174,2236.251862903745,2139.454418136907,0.9473055930238482,0.9901654735806373
Mn,32,29,12;8;31;19;24;26;29;16;3;5;11;2;6;18;10;1;15;23;14;25;7;9;13;30;17;32;4;22;20,False,F2,21501.51770412839,22340.001059768674,21695.090025273355,0.9624671747598849,0.9910775976997807
Mn,32,29,12;8;31;19;24;26;29;16;3;5;11;2;6;18;10;1;15;23;14;25;7;9;13;30;17;32;4;22;20,False,F3,3552.5427658618505,3740.7002800847526,3614.3349666709223,0.9496999224384159,0.9829035766250556
Mn,32,29,12;8;31;19;24;26;29;16;3;5;11;2;6;18;10;1;15;23;14;25;7;9;13;30;17;32;4;22;20,False,F4,6230.366088187866,6577.883800722278,6274.807277861144,0.9471687668766279,0.9929175211754987
Mn,32,30,12;8;31;19;24;26;29;16;3;5;11;2;6;18;10;1;15;23;14;25;7;9;13;30;17;32;4;22;20;28,False,F1,2163.9634857778074,2236.251862903745,2179.3920696006835,0.9676743132895272,0.9929206937851697
Mn,32,30,12;8;31;19;24;26;29;16;3;5;11;2;6;18;10;1;15;23;14;25;7;9;13;30;17;32;4;22;20;28,False,F2,22035.975730072318,22340.001059768674,22035.97573007231,0.986390988573234,1.0000000000000002
Mn,32,30,12;8;31;19;24;26;29;16;3;5;11;2;6;18;10;1;15;23;14;25;7;9;13;30;17;32;4;22;20;28,False,F3,3668.558567646366,3740.7002800847526,3668.5585676463656,0.9807143831270139,1.0000000000000002
Mn,32,30,12;8;31;19;24;26;29;16;3;5;11;2;6;18;10;1;15;23;14;25;7;9;13;30;17;32;4;22;20;28,False,F4,6390.093650128611,6577.883800722278,6390.885031868411,0.9714512818586053,0.9998761702431114
Mn,32,31,12;8;31;19;24;26;29;16;3;5;11;2;6;18;10;1;15;23;14;25;7;9;13;30;17;32;4;22;20;28;21,False,F1,2203.901137241584,2236.251862903745,2211.7427952628445,0.98553350532701,0.9964545343888738
Mn,32,31,12;8;31;19;24;26;29;16;3;5;11;2;6;18;10;1;15;23;14;25;7;9;13;30;17;32;4;22;20;28;21,False,F2,22257.136595095893,22340.001059768674,22257.136595095886,0.9962907582479033,1.0000000000000002
Mn,32,31,12;8;31;19;24;26;29;16;3;5;11;2;6;18;10;1;15;23;14;25;7;9;13;30;17;32;4;22;20;28;21,False,F3,3711.4338397081783,3740.7002800847526,3711.4338397081783,0.9921762134933967,1.0
Mn,32,31,12;8;31;19;24;26;29;16;3;5;11;2;6;18;10;1;15;23;14;25;7;9;13;30;17;32;4;22;20;28;21,False,F4,6506.171404135878,6577.883800722278,6506.171404135877,0.9890979532690247,1.0000000000000002
Ni,32,1,12,False,F1,10.356455758766996,339.2187880060387,21.618150684931507,0.03053031295714267,0.47906298321741986
Ni,32,1,12,False,F2,42.40284716325355,719.5851141586156,51.45980046948357,0.05892679869126203,0.8239994476542728
Ni,32,1,12,False,F3,15.046171574057714,554.6387935750319,33.23719970897605,0.027127874480388756,0.45269071118510446
Ni,32,1,12,False,F4,30.873962450663875,1217.0412073690627,53.536524659939666,0.025368050205469728,0.5766897019702562
Ni,32,2,12;8,False,F1,24.32387632958014,339.2187880060387,38.63181929327109,0.07170556935409819,0.6296332084421632
Ni,32,2,12;8,False,F2,66.6354804427366,719.5851141586156,93.86264763273712,0.09260263884231541,0.7099254295858546
Ni,32,2,12;8,False,F3,31.874389129254276,554.6387935750319,62.8825195446568,0.057468733702887465,0.5068879135260839
Ni,32,2,12;8,False,F4,78.1612537807662,1217.0412073690627,105.94811589583449,0.06422235607759838,0.7377314180613874
Ni,32,3,12;8;31,False,F1,31.866372230839936,339.2187880060387,55.61897534601171,0.0939404695658327,0.5729406561806607
Ni,32,3,12;8;31,False,F2,78.58743548627135,719.5851141586156,135.89417127546915,0.10921214730541048,0.5782987949274724
Ni,32,3,12;8;31,False,F3,41.85369139861339,554.6387935750319,92.09214153778396,0.07546116839184168,0.4544762528021078
Ni,32,3,12;8;31,False,F4,119.00677004605001,1217.0412073690627,158.10733226615298,0.0977836817073045,0.7526960852499724
Ni,32,4,12;8;31;19,False,F1,38.951857348520605,339.2187880060387,72.53825287541865,0.11482812487328146,0.5369836714349704
Ni,32,4,12;8;31;19,False,F2,100.46001997998123,719.5851141586156,173.00807505539467,0.13960825203762786,0.5806666535525316
Ni,32,4,12;8;31;19,False,F3,60.33756561864992,554.6387935750319,118.57106704159048,0.10878713555128815,0.508872586914358
Ni,32,4,12;8;31;19,False,F4,165.8325847368092,1217.0412073690627,208.8947795439458,0.13625880843862107,0.7938570082931274
Ni,32,5,12;8;31;19;24,False,F1,48.315981743667145,339.2187880060387,87.9328758463026,0.14243309466339768,0.5494643644786324
Ni,32,5,12;8;31;19;24,False,F2,115.80677940536027,719.5851141586156,206.8253669806129,0.16093548508263525,0.5599254148366414
Ni,32,5,12;8;31;19;24,False,F3,71.00226284645571,554.6387935750319,144.6699525922714,0.1280153203651639,0.4907879042897317
Ni,32,5,12;8;31;19;24,False,F4,211.35263387988266,1217.0412073690627,257.642672450444,0.17366103349678189,0.8203324079419919
Ni,32,6,12;8;31;19;24;26,False,F1,57.441505095064976,339.2187880060387,101.90029641711574,0.16933468052495493,0.5637030226088409
Ni,32,6,12;8;31;19;24;26,False,F2,134.17633939843384,719.5851141586156,239.573649080216,0.18646347285174358,0.5600630115773201
Ni,32,6,12;8;31;19;24;26,False,F3,83.44615832563457,554.6387935750319,170.16525946176105,0.1504513555349531,0.49038304639606123
Ni,32,6,12;8;31;19;24;26,False,F4,246.19554122158348,1217.0412073690627,306.373180069392,0.20229022627245002,0.8035805913749415
Ni,32,7,12;8;31;19;24;26;29,False,F1,68.3029259578081,339.2187880060387,115.19517630070617,0.20135360532150767,0.5929321708706773
Ni,32,7,12;8;31;19;24;26;29,False,F2,152.12129560644422,719.5851141586156,268.8716251199801,0.21140139312680759,0.5657766807433187
Ni,32,7,12;8;31;19;24;26;29,False,F3,98.20352362827468,554.6387935750319,194.85044001384176,0.1770585194650465,0.5039943641969631
Ni,32,7,12;8;31;19;24;26;29,False,F4,280.43262872370855,1217.0412073690627,354.0669868855925,0.23042163817109645,0.7920326918655171
Ni,32,8,12;8;31;19;24;26;29;16,False,F1,81.37537981973564,339.2187880060387,128.36214693295457,0.2398905446778703,0.6339515329409315
Ni,32,8,12;8;31;19;24;26;29;16,False,F2,174.2314953482229,719.5851141586156,297.59293663282324,0.24212770931475613,0.5854691892878948
Ni,32,8,12;8;31;19;24;26;29;16,False,F3,116.76318034582613,554.6387935750319,218.2870302083218,0.2105211205895037,0.5349066329520056
Ni,32,8,12;8;31;19;24;26;29;16,False,F4,318.68166039379287,1217.0412073690627,401.3542782156948,0.26184952363503167,0.7940158550459695
Ni,32,9,12;8;31;19;24;26;29;16;3,False,F1,92.56229296527555,339.2187880060387,141.4346007948821,0.2728690044244476,0.654452958788462
Ni,32,9,12;8;31;19;24;26;29;16;3,False,F2,225.69129581770648,719.5851141586156,324.13992130875596,0.3136408624594729,0.6962773820220888
Ni,32,9,12;8;31;19;24;26;29;16;3,False,F3,146.40850018150687,554.6387935750319,241.60072212344403,0.2639708975958975,0.6059936365037045
Ni,32,9,12;8;31;19;24;26;29;16;3,False,F4,358.7680991653109,1217.0412073690627,448.180092906454,0.29478714195789424,0.8004998545086974
Ni,32,10,12;8;31;19;24;26;29;16;3;5,False,F1,105.85717284886597,339.2187880060387,153.84765143548833,0.312061644554256,0.6880649256661171
Ni,32,10,12;8;31;19;24;26;29;16;3;5,False,F2,254.98927185747056,719.5851141586156,348.372554588239,0.35435595712068074,0.7319442031214446
Ni,32,10,12;8;31;19;24;26;29;16;3;5,False,F3,179.64569989048292,554.6387935750319,264.22174427687963,0.3238967450014481,0.6799050561948871
Ni,32,10,12;8;31;19;24;26;29;16;3;5,False,F4,407.5159920718091,1217.0412073690627,494.6181099552517,0.3348415728278883,0.8239002654162364
Ni,32,11,12;8;31;19;24;26;29;16;3;5;11,False,F1,112.80246478429063,339.2187880060387,166.15573061386266,0.3325360173808608,0.6788960234326058
Ni,32,11,12;8;31;19;24;26;29;16;3;5;11,False,F2,292.1031756373961,719.5851141586156,371.9332958929625,0.40593276582568216,0.7853644157780902
Ni,32,11,12;8;31;19;24;26;29;16;3;5;11,False,F3,206.12462539428944,554.6387935750319,283.75595638275104,0.37163759149567094,0.7264151492074876
Ni,32,11,12;8;31;19;24;26;29;16;3;5;11,False,F4,458.3034393496019,1217.0412073690627,540.1381590983251,0.37657183386611764,0.8484929857847235
Ni,32,12,12;8;31;19;24;26;29;16;3;5;11;2,False,F1,125.11054396266495,339.2187880060387,177.37276639242577,0.36881961844766026,0.7053537389492249
Ni,32,12,12;8;31;19;24;26;29;16;3;5;11;2,False,F2,324.8514577369992,719.5851141586156,394.98640586727475,0.4514427151773922,0.8224370583684274
Ni,32,12,12;8;31;19;24;26;29;16;3;5;11;2,False,F3,231.6199322637791,554.6387935750319,303.06306599358,0.41760499796782685,0.7642631460366922
Ni,32,12,12;8;31;19;24;26;29;16;3;5;11;2,False,F4,505.9972461658024,1217.0412073690627,583.1625178144143,0.4157601592304679,0.8676779297513614
Ni,32,13,12;8;31;19;24;26;29;16;3;5;11;2;6,True,F1,140.50516693354888,339.2187880060387,188.55967953796568,0.41420219605008324,0.7451495848838604
Ni,32,13,12;8;31;19;24;26;29;16;3;5;11;2;6,True,F2,353.57276924984234,719.5851141586156,417.0966056090535,0.491356425102348,0.847699944077818
Ni,32,13,12;8;31;19;24;26;29;16;3;5;11;2;6,True,F3,255.05652245825914,554.6387935750319,321.6227227111315,0.45986058929315576,0.7930301699713568
Ni,32,13,12;8;31;19;24;26;29;16;3;5;11;2;6,True,F4,559.5337708257421,1217.0412073690627,625.3260153163089,0.45974924056623645,0.8947872903428028
Ni,32,14,12;8;31;19;24;26;29;16;3;5;11;2;6;18,False,F1,146.12850577444644,339.2187880060387,199.4690438855095,0.4307795173533993,0.7325873876365534
Ni,32,14,12;8;31;19;24;26;29;16;3;5;11;2;6;18,False,F2,370.86453618560233,719.5851141586156,438.9691901027633,0.5153866149930583,0.8448532255732627
Ni,32,14,12;8;31;19;24;26;29;16;3;5;11;2;6;18,False,F3,268.55253567641324,554.6387935750319,340.106596931168,0.48419356667319613,0.7896128393262654
Ni,32,14,12;8;31;19;24;26;29;16;3;5;11;2;6;18,False,F4,595.6637228785088,1217.0412073690627,666.4679829031102,0.48943595276135643,0.8937619482991807
Ni,32,15,12;8;31;19;24;26;29;16;3;5;11;2;6;18;10,False,F1,163.14217438278604,339.2187880060387,210.3304647482526,0.4809349604181765,0.7756469067762158
Ni,32,15,12;8;31;19;24;26;29;16;3;5;11;2;6;18;10,False,F2,404.6818281108205,719.5851141586156,459.10374221127796,0.5623821562568037,0.8814605303839743
Ni,32,15,12;8;31;19;24;26;29;16;3;5;11;2;6;18;10,False,F3,288.08674778228465,554.6387935750319,356.93481448636453,0.5194132670117891,0.8071130528324801
Ni,32,15,12;8;31;19;24;26;29;16;3;5;11;2;6;18;10,False,F4,644.3942304974568,1217.0412073690627,707.3134991683942,0.5294760987513933,0.91104472239691
Ni,32,16,12;8;31;19;24;26;29;16;3;5;11;2;6;18;10;1,False,F1,172.27797203155637,339.2187880060387,220.85985791964038,0.5078668343938824,0.7800329750019106
Ni,32,16,12;8;31;19;24;26;29;16;3;5;11;2;6;18;10;1,False,F2,428.242569415544,719.5851141586156,478.0515855517489,0.595124275071021,0.8958082816968022
Ni,32,16,12;8;31;19;24;26;29;16;3;5;11;2;6;18;10;1,False,F3,302.83224574170345,554.6387935750319,371.9809860604222,0.5459990344161458,0.814106787954246
Ni,32,16,12;8;31;19;24;26;29;16;3;5;11;2;6;18;10;1,False,F4,683.9826869754615,1217.0412073690627,747.3999379399122,0.5620045425200189,0.9151495099942741
Ni,32,17,12;8;31;19;24;26;29;16;3;5;11;2;6;18;10;1;15,False,F1,185.4449426638048,339.2187880060387,231.21631367840735,0.5466824044560396,0.8020409101484736
Ni,32,17,12;8;31;19;24;26;29;16;3;5;11;2;6;18;10;1;15,False,F2,444.0180908334265,719.5851141586156,496.4211455448224,0.6170473542279992,0.8944383107333522
Ni,32,17,12;8;31;19;24;26;29;16;3;5;11;2;6;18;10;1;15,False,F3,312.1484985475396,554.6387935750319,386.9095899044296,0.5627960073537697,0.8067737442864709
Ni,32,17,12;8;31;19;24;26;29;16;3;5;11;2;6;18;10;1;15,False,F4,717.272763668316,1217.0412073690627,786.9883944179169,0.5893578289094085,0.9114146647598724
Ni,32,18,12;8;31;19;24;26;29;16;3;5;11;2;6;18;10;1;15;23,False,F1,207.0630933487363,339.2187880060387,240.58043807355392,0.6104116301041975,0.8606813380455721
Ni,32,18,12;8;31;19;24;26;29;16;3;5;11;2;6;18;10;1;15;23,False,F2,464.15264294194117,719.5851141586156,514.6512642355684,0.6450281333079795,0.901877980677586
Ni,32,18,12;8;31;19;24;26;29;16;3;5;11;2;6;18;10;1;15;23,False,F3,335.4621904626618,554.6387935750319,401.6669552070697,0.6048300161270279,0.8351749779608392
Ni,32,18,12;8;31;19;24;26;29;16;3;5;11;2;6;18;10;1;15;23,False,F4,760.2971223844052,1217.0412073690627,825.2374260880013,0.6247094328284714,0.9213071273179617
Ni,32,19,12;8;31;19;24;26;29;16;3;5;11;2;6;18;10;1;15;23;14,False,F1,212.6194839579295,339.2187880060387,249.71623572232426,0.6267915913730123,0.8514443738225934
Ni,32,19,12;8;31;19;24;26;29;16;3;5;11;2;6;18;10;1;15;23;14,False,F2,487.2057529162534,719.5851141586156,532.6504956498311,0.6770648021060374,0.9146818728139259
Ni,32,19,12;8;31;19;24;26;29;16;3;5;11;2;6;18;10;1;15;23;14,False,F3,347.87540352575303,554.6387935750319,416.4124531664885,0.6272107316609693,0.8354106628666716
Ni,32,19,12;8;31;19;24;26;29;16;3;5;11;2;6;18;10;1;15;23;14,False,F4,776.1387466744453,1217.0412073690627,861.3673781407681,0.6377259389205582,0.9010542613648942
Ni,32,20,12;8;31;19;24;26;29;16;3;5;11;2;6;18;10;1;15;23;14;25,False,F1,217.48001504876757,339.2187880060387,258.8417590737221,0.6411201936282375,0.8402045165626693
Ni,32,20,12;8;31;19;24;26;29;16;3;5;11;2;6;18;10;1;15;23;14;25,False,F2,502.7324494564305,719.5851141586156,550.5954518578416,0.6986420919007713,0.9130704726312037
Ni,32,20,12;8;31;19;24;26;29;16;3;5;11;2;6;18;10;1;15;23;14;25,False,F3,367.182513136582,554.6387935750319,429.9379939647565,0.6620209718289554,0.8540359733052139
Ni,32,20,12;8;31;19;24;26;29;16;3;5;11;2;6;18;10;1;15;23;14;25,False,F4,806.2470364871366,1217.0412073690627,896.2102854824689,0.6624648628209066,0.8996181471551611
Ni,32,21,12;8;31;19;24;26;29;16;3;5;11;2;6;18;10;1;15;23;14;25;7,True,F1,234.4671711015082,339.2187880060387,267.73731963303044,0.6911974790067767,0.8757358571560984
Ni,32,21,12;8;31;19;24;26;29;16;3;5;11;2;6;18;10;1;15;23;14;25;7,True,F2,520.9625681471765,719.5851141586156,567.8872187936014,0.723976299532431,0.9173697715083113
Ni,32,21,12;8;31;19;24;26;29;16;3;5;11;2;6;18;10;1;15;23;14;25;7,True,F3,396.3921351297091,554.6387935750319,443.43400718291065,0.7146851964224983,0.8939146044480134
Ni,32,21,12;8;31;19;24;26;29;16;3;5;11;2;6;18;10;1;15;23;14;25;7,True,F4,858.6586277230315,1217.0412073690627,930.9479982733321,0.7055296258860747,0.9223486481689861
Ni,32,22,12;8;31;19;24;26;29;16;3;5;11;2;6;18;10;1;15;23;14;25;7;9,False,F1,251.38644863091514,339.2187880060387,275.87463686125676,0.7410746618976777,0.9112343617051782
Ni,32,22,12;8;31;19;24;26;29;16;3;5;11;2;6;18;10;1;15;23;14;25;7;9,False,F2,538.9617995614392,719.5851141586156,584.898756825766,0.7489896455009737,0.9214616944757658
Ni,32,22,12;8;31;19;24;26;29;16;3;5;11;2;6;18;10;1;15;23;14;25;7;9,False,F3,422.49102068039,554.6387935750319,456.54481037967446,0.7617408402992193,0.9254097540371461
Ni,32,22,12;8;31;19;24;26;29;16;3;5;11;2;6;18;10;1;15;23;14;25;7;9,False,F4,905.0966447718292,1217.0412073690627,965.1850857754571,0.7436861129200554,0.9377441260860853
Ni,32,23,12;8;31;19;24;26;29;16;3;5;11;2;6;18;10;1;15;23;14;25;7;9;13,True,F1,262.60348440947826,339.2187880060387,284.0011677683418,0.7741419216579579,0.9246563543135937
Ni,32,23,12;8;31;19;24;26;29;16;3;5;11;2;6;18;10;1;15;23;14;25;7;9;13,True,F2,565.5087842373719,719.5851141586156,600.9627047136094,0.7858817158809636,0.9410047908162068
Ni,32,23,12;8;31;19;24;26;29;16;3;5;11;2;6;18;10;1;15;23;14;25;7;9;13,True,F3,445.1120428338256,554.6387935750319,468.98870585885334,0.8025259826575953,0.9490890447323189
Ni,32,23,12;8;31;19;24;26;29;16;3;5;11;2;6;18;10;1;15;23;14;25;7;9;13,True,F4,957.2558611421478,1217.0412073690627,998.4751624683117,0.786543508425236,0.9587177499495666
Ni,32,24,12;8;31;19;24;26;29;16;3;5;11;2;6;18;10;1;15;23;14;25;7;9;13;30,False,F1,270.3212854782881,339.2187880060387,291.7189688371516,0.796893612724882,0.9266496675065087
Ni,32,24,12;8;31;19;24;26;29;16;3;5;11;2;6;18;10;1;15;23;14;25;7;9;13;30,False,F2,575.6873334730485,719.5851141586156,616.7382261314918,0.8000267406117462,0.9334387088085391
Ni,32,24,12;8;31;19;24;26;29;16;3;5;11;2;6;18;10;1;15;23;14;25;7;9;13;30,False,F3,454.6194789330841,554.6387935750319,481.4019189219445,0.819667654335439,0.9443657390297961
Ni,32,24,12;8;31;19;24;26;29;16;3;5;11;2;6;18;10;1;15;23;14;25;7;9;13;30,False,F4,986.3374303869383,1217.0412073690627,1030.3109864642195,0.8104388121082211,0.9573201133881064
Ni,32,25,12;8;31;19;24;26;29;16;3;5;11;2;6;18;10;1;15;23;14;25;7;9;13;30;17,False,F1,281.23064982583196,339.2187880060387,299.2614647384114,0.829053872513764,0.9397489585625719
Ni,32,25,12;8;31;19;24;26;29;16;3;5;11;2;6;18;10;1;15;23;14;25;7;9;13;30;17,False,F2,594.6351768135194,719.5851141586156,632.2649226716691,0.8263583627752005,0.940484210797045
Ni,32,25,12;8;31;19;24;26;29;16;3;5;11;2;6;18;10;1;15;23;14;25;7;9;13;30;17,False,F3,469.5480827770915,554.6387935750319,493.08479011310334,0.846583557112059,0.9522664097373335
Ni,32,25,12;8;31;19;24;26;29;16;3;5;11;2;6;18;10;1;15;23;14;25;7;9;13;30;17,False,F4,1021.0751431778017,1217.0412073690627,1061.1849489148833,0.8389815702174207,0.9622028132060335
Ni,32,26,12;8;31;19;24;26;29;16;3;5;11;2;6;18;10;1;15;23;14;25;7;9;13;30;17;32,False,F1,289.3679670540583,339.2187880060387,306.3469498560921,0.8530422762105588,0.9445759691421449
Ni,32,26,12;8;31;19;24;26;29;16;3;5;11;2;6;18;10;1;15;23;14;25;7;9;13;30;17;32,False,F2,608.8205000897517,719.5851141586156,647.611682097048,0.846071560001103,0.9401011700689439
Ni,32,26,12;8;31;19;24;26;29;16;3;5;11;2;6;18;10;1;15;23;14;25;7;9;13;30;17;32,False,F3,483.0736235753596,554.6387935750319,503.7494873409091,0.8709697719873053,0.9589560599362809
Ni,32,26,12;8;31;19;24;26;29;16;3;5;11;2;6;18;10;1;15;23;14;25;7;9;13;30;17;32,False,F4,1051.7550284031415,1217.0412073690627,1091.8648341402231,0.8641901539856417,0.9632648616541757
Ni,32,27,12;8;31;19;24;26;29;16;3;5;11;2;6;18;10;1;15;23;14;25;7;9;13;30;17;32;4,True,F1,298.26352761336665,339.2187880060387,313.29224179151674,0.8792659432768712,0.9520297276044547
Ni,32,27,12;8;31;19;24;26;29;16;3;5;11;2;6;18;10;1;15;23;14;25;7;9;13;30;17;32;4,True,F2,650.8520237324838,719.5851141586156,662.3274605052527,0.9044823342315815,0.9826740736915619
Ni,32,27,12;8;31;19;24;26;29;16;3;5;11;2;6;18;10;1;15;23;14;25;7;9;13;30;17;32;4,True,F3,507.7588041274403,554.6387935750319,513.7287896102682,0.9154765407853687,0.9883791105276445
Ni,32,27,12;8;31;19;24;26;29;16;3;5;11;2;6;18;10;1;15;23;14;25;7;9;13;30;17;32;4,True,F4,1092.8969959899428,1217.0412073690627,1121.9731239529144,0.8979950632505792,0.9740848266841444
Ni,32,28,12;8;31;19;24;26;29;16;3;5;11;2;6;18;10;1;15;23;14;25;7;9;13;30;17;32;4;22,False,F1,304.96008309896166,339.2187880060387,319.98879727711176,0.8990070535053406,0.9530336239704819
Ni,32,28,12;8;31;19;24;26;29;16;3;5;11;2;6;18;10;1;15;23;14;25;7;9;13;30;17;32;4;22,False,F2,665.3612272846063,719.5851141586156,676.8366640573752,0.9246456245312811,0.9830454858872775
Ni,32,28,12;8;31;19;24;26;29;16;3;5;11;2;6;18;10;1;15;23;14;25;7;9;13;30;17;32;4;22,False,F3,515.9434830542787,554.6387935750319,523.2362257095267,0.9302333140613279,0.9860622367165828
Ni,32,28,12;8;31;19;24;26;29;16;3;5;11;2;6;18;10;1;15;23;14;25;7;9;13;30;17;32;4;22,False,F4,1135.0604934918374,1217.0412073690627,1151.0546931977049,0.9326393277558391,0.986104743935812
Ni,32,29,12;8;31;19;24;26;29;16;3;5;11;2;6;18;10;1;15;23;14;25;7;9;13;30;17;32;4;22;20,False,F1,317.3731337395679,339.2187880060387,325.61213611800935,0.9356001051861492,0.9746968817665461
Ni,32,29,12;8;31;19;24;26;29;16;3;5;11;2;6;18;10;1;15;23;14;25;7;9;13;30;17;32;4;22;20,False,F2,681.4251751724497,719.5851141586156,691.0219873336076,0.9469695269741858,0.9861121464482072
Ni,32,29,12;8;31;19;24;26;29;16;3;5;11;2;6;18;10;1;15;23;14;25;7;9;13;30;17;32;4;22;20,False,F3,527.6263542454375,554.6387935750319,532.5524785153628,0.9512972412991878,0.9907499740050816
Ni,32,29,12;8;31;19;24;26;29;16;3;5;11;2;6;18;10;1;15;23;14;25;7;9;13;30;17;32;4;22;20,False,F4,1166.8963174877451,1217.0412073690627,1175.6509934098156,0.9587977057985422,0.9925533377072403
Ni,32,30,12;8;31;19;24;26;29;16;3;5;11;2;6;18;10;1;15;23;14;25;7;9;13;30;17;32;4;22;20;28,False,F1,325.4996646466529,339.2187880060387,331.16852672720256,0.9595567113483655,0.9828822438636526
Ni,32,30,12;8;31;19;24;26;29;16;3;5;11;2;6;18;10;1;15;23;14;25;7;9;13;30;17;32;4;22;20;28,False,F2,698.4367132046143,719.5851141586156,702.9739423771424,0.9706102856522687,0.9935456652103132
Ni,32,30,12;8;31;19;24;26;29;16;3;5;11;2;6;18;10;1;15;23;14;25;7;9;13;30;17;32;4;22;20;28,False,F3,540.7371574422014,554.6387935750319,540.9252489889965,0.9749356945567677,0.9996522781157902
Ni,32,30,12;8;31;19;24;26;29;16;3;5;11;2;6;18;10;1;15;23;14;25;7;9;13;30;17;32;4;22;20;28,False,F4,1191.4926176998558,1217.0412073690627,1196.2023391178254,0.9790076215049147,0.9960627719375278
Ni,32,31,12;8;31;19;24;26;29;16;3;5;11;2;6;18;10;1;15;23;14;25;7;9;13;30;17;32;4;22;20;28;21,False,F1,336.02905781804066,339.2187880060387,336.0290578180406,0.9905968351377363,1.0000000000000002
Ni,32,31,12;8;31;19;24;26;29;16;3;5;11;2;6;18;10;1;15;23;14;25;7;9;13;30;17;32;4;22;20;28;21,False,F2,713.1524916128188,719.5851141586156,713.1524916128191,0.9910606508955953,0.9999999999999997
Ni,32,31,12;8;31;19;24;26;29;16;3;5;11;2;6;18;10;1;15;23;14;25;7;9;13;30;17;32;4;22;20;28;21,False,F3,549.109927915835,554.6387935750319,549.1099279158349,0.9900315922303965,1.0000000000000002
Ni,32,31,12;8;31;19;24;26;29;16;3;5;11;2;6;18;10;1;15;23;14;25;7;9;13;30;17;32;4;22;20;28;21,False,F4,1212.0439634078657,1217.0412073690627,1212.0439634078657,0.9958939402125917,1.0
Pb,32,1,12,False,F1,72.05448776780368,3731.9425798308475,806.0582265529264,0.01930750171699308,0.0893911697619434
Pb,32,1,12,False,F2,243.18389621633742,5332.652544371453,3197.3642986599402,0.04560280164381138,0.07605761292770397
Pb,32,1,12,False,F3,3.8707094392962,5915.34102207082,4809.480751765793,0.0006543510213281256,0.0008048081776551607
Pb,32,1,12,False,F4,173.3811111912776,5447.315915145786,1827.0653135199661,0.031828723336791716,0.09489595687044544
Pb,32,2,12;8,False,F1,240.6080861835627,3731.9425798308475,1081.7925040612188,0.06447261206105384,0.22241611517946575
Pb,32,2,12;8,False,F2,317.34747951927136,5332.652544371453,3573.105827077976,0.05951024876995364,0.08881558366234919
Pb,32,2,12;8,False,F3,91.5185806154909,5915.34102207082,4952.2447607417225,0.015471395524623942,0.018480221603946672
Pb,32,2,12;8,False,F4,365.5322133852429,5447.315915145786,2105.656941054251,0.06710317871759788,0.17359533087200324
Pb,32,3,12;8;31,False,F1,276.8088460315931,3731.9425798308475,1296.634376072827,0.07417285773034042,0.21348257545814578
Pb,32,3,12;8;31,False,F2,363.7142061739404,5332.652544371453,3816.2897232943133,0.0682051199000085,0.09530571118693093
Pb,32,3,12;8;31,False,F3,122.51238185524295,5915.34102207082,5072.013800367842,0.020710958404280517,0.024154583697378322
Pb,32,3,12;8;31,False,F4,406.93993184155164,5447.315915145786,2365.5705344668963,0.07470466890126397,0.1720261247391887
Pb,32,4,12;8;31;19,False,F1,322.5773970357152,3731.9425798308475,1503.5137379870844,0.08643685966099088,0.21454901866582493
Pb,32,4,12;8;31;19,False,F2,393.0530209201725,5332.652544371453,3960.2138924847545,0.07370684994938119,0.09925045252380535
Pb,32,4,12;8;31;19,False,F3,143.04955217760545,5915.34102207082,5175.678759590226,0.02418280732148342,0.027638800401308353
Pb,32,4,12;8;31;19,False,F4,457.6960813525332,5447.315915145786,2622.254187212364,0.0840223127283566,0.1745429880842694
Pb,32,5,12;8;31;19;24,False,F1,345.98386146330637,3731.9425798308475,1672.0673364028435,0.0927087847849439,0.2069198135331256
Pb,32,5,12;8;31;19;24,False,F2,399.1111646543726,5332.652544371453,4094.0583106418444,0.07484289691358748,0.097485461703598
Pb,32,5,12;8;31;19;24,False,F3,167.5574972841421,5915.34102207082,5263.326630766421,0.028325923502798188,0.03183490386188386
Pb,32,5,12;8;31;19;24,False,F4,486.33457900511536,5447.315915145786,2837.4921339295997,0.08927967215062826,0.17139592148634364
Pb,32,6,12;8;31;19;24;26,False,F1,413.91798770363255,3731.9425798308475,1831.640672169045,0.11091220694033123,0.22598209026089555
Pb,32,6,12;8;31;19;24;26,False,F2,408.0746951999712,5332.652544371453,4211.5589638274505,0.07652377345129843,0.09689397648350014
Pb,32,6,12;8;31;19;24;26,False,F3,207.65750235655685,5915.34102207082,5348.210757840802,0.03510490799799416,0.03882747179551934
Pb,32,6,12;8;31;19;24;26,False,F4,531.6239964986662,5447.315915145786,3051.51370224971,0.09759375163473301,0.1742164867576146
Pb,32,7,12;8;31;19;24;26;29,False,F1,484.0632592323187,3731.9425798308475,1983.7372181833366,0.1297081208720685,0.24401581761701951
Pb,32,7,12;8;31;19;24;26;29,False,F2,460.68364884648577,5332.652544371453,4326.956870620499,0.08638921156277686,0.10646827842784166
Pb,32,7,12;8;31;19;24;26;29,False,F3,216.21180376249418,5915.34102207082,5420.3602817267,0.036551029425993024,0.039888825193298436
Pb,32,7,12;8;31;19;24;26;29,False,F4,605.1909885897273,5447.315915145786,3254.677451600884,0.11109893349622824,0.18594499688196475
Pb,32,8,12;8;31;19;24;26;29;16,False,F1,618.9125842494283,3731.9425798308475,2118.586543200446,0.16584193647413537,0.292134671692225
Pb,32,8,12;8;31;19;24;26;29;16,False,F2,571.8321834060428,5332.652544371453,4438.928642366327,0.10723222235988437,0.12882211665858354
Pb,32,8,12;8;31;19;24;26;29;16,False,F3,220.23880670367421,5915.34102207082,5460.460286799115,0.03723180217031238,0.04033337761582306
Pb,32,8,12;8;31;19;24;26;29;16,False,F4,720.4258663316209,5447.315915145786,3446.8285537948495,0.13225336616305652,0.2090112273029811
Pb,32,9,12;8;31;19;24;26;29;16;3,False,F1,747.4238895416875,3731.9425798308475,2251.0439725683436,0.20027743555892677,0.3320343354683157
Pb,32,9,12;8;31;19;24;26;29;16;3,False,F2,687.2300901990917,5332.652544371453,4550.077176925884,0.12887209216817516,0.15103701837941066
Pb,32,9,12;8;31;19;24;26;29;16;3,False,F3,340.00784632979327,5915.34102207082,5497.494246647964,0.05747899319095632,0.0618477857502278
Pb,32,9,12;8;31;19;24;26;29;16;3,False,F4,910.1330312868605,5447.315915145786,3638.5461586362567,0.16707917173599482,0.25013645329924367
Pb,32,10,12;8;31;19;24;26;29;16;3;5,False,F1,862.4642196556515,3731.9425798308475,2380.705386253426,0.2311032930455064,0.3622725536035068
Pb,32,10,12;8;31;19;24;26;29;16;3;5,False,F2,714.0356040120543,5332.652544371453,4624.240760228818,0.13389876765282782,0.15441142471498873
Pb,32,10,12;8;31;19;24;26;29;16;3;5,False,F3,424.89197340417456,5915.34102207082,5532.402462229562,0.07182882133402851,0.07680062618454964
Pb,32,10,12;8;31;19;24;26;29;16;3;5,False,F4,1067.6154249380152,5447.315915145786,3828.253323591496,0.1959892617884716,0.27887794633622265
Pb,32,11,12;8;31;19;24;26;29;16;3;5;11,False,F1,1014.5607656699433,3731.9425798308475,2509.2166915456846,0.27185862160717617,0.40433365882201705
Pb,32,11,12;8;31;19;24;26;29;16;3;5;11,False,F2,782.4790497184856,5332.652544371453,4692.684205935249,0.14673355205644933,0.16674445059158588
Pb,32,11,12;8;31;19;24;26;29;16;3;5;11,False,F3,440.10162800560374,5915.34102207082,5567.057259805929,0.0744000432711375,0.07905462571458192
Pb,32,11,12;8;31;19;24;26;29;16;3;5;11,False,F4,1281.6369932581258,5447.315915145786,4001.6344347827744,0.23527862404577016,0.32027837978350926
Pb,32,12,12;8;31;19;24;26;29;16;3;5;11;2,False,F1,1079.8776325216759,3731.9425798308475,2624.7888842903644,0.28936073088525976,0.4114150433144762
Pb,32,12,12;8;31;19;24;26;29;16;3;5;11;2,False,F2,894.4508214643131,5332.652544371453,4759.5944227874315,0.16773093953184603,0.18792584871979126
Pb,32,12,12;8;31;19;24;26;29;16;3;5;11;2,False,F3,582.8656369815337,5915.34102207082,5599.201528881135,0.09853457895441611,0.10409799218246843
Pb,32,12,12;8;31;19;24;26;29;16;3;5;11;2,False,F4,1449.594650876867,5447.315915145786,4169.592092401515,0.2661117279514478,0.3476586243336718
Pb,32,13,12;8;31;19;24;26;29;16;3;5;11;2;6,True,F1,1294.7195045332842,3731.9425798308475,2739.8292144043285,0.34692910644728303,0.47255482120069725
Pb,32,13,12;8;31;19;24;26;29;16;3;5;11;2;6,True,F2,936.517761438614,5332.652544371453,4821.383541105333,0.1756194977351556,0.19424253504294148
Pb,32,13,12;8;31;19;24;26;29;16;3;5;11;2;6,True,F3,686.5305962039182,5915.34102207082,5630.906552360397,0.11605934360206678,0.12192185926369782
Pb,32,13,12;8;31;19;24;26;29;16;3;5;11;2;6,True,F4,1709.508244289512,5447.315915145786,4333.131013209551,0.31382579437634117,0.3945203223899936
Pb,32,14,12;8;31;19;24;26;29;16;3;5;11;2;6;18,False,F1,1341.562554865334,3731.9425798308475,2851.8327610081515,0.35948102795465336,0.4704211878087403
Pb,32,14,12;8;31;19;24;26;29;16;3;5;11;2;6;18,False,F2,980.3278085117543,5332.652544371453,4877.638250254337,0.18383493024432612,0.20098411530634452
Pb,32,14,12;8;31;19;24;26;29;16;3;5;11;2;6;18,False,F3,695.9666063427484,5915.34102207082,5661.900353600149,0.11765451962042706,0.12292102701881963
Pb,32,14,12;8;31;19;24;26;29;16;3;5;11;2;6;18,False,F4,1764.1023029498867,5447.315915145786,4490.613406860706,0.32384798870301507,0.39284216723147714
Pb,32,15,12;8;31;19;24;26;29;16;3;5;11;2;6;18;10,False,F1,1457.1347476100136,3731.9425798308475,2926.862404679888,0.3904494017365238,0.49784873565635923
Pb,32,15,12;8;31;19;24;26;29;16;3;5;11;2;6;18;10,False,F2,1047.2380253639371,5332.652544371453,4930.247203900852,0.19638219753681188,0.21241085528842324
Pb,32,15,12;8;31;19;24;26;29;16;3;5;11;2;6;18;10,False,F3,719.0810448916843,5915.34102207082,5692.1336583946695,0.12156206078545767,0.1263289107470614
Pb,32,15,12;8;31;19;24;26;29;16;3;5;11;2;6;18;10,False,F4,1967.2660523010604,5447.315915145786,4605.8482846026,0.3611441089420294,0.42712350271667693
Pb,32,16,12;8;31;19;24;26;29;16;3;5;11;2;6;18;10;1,False,F1,2263.19297416294,3731.9425798308475,2998.916892447692,0.606438316171928,0.7546701210235073
Pb,32,16,12;8;31;19;24;26;29;16;3;5;11;2;6;18;10;1,False,F2,4244.602324023877,5332.652544371453,4976.613930555521,0.795964538980512,0.8529097059273127
Pb,32,16,12;8;31;19;24;26;29;16;3;5;11;2;6;18;10;1,False,F3,5528.561796657477,5915.34102207082,5721.336922706994,0.9346142134544357,0.9663059301254527
Pb,32,16,12;8;31;19;24;26;29;16;3;5;11;2;6;18;10;1,False,F4,3794.3313658210263,5447.315915145786,4704.324488635278,0.6965506361162604,0.8065624246344792
Pb,32,17,12;8;31;19;24;26;29;16;3;5;11;2;6;18;10;1;15,False,F1,2395.6504035308376,3731.9425798308475,3070.0021742345934,0.6419312066798792,0.7803415983339218
Pb,32,17,12;8;31;19;24;26;29;16;3;5;11;2;6;18;10;1;15,False,F2,4378.446742180968,5332.652544371453,5020.423977628661,0.8210635712244861,0.8721268884244864
Pb,32,17,12;8;31;19;24;26;29;16;3;5;11;2;6;18;10;1;15,False,F3,5532.049738365806,5915.34102207082,5748.759900559639,0.935203856840221,0.9623031460797767
Pb,32,17,12;8;31;19;24;26;29;16;3;5;11;2;6;18;10;1;15,False,F4,3892.807569853704,5447.315915145786,4788.181149209572,0.7146285676272406,0.8130034032852589
Pb,32,18,12;8;31;19;24;26;29;16;3;5;11;2;6;18;10;1;15;23,False,F1,2424.5459514760432,3731.9425798308475,3140.14744576328,0.6496739699531865,0.7721121359276508
Pb,32,18,12;8;31;19;24;26;29;16;3;5;11;2;6;18;10;1;15;23,False,F2,4396.907786701516,5332.652544371453,5062.490917602962,0.8245254589748954,0.8685265530873103
Pb,32,18,12;8;31;19;24;26;29;16;3;5;11;2;6;18;10;1;15;23,False,F3,5562.283043160326,5915.34102207082,5773.267845666176,0.9403148563044473,0.9634548737134672
Pb,32,18,12;8;31;19;24;26;29;16;3;5;11;2;6;18;10;1;15;23,False,F4,3926.2514910865807,5447.315915145786,4861.7901688113925,0.7207680906058673,0.8075732096118966
Pb,32,19,12;8;31;19;24;26;29;16;3;5;11;2;6;18;10;1;15;23;14,False,F1,2700.2802289843357,3731.9425798308475,3208.0815720036057,0.723558889565425,0.8417118356806236
Pb,32,19,12;8;31;19;24;26;29;16;3;5;11;2;6;18;10;1;15;23;14,False,F2,4772.649315119552,5332.652544371453,5097.399133184561,0.8949859896941951,0.9362910751973773
Pb,32,19,12;8;31;19;24;26;29;16;3;5;11;2;6;18;10;1;15;23;14,False,F3,5576.569793290289,5915.34102207082,5796.382284215111,0.9427300594308027,0.9620776408203058
Pb,32,19,12;8;31;19;24;26;29;16;3;5;11;2;6;18;10;1;15;23;14,False,F4,4204.843118620865,5447.315915145786,4935.357160902454,0.7719110079387294,0.8519835508423447
Pb,32,20,12;8;31;19;24;26;29;16;3;5;11;2;6;18;10;1;15;23;14;25,False,F1,2737.871135730777,3731.9425798308475,3273.3984388553386,0.733631634775815,0.8364002081849138
Pb,32,20,12;8;31;19;24;26;29;16;3;5;11;2;6;18;10;1;15;23;14;25,False,F2,4779.767119947281,5332.652544371453,5131.469593685975,0.8963207484785906,0.931461647132929
Pb,32,20,12;8;31;19;24;26;29;16;3;5;11;2;6;18;10;1;15;23;14;25,False,F3,5593.4745797561445,5915.34102207082,5816.919454537474,0.9455878467338139,0.9615870777431804
Pb,32,20,12;8;31;19;24;26;29;16;3;5;11;2;6;18;10;1;15;23;14;25,False,F4,4232.2021809274465,5447.315915145786,4994.378495091573,0.7769334929079803,0.847393161148442
Pb,32,21,12;8;31;19;24;26;29;16;3;5;11;2;6;18;10;1;15;23;14;25;7,True,F1,2897.4444714969786,3731.9425798308475,3326.388607831722,0.7763904212128331,0.8710480984317864
Pb,32,21,12;8;31;19;24;26;29;16;3;5;11;2;6;18;10;1;15;23;14;25;7,True,F2,4785.507167996425,5332.652544371453,5161.475576953317,0.8973971448875789,0.9271587352586456
Pb,32,21,12;8;31;19;24;26;29;16;3;5;11;2;6;18;10;1;15;23;14;25;7,True,F3,5625.618848831351,5915.34102207082,5833.824241003329,0.9510218984571672,0.9643106505148722
Pb,32,21,12;8;31;19;24;26;29;16;3;5;11;2;6;18;10;1;15;23;14;25;7,True,F4,4423.919785768854,5447.315915145786,5048.972553751948,0.8121283682975926,0.8762019873689727
Pb,32,22,12;8;31;19;24;26;29;16;3;5;11;2;6;18;10;1;15;23;14;25;7;9,False,F1,3104.3238334112357,3731.9425798308475,3375.2612416285147,0.8318251867508478,0.9197284628295748
Pb,32,22,12;8;31;19;24;26;29;16;3;5;11;2;6;18;10;1;15;23;14;25;7;9,False,F2,4802.108598273495,5332.652544371453,5190.814391699549,0.9005103104536709,0.925116607126693
Pb,32,22,12;8;31;19;24;26;29;16;3;5;11;2;6;18;10;1;15;23;14;25;7;9,False,F3,5662.652808680199,5915.34102207082,5849.033895604758,0.9572825619946826,0.9681347227164105
Pb,32,22,12;8;31;19;24;26;29;16;3;5;11;2;6;18;10;1;15;23;14;25;7;9,False,F4,4680.603438514321,5447.315915145786,5102.464999211519,0.8592494930393724,0.9173220079388319
Pb,32,23,12;8;31;19;24;26;29;16;3;5;11;2;6;18;10;1;15;23;14;25;7;9;13,True,F1,3233.985247096318,3731.9425798308475,3422.1042919605648,0.8665688653877681,0.9450282548938708
Pb,32,23,12;8;31;19;24;26;29;16;3;5;11;2;6;18;10;1;15;23;14;25;7;9;13,True,F2,4946.032767463936,5332.652544371453,5217.619905512512,0.9274995372958268,0.9479480792072188
Pb,32,23,12;8;31;19;24;26;29;16;3;5;11;2;6;18;10;1;15;23;14;25;7;9;13,True,F3,5669.37176770656,5915.34102207082,5863.320645734722,0.9584184151942347,0.9669216661092463
Pb,32,23,12;8;31;19;24;26;29;16;3;5;11;2;6;18;10;1;15;23;14;25;7;9;13,True,F4,4895.841385231557,5447.315915145786,5153.221148722501,0.8987621539663411,0.9500545860418295
Pb,32,24,12;8;31;19;24;26;29;16;3;5;11;2;6;18;10;1;15;23;14;25;7;9;13;30,False,F1,3309.014890768055,3731.9425798308475,3467.8728429646867,0.8866735808454047,0.9541915291043879
Pb,32,24,12;8;31;19;24;26;29;16;3;5;11;2;6;18;10;1;15;23;14;25;7;9;13;30,False,F2,5007.8218857818365,5332.652544371453,5240.495457200257,0.9390864760291816,0.9556008447447969
Pb,32,24,12;8;31;19;24;26;29;16;3;5;11;2;6;18;10;1;15;23;14;25;7;9;13;30,False,F3,5670.976679870661,5915.34102207082,5872.7566558735525,0.9586897287428726,0.9656413524641645
Pb,32,24,12;8;31;19;24;26;29;16;3;5;11;2;6;18;10;1;15;23;14;25;7;9;13;30,False,F4,4979.6980458058515,5447.315915145786,5201.550753254885,0.9141562786840096,0.9573487373337252
Pb,32,25,12;8;31;19;24;26;29;16;3;5;11;2;6;18;10;1;15;23;14;25;7;9;13;30;17,False,F1,3380.1001725549563,3731.9425798308475,3506.605593526296,0.9057213770711771,0.9639236812931322
Pb,32,25,12;8;31;19;24;26;29;16;3;5;11;2;6;18;10;1;15;23;14;25;7;9;13;30;17,False,F2,5041.892346283251,5332.652544371453,5262.216627776609,0.9454755029192563,0.9581308986159223
Pb,32,25,12;8;31;19;24;26;29;16;3;5;11;2;6;18;10;1;15;23;14;25;7;9;13;30;17,False,F3,5678.127270346267,5915.34102207082,5881.310957279489,0.9598985500853661,0.9654526535989846
Pb,32,25,12;8;31;19;24;26;29;16;3;5;11;2;6;18;10;1;15;23;14;25;7;9;13;30;17,False,F4,5053.307065407672,5447.315915145786,5246.840170748436,0.9276691758150823,0.9631143509154848
Pb,32,26,12;8;31;19;24;26;29;16;3;5;11;2;6;18;10;1;15;23;14;25;7;9;13;30;17;32,False,F1,3418.832923116566,3731.9425798308475,3544.503895576143,0.9161000872825665,0.9645448344360897
Pb,32,26,12;8;31;19;24;26;29;16;3;5;11;2;6;18;10;1;15;23;14;25;7;9;13;30;17;32,False,F2,5098.147055432255,5332.652544371453,5280.677672297157,0.9560246074560558,0.9654342438239562
Pb,32,26,12;8;31;19;24;26;29;16;3;5;11;2;6;18;10;1;15;23;14;25;7;9;13;30;17;32,False,F3,5707.330534658592,5915.34102207082,5888.480906315946,0.9648354191861269,0.9692364848354941
Pb,32,26,12;8;31;19;24;26;29;16;3;5;11;2;6;18;10;1;15;23;14;25;7;9;13;30;17;32,False,F4,5112.328399596791,5447.315915145786,5288.247889204745,0.9385041145461032,0.9667338798608383
Pb,32,27,12;8;31;19;24;26;29;16;3;5;11;2;6;18;10;1;15;23;14;25;7;9;13;30;17;32;4,True,F1,3530.836469720389,3731.9425798308475,3582.094802322584,0.9461122174823028,0.9856904031213913
Pb,32,27,12;8;31;19;24;26;29;16;3;5;11;2;6;18;10;1;15;23;14;25;7;9;13;30;17;32;4,True,F2,5215.64770861786,5332.652544371453,5297.279102574227,0.9780587925464805,0.9845899390280006
Pb,32,27,12;8;31;19;24;26;29;16;3;5;11;2;6;18;10;1;15;23;14;25;7;9;13;30;17;32;4,True,F3,5779.48005854449,5915.34102207082,5895.631496791552,0.9770324376871228,0.9802987282515414
Pb,32,27,12;8;31;19;24;26;29;16;3;5;11;2;6;18;10;1;15;23;14;25;7;9;13;30;17;32;4,True,F4,5275.867320404827,5447.315915145786,5321.691810437622,0.9685260415566755,0.9913891123978812
Pb,32,28,12;8;31;19;24;26;29;16;3;5;11;2;6;18;10;1;15;23;14;25;7;9;13;30;17;32;4;22,False,F1,3558.794535879374,3731.9425798308475,3618.2955621706146,0.9536037759832517,0.9835555096954142
Pb,32,28,12;8;31;19;24;26;29;16;3;5;11;2;6;18;10;1;15;23;14;25;7;9;13;30;17;32;4;22,False,F2,5223.141623258413,5332.652544371453,5306.242633119826,0.9794640809237372,0.9843390105565993
Pb,32,28,12;8;31;19;24;26;29;16;3;5;11;2;6;18;10;1;15;23;14;25;7;9;13;30;17;32;4;22,False,F3,5811.185082023751,5915.34102207082,5902.350455817913,0.9823922340811035,0.9845543949861024
Pb,32,28,12;8;31;19;24;26;29;16;3;5;11;2;6;18;10;1;15;23;14;25;7;9;13;30;17;32;4;22,False,F4,5296.0432444370845,5447.315915145786,5353.388271635518,0.9722298700745259,0.9892880874151663
Pb,32,29,12;8;31;19;24;26;29;16;3;5;11;2;6;18;10;1;15;23;14;25;7;9;13;30;17;32;4;22;20,False,F1,3607.6671696761673,3731.9425798308475,3651.6825012990653,0.9666995385121083,0.987946561179062
Pb,32,29,12;8;31;19;24;26;29;16;3;5;11;2;6;18;10;1;15;23;14;25;7;9;13;30;17;32;4;22;20,False,F2,5244.862793834766,5332.652544371453,5313.736547760378,0.9835373203473856,0.987038545605984
Pb,32,29,12;8;31;19;24;26;29;16;3;5;11;2;6;18;10;1;15;23;14;25;7;9;13;30;17;32;4;22;20,False,F3,5838.6080598763965,5915.34102207082,5906.377458759092,0.9870281422646431,0.9885260636733951
Pb,32,29,12;8;31;19;24;26;29;16;3;5;11;2;6;18;10;1;15;23;14;25;7;9;13;30;17;32;4;22;20,False,F4,5344.372848969469,5447.315915145786,5382.026769288101,0.9811020569065779,0.9930037656940877
Pb,32,30,12;8;31;19;24;26;29;16;3;5;11;2;6;18;10;1;15;23;14;25;7;9;13;30;17;32;4;22;20;28,False,F1,3645.565471726014,3731.9425798308475,3680.578049244271,0.9768546524344571,0.9904872068871231
Pb,32,30,12;8;31;19;24;26;29;16;3;5;11;2;6;18;10;1;15;23;14;25;7;9;13;30;17;32;4;22;20;28,False,F2,5267.738345522512,5332.652544371453,5320.854352588107,0.9878270338618897,0.9900173912785718
Pb,32,30,12;8;31;19;24;26;29;16;3;5;11;2;6;18;10;1;15;23;14;25;7;9;13;30;17;32;4;22;20;28,False,F3,5845.778008912854,5915.34102207082,5910.248168198389,0.9882402362098113,0.9890918016552277
Pb,32,30,12;8;31;19;24;26;29;16;3;5;11;2;6;18;10;1;15;23;14;25;7;9;13;30;17;32;4;22;20;28,False,F4,5362.127008488315,5447.315915145786,5409.385831594682,0.984361306011166,0.9912635510615011
Pb,32,31,12;8;31;19;24;26;29;16;3;5;11;2;6;18;10;1;15;23;14;25;7;9;13;30;17;32;4;22;20;28;21,False,F1,3678.952410854465,3731.9425798308475,3708.536115403256,0.9858009152491344,0.9920228080223039
Pb,32,31,12;8;31;19;24;26;29;16;3;5;11;2;6;18;10;1;15;23;14;25;7;9;13;30;17;32;4;22;20;28;21,False,F2,5297.744328789854,5332.652544371453,5326.912496322308,0.9934538739790119,0.9945243764464704
Pb,32,31,12;8;31;19;24;26;29;16;3;5;11;2;6;18;10;1;15;23;14;25;7;9;13;30;17;32;4;22;20;28;21,False,F3,5880.432806489221,5915.34102207082,5913.736109906717,0.994098697699532,0.9943684833414014
Pb,32,31,12;8;31;19;24;26;29;16;3;5;11;2;6;18;10;1;15;23;14;25;7;9;13;30;17;32;4;22;20;28;21,False,F4,5393.823469686212,5447.315915145786,5429.561755626939,0.99018003613287,0.9934178323133189
Zn,32,1,12,False,F1,487.7924286714603,1173.9271732237478,487.7924286714603,0.4155218822747944,1.0
Zn,32,1,12,False,F2,536.69815185719,2644.480465074114,536.69815185719,0.20295031819875767,1.0
Zn,32,1,12,False,F3,86.3946693591964,1016.4672412120225,183.61700162783418,0.08499503560604718,0.47051563086900977
Zn,32,1,12,False,F4,146.9047940332898,4840.262262844994,1078.290842059456,0.030350585579001776,0.13623856227204198
Zn,32,2,12;8,False,F1,597.5304001174687,1173.9271732237478,597.5304001174687,0.5090012513098041,1.0
Zn,32,2,12;8,False,F2,685.0429104697332,2644.480465074114,922.8696517664785,0.25904631155992836,0.7422964978407107
Zn,32,2,12;8,False,F3,197.33694321944574,1016.4672412120225,294.55927548808353,0.19413999312377614,0.6699396679750085
Zn,32,2,12;8,False,F4,423.527549892764,4840.262262844994,1391.143658488029,0.08750095075299169,0.30444558856924736
Zn,32,3,12;8;31,False,F1,613.2991402570864,1173.9271732237478,695.9152828104076,0.5224337201198707,0.8812841956571476
Zn,32,3,12;8;31,False,F2,736.4156520006583,2644.480465074114,1071.2144103790215,0.2784727139135889,0.6874586869496058
Zn,32,3,12;8;31,False,F3,228.26047987887193,1016.4672412120225,380.9539448472799,0.2245625541327796,0.5991812999085203
Zn,32,3,12;8;31,False,F4,572.6607983314597,4840.262262844994,1667.766414347503,0.1183119358484643,0.3433699068436436
Zn,32,4,12;8;31;19,False,F1,625.5791618430447,1173.9271732237478,770.628291043981,0.5328943533397628,0.8117780895320672
Zn,32,4,12;8;31;19,False,F2,778.6644453671801,2644.480465074114,1195.585805159672,0.2944489307639326,0.6512827787071196
Zn,32,4,12;8;31;19,False,F3,246.23530277583978,1016.4672412120225,451.735563172655,0.24224617655383757,0.545087265316164
Zn,32,4,12;8;31;19,False,F4,668.0296554254534,4840.262262844994,1893.617179336024,0.1380151775149475,0.3527796762277424
Zn,32,5,12;8;31;19;24,False,F1,647.9070008309706,1173.9271732237478,823.92756348272,0.5519141353988243,0.7863640319208218
Zn,32,5,12;8;31;19;24,False,F2,862.2164198684527,2644.480465074114,1309.5139802936988,0.3260437848779073,0.6584247536441529
Zn,32,5,12;8;31;19;24,False,F3,267.8597677407917,1016.4672412120225,490.15859301747116,0.2635203151469979,0.546475715322702
Zn,32,5,12;8;31;19;24,False,F4,818.504709091997,4840.262262844994,2044.0922330025678,0.16910338007405798,0.40042454830411206
Zn,32,6,12;8;31;19;24;26,False,F1,655.3870105567361,1173.9271732237478,874.92283124865,0.5582859188419356,0.749079789838605
Zn,32,6,12;8;31;19;24;26,False,F2,901.8110168052528,2644.480465074114,1422.4063966859317,0.34101632767401774,0.6340037691804429
Zn,32,6,12;8;31;19;24;26,False,F3,282.62409705614516,1016.4672412120225,524.3187434210828,0.27804545547296516,0.5390310771880388
Zn,32,6,12;8;31;19;24;26,False,F4,921.5931193227023,4840.262262844994,2194.2125460665065,0.19040148431564763,0.42001086949156874
Zn,32,7,12;8;31;19;24;26;29,False,F1,730.1000187903095,1173.9271732237478,914.3533688202128,0.6219295672195452,0.7984878097319805
Zn,32,7,12;8;31;19;24;26;29,False,F2,1015.7391919392794,2644.480465074114,1530.4843585128465,0.38409782388421326,0.6636717234577041
Zn,32,7,12;8;31;19;24;26;29,False,F3,304.6388158228946,1016.4672412120225,558.1145799254714,0.299703525575155,0.5458356165208496
Zn,32,7,12;8;31;19;24;26;29,False,F4,1064.4115278460354,4840.262262844994,2343.3457945052023,0.21990782111471763,0.4542272550393212
Zn,32,8,12;8;31;19;24;26;29;16,False,F1,736.8060998685844,1173.9271732237478,950.019195262231,0.6276420860462959,0.775569697478803
Zn,32,8,12;8;31;19;24;26;29;16,False,F2,1054.0057670921854,2644.480465074114,1629.5811629831219,0.39856818040917,0.6467955024484423
Zn,32,8,12;8;31;19;24;26;29;16,False,F3,325.502791135576,1016.4672412120225,589.0381165848976,0.320229494801476,0.5526005566885273
Zn,32,8,12;8;31;19;24;26;29;16,False,F4,1174.8130312559047,4840.262262844994,2490.2505885384917,0.24271681315164453,0.4717649848826632
Zn,32,9,12;8;31;19;24;26;29;16;3,False,F1,746.5095239581525,1173.9271732237478,972.3470342501569,0.6359078663356483,0.7677398065330008
Zn,32,9,12;8;31;19;24;26;29;16;3,False,F2,1153.102571562461,2644.480465074114,1713.1331374843949,0.4360412515016042,0.6730957135390563
Zn,32,9,12;8;31;19;24;26;29;16;3,False,F3,354.47243406964895,1016.4672412120225,619.6482493877667,0.3487298160705903,0.5720542814732062
Zn,32,9,12;8;31;19;24;26;29;16;3,False,F4,1291.3874194459838,4840.262262844994,2636.623644607561,0.26680112550077734,0.48978830258430606
Zn,32,10,12;8;31;19;24;26;29;16;3;5,False,F1,749.5675892982756,1173.9271732237478,993.8882003955679,0.6385128536039175,0.7541769677916967
Zn,32,10,12;8;31;19;24;26;29;16;3;5,False,F2,1191.8076373598396,2644.480465074114,1796.1415374904418,0.4506774215579007,0.6635377070701378
Zn,32,10,12;8;31;19;24;26;29;16;3;5,False,F3,378.3892435953876,1016.4672412120225,648.6178923218397,0.3722591621784103,0.5833777453176291
Zn,32,10,12;8;31;19;24;26;29;16;3;5,False,F4,1411.565002968255,4840.262262844994,2779.4420531308942,0.29162985935777985,0.5078591227970383
Zn,32,11,12;8;31;19;24;26;29;16;3;5;11,False,F1,847.9524719912145,1173.9271732237478,1009.8017250943071,0.7223211893652935,0.8397217502396549
Zn,32,11,12;8;31;19;24;26;29;16;3;5;11,False,F2,1577.979137269128,2644.480465074114,1875.7178535140347,0.5967066719189789,0.8412667898388274
Zn,32,11,12;8;31;19;24;26;29;16;3;5;11,False,F3,562.0062452232218,1016.4672412120225,677.5070063980329,0.5529014831339697,0.8295209347149469
Zn,32,11,12;8;31;19;24;26;29;16;3;5;11,False,F4,2489.855845027711,4840.262262844994,2899.6599528890383,0.5144051519977414,0.8586716668438917
Zn,32,12,12;8;31;19;24;26;29;16;3;5;11;2,False,F1,859.6842408166972,1173.9271732237478,1025.5704652339248,0.7323147980772087,0.8382498033624728
Zn,32,12,12;8;31;19;24;26;29;16;3;5;11;2,False,F2,1686.0570990960427,2644.480465074114,1949.1283116564628,0.6375759327262754,0.8650313522269606
Zn,32,12,12;8;31;19;24;26;29;16;3;5;11;2,False,F3,596.1663956268334,1016.4672412120225,706.0170172760096,0.5865082232418747,0.8444079689849299
Zn,32,12,12;8;31;19;24;26;29;16;3;5;11;2,False,F4,2577.849501869525,4840.262262844994,3019.83753641131,0.5325846745242941,0.8536384725295417
Zn,32,13,12;8;31;19;24;26;29;16;3;5;11;2;6,True,F1,865.2923354902864,1173.9271732237478,1039.6177876429538,0.7370920064096376,0.8323177477100482
Zn,32,13,12;8;31;19;24;26;29;16;3;5;11;2;6,True,F2,1726.0089801591328,2644.480465074114,2021.7177152865806,0.6526835811247937,0.8537339150309958
Zn,32,13,12;8;31;19;24;26;29;16;3;5;11;2;6,True,F3,607.8924117625199,1016.4672412120225,729.9338268017482,0.5980442724722509,0.8328048234537088
Zn,32,13,12;8;31;19;24;26;29;16;3;5;11;2;6,True,F4,2698.0674016276694,4840.262262844994,3137.621177435015,0.5574217377307583,0.8599085896766295
Zn,32,14,12;8;31;19;24;26;29;16;3;5;11;2;6;18,False,F1,904.7228730618492,1173.9271732237478,1051.8978092289121,0.7706805785723226,0.8600862794124947
Zn,32,14,12;8;31;19;24;26;29;16;3;5;11;2;6;18,False,F2,1805.5852961827256,2644.480465074114,2092.6672789573367,0.6827750554520063,0.8628152761495613
Zn,32,14,12;8;31;19;24;26;29;16;3;5;11;2;6;18,False,F3,641.6882482669084,1016.4672412120225,753.1346746034384,0.6312926007352363,0.8520232435251878
Zn,32,14,12;8;31;19;24;26;29;16;3;5;11;2;6;18,False,F4,2804.2933606186866,4840.262262844994,3255.1020801130526,0.5793680607237154,0.8615070408241363
Zn,32,15,12;8;31;19;24;26;29;16;3;5;11;2;6;18;10,False,F1,913.9013418420246,1173.9271732237478,1063.6295780543949,0.7784991800916744,0.859228965326204
Zn,32,15,12;8;31;19;24;26;29;16;3;5;11;2;6;18;10,False,F2,1876.5348598534817,2644.480465074114,2152.085333495775,0.7096043569377966,0.8719611767463242
Zn,32,15,12;8;31;19;24;26;29;16;3;5;11;2;6;18;10,False,F3,650.8747979591506,1016.4672412120225,775.1493933701878,0.6403303240575228,0.8396765881855145
Zn,32,15,12;8;31;19;24;26;29;16;3;5;11;2;6;18;10,False,F4,2921.7742632967243,4840.262262844994,3371.6764683031324,0.6036396593062651,0.8665642420807858
Zn,32,16,12;8;31;19;24;26;29;16;3;5;11;2;6;18;10;1,False,F1,929.814866540764,1173.9271732237478,1073.333002143963,0.7920549824120507,0.8662874100428066
Zn,32,16,12;8;31;19;24;26;29;16;3;5;11;2;6;18;10;1,False,F2,1989.427276245715,2644.480465074114,2204.0548941139887,0.752294185009213,0.9026214735207163
Zn,32,16,12;8;31;19;24;26;29;16;3;5;11;2;6;18;10;1,False,F3,681.4849307620198,1016.4672412120225,796.7738583351397,0.6704445584979462,0.8553053336689329
Zn,32,16,12;8;31;19;24;26;29;16;3;5;11;2;6;18;10;1,False,F4,3147.625028285245,4840.262262844994,3482.0779717130017,0.6503005121121564,0.903950185451125
Zn,32,17,12;8;31;19;24;26;29;16;3;5;11;2;6;18;10;1;15,False,F1,983.114138979503,1173.9271732237478,1083.01087771146,0.8374575198559815,0.9077601704767255
Zn,32,17,12;8;31;19;24;26;29;16;3;5;11;2;6;18;10;1;15,False,F2,2062.016679875833,2644.480465074114,2255.427635644914,0.7797435855961382,0.9142464370337567
Zn,32,17,12;8;31;19;24;26;29;16;3;5;11;2;6;18;10;1;15,False,F3,752.2665490873949,1016.4672412120225,817.9617094109088,0.7400794817454244,0.9196843084857514
Zn,32,17,12;8;31;19;24;26;29;16;3;5;11;2;6;18;10;1;15,False,F4,3460.4778447138183,4840.262262844994,3588.303930704019,0.7149360213964583,0.9643770180958107
Zn,32,18,12;8;31;19;24;26;29;16;3;5;11;2;6;18;10;1;15;23,False,F1,990.4091749584516,1173.9271732237478,1092.4445368272877,0.8436717349668861,0.9065990460575962
Zn,32,18,12;8;31;19;24;26;29;16;3;5;11;2;6;18;10;1;15;23,False,F2,2075.63408036987,2644.480465074114,2297.6764290114356,0.7848929526169514,0.9033622202682828
Zn,32,18,12;8;31;19;24;26;29;16;3;5;11;2;6;18;10;1;15;23,False,F3,761.841239168528,1016.4672412120225,838.8256847235903,0.7494990574021041,0.9082235475652726
Zn,32,18,12;8;31;19;24;26;29;16;3;5;11;2;6;18;10;1;15;23,False,F4,3540.529525708608,4840.262262844994,3692.095491886792,0.7314747287324812,0.9589485248929116
Zn,32,19,12;8;31;19;24;26;29;16;3;5;11;2;6;18;10;1;15;23;14,False,F1,1026.0750014004698,1173.9271732237478,1101.623005607463,0.8740533695823244,0.9314211814545992
Zn,32,19,12;8;31;19;24;26;29;16;3;5;11;2;6;18;10;1;15;23;14,False,F2,2200.0054751505204,2644.480465074114,2337.628310074526,0.831923511709081,0.9411271525370867
Zn,32,19,12;8;31;19;24;26;29;16;3;5;11;2;6;18;10;1;15;23;14,False,F3,800.2642690133441,1016.4672412120225,856.800507620558,0.7872996163251845,0.9340146999162943
Zn,32,19,12;8;31;19;24;26;29;16;3;5;11;2;6;18;10;1;15;23;14,False,F4,3601.2069439733837,4840.262262844994,3795.1839021174974,0.7440107061175395,0.9488886538447094
Zn,32,20,12;8;31;19;24;26;29;16;3;5;11;2;6;18;10;1;15;23;14;25,False,F1,1031.530219374141,1173.9271732237478,1110.5464086081133,0.8787003511822908,0.9288492685929208
Zn,32,20,12;8;31;19;24;26;29;16;3;5;11;2;6;18;10;1;15;23;14;25,False,F2,2228.0702712319376,2644.480465074114,2377.2229070113262,0.8425361051663106,0.9372576146143127
Zn,32,20,12;8;31;19;24;26;29;16;3;5;11;2;6;18;10;1;15;23;14;25,False,F3,816.0313975230008,1016.4672412120225,874.4121552020619,0.8028113100329485,0.9332342793592912
Zn,32,20,12;8;31;19;24;26;29;16;3;5;11;2;6;18;10;1;15;23;14;25,False,F4,3704.9985051561566,4840.262262844994,3897.4797954359165,0.765454081609711,0.9506139094023882
Zn,32,21,12;8;31;19;24;26;29;16;3;5;11;2;6;18;10;1;15;23;14;25;7,True,F1,1045.57754178317,1173.9271732237478,1118.0264183338788,0.8906664447606968,0.9351993160781705
Zn,32,21,12;8;31;19;24;26;29;16;3;5;11;2;6;18;10;1;15;23;14;25;7,True,F2,2256.9395845651993,2644.480465074114,2415.927972808705,0.853452923692498,0.9341915859939032
Zn,32,21,12;8;31;19;24;26;29;16;3;5;11;2;6;18;10;1;15;23;14;25;7,True,F3,832.4543700453215,1016.4672412120225,891.6601807266127,0.8189682227758895,0.9336004769966912
Zn,32,21,12;8;31;19;24;26;29;16;3;5;11;2;6;18;10;1;15;23;14;25;7,True,F4,3851.3715612252254,4840.262262844994,3997.0960869361925,0.7956948099257494,0.9635424011478628
Zn,32,22,12;8;31;19;24;26;29;16;3;5;11;2;6;18;10;1;15;23;14;25;7;9,False,F1,1051.6762961466059,1173.9271732237478,1125.3214543128274,0.8958616174277438,0.9345563368724782
Zn,32,22,12;8;31;19;24;26;29;16;3;5;11;2;6;18;10;1;15;23;14;25;7;9,False,F2,2280.8719378948194,2644.480465074114,2454.1945479616106,0.8625028499996485,0.9293769883847438
Zn,32,22,12;8;31;19;24;26;29;16;3;5;11;2;6;18;10;1;15;23;14;25;7;9,False,F3,843.9476300241854,1016.4672412120225,908.0831532489333,0.8302752866072428,0.9293726317955748
Zn,32,22,12;8;31;19;24;26;29;16;3;5;11;2;6;18;10;1;15;23;14;25;7;9,False,F4,3969.1552022489313,4840.262262844994,4096.360083638326,0.8200289543641285,0.9689468506693355
Zn,32,23,12;8;31;19;24;26;29;16;3;5;11;2;6;18;10;1;15;23;14;25;7;9;13,True,F1,1058.2428471272467,1173.9271732237478,1132.0275353911022,0.9014552787130587,0.9348207654345053
Zn,32,23,12;8;31;19;24;26;29;16;3;5;11;2;6;18;10;1;15;23;14;25;7;9;13,True,F2,2332.8414985130335,2644.480465074114,2483.0638612948724,0.8821549371693519,0.9395012085176494
Zn,32,23,12;8;31;19;24;26;29;16;3;5;11;2;6;18;10;1;15;23;14;25;7;9;13,True,F3,861.1956555487362,1016.4672412120225,923.85028175859,0.8472438861107394,0.9321809740745136
Zn,32,23,12;8;31;19;24;26;29;16;3;5;11;2;6;18;10;1;15;23;14;25;7;9;13,True,F4,4071.45109556735,4840.262262844994,4191.72894073232,0.841163324314217,0.9713059105525186
Zn,32,24,12;8;31;19;24;26;29;16;3;5;11;2;6;18;10;1;15;23;14;25;7;9;13;30,False,F1,1079.7840132726576,1173.9271732237478,1138.594086371743,0.9198049401202959,0.9483485169974049
Zn,32,24,12;8;31;19;24;26;29;16;3;5;11;2;6;18;10;1;15;23;14;25;7;9;13;30,False,F2,2406.2519566554615,2644.480465074114,2511.128657376289,0.9099148163259448,0.9582352340200656
Zn,32,24,12;8;31;19;24;26;29;16;3;5;11;2;6;18;10;1;15;23;14;25;7;9;13;30,False,F3,889.705666426713,1016.4672412120225,938.6146110739435,0.8752920215764548,0.9478924107187402
Zn,32,24,12;8;31;19;24;26;29;16;3;5;11;2;6;18;10;1;15;23;14;25;7;9;13;30,False,F4,4221.571408631289,4840.262262844994,4284.129615759288,0.8721782373316992,0.9853976857054285
Zn,32,25,12;8;31;19;24;26;29;16;3;5;11;2;6;18;10;1;15;23;14;25;7;9;13;30;17,False,F1,1130.7792810385877,1173.9271732237478,1144.6928407351786,0.9632448305403216,0.9878451588046493
Zn,32,25,12;8;31;19;24;26;29;16;3;5;11;2;6;18;10;1;15;23;14;25;7;9;13;30;17,False,F2,2465.6700111939,2644.480465074114,2535.061010705909,0.9323835224945771,0.972627483433747
Zn,32,25,12;8;31;19;24;26;29;16;3;5;11;2;6;18;10;1;15;23;14;25;7;9;13;30;17,False,F3,907.3173140082168,1016.4672412120225,950.34062720963,0.8926183522907667,0.9547285342017447
Zn,32,25,12;8;31;19;24;26;29;16;3;5;11;2;6;18;10;1;15;23;14;25;7;9;13;30;17,False,F4,4262.66099279278,4840.262262844994,4372.123272601101,0.8806673608399241,0.9749635879449486
Zn,32,26,12;8;31;19;24;26;29;16;3;5;11;2;6;18;10;1;15;23;14;25;7;9;13;30;17;32,False,F1,1134.426221243339,1173.9271732237478,1150.7134282420088,0.9663514459147117,0.9858459920611576
Zn,32,26,12;8;31;19;24;26;29;16;3;5;11;2;6;18;10;1;15;23;14;25;7;9;13;30;17;32,False,F2,2475.4802803446805,2644.480465074114,2558.4197019866247,0.9360932376088863,0.9675817765249614
Zn,32,26,12;8;31;19;24;26;29;16;3;5;11;2;6;18;10;1;15;23;14;25;7;9;13;30;17;32,False,F3,910.9095261483974,1016.4672412120225,961.8338871884939,0.8961523689265584,0.9470549315028275
Zn,32,26,12;8;31;19;24;26;29;16;3;5;11;2;6;18;10;1;15;23;14;25;7;9;13;30;17;32,False,F4,4362.277284293056,4840.262262844994,4455.022548494268,0.9012481240487598,0.9791818642461061
Zn,32,27,12;8;31;19;24;26;29;16;3;5;11;2;6;18;10;1;15;23;14;25;7;9;13;30;17;32;4,True,F1,1143.349624243989,1173.9271732237478,1156.321522915598,0.973952771792658,0.9887817545427148
Zn,32,27,12;8;31;19;24;26;29;16;3;5;11;2;6;18;10;1;15;23;14;25;7;9;13;30;17;32;4,True,F2,2558.4886803507275,2644.480465074114,2577.9866113838225,0.9674825411421686,0.9924367601650852
Zn,32,27,12;8;31;19;24;26;29;16;3;5;11;2;6;18;10;1;15;23;14;25;7;9;13;30;17;32;4,True,F3,934.1103739500876,1016.4672412120225,973.3251227617745,0.9189773522226514,0.9597105346460014
Zn,32,27,12;8;31;19;24;26;29;16;3;5;11;2;6;18;10;1;15;23;14;25;7;9;13;30;17;32;4,True,F4,4454.6779593200245,4840.262262844994,4537.769251685923,0.92033813818627,0.9816889560140089
Zn,32,28,12;8;31;19;24;26;29;16;3;5;11;2;6;18;10;1;15;23;14;25;7;9;13;30;17;32;4;22,False,F1,1144.2431260962567,1173.9271732237478,1161.7767408892691,0.974713893838938,0.984907930951009
Zn,32,28,12;8;31;19;24;26;29;16;3;5;11;2;6;18;10;1;15;23;14;25;7;9;13;30;17;32;4;22,False,F2,2581.8473716314425,2644.480465074114,2596.7151993343628,0.976315539377253,0.9942743710566598
Zn,32,28,12;8;31;19;24;26;29;16;3;5;11;2;6;18;10;1;15;23;14;25;7;9;13;30;17;32;4;22,False,F3,945.6016095233683,1016.4672412120225,984.1431842967695,0.9302824244447319,0.9608374315969668
Zn,32,28,12;8;31;19;24;26;29;16;3;5;11;2;6;18;10;1;15;23;14;25;7;9;13;30;17;32;4;22,False,F4,4553.941956022159,4840.262262844994,4617.820932680714,0.9408461171575973,0.9861668571411079
Zn,32,29,12;8;31;19;24;26;29;16;3;5;11;2;6;18;10;1;15;23;14;25;7;9;13;30;17;32;4;22;20,False,F1,1153.9210016637535,1173.9271732237478,1166.3286658266056,0.9829579108344048,0.9893617772362145
Zn,32,29,12;8;31;19;24;26;29;16;3;5;11;2;6;18;10;1;15;23;14;25;7;9;13;30;17;32;4;22;20,False,F2,2596.2762042957106,2644.480465074114,2611.144031998631,0.9817717463165104,0.9943060101163627
Zn,32,29,12;8;31;19;24;26;29;16;3;5;11;2;6;18;10;1;15;23;14;25;7;9;13;30;17;32;4;22;20,False,F3,955.5722145250655,1016.4672412120225,994.1137892984666,0.9400915010164553,0.9612302181216102
Zn,32,29,12;8;31;19;24;26;29;16;3;5;11;2;6;18;10;1;15;23;14;25;7;9;13;30;17;32;4;22;20,False,F4,4636.6886592138135,4840.262262844994,4688.1434397879475,0.9579416170909043,0.9890244867216645
Zn,32,30,12;8;31;19;24;26;29;16;3;5;11;2;6;18;10;1;15;23;14;25;7;9;13;30;17;32;4;22;20;28,False,F1,1158.47292660109,1173.9271732237478,1169.9756060313568,0.9868354298502022,0.9901684450761458
Zn,32,30,12;8;31;19;24;26;29;16;3;5;11;2;6;18;10;1;15;23;14;25;7;9;13;30;17;32;4;22;20;28,False,F2,2606.184967726376,2644.480465074114,2624.761432492668,0.985518706659584,0.9929226083040047
Zn,32,30,12;8;31;19;24;26;29;16;3;5;11;2;6;18;10;1;15;23;14;25;7;9;13;30;17;32;4;22;20;28,False,F3,966.3902760600604,1016.4672412120225,1003.6884793795996,0.9507343049321973,0.9628388647615105
Zn,32,30,12;8;31;19;24;26;29;16;3;5;11;2;6;18;10;1;15;23;14;25;7;9;13;30;17;32;4;22;20;28,False,F4,4719.587935106981,4840.262262844994,4748.8208580527225,0.9750686386016025,0.9938441723072854
Zn,32,31,12;8;31;19;24;26;29;16;3;5;11;2;6;18;10;1;15;23;14;25;7;9;13;30;17;32;4;22;20;28;21,False,F1,1167.9065857169178,1173.9271732237478,1173.0336713714798,0.9948714131130496,0.9956292084535241
Zn,32,31,12;8;31;19;24;26;29;16;3;5;11;2;6;18;10;1;15;23;14;25;7;9;13;30;17;32;4;22;20;28;21,False,F2,2624.913555676916,2644.480465074114,2634.6701959233333,0.9926008493329334,0.9962968267293896
Zn,32,31,12;8;31;19;24;26;29;16;3;5;11;2;6;18;10;1;15;23;14;25;7;9;13;30;17;32;4;22;20;28;21,False,F3,987.5781271358295,1016.4672412120225,1012.8750290718417,0.9715789029838817,0.9750246563396935
Zn,32,31,12;8;31;19;24;26;29;16;3;5;11;2;6;18;10;1;15;23;14;25;7;9;13;30;17;32;4;22;20;28;21,False,F4,4789.9104422142145,4840.262262844994,4799.172678683503,0.9895972949612064,0.9980700347561093
